rank,id,target_id,sector,p_planet,score,flagged,period_days,epoch,duration_hours,depth_ppm,depth_snr,sde,n_signals,reason_1,reason_2,reason_3,status,error,fit_rp_rs,fit_rp_rs_err,fit_b,fit_b_err,fit_rho_star,fit_rho_star_err,fit_t14_hours,fit_t14_hours_err,fit_depth_ppm,fit_depth_ppm_err,fit_rp_earth,fit_rp_earth_err,fit_density_ratio,fit_density_consistent,fit_converged,fit_status,centroid_status,centroid_offset,centroid_offset_sigma,centroid_offset_pixels,centroid_offset_arcsec,centroid_difference_snr
1,TIC 149918151,TIC 149918151,14,0.951114,0.99920098,True,1.5423139,1683.8141,1.728,23440.0,68.061,10.82,1,power_contrast +1.39,flux_skew +1.06,secondary_sigma +0.94,ok,,0.1657851,0.003101,0.7639985,0.02769,0.8724029,0.08351,2.206405,0.05341,27095.81,503.5,13.91246,0.2602,0.42567,True,True,ok,ok,False,5.34,0.2407,5.054,37.29
2,TIC 155873992,TIC 155873992,14,0.938585,0.99879526,True,4.9520812,1685.20196,3.84,7485.4,25.954,7.9628,1,power_contrast +1.19,flux_skew +1.03,secondary_sigma +0.96,ok,,0.08613468,0.005161,0.5426181,0.2504,0.4310538,0.1795,4.361658,0.1412,8668.369,323.7,13.49389,0.8086,0.83874,True,True,ok,ok,False,2.567,0.1876,3.939,23.49
3,TIC 441797803,TIC 441797803,14,0.934176,0.9986336,True,5.6671208,1684.41316,2.688,8593.4,102.15,6.8564,1,power_contrast +1.39,flux_skew +1.06,secondary_sigma +1.04,ok,,0.09389081,0.003701,0.6649928,0.1546,0.4709823,0.221,4.063301,0.1432,9368.868,158.5,15.0199,0.5921,0.78294,True,True,ok,ok,False,1.528,0.1042,2.187,66.24
4,TIC 99834717,TIC 99834717,14,0.931773,0.99854136,True,1.7063273,1684.03041,1.728,9161.6,42.607,8.5388,1,power_contrast +1.27,flux_skew +1.09,secondary_sigma +0.93,ok,,0.1008765,0.008181,0.5850102,0.2227,2.397472,1.076,1.715378,0.08878,11953.6,338.9,9.934962,0.8057,1.5265,True,True,ok,ok,False,1.547,0.09201,1.932,13.49
5,TIC 7548817,TIC 7548817,14,0.925843,0.99830098,True,4.5238022,1687.07983,3.84,8686.1,29.949,6.7502,2,power_contrast +1.23,flux_skew +1.03,secondary_sigma +1.00,ok,,0.08922885,0.003507,0.3980598,0.2364,0.3692097,0.1123,4.789298,0.154,9429.378,396.4,14.54984,0.5718,0.77427,True,True,ok,weak_difference_image,False,0.3431,0.0399,0.8379,2.016
6,TIC 294179389,TIC 294179389,14,0.924301,0.99823551,True,2.6812141,1685.47144,2.688,6802.7,87.492,9.2054,1,power_contrast +1.37,flux_skew +1.09,secondary_sigma +0.77,ok,,0.08700817,0.001891,0.7046572,0.04432,0.4474257,0.0678,3.096935,0.04496,7854.554,117.9,12.55575,0.2728,0.67792,True,True,ok,ok,False,5.491,0.4705,9.88,35.03
7,TIC 394050135,TIC 394050135,14,0.922517,0.99815821,True,8.8794786,1690.2885,2.688,5915.6,42.663,5.6508,1,power_contrast +1.47,flux_skew +1.11,secondary_sigma +0.97,ok,,0.07404932,0.002872,0.4307401,0.2389,1.269982,0.4198,3.838158,0.09262,6471.737,187.9,11.95364,0.4637,2.6001,True,True,ok,ok,False,3.709,0.2046,4.297,27.13
8,TIC 417129824,TIC 417129824,14,0.915815,0.99785297,True,3.4999119,1684.47807,3.84,8575.1,37.158,6.0261,1,power_contrast +1.31,flux_skew +1.03,secondary_sigma +0.88,ok,,0.08997796,0.002602,0.2730576,0.1918,0.4146764,0.06944,4.389155,0.09391,10035.54,266.9,16.57864,0.4794,1.3375,True,True,ok,ok,False,2.84,0.1943,4.08,24.79
9,TIC 288735205,TIC 288735205,14,0.904374,0.99727659,True,3.476971,1686.69678,1.728,23849.0,171.74,7.677,1,power_contrast +1.29,flux_skew +1.05,secondary_sigma +0.98,ok,,0.1612572,0.003851,0.7380931,0.07047,0.9525103,0.2953,2.817585,0.1078,26286.73,216.7,13.45582,0.3214,0.40276,True,True,ok,ok,False,3.604,0.119,2.5,37.27
10,TIC 298297931,TIC 298297931,14,0.904071,0.9972604,True,4.4353298,1684.51349,3.84,7899.2,148.99,5.5485,1,power_contrast +1.36,flux_skew +1.08,harmonic_delta_loglike +0.75,ok,,0.08791498,0.002821,0.3009269,0.214,0.6195215,0.1337,4.113861,0.1046,9301.272,343.1,12.08343,0.3877,0.87307,True,True,ok,weak_difference_image,False,7.428,94.23,1979.0,0.02342
11,TIC 458478250,TIC 458478250,14,0.903392,0.99722386,True,2.2554773,1683.91284,1.728,17320.0,366.69,7.8845,1,power_contrast +1.33,flux_skew +1.13,secondary_sigma +0.93,ok,,,,,,,,,,,,,,,,,,ok,False,4.36,0.08934,1.876,63.16
12,TIC 219854185,TIC 219854185,14,0.896148,0.99681812,True,3.9464076,1686.20128,3.84,6425.6,97.714,7.6169,1,power_contrast +1.28,flux_skew +1.12,secondary_sigma +0.89,ok,,,,,,,,,,,,,,,,,,ok,False,4.463,0.3963,8.322,57.4
13,TIC 272758199,TIC 272758199,14,0.894133,0.99670003,True,3.6588163,1684.99273,1.728,17259.0,33.546,6.1986,1,power_contrast +1.23,flux_skew +0.99,secondary_sigma +0.76,ok,,,,,,,,,,,,,,,,,,ok,False,0.1317,0.02916,0.6124,23.54
14,TIC 229791084,TIC 229791084,14,0.890537,0.99648362,True,1.6450006,1683.91375,2.688,15700.0,101.2,10.247,1,power_contrast +1.24,flux_skew +1.05,max_single_event_fraction +0.75,ok,,,,,,,,,,,,,,,,,,ok,False,6.061,0.2344,4.923,56.07
15,TIC 436166416,TIC 436166416,14,0.887702,0.99630784,True,3.5991604,1684.80163,2.688,7316.6,89.374,6.6846,1,power_contrast +1.32,flux_skew +1.03,secondary_sigma +0.73,ok,,,,,,,,,,,,,,,,,,ok,False,1.077,0.08918,1.873,6.861
16,TIC 232967440,TIC 232967440,14,0.885817,0.99618836,True,7.0645169,1688.71958,1.728,7287.6,73.185,6.4679,1,power_contrast +1.67,flux_skew +1.08,harmonic_delta_loglike +0.76,ok,,,,,,,,,,,,,,,,,,ok,False,2.455,0.07778,1.633,34.13
17,TIC 219015370,TIC 219015370,14,0.883713,0.99605261,True,3.9140673,1684.34837,2.688,2629.4,22.355,6.8257,1,power_contrast +1.20,flux_skew +1.06,secondary_sigma +0.84,ok,,,,,,,,,,,,,,,,,,ok,False,0.7212,0.09868,2.072,29.09
18,TIC 147950620,TIC 147950620,14,0.882768,0.99599079,True,2.3122599,1684.9107,0.96,5784.4,61.196,9.8577,1,power_contrast +1.41,flux_skew +1.08,secondary_sigma +0.71,ok,,,,,,,,,,,,,,,,,,ok,False,3.822,0.1737,3.649,36.25
19,TIC 272672133,TIC 272672133,14,0.881662,0.99591779,True,3.4945236,1683.83686,1.728,3131.5,15.619,7.6303,1,power_contrast +1.23,secondary_sigma +1.08,flux_skew +1.02,ok,,,,,,,,,,,,,,,,,,ok,False,0.5215,0.04354,0.9144,13.5
20,TIC 121014808,TIC 121014808,14,0.881043,0.99587656,True,1.6972113,1684.82451,2.688,56833.0,400.5,9.734,1,power_contrast +1.16,secondary_sigma +1.02,flux_skew +1.00,ok,,,,,,,,,,,,,,,,,,ok,False,6.288,0.2543,5.339,51.67
21,TIC 158324245,TIC 158324245,14,0.87908,0.99574451,True,1.7626528,1683.56,2.688,8072.3,137.62,10.371,1,power_contrast +1.24,flux_skew +1.02,secondary_sigma +0.75,ok,,,,,,,,,,,,,,,,,,ok,False,2.907,0.1276,2.68,58.86
22,TIC 278348461,TIC 278348461,14,0.87845,0.99570164,True,5.4477479,1686.83835,2.688,7257.4,105.58,4.92,0,power_contrast +1.40,flux_skew +1.06,secondary_sigma +1.02,ok,,,,,,,,,,,,,,,,,,ok,False,2.778,0.573,12.03,21.4
23,TIC 154927364,TIC 154927364,14,0.874761,0.99544579,True,6.9722808,1688.99579,1.728,7921.0,84.158,6.0783,1,power_contrast +1.72,flux_skew +1.08,harmonic_delta_loglike +0.78,ok,,,,,,,,,,,,,,,,,,ok,False,1.655,0.04346,0.9126,15.05
24,TIC 30254887,TIC 30254887,14,0.874138,0.99540176,True,2.5001256,1683.96141,1.728,2312.0,15.182,6.2538,1,power_contrast +1.10,secondary_sigma +1.01,flux_skew +1.01,ok,,,,,,,,,,,,,,,,,,ok,False,0.9611,0.728,15.29,4.017
25,TIC 405904232,TIC 405904232,14,0.872504,0.99528522,True,11.08726,1688.22355,3.84,4970.1,48.506,4.6256,0,power_contrast +1.58,secondary_sigma +1.13,flux_skew +1.06,ok,,,,,,,,,,,,,,,,,,ok,False,0.359,0.05728,1.203,55.55
26,TIC 219852584,TIC 219852584,14,0.872236,0.99526599,True,3.1971537,1685.78546,3.84,6865.6,101.44,7.7522,1,power_contrast +1.29,flux_skew +1.14,secondary_sigma +0.71,ok,,,,,,,,,,,,,,,,,,ok,False,2.778,0.06784,1.425,43.82
27,TIC 160268701,TIC 160268701,14,0.870284,0.9951243,True,11.197146,1694.07132,2.688,2573.3,61.287,5.0643,0,power_contrast +1.75,flux_skew +1.14,secondary_sigma +1.07,ok,,,,,,,,,,,,,,,,,,ok,False,0.7946,0.08542,1.794,16.73
28,TIC 207339000,TIC 207339000,14,0.868039,0.99495844,True,4.6215336,1684.28628,1.728,18326.0,89.896,7.5611,1,power_contrast +1.32,flux_skew +1.03,secondary_sigma +0.74,ok,,,,,,,,,,,,,,,,,,ok,False,2.536,0.1358,2.852,59.65
29,TIC 158170594,TIC 158170594,14,0.867607,0.99492619,True,1.722524,1684.79228,1.728,11890.0,8.3261,12.581,1,power_contrast +1.17,flux_skew +0.81,secondary_sigma +0.71,ok,,,,,,,,,,,,,,,,,,ok,False,0.3615,0.1666,3.498,8.195
30,TIC 229750058,TIC 229750058,14,0.865675,0.99478047,True,10.161547,1693.15803,2.688,8741.3,29.679,4.94,0,power_contrast +1.60,flux_skew +1.03,secondary_sigma +0.93,ok,,,,,,,,,,,,,,,,,,ok,False,4.131,0.2157,4.531,12.46
31,TIC 288132261,TIC 288132261,14,0.865355,0.99475613,True,10.245476,1691.83184,3.84,824.1,16.962,5.8605,1,power_contrast +1.68,flux_skew +1.13,secondary_sigma +1.00,ok,,,,,,,,,,,,,,,,,,ok,False,0.6318,0.3041,6.387,12.46
32,TIC 103751498,TIC 103751498,14,0.863071,0.99458039,True,3.7134102,1686.3225,3.84,9979.2,127.89,7.2701,1,power_contrast +1.31,flux_skew +1.07,secondary_sigma +0.73,ok,,,,,,,,,,,,,,,,,,ok,False,4.666,0.1397,2.934,53.92
33,TIC 142739544,TIC 142739544,14,0.862615,0.99454488,True,3.3866522,1686.56667,2.688,1243.4,10.113,9.1122,1,power_contrast +1.23,flux_skew +1.06,secondary_sigma +0.66,ok,,,,,,,,,,,,,,,,,,ok,False,0.9988,0.2418,5.079,8.54
34,TIC 233684822,TIC 233684822,14,0.862131,0.9945071,True,4.6749735,1685.50581,1.728,824.58,13.27,9.6368,1,power_contrast +1.25,flux_skew +1.03,secondary_sigma +0.96,ok,,,,,,,,,,,,,,,,,,ok,False,0.3641,0.3372,7.082,6.619
35,TIC 335655755,TIC 335655755,14,0.856077,0.99402174,True,11.763529,1690.05597,3.84,4226.5,14.36,5.4421,0,power_contrast +1.39,flux_skew +1.05,secondary_sigma +0.97,ok,,,,,,,,,,,,,,,,,,ok,False,2.613,0.2948,6.191,12.57
36,TIC 165989915,TIC 165989915,14,0.854879,0.99392289,True,2.6287669,1684.76011,1.728,2883.4,9.1957,9.9447,1,power_contrast +1.21,flux_skew +0.94,secondary_sigma +0.68,ok,,,,,,,,,,,,,,,,,,ok,False,1.248,0.2539,5.332,7.293
37,TIC 349827430,TIC 349827430,14,0.853058,0.99377082,True,5.547229,1684.82265,3.84,7874.4,487.73,6.8765,1,power_contrast +1.51,flux_skew +1.12,harmonic_delta_loglike +0.72,ok,,,,,,,,,,,,,,,,,,ok,False,3.536,0.07284,1.53,41.73
38,TIC 99224131,TIC 99224131,14,0.852066,0.99368709,True,2.6900429,1684.76973,3.84,7215.4,155.56,6.6195,1,power_contrast +1.31,flux_skew +1.07,secondary_sigma +0.72,ok,,,,,,,,,,,,,,,,,,ok,False,2.374,0.2833,5.95,11.88
39,TIC 416195870,TIC 416195870,14,0.851242,0.99361705,True,2.7436598,1684.61899,1.728,3631.2,45.3,9.4956,1,power_contrast +1.32,flux_skew +1.07,secondary_sigma +0.74,ok,,,,,,,,,,,,,,,,,,ok,False,0.961,0.06657,1.398,13.13
40,TIC 155632212,TIC 155632212,14,0.848881,0.99341388,True,4.5685866,1684.43164,1.728,17101.0,210.73,7.6683,2,power_contrast +1.34,flux_skew +1.05,secondary_sigma +0.94,ok,,,,,,,,,,,,,,,,,,ok,False,2.94,0.08323,1.748,36.32
41,TIC 305026599,TIC 305026599,14,0.846337,0.99319076,True,1.6860892,1683.62628,1.728,2150.1,10.551,7.8933,1,power_contrast +1.15,flux_skew +0.95,secondary_sigma +0.65,ok,,,,,,,,,,,,,,,,,,weak_difference_image,False,4.66,7.077,148.6,1.212
42,TIC 15247229,TIC 15247229,14,0.845309,0.99309939,True,8.5077119,1687.19672,2.688,2970.8,39.044,4.6164,0,power_contrast +1.39,flux_skew +1.11,secondary_sigma +0.84,ok,,,,,,,,,,,,,,,,,,ok,True,5.954,0.9434,19.81,12.74
43,TIC 232982938,TIC 232982938,14,0.843931,0.99297585,True,9.1010818,1690.72495,3.84,2581.7,17.927,5.0084,0,power_contrast +1.38,flux_skew +1.04,secondary_sigma +0.67,ok,,,,,,,,,,,,,,,,,,ok,False,0.499,0.1021,2.144,15.82
44,TIC 277014266,TIC 277014266,14,0.842996,0.99289126,True,1.379529,1684.69538,2.688,885.99,17.718,11.724,1,flux_skew +1.06,secondary_sigma +1.01,power_contrast +0.99,ok,,,,,,,,,,,,,,,,,,ok,True,5.242,1.141,23.96,20.25
45,TIC 219879302,TIC 219879302,14,0.841592,0.99276311,True,6.7799247,1684.18555,2.688,9081.6,25.69,7.1189,1,power_contrast +1.31,flux_skew +1.06,secondary_sigma +0.72,ok,,,,,,,,,,,,,,,,,,ok,False,1.383,0.1306,2.743,17.62
46,TIC 293954617,TIC 293954617,14,0.841337,0.99273966,True,7.4342061,1690.77143,2.688,613.49,20.185,5.7539,1,power_contrast +1.52,flux_skew +1.10,secondary_sigma +1.06,ok,,,,,,,,,,,,,,,,,,ok,True,4.134,2.9,60.89,7.461
47,TIC 199688472,TIC 199688472,14,0.840006,0.99261668,True,1.4421591,1683.64214,1.728,8970.1,236.05,11.048,1,power_contrast +1.20,flux_skew +1.06,secondary_sigma +0.76,ok,,,,,,,,,,,,,,,,,,ok,False,5.705,0.1189,2.498,47.44
48,TIC 237104103,TIC 237104103,14,0.839311,0.992552,True,4.5385894,1684.57691,3.84,3912.4,49.969,6.458,1,power_contrast +1.28,flux_skew +1.10,harmonic_delta_loglike +0.64,ok,,,,,,,,,,,,,,,,,,ok,False,1.001,0.07432,1.561,26.37
49,TIC 186000935,TIC 186000935,14,0.836687,0.99230469,True,8.8794319,1689.34827,3.84,899.72,15.336,5.3667,0,power_contrast +1.19,secondary_sigma +1.17,flux_skew +1.04,ok,,,,,,,,,,,,,,,,,,ok,True,3.074,1.663,34.92,11.99
50,TIC 257765069,TIC 257765069,14,0.832118,0.99186268,True,1.4139733,1684.36246,2.688,96057.0,1648.8,8.8092,1,power_contrast +1.19,flux_skew +1.05,secondary_sigma +0.73,ok,,,,,,,,,,,,,,,,,,ok,False,6.425,0.1578,3.314,131.0
51,TIC 273039495,TIC 273039495,14,0.82218,0.99084941,True,3.4769497,1686.53626,3.84,62890.0,932.91,6.9057,2,power_contrast +1.24,secondary_sigma +1.07,flux_skew +1.01,ok,,,,,,,,,,,,,,,,,,ok,False,3.661,0.09415,1.977,48.16
52,TIC 284450803,TIC 284450803,14,0.821203,0.9907459,True,3.3699666,1685.25109,1.728,2787.8,109.44,8.2764,1,power_contrast +1.55,flux_skew +1.10,secondary_sigma +0.69,ok,,,,,,,,,,,,,,,,,,ok,False,3.863,0.2012,4.225,27.48
53,TIC 103633434,TIC 103633434,14,0.814649,0.99003299,True,3.4428081,1683.63032,1.728,692.62,11.425,7.3408,1,power_contrast +1.23,secondary_sigma +1.04,flux_skew +0.82,ok,,,,,,,,,,,,,,,,,,ok,False,0.2628,0.1277,2.681,9.033
54,TIC 159107668,TIC 159107668,14,0.810462,0.9895603,True,4.7838924,1685.05223,1.728,1332.7,8.4727,7.7612,1,power_contrast +1.09,flux_skew +0.84,secondary_sigma +0.68,ok,,,,,,,,,,,,,,,,,,ok,False,0.3391,0.1348,2.83,5.779
55,TIC 236714379,TIC 236714379,14,0.808224,0.98930211,True,1.0178031,1683.74911,0.96,1904.1,19.877,10.715,1,flux_skew +1.08,power_contrast +0.99,secondary_sigma +0.71,ok,,,,,,,,,,,,,,,,,,ok,False,1.977,0.1913,4.018,11.32
56,TIC 41330864,TIC 41330864,14,0.804701,0.98888761,True,2.1367262,1684.8448,1.728,7617.0,92.15,7.0312,1,power_contrast +1.28,flux_skew +1.01,secondary_sigma +0.70,ok,,,,,,,,,,,,,,,,,,ok,False,5.188,0.2225,4.672,23.7
57,TIC 229400092,TIC 229400092,14,0.798101,0.98808429,True,4.1392506,1684.82251,1.728,9055.7,60.25,7.2689,1,power_contrast +1.34,flux_skew +1.00,secondary_sigma +0.74,ok,,,,,,,,,,,,,,,,,,ok,False,3.062,0.1621,3.405,28.03
58,TIC 426122272,TIC 426122272,14,0.788847,0.98689731,True,2.9398816,1685.11305,2.688,14434.0,39.984,4.7747,0,flux_skew +1.02,secondary_sigma +0.93,harmonic_delta_loglike +0.75,ok,,,,,,,,,,,,,,,,,,ok,False,1.511,8.722,183.2,21.38
59,TIC 154716798,TIC 154716798,14,0.787803,0.9867589,True,12.636977,1694.03619,2.688,3166.0,21.875,5.3889,0,power_contrast +1.69,flux_skew +1.11,secondary_sigma +0.89,ok,,,,,,,,,,,,,,,,,,ok,False,2.494,0.2179,4.575,15.48
60,TIC 92677094,TIC 92677094,14,0.786563,0.98659325,True,4.5986818,1684.0905,3.84,5942.4,68.085,5.381,0,power_contrast +1.30,flux_skew +1.07,harmonic_delta_loglike +0.75,ok,,,,,,,,,,,,,,,,,,ok,False,1.5,0.1837,3.859,8.809
61,TIC 356867115,TIC 356867115,14,0.783377,0.98616142,True,6.1025241,1686.08947,1.728,1153.0,11.614,7.3635,1,power_contrast +1.43,flux_skew +1.02,secondary_sigma +0.91,ok,,,,,,,,,,,,,,,,,,ok,False,0.004832,0.01535,0.3223,10.2
62,TIC 147576037,TIC 147576037,14,0.77289,0.98467643,True,13.069512,1688.67413,1.728,3090.6,31.153,5.1959,0,power_contrast +1.74,flux_skew +1.06,harmonic_delta_loglike +0.81,ok,,,,,,,,,,,,,,,,,,ok,False,2.905,0.3136,6.585,12.64
63,TIC 69068526,TIC 69068526,14,0.768328,0.98399906,True,5.5380254,1683.50236,2.688,5007.2,43.373,4.8093,0,power_contrast +1.17,flux_skew +1.08,harmonic_delta_loglike +0.70,ok,,,,,,,,,,,,,,,,,,ok,False,3.572,0.2436,5.116,16.94
64,TIC 193336820,TIC 193336820,14,0.763276,0.98322617,True,5.0094401,1688.25199,1.728,1025.9,9.6383,7.5724,1,power_contrast +1.19,flux_skew +1.05,secondary_sigma +0.65,ok,,,,,,,,,,,,,,,,,,ok,False,1.252,0.6737,14.15,6.383
65,TIC 203189770,TIC 203189770,14,0.742406,0.97976629,True,3.6110193,1686.85327,3.84,10188.0,152.79,5.8599,1,power_contrast +1.24,flux_skew +0.92,secondary_sigma +0.70,ok,,,,,,,,,,,,,,,,,,ok,False,2.065,0.1155,2.425,50.73
66,TIC 219016883,TIC 219016883,14,0.714115,0.97432915,True,4.8712085,1687.07644,2.688,2249.0,11.814,5.9641,1,flux_skew +1.05,log_depth +0.54,log_duration_ratio +0.48,ok,,,,,,,,,,,,,,,,,,ok,False,1.16,0.2766,5.808,8.413
67,TIC 158002130,TIC 158002130,14,0.712378,0.9739649,True,9.6882563,1691.04787,2.688,1506.5,13.669,5.4912,0,power_contrast +1.67,flux_skew +1.08,secondary_sigma +0.63,ok,,,,,,,,,,,,,,,,,,ok,False,1.184,0.2242,4.707,16.08
68,TIC 336267424,TIC 336267424,14,0.692512,0.96952983,True,1.4830576,1684.21239,1.728,13329.0,59.729,10.89,1,power_contrast +1.16,secondary_sigma +0.83,flux_skew +0.79,ok,,,,,,,,,,,,,,,,,,ok,False,4.727,0.1896,3.981,29.71
69,TIC 357719182,TIC 357719182,14,0.67598,0.9654356,True,2.623221,1685.36401,2.688,2451.8,100.52,4.9273,0,flux_skew +0.97,harmonic_delta_loglike +0.68,clipped_fraction +0.64,ok,,,,,,,,,,,,,,,,,,ok,True,3.208,0.9207,19.33,4.687
70,TIC 355867695,TIC 355867695,14,0.673816,0.96487094,True,3.1295265,1684.00624,1.728,1126.3,10.146,7.0189,2,secondary_sigma +0.84,flux_skew +0.79,log_depth +0.51,ok,,,,,,,,,,,,,,,,,,ok,False,0.1657,0.299,6.279,3.26
71,TIC 123357034,TIC 123357034,14,0.673428,0.9647688,True,3.275044,1684.00797,1.728,4168.8,13.59,8.4152,1,power_contrast +1.16,flux_skew +1.01,secondary_sigma +0.65,ok,,,,,,,,,,,,,,,,,,ok,False,0.1848,0.1015,2.132,13.0
72,TIC 233681149,TIC 233681149,14,0.654242,0.95943926,True,8.5778078,1683.69779,2.688,1697.3,16.613,6.645,1,flux_skew +1.06,log_duration_ratio +0.49,log_depth +0.48,ok,,,,,,,,,,,,,,,,,,ok,True,4.691,0.629,13.21,15.42
73,TIC 233068569,TIC 233068569,14,0.653137,0.95911451,True,8.3825612,1686.87414,2.688,3007.6,9.4588,6.4965,1,flux_skew +0.98,secondary_sigma +0.90,log_duration_ratio +0.52,ok,,,,,,,,,,,,,,,,,,ok,False,1.371,0.2691,5.651,7.35
74,TIC 120757718,TIC 120757718,14,0.646953,0.95726041,True,3.0319158,1686.37371,1.728,22240.0,164.98,5.3651,0,power_contrast +1.27,secondary_sigma +0.96,flux_skew +0.81,ok,,,,,,,,,,,,,,,,,,ok,False,1.386,0.8148,17.11,4.095
75,TIC 99869022,TIC 99869022,14,0.646772,0.95720529,True,3.6718987,1686.24232,1.728,3831.0,38.079,5.9849,1,flux_skew +1.11,harmonic_delta_loglike +0.75,secondary_sigma +0.73,ok,,,,,,,,,,,,,,,,,,ok,False,2.961,0.2024,4.25,16.98
76,TIC 142276270,TIC 142276270,14,0.633078,0.9528629,True,12.518803,1686.05618,3.84,2088.0,35.088,5.2446,0,flux_skew +1.12,harmonic_delta_loglike +0.80,power_contrast +0.50,ok,,,,,,,,,,,,,,,,,,ok,False,1.394,0.0877,1.842,15.03
77,TIC 288185138,TIC 288185138,14,0.624477,0.94996319,True,0.83531489,1683.81996,0.96,1365.7,21.186,15.027,1,power_contrast +1.03,flux_skew +1.00,secondary_sigma +0.77,ok,,,,,,,,,,,,,,,,,,ok,False,0.06017,0.04216,0.8854,22.77
78,TIC 358613376,TIC 358613376,14,0.623317,0.94956167,True,8.2730771,1685.41128,2.688,18569.0,48.308,6.0665,1,power_contrast +1.07,flux_skew +0.90,harmonic_delta_loglike +0.69,ok,,,,,,,,,,,,,,,,,,ok,False,1.068,0.05536,1.162,25.04
79,TIC 289661991,TIC 289661991,14,0.616862,0.94727971,True,2.8967217,1684.7341,0.96,2964.8,11.413,9.2436,1,power_contrast +1.07,flux_skew +0.95,max_single_event_fraction +0.52,ok,,,,,,,,,,,,,,,,,,ok,False,0.7088,0.1949,4.094,4.76
80,TIC 138361973,TIC 138361973,14,0.614533,0.94643641,True,1.8825278,1684.94888,2.688,696.66,15.882,5.7952,1,power_contrast +1.31,flux_skew +1.02,log_duration_ratio +0.57,ok,,,,,,,,,,,,,,,,,,weak_difference_image,False,,,,-0.1833
81,TIC 230087585,TIC 230087585,14,0.614085,0.94627328,True,8.8210542,1687.08514,2.688,5566.2,12.414,4.8693,0,flux_skew +0.99,log_depth +0.56,secondary_sigma +0.55,ok,,,,,,,,,,,,,,,,,,ok,False,0.2182,0.4257,8.939,5.781
82,TIC 289539327,TIC 289539327,14,0.612189,0.94557691,True,11.255532,1692.3935,5.76,8481.6,145.64,4.4996,0,power_contrast +1.39,flux_skew +0.90,harmonic_delta_loglike +0.79,ok,,,,,,,,,,,,,,,,,,ok,False,3.235,0.06471,1.359,53.57
83,TIC 28230919,TIC 28230919,14,0.599053,0.94055187,True,4.8873252,1687.20395,2.688,3323.9,117.86,6.6681,2,power_contrast +1.27,flux_skew +0.88,secondary_sigma +0.84,ok,,,,,,,,,,,,,,,,,,ok,False,2.016,0.3378,7.095,11.81
84,TIC 311805258,TIC 311805258,14,0.596,0.93933179,True,2.4492653,1684.03847,3.84,2101.4,30.104,6.4427,1,power_contrast +1.07,flux_skew +0.92,secondary_sigma +0.69,ok,,,,,,,,,,,,,,,,,,ok,True,5.63,2.196,46.11,33.67
85,TIC 257060897,TIC 257060897,14,0.573708,0.92978514,True,3.6648411,1687.01241,3.84,6744.2,58.073,4.4956,0,flux_skew +1.09,harmonic_delta_loglike +0.74,secondary_sigma +0.74,ok,,,,,,,,,,,,,,,,,,ok,False,2.756,0.1352,2.839,25.68
86,TIC 321668398,TIC 321668398,14,0.57249,0.92923014,True,5.6484096,1684.74693,1.728,4401.0,14.659,5.1663,0,flux_skew +0.97,secondary_sigma +0.79,log_depth +0.47,ok,,,,,,,,,,,,,,,,,,ok,False,2.531,0.3239,6.802,8.119
87,TIC 83210867,TIC 83210867,14,0.570945,0.9285202,True,1.1975502,1684.45312,1.728,625.7,13.005,7.8979,1,flux_skew +1.06,power_contrast +0.53,max_single_event_fraction +0.52,ok,,,,,,,,,,,,,,,,,,weak_difference_image,False,0.4149,3.981,83.61,2.416
88,TIC 16187321,TIC 16187321,14,0.563904,0.92520972,True,4.200996,1687.22088,2.688,8257.1,39.465,4.7986,0,flux_skew +1.04,harmonic_delta_loglike +0.76,secondary_sigma +0.49,ok,,,,,,,,,,,,,,,,,,ok,False,2.278,0.4151,8.717,15.64
89,TIC 284660935,TIC 284660935,14,0.559463,0.92305675,True,1.1104244,1683.97872,0.96,3496.9,7.0117,10.386,1,power_contrast +1.04,max_single_event_fraction +0.79,secondary_sigma +0.61,ok,,,,,,,,,,,,,,,,,,ok,False,0.9076,0.2728,5.728,6.481
90,TIC 233188747,TIC 233188747,14,0.545976,0.91619476,True,3.454121,1683.59243,2.688,12175.0,35.392,5.0293,0,power_contrast +1.16,flux_skew +0.78,harmonic_delta_loglike +0.74,ok,,,,,,,,,,,,,,,,,,ok,False,0.727,0.09628,2.022,3.893
91,TIC 258801269,TIC 258801269,14,0.544853,0.9156004,True,2.7481849,1683.51009,2.688,740.89,9.4788,8.3909,1,flux_skew +1.06,max_single_event_fraction +0.57,log_depth +0.54,ok,,,,,,,,,,,,,,,,,,ok,True,4.336,1.223,25.68,9.712
92,TIC 424865156,TIC 424865156,14,0.532071,0.90858205,True,2.2045525,1684.77994,3.84,5812.8,163.03,9.4457,1,flux_skew +1.14,log_duration_ratio -0.88,power_contrast +0.79,ok,,,,,,,,,,,,,,,,,,ok,False,0.9228,0.03748,0.7871,48.94
93,TIC 69679391,TIC 69679391,14,0.508647,0.89441228,True,3.4769289,1684.31741,2.688,13130.0,749.53,4.6364,0,flux_skew +0.99,harmonic_delta_loglike +0.69,power_contrast +0.61,ok,,,,,,,,,,,,,,,,,,ok,False,3.451,0.07772,1.632,57.14
94,TIC 153951307,TIC 153951307,14,0.505335,0.89226256,True,3.291991,1684.29569,1.728,1259.0,7.9647,8.8167,2,power_contrast +1.17,flux_skew +0.92,secondary_sigma +0.66,ok,,,,,,,,,,,,,,,,,,ok,False,0.1845,0.1195,2.51,8.373
95,TIC 154014059,TIC 154014059,14,0.503157,0.89082791,True,8.3138474,1686.05588,2.688,4157.1,3.9622,6.9472,1,power_contrast +1.28,flux_skew +0.86,secondary_sigma +0.66,ok,,,,,,,,,,,,,,,,,,ok,False,0.514,0.3367,7.071,3.572
96,TIC 154926644,TIC 154926644,14,0.492588,0.8836283,True,2.7901499,1684.49577,3.84,3185.0,16.256,8.7005,1,power_contrast +1.14,flux_skew +0.67,log_depth +0.47,ok,,,,,,,,,,,,,,,,,,ok,False,0.6872,0.9662,20.29,6.694
97,TIC 406926040,TIC 406926040,14,0.491727,0.88302349,True,11.686358,1694.13509,3.84,2724.7,13.261,6.108,1,flux_skew +0.98,power_contrast +0.70,log_duration_ratio +0.53,ok,,,,,,,,,,,,,,,,,,ok,False,0.552,0.1721,3.615,12.02
98,TIC 232612416,TIC 232612416,14,0.484543,0.87787169,True,4.3557302,1687.13791,1.728,5191.0,40.945,7.4243,1,power_contrast +1.39,flux_skew +0.74,harmonic_delta_loglike +0.66,ok,,,,,,,,,,,,,,,,,,ok,False,1.904,0.1883,3.955,29.17
99,TIC 399956873,TIC 399956873,14,0.475995,0.87148077,True,6.9493033,1684.53549,2.688,2328.7,13.328,6.9741,1,power_contrast +1.06,flux_skew +0.77,log_duration_ratio +0.54,ok,,,,,,,,,,,,,,,,,,ok,True,4.539,2.042,42.87,7.968
100,TIC 1400770435,TIC 1400770435,14,0.469229,0.86621501,True,6.8696649,1686.33068,1.728,8214.7,70.144,3.7854,0,flux_skew +1.11,harmonic_delta_loglike +0.80,odd_even_sigma +0.51,ok,,,,,,,,,,,,,,,,,,ok,False,1.722,0.2232,4.687,9.361
101,TIC 320525204,TIC 320525204,14,0.469229,0.86621501,True,6.8696649,1686.33068,1.728,8214.7,70.144,3.7854,0,flux_skew +1.11,harmonic_delta_loglike +0.80,odd_even_sigma +0.51,ok,,,,,,,,,,,,,,,,,,ok,False,1.722,0.2232,4.687,9.361
102,TIC 257061373,TIC 257061373,14,0.459933,0.85866744,True,0.57692458,1683.40432,0.96,6677.2,163.85,4.5118,0,flux_skew +1.01,log_depth +0.69,secondary_sigma +0.64,ok,,,,,,,,,,,,,,,,,,ok,False,2.247,0.1125,2.362,13.9
103,TIC 258776466,TIC 258776466,14,0.438668,0.8399577,True,1.6722836,1684.06565,1.728,1145.7,3.6745,4.4167,0,max_single_event_fraction +0.80,log_depth +0.68,flux_skew +0.55,ok,,,,,,,,,,,,,,,,,,weak_difference_image,False,1.853,1.187,24.92,2.533
104,TIC 287196418,TIC 287196418,14,0.433011,0.83462161,True,3.7012199,1684.20283,3.84,8533.2,222.07,5.2393,0,flux_skew +1.02,secondary_sigma +0.78,harmonic_delta_loglike +0.75,ok,,,,,,,,,,,,,,,,,,ok,False,2.373,0.1577,3.312,11.98
105,TIC 159117779,TIC 159117779,14,0.424097,0.82588877,True,4.4719316,1686.59953,5.76,5530.5,25.516,8.6338,1,log_duration_ratio -0.88,flux_skew +0.84,power_contrast +0.64,ok,,,,,,,,,,,,,,,,,,ok,False,1.257,0.2219,4.66,21.17
106,TIC 229510866,TIC 229510866,14,0.41475,0.81628987,True,2.1018731,1684.41834,3.84,6295.0,170.21,10.838,1,flux_skew +1.12,log_duration_ratio -0.87,power_contrast +0.65,ok,,,,,,,,,,,,,,,,,,ok,False,5.598,0.1569,3.295,95.66
107,TIC 202563254,TIC 202563254,14,0.41376,0.8152462,True,4.4719417,1686.55733,5.76,1103.9,51.118,6.7994,3,log_duration_ratio -0.99,flux_skew +0.92,power_contrast +0.83,ok,,,,,,,,,,,,,,,,,,ok,False,0.6533,0.2239,4.701,5.784
108,TIC 154089169,TIC 154089169,14,0.412796,0.81422378,True,8.9525709,1690.05597,2.688,961.78,7.1126,5.4884,0,flux_skew +1.03,secondary_sigma +0.62,log_depth +0.48,ok,,,,,,,,,,,,,,,,,,ok,False,1.933,0.2555,5.366,10.25
109,TIC 219821826,TIC 219821826,14,0.398835,0.79884788,True,9.6721903,1691.73016,1.728,11610.0,23.659,5.0553,0,power_contrast +1.59,flux_skew +0.69,harmonic_delta_loglike +0.59,ok,,,,,,,,,,,,,,,,,,ok,False,1.209,0.09381,1.97,11.24
110,TIC 274762761,TIC 274762761,14,0.389828,0.78833176,True,1.0344668,1683.92482,2.688,21182.0,19.53,3.7587,0,flux_skew +1.02,log_depth +0.59,max_single_event_fraction +0.55,ok,,,,,,,,,,,,,,,,,,ok,True,7.296,2.746,57.66,8.818
111,TIC 298160712,TIC 298160712,14,0.36327,0.75440147,True,1.0903698,1683.87638,0.96,957.56,3.0673,4.2381,0,max_single_event_fraction +0.70,log_depth +0.63,log_scatter +0.52,ok,,,,,,,,,,,,,,,,,,weak_difference_image,False,0.9638,0.8295,17.42,1.97
112,TIC 349825690,TIC 349825690,14,0.354484,0.74215642,True,1.085007,1683.44256,0.96,1210.2,3.3112,3.6395,0,max_single_event_fraction +0.76,log_depth +0.74,log_scatter +0.48,ok,,,,,,,,,,,,,,,,,,weak_difference_image,False,0.6892,1.201,25.22,1.994
113,TIC 229586455,TIC 229586455,14,0.350953,0.73708462,True,2.197319,1685.20109,1.728,1244.6,6.777,7.3504,1,power_contrast +0.91,log_depth +0.53,log_duration_ratio +0.50,ok,,,,,,,,,,,,,,,,,,ok,False,0.9395,0.3672,7.712,5.285
114,TIC 232540264,TIC 232540264,14,0.346984,0.73128073,True,7.9658235,1687.64045,3.84,566.49,17.68,4.0273,0,flux_skew +1.10,secondary_sigma +0.66,log_duration_ratio +0.49,ok,,,,,,,,,,,,,,,,,,ok,False,0.2285,0.2131,4.475,9.844
115,TIC 16740101,TIC 16740101,14,0.332983,0.7098965,True,1.4782016,1683.46861,3.84,5519.5,670.01,8.527,1,flux_skew +1.10,power_contrast +0.89,log_duration_ratio -0.85,ok,,,,,,,,,,,,,,,,,,ok,False,2.066,0.2887,6.063,51.11
116,TIC 420114036,TIC 420114036,14,0.31773,0.68493622,True,4.3773503,1683.6054,5.76,7279.5,32.455,7.1923,1,log_duration_ratio -0.89,secondary_sigma +0.81,flux_skew +0.81,ok,,,,,,,,,,,,,,,,,,ok,False,1.766,0.2475,5.197,16.79
117,TIC 229671380,TIC 229671380,14,0.306963,0.66623219,True,3.933458,1683.50884,5.76,3134.3,46.527,6.928,1,log_duration_ratio -1.00,flux_skew +0.91,power_contrast +0.77,ok,,,,,,,,,,,,,,,,,,ok,False,2.375,0.1515,3.181,23.16
118,TIC 120826158,TIC 120826158,14,0.297404,0.64885529,True,5.185398,1687.84085,2.688,811.18,19.89,3.8017,0,flux_skew +0.86,odd_even_sigma -0.65,harmonic_delta_loglike +0.51,ok,,,,,,,,,,,,,,,,,,ok,False,0.2786,0.6145,12.9,4.992
119,TIC 263971984,TIC 263971984,14,0.282542,0.62036131,True,0.94499126,1683.5486,0.96,734.2,4.0217,3.9371,0,log_depth +0.57,max_single_event_fraction +0.54,log_scatter +0.50,ok,,,,,,,,,,,,,,,,,,weak_difference_image,False,0.8607,0.6507,13.67,2.223
120,TIC 335963713,TIC 335963713,14,0.281162,0.61762356,True,1.2601908,1683.75909,0.96,1184.5,4.2084,3.8642,0,log_depth +0.67,secondary_sigma +0.47,max_single_event_fraction +0.44,ok,,,,,,,,,,,,,,,,,,ok,False,0.2128,0.1604,3.368,5.342
121,TIC 233211762,TIC 233211762,14,0.277106,0.60948755,True,1.1212942,1683.69342,0.96,3104.1,18.086,6.4214,1,flux_skew +0.75,max_single_event_fraction +0.71,log_depth +0.62,ok,,,,,,,,,,,,,,,,,,ok,False,0.9641,0.08699,1.827,8.383
122,TIC 263368046,TIC 263368046,14,0.27643,0.60811824,True,1.8856262,1684.5862,2.688,105830.0,5413.0,7.3699,1,odd_even_sigma -1.44,power_contrast +0.92,secondary_sigma +0.88,ok,,,,,,,,,,,,,,,,,,ok,False,4.989,0.1418,2.978,34.16
123,TIC 147681167,TIC 147681167,14,0.274922,0.60504893,True,3.15583,1686.2592,0.96,1724.0,4.0287,4.646,0,log_depth +0.63,max_single_event_fraction +0.49,log_scatter +0.48,ok,,,,,,,,,,,,,,,,,,weak_difference_image,False,0.9518,3.653,76.72,0.6471
124,TIC 237200747,TIC 237200747,14,0.270323,0.59557503,True,4.7682457,1687.05725,2.688,21844.0,83.875,3.172,0,flux_skew +0.86,harmonic_delta_loglike +0.83,log_depth +0.49,ok,,,,,,,,,,,,,,,,,,ok,False,7.943,0.2455,5.155,20.38
125,TIC 320323992,TIC 320323992,14,0.270255,0.59543326,True,0.6071055,1683.56876,0.96,147420.0,55.004,10.956,3,flux_skew +0.94,secondary_sigma +0.71,log_depth +0.64,ok,,,,,,,,,,,,,,,,,,ok,True,12.98,0.7989,16.78,57.47
126,TIC 64527346,TIC 64527346,14,0.269076,0.59297574,True,0.89801277,1684.09275,0.96,1070.2,4.0602,3.7155,0,log_depth +0.70,max_single_event_fraction +0.64,log_scatter +0.48,ok,,,,,,,,,,,,,,,,,,weak_difference_image,False,,,,-0.5115
127,TIC 233087860,TIC 233087860,14,0.267949,0.59061507,True,5.7421451,1684.36645,1.728,931.76,9.982,4.2947,0,flux_skew +1.07,log_depth +0.48,secondary_sigma +0.39,ok,,,,,,,,,,,,,,,,,,ok,False,1.277,0.8096,17.0,4.507
128,TIC 237185205,TIC 237185205,14,0.265689,0.58585091,True,5.236816,1686.23276,1.728,1303.5,18.538,3.1766,0,flux_skew +0.91,log_depth +0.51,harmonic_delta_loglike +0.39,ok,,,,,,,,,,,,,,,,,,ok,True,3.13,1.151,24.17,6.903
129,TIC 341612967,TIC 341612967,14,0.25142,0.55480181,True,1.1626176,1684.27815,0.96,1016.9,2.8955,3.7151,0,log_depth +0.67,max_single_event_fraction +0.64,log_scatter +0.53,ok,,,,,,,,,,,,,,,,,,weak_difference_image,False,0.1573,1.01,21.21,0.4002
130,TIC 356822426,TIC 356822426,14,0.248924,0.54919906,True,1.5555263,1684.1055,0.96,994.06,4.1745,4.2926,0,log_depth +0.71,max_single_event_fraction +0.70,log_scatter +0.46,ok,,,,,,,,,,,,,,,,,,ok,False,1.355,0.9268,19.46,4.686
131,TIC 267878261,TIC 267878261,14,0.248431,0.54808644,True,1.3304956,1684.41918,2.688,1031.6,10.279,4.6847,0,log_depth +0.62,secondary_sigma +0.43,log_period +0.37,ok,,,,,,,,,,,,,,,,,,ok,False,0.0846,0.08339,1.751,4.784
132,TIC 137345196,TIC 137345196,14,0.242734,0.53508812,True,7.3248542,1685.91294,2.688,2685.8,24.937,2.4075,0,clipped_fraction +0.80,bls_sde -0.71,harmonic_delta_loglike +0.65,ok,,,,,,,,,,,,,,,,,,ok,True,3.398,6.197,130.1,5.232
133,TIC 459217146,TIC 459217146,14,0.22738,0.49878872,True,5.3236712,1685.85943,1.728,1928.6,1.9878,3.6065,0,flux_skew +0.84,log_depth +0.60,harmonic_delta_loglike -0.41,ok,,,,,,,,,,,,,,,,,,ok,False,0.2954,0.2664,5.594,3.586
134,TIC 267489265,TIC 267489265,14,0.22399,0.49053266,True,1.5504203,1683.6793,3.84,354.74,19.325,9.0572,2,flux_skew +0.82,power_contrast +0.78,log_duration_ratio -0.75,ok,,,,,,,,,,,,,,,,,,ok,False,1.816,0.92,19.32,8.047
135,TIC 103692058,TIC 103692058,14,0.212302,0.46143356,True,1.2054563,1683.8822,0.96,1381.7,3.8449,4.4242,0,log_depth +0.66,max_single_event_fraction +0.49,log_scatter +0.45,ok,,,,,,,,,,,,,,,,,,ok,False,0.979,0.661,13.88,3.026
136,TIC 232968813,TIC 232968813,14,0.205726,0.44465264,True,0.53985012,1683.4916,1.728,4148.4,47.555,16.036,3,power_contrast +0.98,log_period -0.67,flux_skew +0.61,ok,,,,,,,,,,,,,,,,,,ok,True,16.82,1.972,41.41,22.37
137,TIC 21755546,TIC 21755546,14,0.205371,0.44373919,True,0.6602312,1683.46547,2.688,709.75,61.19,9.2619,1,flux_skew +1.11,log_duration_ratio -0.87,log_period -0.71,ok,,,,,,,,,,,,,,,,,,ok,True,3.77,2.285,47.98,5.025
138,TIC 258920431,TIC 258920431,14,0.201846,0.43462145,True,5.9832626,1684.6381,5.76,3572.0,23.941,7.1321,1,log_duration_ratio -0.92,flux_skew +0.86,power_contrast +0.72,ok,,,,,,,,,,,,,,,,,,ok,False,3.243,0.2676,5.619,16.12
139,TIC 230113327,TIC 230113327,14,0.201502,0.4337273,True,1.1395263,1684.02539,1.728,4415.5,3.2989,3.3712,0,max_single_event_fraction +0.72,log_depth +0.60,log_period +0.37,ok,,,,,,,,,,,,,,,,,,weak_difference_image,False,0.914,1.246,26.16,1.426
140,TIC 154874587,TIC 154874587,14,0.199534,0.42860288,True,0.90349377,1683.58769,0.96,824.92,3.756,4.1716,0,max_single_event_fraction +0.72,log_depth +0.61,log_scatter +0.48,ok,,,,,,,,,,,,,,,,,,ok,False,0.4556,0.3938,8.271,3.42
141,TIC 40721157,TIC 40721157,14,0.194336,0.4149537,True,3.611015,1685.8087,2.688,618.5,7.1419,4.7034,0,flux_skew +0.79,power_contrast +0.48,log_duration_ratio +0.44,ok,,,,,,,,,,,,,,,,,,weak_difference_image,False,0.123,0.3215,6.752,2.595
142,TIC 467179528,TIC 467179528,14,0.193081,0.41163754,True,10.89909,1690.99558,1.728,2933.2,8.5453,4.6147,0,flux_skew +0.83,secondary_sigma +0.55,duration_over_period -0.44,ok,,,,,,,,,,,,,,,,,,ok,False,0.5477,0.1473,3.093,7.385
143,TIC 310002617,TIC 310002617,14,0.192156,0.409187,True,3.176219,1685.33189,2.688,11486.0,94.66,7.6348,1,odd_even_sigma -1.63,power_contrast +0.98,flux_skew +0.82,ok,,,,,,,,,,,,,,,,,,ok,False,4.67,0.1569,3.295,33.28
144,TIC 154105890,TIC 154105890,14,0.190868,0.40576642,True,5.5837947,1688.02797,1.728,6604.0,8.2107,7.0861,1,flux_skew +0.54,log_depth +0.46,power_contrast +0.43,ok,,,,,,,,,,,,,,,,,,ok,False,0.5399,0.1337,2.807,7.624
145,TIC 22069559,TIC 22069559,14,0.187902,0.39786183,True,2.0371805,1685.42546,1.728,258.73,11.686,7.0483,1,flux_skew +1.04,log_depth -0.57,power_contrast +0.48,ok,,,,,,,,,,,,,,,,,,weak_difference_image,False,0.03197,1.052,22.08,1.755
146,TIC 120251815,TIC 120251815,14,0.18762,0.39710604,True,0.75549322,1683.71251,2.688,213050.0,3819.2,14.773,1,flux_skew +0.96,log_duration_ratio -0.88,log_period -0.72,ok,,,,,,,,,,,,,,,,,,ok,False,13.04,0.2305,4.84,112.2
147,TIC 272759551,TIC 272759551,14,0.187443,0.39663342,True,2.7810029,1684.57706,0.96,4362.6,2.9795,4.3724,0,log_depth +0.64,flux_skew +0.44,harmonic_delta_loglike -0.39,ok,,,,,,,,,,,,,,,,,,weak_difference_image,False,0.4033,0.9746,20.47,1.497
148,TIC 264170831,TIC 264170831,14,0.186381,0.3937908,True,1.1455327,1684.4381,0.96,667.49,3.1846,3.2567,0,max_single_event_fraction +0.60,flux_skew +0.50,odd_even_sigma +0.35,ok,,,,,,,,,,,,,,,,,,ok,False,0.2132,0.2592,5.443,3.131
149,TIC 229546847,TIC 229546847,14,0.181625,0.38098985,True,1.3458989,1684.38825,0.96,1088.8,3.5253,3.5246,0,log_depth +0.66,log_scatter +0.51,log_period +0.40,ok,,,,,,,,,,,,,,,,,,ok,False,0.5466,0.398,8.357,3.205
150,TIC 147994093,TIC 147994093,14,0.181506,0.38067045,True,1.2673425,1684.33865,1.728,824.73,4.5373,4.2088,0,max_single_event_fraction +0.70,log_depth +0.63,log_scatter +0.41,ok,,,,,,,,,,,,,,,,,,weak_difference_image,False,0.6065,0.62,13.02,2.097
151,TIC 30329585,TIC 30329585,14,0.180945,0.37915207,True,7.5036693,1687.31336,2.688,1662.6,16.16,3.7411,0,flux_skew +0.85,log_depth +0.59,secondary_sigma -0.45,ok,,,,,,,,,,,,,,,,,,ok,True,4.226,0.928,19.49,15.54
152,TIC 288391628,TIC 288391628,14,0.180065,0.37677203,True,10.942351,1692.13232,1.728,3660.4,77.671,5.164,0,flux_skew +1.03,harmonic_delta_loglike +0.76,power_contrast +0.72,ok,,,,,,,,,,,,,,,,,,ok,False,0.9073,0.1241,2.605,10.35
153,TIC 392579126,TIC 392579126,14,0.17735,0.36940633,True,1.328302,1683.61302,2.688,693.25,4.8778,3.1706,0,max_single_event_fraction +0.63,log_scatter +0.51,flux_skew +0.43,ok,,,,,,,,,,,,,,,,,,weak_difference_image,False,1.004,3.734,78.42,1.284
154,TIC 64531556,TIC 64531556,14,0.176252,0.36641766,True,7.8102892,1688.90083,5.76,8028.6,38.7,4.9032,0,flux_skew +0.89,log_duration_ratio -0.76,harmonic_delta_loglike +0.74,ok,,,,,,,,,,,,,,,,,,ok,False,2.394,0.1914,4.02,15.95
155,TIC 363037918,TIC 363037918,14,0.167781,0.34323898,True,0.99115829,1683.48613,1.728,622.13,4.0205,3.5844,0,flux_skew +0.57,secondary_sigma +0.55,max_single_event_fraction +0.52,ok,,,,,,,,,,,,,,,,,,weak_difference_image,False,10.6,2408.0,50570.0,0.01045
156,TIC 138505947,TIC 138505947,14,0.16765,0.3428778,True,1.5555234,1683.95422,0.96,1570.2,3.1595,3.828,0,log_depth +0.67,max_single_event_fraction +0.65,flux_skew -0.44,ok,,,,,,,,,,,,,,,,,,ok,False,1.156,0.54,11.34,4.725
157,TIC 452508760,TIC 452508760,14,0.165971,0.33825989,True,2.2596276,1685.44559,1.728,1825.8,10.838,4.7333,0,flux_skew +0.70,log_depth +0.59,secondary_sigma -0.57,ok,,,,,,,,,,,,,,,,,,weak_difference_image,False,0.1939,0.2529,5.312,2.949
158,TIC 256555942,TIC 256555942,14,0.159682,0.32090221,True,1.3840737,1683.93037,0.96,856.46,3.9553,4.2335,0,max_single_event_fraction +0.62,log_depth +0.60,log_scatter +0.45,ok,,,,,,,,,,,,,,,,,,weak_difference_image,False,1.603,0.7996,16.79,2.554
159,TIC 243313296,TIC 243313296,14,0.158644,0.31803301,True,1.7367568,1683.73912,0.96,1483.4,4.8512,4.367,0,log_depth +0.61,log_scatter +0.49,max_single_event_fraction +0.44,ok,,,,,,,,,,,,,,,,,,weak_difference_image,False,0.4835,0.3315,6.961,2.888
160,TIC 122066892,TIC 122066892,14,0.158542,0.31775163,True,3.0182907,1684.01649,1.728,713.29,4.2798,4.7082,0,flux_skew +0.61,log_depth +0.52,harmonic_delta_loglike -0.41,ok,,,,,,,,,,,,,,,,,,weak_difference_image,False,0.9687,1.728,36.28,2.371
161,TIC 233188719,TIC 233188719,14,0.15807,0.3164444,True,0.85196382,1683.68042,1.728,795.87,3.2249,3.312,0,max_single_event_fraction +0.71,log_depth +0.57,log_scatter +0.50,ok,,,,,,,,,,,,,,,,,,weak_difference_image,False,0.2921,0.5585,11.73,2.235
162,TIC 237206230,TIC 237206230,14,0.15759,0.31511493,True,2.2411299,1684.67731,1.728,977.03,2.5711,3.3409,0,log_depth +0.48,log_scatter +0.48,max_single_event_fraction +0.42,ok,,,,,,,,,,,,,,,,,,ok,False,0.007589,0.03578,0.7515,4.121
163,TIC 63556103,TIC 63556103,14,0.153453,0.30365807,True,0.74938109,1684.04084,1.728,649.23,4.262,3.4488,0,max_single_event_fraction +0.69,flux_skew +0.63,log_period -0.47,ok,,,,,,,,,,,,,,,,,,weak_difference_image,False,,,,-0.5164
164,TIC 198212955,TIC 198212955,14,0.151599,0.29851801,True,1.1436008,1684.10581,0.96,821.51,5.5861,8.5149,1,max_single_event_fraction +0.57,log_depth +0.56,flux_skew -0.47,ok,,,,,,,,,,,,,,,,,,ok,False,1.32,0.3983,8.365,4.411
165,TIC 256867493,TIC 256867493,14,0.150021,0.29414236,True,1.2174164,1684.14665,3.84,417.45,3.6057,2.8124,0,max_single_event_fraction +0.60,bls_depth_over_scatter +0.60,power_contrast +0.53,ok,,,,,,,,,,,,,,,,,,weak_difference_image,False,0.7059,1.297,27.23,1.302
166,TIC 441723451,TIC 441723451,14,0.148624,0.29027036,True,2.274542,1684.31679,1.728,852.13,3.6787,3.7683,0,log_depth +0.59,log_scatter +0.46,max_single_event_fraction +0.45,ok,,,,,,,,,,,,,,,,,,ok,False,0.2396,0.1731,3.636,3.118
167,TIC 415706903,TIC 415706903,14,0.145239,0.28089056,True,1.0327691,1683.7388,1.728,815.39,3.6031,3.1894,0,log_depth +0.59,max_single_event_fraction +0.55,log_scatter +0.46,ok,,,,,,,,,,,,,,,,,,weak_difference_image,False,0.7008,0.683,14.34,1.97
168,TIC 229977510,TIC 229977510,14,0.144791,0.27964808,True,1.0192657,1684.06653,5.76,730.76,6.4055,4.1868,0,max_single_event_fraction +0.76,secondary_sigma +0.52,log_depth +0.49,ok,,,,,,,,,,,,,,,,,,weak_difference_image,False,,,,-0.7047
169,TIC 154840461,TIC 154840461,14,0.14473,0.27947969,True,6.0327098,1685.58761,0.96,1217.9,28.946,6.564,1,flux_skew +0.84,harmonic_delta_loglike +0.72,power_contrast +0.66,ok,,,,,,,,,,,,,,,,,,ok,False,1.175,0.2345,4.925,7.012
170,TIC 157769780,TIC 157769780,14,0.144329,0.27837072,True,1.0796692,1683.64679,0.96,793.66,3.5351,3.2035,0,max_single_event_fraction +0.63,log_depth +0.54,log_scatter +0.49,ok,,,,,,,,,,,,,,,,,,ok,False,1.134,0.7026,14.75,3.376
171,TIC 219877131,TIC 219877131,14,0.143193,0.27522445,True,1.3659717,1683.62555,0.96,992.49,3.8525,3.5099,0,log_depth +0.60,max_single_event_fraction +0.58,log_scatter +0.49,ok,,,,,,,,,,,,,,,,,,ok,False,0.4912,0.3731,7.835,3.569
172,TIC 233266582,TIC 233266582,14,0.141183,0.26966357,True,6.390185,1685.66728,1.728,2473.8,7.0746,5.0897,0,flux_skew +0.76,log_depth +0.46,secondary_sigma +0.41,ok,,,,,,,,,,,,,,,,,,ok,False,0.673,0.3955,8.305,5.835
173,TIC 237214536,TIC 237214536,14,0.139569,0.26519968,True,1.6695391,1683.79322,0.96,936.6,2.5302,3.8893,0,max_single_event_fraction +0.72,log_depth +0.56,log_scatter +0.48,ok,,,,,,,,,,,,,,,,,,ok,False,0.6318,0.3533,7.419,4.502
174,TIC 1401120538,TIC 1401120538,14,0.13781,0.26034284,True,0.91591318,1684.05659,0.96,47103.0,2.6987,4.1488,0,log_depth +0.67,max_single_event_fraction +0.65,log_period +0.37,ok,,,,,,,,,,,,,,,,,,weak_difference_image,False,0.3735,0.4614,9.689,2.015
175,TIC 313741375,TIC 313741375,14,0.134682,0.2517243,True,1.1480555,1684.03991,0.96,836.36,3.3137,4.9737,0,log_depth +0.56,max_single_event_fraction +0.53,flux_skew -0.46,ok,,,,,,,,,,,,,,,,,,weak_difference_image,False,0.1841,0.6238,13.1,1.503
176,TIC 441788406,TIC 441788406,14,0.132854,0.24669883,True,1.3304955,1683.78887,0.96,782.53,3.3515,3.4891,0,log_depth +0.56,max_single_event_fraction +0.54,log_scatter +0.50,ok,,,,,,,,,,,,,,,,,,ok,False,0.683,0.386,8.106,3.22
177,TIC 299158887,TIC 299158887,14,0.129946,0.23872654,True,9.4454783,1690.1446,2.688,3109.5,21.387,4.8009,0,flux_skew +0.85,odd_even_sigma -0.57,harmonic_delta_loglike +0.46,ok,,,,,,,,,,,,,,,,,,ok,False,1.638,0.2417,5.076,8.773
178,TIC 158389335,TIC 158389335,14,0.129487,0.23746989,True,1.1455267,1683.78834,1.728,793.02,3.2955,3.0777,0,max_single_event_fraction +0.58,log_depth +0.53,log_scatter +0.46,ok,,,,,,,,,,,,,,,,,,weak_difference_image,False,,,,-0.5438
179,TIC 149912939,TIC 149912939,14,0.128683,0.23527249,True,0.96047694,1683.58613,0.96,1463.8,3.8266,4.3196,0,log_depth +0.70,max_single_event_fraction +0.65,log_period +0.35,ok,,,,,,,,,,,,,,,,,,weak_difference_image,False,0.5466,0.5253,11.03,2.687
180,TIC 383829317,TIC 383829317,14,0.128629,0.23512532,True,9.9463659,1689.8891,2.688,3356.9,17.768,4.1186,0,flux_skew +0.99,log_depth +0.41,duration_over_period -0.35,ok,,,,,,,,,,,,,,,,,,ok,False,1.954,0.2398,5.036,15.9
181,TIC 185405474,TIC 185405474,14,0.128441,0.23460976,True,1.5580895,1684.15618,3.84,1428.8,48.882,6.8096,1,flux_skew +0.93,log_duration_ratio -0.92,max_single_event_fraction +0.55,ok,,,,,,,,,,,,,,,,,,ok,True,3.121,1.463,30.73,4.902
182,TIC 90504905,TIC 90504905,14,0.126275,0.22870554,True,2.2675917,1685.61376,2.688,8204.9,3.3124,3.8336,0,log_depth +0.63,harmonic_delta_loglike -0.38,log_period +0.36,ok,,,,,,,,,,,,,,,,,,weak_difference_image,False,,,,-0.8547
183,TIC 85817812,TIC 85817812,14,0.126252,0.22864071,True,2.3506079,1683.84135,1.728,488.17,7.76,4.0684,0,flux_skew +0.74,max_single_event_fraction +0.33,log_duration_ratio +0.32,ok,,,,,,,,,,,,,,,,,,weak_difference_image,False,0.812,6.936,145.7,0.9616
184,TIC 244647993,TIC 244647993,14,0.125065,0.22541415,True,0.95122629,1684.16584,2.688,834.14,4.362,5.4816,0,max_single_event_fraction +0.64,log_depth +0.55,log_scatter +0.48,ok,,,,,,,,,,,,,,,,,,weak_difference_image,False,2.426,6.105,128.2,1.271
185,TIC 7622048,TIC 7622048,14,0.124466,0.22378649,True,1.0651168,1683.77587,1.728,653.2,3.4758,3.704,0,max_single_event_fraction +0.59,log_scatter +0.41,flux_skew -0.30,ok,,,,,,,,,,,,,,,,,,weak_difference_image,False,0.4567,0.5404,11.35,2.953
186,TIC 202504234,TIC 202504234,14,0.122456,0.21834144,True,1.685921,1683.53691,0.96,764.76,7.0994,8.3121,1,secondary_sigma -0.93,flux_skew +0.59,max_single_event_fraction +0.51,ok,,,,,,,,,,,,,,,,,,ok,False,1.063,0.4836,10.16,5.973
187,TIC 289316336,TIC 289316336,14,0.122452,0.21833227,True,3.0034096,1685.23647,3.84,784.21,6.6691,7.1255,1,power_contrast +1.09,secondary_sigma +0.46,flux_skew -0.45,ok,,,,,,,,,,,,,,,,,,ok,False,1.422,0.3417,7.175,11.66
188,TIC 210337597,TIC 210337597,14,0.119538,0.21047504,True,0.52529204,1683.466,0.96,1064.5,7.4234,8.1398,1,log_depth +0.58,max_single_event_fraction +0.50,log_period -0.43,ok,,,,,,,,,,,,,,,,,,weak_difference_image,False,,,,-1.187
189,TIC 233953967,TIC 233953967,14,0.11949,0.21034419,True,5.5381653,1687.8431,5.76,2369.1,38.823,6.1354,1,log_duration_ratio -0.99,power_contrast +0.88,harmonic_delta_loglike +0.69,ok,,,,,,,,,,,,,,,,,,ok,False,0.2552,0.6446,13.54,5.24
190,TIC 259171290,TIC 259171290,14,0.118981,0.20897842,True,2.3429025,1685.30972,0.96,1239.7,3.377,3.9306,0,log_depth +0.63,log_scatter +0.40,secondary_sigma +0.39,ok,,,,,,,,,,,,,,,,,,ok,False,0.3042,0.3229,6.781,3.686
191,TIC 154181644,TIC 154181644,14,0.11875,0.208359,True,1.4540725,1684.65212,0.96,1149.7,1.6782,3.3391,0,log_depth +0.57,log_scatter +0.45,log_period +0.38,ok,,,,,,,,,,,,,,,,,,ok,False,0.2712,0.2051,4.308,5.243
192,TIC 47727842,TIC 47727842,14,0.117705,0.20555707,True,1.2315071,1684.52727,0.96,933.46,4.6408,5.0073,0,log_depth +0.57,max_single_event_fraction +0.53,flux_skew -0.46,ok,,,,,,,,,,,,,,,,,,ok,False,0.8375,0.4266,8.959,3.115
193,TIC 160096865,TIC 160096865,14,0.115929,0.20081256,False,1.2643565,1683.58788,5.76,481.15,3.7181,3.7523,0,max_single_event_fraction +0.61,bls_depth_over_scatter +0.50,log_scatter +0.49,ok,,,,,,,,,,,,,,,,,,,,,,,
194,TIC 233742930,TIC 233742930,14,0.111727,0.18967032,False,2.3275225,1683.67842,1.728,1042.7,4.3232,3.1197,0,log_depth +0.48,log_scatter +0.47,secondary_sigma +0.39,ok,,,,,,,,,,,,,,,,,,,,,,,
195,TIC 307985109,TIC 307985109,14,0.111044,0.18787081,False,4.8075269,1685.90192,0.96,1538.7,3.3806,3.8332,0,log_depth +0.56,duration_over_period -0.50,log_scatter +0.48,ok,,,,,,,,,,,,,,,,,,,,,,,
196,TIC 229511886,TIC 229511886,14,0.110619,0.18675081,False,2.0607916,1684.79048,0.96,755.15,4.2522,3.5383,0,log_depth +0.59,log_period +0.41,flux_skew +0.37,ok,,,,,,,,,,,,,,,,,,,,,,,
197,TIC 198213332,TIC 198213332,14,0.110573,0.1866316,False,0.58552835,1683.48569,0.96,294.87,12.315,10.141,1,flux_skew +1.02,secondary_sigma +0.63,log_period -0.59,ok,,,,,,,,,,,,,,,,,,,,,,,
198,TIC 230292034,TIC 230292034,14,0.109106,0.18278305,False,6.0693493,1687.73978,1.728,2568.2,7.2001,5.4533,0,flux_skew +0.56,log_depth +0.50,harmonic_delta_loglike -0.41,ok,,,,,,,,,,,,,,,,,,,,,,,
199,TIC 185115826,TIC 185115826,14,0.108973,0.18243759,False,0.9960622,1683.73243,5.76,398.37,3.932,4.5695,0,max_single_event_fraction +0.68,log_scatter +0.48,bls_depth_over_scatter +0.47,ok,,,,,,,,,,,,,,,,,,,,,,,
200,TIC 229781583,TIC 229781583,14,0.108645,0.18157911,False,4.8234395,1684.53773,1.728,1873.8,7.1325,8.3843,1,power_contrast +0.56,log_depth +0.43,harmonic_delta_loglike -0.39,ok,,,,,,,,,,,,,,,,,,,,,,,
201,TIC 198414886,TIC 198414886,14,0.107715,0.17915152,False,2.9447094,1683.72253,0.96,1526.9,3.477,3.9117,0,log_depth +0.61,log_scatter +0.47,max_single_event_fraction +0.47,ok,,,,,,,,,,,,,,,,,,,,,,,
202,TIC 160420212,TIC 160420212,14,0.107458,0.17848449,False,0.75308694,1683.63635,2.688,734.7,3.7314,3.2634,0,max_single_event_fraction +0.60,log_depth +0.48,flux_skew +0.44,ok,,,,,,,,,,,,,,,,,,,,,,,
203,TIC 7584893,TIC 7584893,14,0.106703,0.17652101,False,1.3050785,1684.07584,1.728,3378.3,3.3505,4.8229,0,log_depth +0.61,harmonic_delta_loglike -0.36,log_period +0.32,ok,,,,,,,,,,,,,,,,,,,,,,,
204,TIC 198456043,TIC 198456043,14,0.106663,0.17641576,False,0.87037677,1683.53435,5.76,236.29,3.3388,3.235,0,max_single_event_fraction +0.68,bls_depth_over_scatter +0.63,log_depth -0.39,ok,,,,,,,,,,,,,,,,,,,,,,,
205,TIC 158318185,TIC 158318185,14,0.105512,0.17343402,False,2.0743763,1685.1243,0.96,1076.8,2.7774,3.5833,0,log_depth +0.62,max_single_event_fraction +0.60,log_scatter +0.38,ok,,,,,,,,,,,,,,,,,,,,,,,
206,TIC 154163983,TIC 154163983,14,0.104991,0.17208877,False,1.3772509,1683.76802,2.688,353.04,3.2715,3.2585,0,max_single_event_fraction +0.70,flux_skew +0.42,log_depth -0.40,ok,,,,,,,,,,,,,,,,,,,,,,,
207,TIC 148964909,TIC 148964909,14,0.104071,0.16971719,False,0.99507913,1683.90735,2.688,623.12,3.1974,4.1316,0,max_single_event_fraction +0.73,log_scatter +0.45,log_period +0.29,ok,,,,,,,,,,,,,,,,,,,,,,,
208,TIC 47971035,TIC 47971035,14,0.103301,0.16773891,False,13.090793,1683.62347,1.728,5253.3,5.5544,5.3679,0,flux_skew +0.81,power_contrast +0.44,harmonic_delta_loglike -0.40,ok,,,,,,,,,,,,,,,,,,,,,,,
209,TIC 21101556,TIC 21101556,14,0.102571,0.16586754,False,8.7205627,1684.33124,1.728,1697.5,7.4632,4.2849,0,flux_skew +0.92,log_depth +0.47,harmonic_delta_loglike -0.40,ok,,,,,,,,,,,,,,,,,,,,,,,
210,TIC 359496368,TIC 359496368,14,0.101416,0.16291786,False,2.663606,1685.18707,2.688,507.81,8.7657,6.2236,1,power_contrast +0.50,log_duration_ratio +0.44,flux_skew +0.27,ok,,,,,,,,,,,,,,,,,,,,,,,
211,TIC 120960812,TIC 120960812,14,0.101033,0.16194322,False,12.729769,1687.70866,2.688,982.93,7.7267,5.0871,0,flux_skew +0.69,power_contrast +0.44,duration_over_period -0.38,ok,,,,,,,,,,,,,,,,,,,,,,,
212,TIC 229783887,TIC 229783887,14,0.100474,0.16052348,False,1.8794411,1684.82603,0.96,1112.9,4.0246,3.7443,0,log_depth +0.62,log_scatter +0.48,max_single_event_fraction +0.43,ok,,,,,,,,,,,,,,,,,,,,,,,
213,TIC 259101553,TIC 259101553,14,0.100412,0.16036507,False,3.0835598,1684.07761,1.728,1070.6,2.955,3.3921,0,log_depth +0.61,log_scatter +0.51,max_single_event_fraction +0.43,ok,,,,,,,,,,,,,,,,,,,,,,,
214,TIC 288134741,TIC 288134741,14,0.10035,0.16020743,False,1.3087897,1684.32785,0.96,582.69,3.3182,3.7806,0,max_single_event_fraction +0.71,flux_skew -0.32,red_noise_beta +0.29,ok,,,,,,,,,,,,,,,,,,,,,,,
215,TIC 232962837,TIC 232962837,14,0.100249,0.15995285,False,2.3895772,1685.02352,0.96,889.65,2.1114,3.2957,0,log_depth +0.42,log_period +0.37,flux_skew +0.37,ok,,,,,,,,,,,,,,,,,,,,,,,
216,TIC 154872375,TIC 154872375,14,0.0990022,0.15679734,False,8.0185588,1684.16767,3.84,5361.8,158.57,6.865,1,secondary_sigma -1.42,flux_skew +0.68,harmonic_delta_loglike +0.63,ok,,,,,,,,,,,,,,,,,,,,,,,
217,TIC 122715108,TIC 122715108,14,0.0982103,0.15480216,False,2.2484928,1685.16468,0.96,1743.8,3.6518,3.8106,0,log_depth +0.62,log_scatter +0.46,harmonic_amp_over_depth -0.38,ok,,,,,,,,,,,,,,,,,,,,,,,
218,TIC 154164421,TIC 154164421,14,0.0973177,0.15256115,False,1.8609699,1683.95608,0.96,790.16,2.0165,3.5653,0,max_single_event_fraction +0.61,log_depth +0.56,flux_skew -0.45,ok,,,,,,,,,,,,,,,,,,,,,,,
219,TIC 42883782,TIC 42883782,14,0.0970445,0.15187702,False,8.1013642,1683.9333,3.84,568.51,8.503,3.4543,0,max_single_event_fraction -0.95,flux_skew +0.72,secondary_sigma +0.50,ok,,,,,,,,,,,,,,,,,,,,,,,
220,TIC 458479852,TIC 458479852,14,0.0942809,0.14500244,False,3.4006658,1686.00501,0.96,5374.7,2.9522,3.8545,0,flux_skew +0.56,log_depth +0.56,duration_over_period -0.44,ok,,,,,,,,,,,,,,,,,,,,,,,
221,TIC 106114491,TIC 106114491,14,0.0940335,0.14439127,False,9.7201296,1686.15731,2.688,1601.3,10.47,4.2468,0,flux_skew +0.73,log_depth +0.43,power_contrast +0.43,ok,,,,,,,,,,,,,,,,,,,,,,,
222,TIC 1718201850,TIC 1718201850,14,0.0938481,0.14393371,False,5.924514,1686.00955,2.688,11543.0,107.38,6.6889,1,secondary_sigma -1.66,flux_skew +0.61,harmonic_delta_loglike +0.58,ok,,,,,,,,,,,,,,,,,,,,,,,
223,TIC 258777137,TIC 258777137,14,0.0938481,0.14393371,False,5.924514,1686.00955,2.688,11543.0,107.38,6.6889,1,secondary_sigma -1.66,flux_skew +0.61,harmonic_delta_loglike +0.58,ok,,,,,,,,,,,,,,,,,,,,,,,
224,TIC 244992786,TIC 244992786,14,0.0929149,0.14163667,False,1.7112353,1684.44979,0.96,945.38,4.7166,3.3435,0,log_depth +0.57,max_single_event_fraction +0.44,flux_skew -0.38,ok,,,,,,,,,,,,,,,,,,,,,,,
225,TIC 237222864,TIC 237222864,14,0.0922885,0.14010061,False,10.296269,1691.65334,1.728,816.01,8.7822,5.3505,0,flux_skew +1.06,duration_over_period -0.41,secondary_sigma +0.39,ok,,,,,,,,,,,,,,,,,,,,,,,
226,TIC 172370679,TIC 172370679,14,0.0921965,0.1398755,False,0.54644362,1683.68066,1.728,1112.4,3.938,3.694,0,log_depth +0.74,max_single_event_fraction +0.55,log_period -0.36,ok,,,,,,,,,,,,,,,,,,,,,,,
227,TIC 153936367,TIC 153936367,14,0.092181,0.13983736,False,2.384021,1684.4227,0.96,878.26,4.5843,4.1403,0,log_depth +0.56,log_period +0.37,harmonic_delta_loglike -0.35,ok,,,,,,,,,,,,,,,,,,,,,,,
228,TIC 159504140,TIC 159504140,14,0.0917745,0.13884353,False,8.1918478,1690.33837,5.76,1390.2,5.1021,4.0587,0,flux_skew +0.66,secondary_sigma +0.50,log_depth +0.46,ok,,,,,,,,,,,,,,,,,,,,,,,
229,TIC 233189870,TIC 233189870,14,0.0915267,0.13823874,False,0.81986669,1683.7206,0.96,866.9,3.3307,3.0772,0,max_single_event_fraction +0.66,log_depth +0.56,log_scatter +0.41,ok,,,,,,,,,,,,,,,,,,,,,,,
230,TIC 142518719,TIC 142518719,14,0.0904355,0.13558417,False,1.049895,1683.63088,3.84,378.15,3.4882,3.079,0,max_single_event_fraction +0.59,bls_sde +0.55,log_scatter +0.47,ok,,,,,,,,,,,,,,,,,,,,,,,
231,TIC 157335280,TIC 157335280,14,0.0880527,0.12983977,False,1.0012235,1683.8749,3.84,762.39,4.2834,4.2706,0,max_single_event_fraction +0.60,log_depth +0.56,log_duration_ratio -0.53,ok,,,,,,,,,,,,,,,,,,,,,,,
232,TIC 232971294,TIC 232971294,14,0.0873539,0.12816886,False,6.3795911,1689.67563,3.84,456.35,10.034,4.9657,0,power_contrast +0.54,log_duration_ratio +0.48,flux_skew -0.37,ok,,,,,,,,,,,,,,,,,,,,,,,
233,TIC 89636266,TIC 89636266,14,0.0866103,0.12639793,False,0.53488287,1683.61332,1.728,11595.0,131.79,10.59,1,odd_even_sigma -1.42,flux_skew +0.77,secondary_sigma +0.76,ok,,,,,,,,,,,,,,,,,,,,,,,
234,TIC 352011875,TIC 352011875,14,0.0858573,0.12461222,False,2.8260916,1684.50023,1.728,782.46,3.5153,3.7264,0,log_depth +0.54,secondary_sigma +0.46,max_single_event_fraction +0.42,ok,,,,,,,,,,,,,,,,,,,,,,,
235,TIC 142738323,TIC 142738323,14,0.085733,0.12431815,False,2.9399195,1683.65457,1.728,1064.2,3.9816,3.9137,0,log_depth +0.67,max_single_event_fraction +0.49,log_scatter +0.46,ok,,,,,,,,,,,,,,,,,,,,,,,
236,TIC 389773333,TIC 389773333,14,0.0857028,0.1242468,False,3.1090339,1684.09535,0.96,1417.8,3.5069,3.9284,0,log_depth +0.62,harmonic_delta_loglike -0.42,log_scatter +0.40,ok,,,,,,,,,,,,,,,,,,,,,,,
237,TIC 459218020,TIC 459218020,14,0.0853407,0.12339156,False,2.7493785,1683.40608,0.96,1887.9,3.4507,4.2221,0,log_depth +0.59,log_scatter +0.47,harmonic_delta_loglike -0.41,ok,,,,,,,,,,,,,,,,,,,,,,,
238,TIC 24328492,TIC 24328492,14,0.0851019,0.12282865,False,3.3423355,1686.72938,1.728,1171.5,6.3791,3.3361,0,log_depth +0.63,harmonic_delta_loglike -0.42,log_scatter +0.39,ok,,,,,,,,,,,,,,,,,,,,,,,
239,TIC 288301171,TIC 288301171,14,0.0843621,0.12108946,False,0.91893138,1683.41256,0.96,652.12,2.9774,3.5022,0,max_single_event_fraction +0.68,power_contrast +0.41,log_scatter +0.41,ok,,,,,,,,,,,,,,,,,,,,,,,
240,TIC 353818293,TIC 353818293,14,0.0839179,0.12004878,False,1.9359035,1684.18292,1.728,1035.8,3.6423,3.2152,0,log_depth +0.62,log_scatter +0.42,log_period +0.37,ok,,,,,,,,,,,,,,,,,,,,,,,
241,TIC 160307967,TIC 160307967,14,0.0832742,0.11854552,False,3.2395242,1684.05146,0.96,1704.0,3.7927,4.4151,0,log_depth +0.58,log_scatter +0.45,flux_skew -0.42,ok,,,,,,,,,,,,,,,,,,,,,,,
242,TIC 288734834,TIC 288734834,14,0.083211,0.11839834,False,2.1829154,1684.38887,1.728,950.02,3.7967,3.7213,0,log_depth +0.63,max_single_event_fraction +0.46,log_scatter +0.43,ok,,,,,,,,,,,,,,,,,,,,,,,
243,TIC 336326019,TIC 336326019,14,0.0827081,0.11722865,False,4.4425406,1683.88069,0.96,885.03,4.2497,3.9941,0,flux_skew +1.02,duration_over_period -0.55,log_depth +0.48,ok,,,,,,,,,,,,,,,,,,,,,,,
244,TIC 237224913,TIC 237224913,14,0.0812518,0.11386176,False,1.7197095,1683.6534,3.84,567.89,2.4519,3.875,0,max_single_event_fraction +0.57,log_scatter +0.52,log_duration_ratio -0.42,ok,,,,,,,,,,,,,,,,,,,,,,,
245,TIC 229957585,TIC 229957585,14,0.080981,0.11323911,False,0.88481492,1684.07062,5.76,486.46,5.3624,3.2527,0,bls_depth_over_scatter +0.56,log_scatter +0.49,max_single_event_fraction +0.41,ok,,,,,,,,,,,,,,,,,,,,,,,
246,TIC 147628037,TIC 147628037,14,0.0808373,0.11290917,False,1.1668114,1683.74304,1.728,506.16,4.4232,4.9031,0,max_single_event_fraction +0.64,flux_skew -0.43,log_duration_ratio +0.30,ok,,,,,,,,,,,,,,,,,,,,,,,
247,TIC 160183379,TIC 160183379,14,0.080431,0.11197796,False,2.6636382,1685.21197,1.728,1120.1,3.6529,3.6222,0,log_depth +0.66,log_scatter +0.46,harmonic_delta_loglike -0.40,ok,,,,,,,,,,,,,,,,,,,,,,,
248,TIC 160408586,TIC 160408586,14,0.0796135,0.11011162,False,3.6229055,1684.6483,1.728,1482.3,3.5347,3.4447,0,log_depth +0.55,log_scatter +0.47,harmonic_delta_loglike -0.43,ok,,,,,,,,,,,,,,,,,,,,,,,
249,TIC 164656065,TIC 164656065,14,0.079459,0.10976008,False,1.0125779,1684.27999,3.84,191.11,3.6843,3.3583,0,max_single_event_fraction +0.67,bls_depth_over_scatter +0.62,log_depth -0.43,ok,,,,,,,,,,,,,,,,,,,,,,,
250,TIC 406192410,TIC 406192410,14,0.07932,0.10944398,False,2.9447579,1685.16941,2.688,1004.1,5.5217,3.4751,0,flux_skew +0.59,log_depth +0.54,harmonic_delta_loglike -0.44,ok,,,,,,,,,,,,,,,,,,,,,,,
251,TIC 69725006,TIC 69725006,14,0.0790813,0.10890203,False,1.2396329,1684.6265,1.728,719.56,2.0424,3.994,0,max_single_event_fraction +0.61,log_scatter +0.50,log_depth +0.49,ok,,,,,,,,,,,,,,,,,,,,,,,
252,TIC 367753709,TIC 367753709,14,0.0781452,0.10678499,False,2.1262093,1685.20457,0.96,852.88,6.2453,5.6705,1,log_depth +0.59,harmonic_delta_loglike -0.35,log_period +0.35,ok,,,,,,,,,,,,,,,,,,,,,,,
253,TIC 147625828,TIC 147625828,14,0.0773686,0.10503897,False,0.78609935,1683.61904,2.688,771.32,3.7046,4.6551,0,max_single_event_fraction +0.60,log_depth +0.55,log_duration_ratio -0.49,ok,,,,,,,,,,,,,,,,,,,,,,,
254,TIC 147577091,TIC 147577091,14,0.0766261,0.10337837,False,1.0142492,1684.03425,5.76,877.72,4.5673,5.0618,0,max_single_event_fraction +0.57,log_depth +0.49,log_duration_ratio -0.41,ok,,,,,,,,,,,,,,,,,,,,,,,
255,TIC 219005270,TIC 219005270,14,0.0760938,0.10219352,False,1.0059369,1683.76833,2.688,518.83,3.3699,3.7079,0,max_single_event_fraction +0.62,log_scatter +0.47,flux_skew -0.31,ok,,,,,,,,,,,,,,,,,,,,,,,
256,TIC 188772307,TIC 188772307,14,0.0755853,0.10106557,False,0.93248215,1683.54361,5.76,882.77,10.094,4.1614,0,clipped_fraction +0.68,log_duration_ratio -0.57,log_depth +0.50,ok,,,,,,,,,,,,,,,,,,,,,,,
257,TIC 272488866,TIC 272488866,14,0.0750655,0.099916962,False,2.7800041,1683.95634,0.96,994.68,4.6707,4.3272,0,log_depth +0.60,max_single_event_fraction +0.48,flux_skew -0.32,ok,,,,,,,,,,,,,,,,,,,,,,,
258,TIC 313303967,TIC 313303967,14,0.0750337,0.099847035,False,0.85759156,1683.72255,0.96,631.18,2.7514,3.671,0,max_single_event_fraction +0.70,log_scatter +0.51,flux_skew -0.34,ok,,,,,,,,,,,,,,,,,,,,,,,
259,TIC 158554198,TIC 158554198,14,0.0746276,0.098952986,False,1.9551081,1684.20844,0.96,771.4,3.0797,3.5375,0,log_depth +0.58,flux_skew -0.43,max_single_event_fraction +0.41,ok,,,,,,,,,,,,,,,,,,,,,,,
260,TIC 357128388,TIC 357128388,14,0.0746204,0.098936961,False,0.91741798,1683.89882,1.728,3004.8,70.171,2.967,0,flux_skew +0.67,harmonic_delta_loglike +0.63,max_single_event_fraction +0.62,ok,,,,,,,,,,,,,,,,,,,,,,,
261,TIC 202505423,TIC 202505423,14,0.0742493,0.098122504,False,7.7124833,1687.88093,0.96,2069.6,3.3571,3.5986,0,flux_skew +0.92,duration_over_period -0.47,log_depth +0.47,ok,,,,,,,,,,,,,,,,,,,,,,,
262,TIC 120183168,TIC 120183168,14,0.0740587,0.097705052,False,5.5380385,1684.70466,2.688,563.57,9.1091,6.2451,2,log_duration_ratio +0.39,harmonic_delta_loglike +0.34,max_single_event_fraction +0.20,ok,,,,,,,,,,,,,,,,,,,,,,,
263,TIC 158561566,TIC 158561566,14,0.0739369,0.097438408,False,6.7910851,1685.27196,5.76,1903.2,13.648,7.1042,1,log_duration_ratio -0.91,power_contrast +0.62,flux_skew +0.58,ok,,,,,,,,,,,,,,,,,,,,,,,
264,TIC 259236296,TIC 259236296,14,0.0738553,0.097260092,False,0.55459338,1683.40743,0.96,1564.6,7.576,5.2995,0,log_depth +0.69,max_single_event_fraction +0.42,log_period -0.39,ok,,,,,,,,,,,,,,,,,,,,,,,
265,TIC 154107638,TIC 154107638,14,0.0735916,0.096684274,False,1.1492999,1684.49205,3.84,501.52,1.7791,3.0347,0,max_single_event_fraction +0.61,bls_sde +0.54,log_scatter +0.48,ok,,,,,,,,,,,,,,,,,,,,,,,
266,TIC 284566848,TIC 284566848,14,0.0720312,0.09330128,False,2.6860293,1684.67839,0.96,1301.9,4.1123,3.3075,0,log_depth +0.59,log_scatter +0.45,harmonic_delta_loglike -0.41,ok,,,,,,,,,,,,,,,,,,,,,,,
267,TIC 103571312,TIC 103571312,14,0.0718273,0.09286231,False,1.7339048,1684.77816,0.96,1784.2,3.8146,4.2906,0,log_depth +0.68,log_period +0.35,harmonic_delta_loglike -0.35,ok,,,,,,,,,,,,,,,,,,,,,,,
268,TIC 233287217,TIC 233287217,14,0.0711061,0.091315253,False,3.1657885,1685.35528,1.728,1190.1,8.9217,4.4912,0,log_depth +0.58,flat_bottom_fraction -0.41,harmonic_delta_loglike +0.37,ok,,,,,,,,,,,,,,,,,,,,,,,
269,TIC 219690930,TIC 219690930,14,0.0708942,0.090862421,False,2.8494525,1683.64625,0.96,1343.0,4.2855,4.467,0,log_depth +0.58,log_scatter +0.48,harmonic_delta_loglike -0.41,ok,,,,,,,,,,,,,,,,,,,,,,,
270,TIC 99956467,TIC 99956467,14,0.0708166,0.090696844,False,4.579835,1686.34257,3.84,1245.6,3.2679,3.0839,0,log_depth +0.59,log_scatter +0.47,harmonic_delta_loglike -0.42,ok,,,,,,,,,,,,,,,,,,,,,,,
271,TIC 275692690,TIC 275692690,14,0.0706777,0.090400484,False,0.71447293,1683.68653,1.728,17941.0,369.69,10.828,1,odd_even_sigma -1.19,flux_skew +0.81,secondary_sigma +0.62,ok,,,,,,,,,,,,,,,,,,,,,,,
272,TIC 153975077,TIC 153975077,14,0.070349,0.089700922,False,2.1226965,1683.97974,0.96,1994.8,3.7944,3.175,0,log_depth +0.60,log_period +0.36,harmonic_delta_loglike -0.34,ok,,,,,,,,,,,,,,,,,,,,,,,
273,TIC 405841922,TIC 405841922,14,0.07017,0.089320503,False,1.642298,1684.7319,1.728,119410.0,2204.0,9.607,2,secondary_sigma -1.66,flux_skew +0.60,max_single_event_fraction +0.55,ok,,,,,,,,,,,,,,,,,,,,,,,
274,TIC 232969548,TIC 232969548,14,0.0701161,0.089206296,False,2.429214,1685.16361,1.728,1293.3,3.6673,4.7377,0,log_depth +0.60,log_scatter +0.41,harmonic_delta_loglike -0.38,ok,,,,,,,,,,,,,,,,,,,,,,,
275,TIC 219113930,TIC 219113930,14,0.0697572,0.088445969,False,1.7889477,1684.57345,0.96,880.57,4.5149,5.3033,0,max_single_event_fraction +0.62,log_depth +0.59,harmonic_amp_over_depth -0.41,ok,,,,,,,,,,,,,,,,,,,,,,,
276,TIC 245061898,TIC 245061898,14,0.0696445,0.088207489,False,2.9739544,1685.03356,2.688,1565.0,4.3442,3.2052,0,log_depth +0.59,flux_skew +0.45,harmonic_delta_loglike -0.41,ok,,,,,,,,,,,,,,,,,,,,,,,
277,TIC 159296350,TIC 159296350,14,0.0686974,0.086213855,False,1.1607055,1683.72405,5.76,383.87,3.0235,3.8463,0,log_scatter +0.48,bls_depth_over_scatter +0.48,max_single_event_fraction +0.47,ok,,,,,,,,,,,,,,,,,,,,,,,
278,TIC 138959585,TIC 138959585,14,0.068156,0.085081474,False,2.770868,1684.18067,0.96,2618.0,32.268,4.9516,0,harmonic_delta_loglike +0.74,log_depth +0.58,secondary_sigma +0.49,ok,,,,,,,,,,,,,,,,,,,,,,,
279,TIC 158787189,TIC 158787189,14,0.06771,0.084152657,False,1.9680171,1684.32807,0.96,944.87,4.5672,4.3185,0,log_depth +0.60,max_single_event_fraction +0.42,log_period +0.36,ok,,,,,,,,,,,,,,,,,,,,,,,
280,TIC 123357864,TIC 123357864,14,0.0675253,0.083768946,False,1.2737909,1684.17588,0.96,396.58,3.4447,2.9049,0,max_single_event_fraction +0.77,bls_sde -0.45,log_depth -0.41,ok,,,,,,,,,,,,,,,,,,,,,,,
281,TIC 16839351,TIC 16839351,14,0.067495,0.083706015,False,1.0585671,1684.16481,2.688,577.13,3.9771,2.5163,0,max_single_event_fraction +0.77,bls_sde -0.59,flux_skew +0.42,ok,,,,,,,,,,,,,,,,,,,,,,,
282,TIC 64522141,TIC 64522141,14,0.0670354,0.082754355,False,4.7997264,1685.41661,2.688,997.52,5.3868,4.9073,0,log_depth +0.62,harmonic_delta_loglike -0.42,harmonic_amp_over_depth -0.40,ok,,,,,,,,,,,,,,,,,,,,,,,
283,TIC 230286801,TIC 230286801,14,0.0670077,0.082697055,False,1.8672966,1683.87596,0.96,958.31,3.3118,3.8458,0,log_depth +0.57,flux_skew -0.45,log_period +0.38,ok,,,,,,,,,,,,,,,,,,,,,,,
284,TIC 383673776,TIC 383673776,14,0.0665699,0.081794493,False,10.501351,1684.30243,0.96,988.86,5.3144,4.2969,0,flux_skew +0.95,secondary_sigma +0.68,duration_over_period -0.44,ok,,,,,,,,,,,,,,,,,,,,,,,
285,TIC 235683377,TIC 235683377,14,0.0658352,0.080287443,False,0.81898897,1683.84531,0.96,871.16,3.5078,4.1376,0,log_depth +0.61,max_single_event_fraction +0.60,log_scatter +0.39,ok,,,,,,,,,,,,,,,,,,,,,,,
286,TIC 142429532,TIC 142429532,14,0.0657461,0.080105426,False,0.76431898,1684.03,0.96,713.12,3.5402,3.3125,0,log_depth +0.55,max_single_event_fraction +0.53,log_scatter +0.47,ok,,,,,,,,,,,,,,,,,,,,,,,
287,TIC 298071890,TIC 298071890,14,0.0655536,0.079712602,False,2.3390329,1685.18363,1.728,919.32,3.8022,3.7086,0,log_depth +0.54,log_scatter +0.44,harmonic_delta_loglike -0.38,ok,,,,,,,,,,,,,,,,,,,,,,,
288,TIC 198610667,TIC 198610667,14,0.0655402,0.079685184,False,0.85896769,1683.66366,3.84,607.6,3.7415,3.7038,0,max_single_event_fraction +0.68,log_scatter +0.52,log_duration_ratio -0.41,ok,,,,,,,,,,,,,,,,,,,,,,,
289,TIC 233120979,TIC 233120979,14,0.0654259,0.079452327,False,5.9635565,1685.82626,2.688,8704.1,99.167,6.7108,1,secondary_sigma -1.65,flux_skew +0.68,harmonic_delta_loglike +0.60,ok,,,,,,,,,,,,,,,,,,,,,,,
290,TIC 900715901,TIC 900715901,14,0.0651627,0.07891698,False,3.1657747,1685.17508,0.96,4657.0,4.9919,5.0444,0,log_depth +0.58,harmonic_delta_loglike -0.41,flux_skew -0.29,ok,,,,,,,,,,,,,,,,,,,,,,,
291,TIC 219698776,TIC 219698776,14,0.0650886,0.078766492,False,4.6596979,1684.87825,0.96,1245.4,4.9976,6.3137,1,flux_skew +0.60,log_depth +0.49,duration_over_period -0.41,ok,,,,,,,,,,,,,,,,,,,,,,,
292,TIC 353734139,TIC 353734139,14,0.0644428,0.077459305,False,0.76306151,1683.84266,0.96,966.83,3.6761,3.2783,0,log_depth +0.61,max_single_event_fraction +0.46,log_scatter +0.45,ok,,,,,,,,,,,,,,,,,,,,,,,
293,TIC 229616822,TIC 229616822,14,0.0644355,0.077444515,False,8.6345589,1691.92533,1.728,1751.5,4.4985,4.8655,0,log_depth +0.52,duration_over_period -0.44,harmonic_delta_loglike -0.42,ok,,,,,,,,,,,,,,,,,,,,,,,
294,TIC 267878985,TIC 267878985,14,0.0643171,0.077205843,False,2.0743898,1685.37112,5.76,417.9,4.3966,3.1047,0,bls_sde +0.57,log_scatter +0.43,max_single_event_fraction +0.38,ok,,,,,,,,,,,,,,,,,,,,,,,
295,TIC 148840415,TIC 148840415,14,0.063632,0.075829437,False,1.5868107,1684.25512,0.96,1448.8,3.9294,3.9194,0,log_depth +0.65,secondary_sigma -0.42,red_noise_beta +0.37,ok,,,,,,,,,,,,,,,,,,,,,,,
296,TIC 256930378,TIC 256930378,14,0.0626923,0.073956013,False,2.8824672,1684.41045,2.688,748.66,4.0669,4.1722,0,log_depth +0.52,max_single_event_fraction +0.43,log_scatter +0.42,ok,,,,,,,,,,,,,,,,,,,,,,,
297,TIC 298074043,TIC 298074043,14,0.062588,0.073749234,False,3.0182975,1684.75169,1.728,2055.6,5.1121,6.4622,1,log_depth +0.46,harmonic_delta_loglike -0.41,log_duration_ratio +0.38,ok,,,,,,,,,,,,,,,,,,,,,,,
298,TIC 288162051,TIC 288162051,14,0.0624367,0.073449537,False,5.4567256,1687.20008,1.728,1573.5,3.7364,5.0393,0,log_depth +0.56,log_scatter +0.45,flux_skew -0.42,ok,,,,,,,,,,,,,,,,,,,,,,,
299,TIC 158991675,TIC 158991675,14,0.0621941,0.072969804,False,3.5462401,1686.43237,3.84,237.73,8.61,3.7959,0,log_depth -0.64,harmonic_delta_loglike +0.49,bls_sde +0.26,ok,,,,,,,,,,,,,,,,,,,,,,,
300,TIC 235932295,TIC 235932295,14,0.0619758,0.072539187,False,3.8629663,1686.40483,0.96,1151.3,3.9511,3.8992,0,flux_skew +0.90,log_depth +0.52,duration_over_period -0.49,ok,,,,,,,,,,,,,,,,,,,,,,,
301,TIC 245221168,TIC 245221168,14,0.0619292,0.072447428,False,2.1332114,1683.65373,0.96,1183.8,5.1575,4.6286,0,log_depth +0.60,harmonic_delta_loglike -0.37,log_period +0.37,ok,,,,,,,,,,,,,,,,,,,,,,,
302,TIC 377304435,TIC 377304435,14,0.0619266,0.072442275,False,11.401537,1691.54719,3.84,2372.5,15.726,4.5538,0,max_single_event_fraction -0.95,flux_skew +0.56,odd_even_sigma -0.48,ok,,,,,,,,,,,,,,,,,,,,,,,
303,TIC 353736692,TIC 353736692,14,0.0612802,0.0711735,False,7.0877983,1684.07491,1.728,1336.1,4.0441,3.2554,0,flux_skew +0.75,log_depth +0.49,duration_over_period -0.46,ok,,,,,,,,,,,,,,,,,,,,,,,
304,TIC 159176029,TIC 159176029,14,0.0612057,0.071027829,False,0.86324965,1683.40086,0.96,633.22,4.668,4.502,0,max_single_event_fraction +0.63,log_scatter +0.41,secondary_sigma +0.31,ok,,,,,,,,,,,,,,,,,,,,,,,
305,TIC 43062558,TIC 43062558,14,0.0602209,0.069111927,False,1.4303607,1684.69263,1.728,525.72,5.6721,4.9069,0,max_single_event_fraction +0.58,secondary_sigma +0.40,flux_skew -0.39,ok,,,,,,,,,,,,,,,,,,,,,,,
306,TIC 115470973,TIC 115470973,14,0.0599165,0.068523765,False,2.5387365,1684.03755,0.96,1001.4,4.0745,3.7281,0,log_depth +0.59,harmonic_delta_loglike -0.42,flux_skew -0.32,ok,,,,,,,,,,,,,,,,,,,,,,,
307,TIC 135971613,TIC 135971613,14,0.0596113,0.067935714,False,0.91140468,1684.01707,1.728,590.24,4.1493,3.6136,0,max_single_event_fraction +0.67,log_scatter +0.51,flux_skew -0.37,ok,,,,,,,,,,,,,,,,,,,,,,,
308,TIC 92783821,TIC 92783821,14,0.0593848,0.067500809,False,3.8629421,1685.20104,1.728,1500.1,13.521,6.104,2,secondary_sigma -1.01,flux_skew +0.60,log_depth +0.49,ok,,,,,,,,,,,,,,,,,,,,,,,
309,TIC 278110545,TIC 278110545,14,0.0593339,0.067403009,False,1.0620524,1684.42198,2.688,335.94,7.2388,3.7101,0,flux_skew +1.00,log_depth -0.66,harmonic_delta_loglike -0.35,ok,,,,,,,,,,,,,,,,,,,,,,,
310,TIC 229910151,TIC 229910151,14,0.0591359,0.067023745,False,1.815628,1683.90264,0.96,939.82,4.5969,3.0147,0,bls_sde +0.59,log_depth +0.49,max_single_event_fraction +0.36,ok,,,,,,,,,,,,,,,,,,,,,,,
311,TIC 158838246,TIC 158838246,14,0.0590739,0.066905282,False,3.5462442,1684.28801,1.728,1647.4,6.947,3.6582,0,log_depth +0.55,harmonic_delta_loglike -0.42,log_scatter +0.40,ok,,,,,,,,,,,,,,,,,,,,,,,
312,TIC 148963635,TIC 148963635,14,0.059024,0.066809738,False,4.6813819,1685.0553,3.84,466.52,16.269,3.2859,0,clipped_fraction +0.71,flux_skew +0.59,delta_loglike -0.46,ok,,,,,,,,,,,,,,,,,,,,,,,
313,TIC 303182040,TIC 303182040,14,0.0584468,0.065710038,False,3.5696842,1686.04747,1.728,1032.7,3.4774,3.1248,0,log_depth +0.57,log_scatter +0.50,harmonic_delta_loglike -0.41,ok,,,,,,,,,,,,,,,,,,,,,,,
314,TIC 99824195,TIC 99824195,14,0.057702,0.064300985,False,0.83772629,1683.57034,3.84,879.55,4.5565,4.555,0,max_single_event_fraction +0.55,log_depth +0.55,log_duration_ratio -0.44,ok,,,,,,,,,,,,,,,,,,,,,,,
315,TIC 30512696,TIC 30512696,14,0.0573139,0.063571508,False,0.82303743,1683.61705,1.728,792.4,4.2075,4.1602,0,log_depth +0.58,log_scatter +0.46,max_single_event_fraction +0.44,ok,,,,,,,,,,,,,,,,,,,,,,,
316,TIC 137980124,TIC 137980124,14,0.0572237,0.063402348,False,0.73594224,1683.84892,1.728,559.15,3.1946,3.3179,0,max_single_event_fraction +0.59,log_period -0.48,log_scatter +0.41,ok,,,,,,,,,,,,,,,,,,,,,,,
317,TIC 138618673,TIC 138618673,14,0.0571983,0.063354694,False,3.4699624,1686.7387,1.728,2049.4,3.478,4.1749,0,log_depth +0.64,harmonic_delta_loglike -0.41,flux_skew -0.28,ok,,,,,,,,,,,,,,,,,,,,,,,
318,TIC 101929303,TIC 101929303,14,0.056921,0.062835967,False,11.178722,1684.24102,1.728,3281.6,19.18,4.2794,0,flux_skew +0.73,harmonic_delta_loglike +0.55,duration_over_period -0.45,ok,,,,,,,,,,,,,,,,,,,,,,,
319,TIC 371792322,TIC 371792322,14,0.0568084,0.062625885,False,2.7983599,1684.34316,1.728,1107.7,3.4681,4.1305,0,log_depth +0.56,log_scatter +0.50,flux_skew -0.41,ok,,,,,,,,,,,,,,,,,,,,,,,
320,TIC 121331031,TIC 121331031,14,0.0567028,0.062428965,False,0.90245101,1683.51648,0.96,604.36,3.203,4.5142,0,max_single_event_fraction +0.65,flux_skew -0.34,log_period +0.28,ok,,,,,,,,,,,,,,,,,,,,,,,
321,TIC 329343143,TIC 329343143,14,0.0566953,0.06241499,False,2.0858319,1684.93521,1.728,751.15,3.3287,3.2031,0,log_scatter +0.49,log_depth +0.47,harmonic_delta_loglike -0.38,ok,,,,,,,,,,,,,,,,,,,,,,,
322,TIC 142848671,TIC 142848671,14,0.0566553,0.062340446,False,4.5869835,1684.8588,0.96,1997.1,4.0337,4.5743,0,log_depth +0.52,log_scatter +0.48,duration_over_period -0.44,ok,,,,,,,,,,,,,,,,,,,,,,,
323,TIC 405763009,TIC 405763009,14,0.05634,0.061754414,False,1.3066408,1683.66708,2.688,605.9,4.4618,3.248,0,max_single_event_fraction +0.65,log_scatter +0.42,red_noise_beta +0.31,ok,,,,,,,,,,,,,,,,,,,,,,,
324,TIC 267574918,TIC 267574918,14,0.0562984,0.061677121,False,1.4070201,1683.63534,0.96,249100.0,6.3484,7.4425,1,log_depth +0.56,max_single_event_fraction +0.51,odd_even_sigma -0.43,ok,,,,,,,,,,,,,,,,,,,,,,,
325,TIC 219466162,TIC 219466162,14,0.0561749,0.061448315,False,1.1587956,1683.92386,5.76,530.16,4.352,5.2423,0,max_single_event_fraction +0.49,log_scatter +0.49,log_duration_ratio -0.49,ok,,,,,,,,,,,,,,,,,,,,,,,
326,TIC 159212564,TIC 159212564,14,0.0561579,0.061416907,False,5.3765627,1687.30795,1.728,1217.0,3.6098,3.3366,0,log_depth +0.58,log_scatter +0.43,harmonic_delta_loglike -0.42,ok,,,,,,,,,,,,,,,,,,,,,,,
327,TIC 237156798,TIC 237156798,14,0.0561242,0.061354526,False,3.3489799,1685.18334,0.96,1570.0,3.869,3.624,0,flux_skew +0.61,log_depth +0.52,harmonic_delta_loglike -0.41,ok,,,,,,,,,,,,,,,,,,,,,,,
328,TIC 154091143,TIC 154091143,14,0.0561175,0.061341998,False,4.3414204,1686.90799,2.688,1203.7,1.8799,3.6681,0,log_depth +0.55,log_scatter +0.46,harmonic_delta_loglike -0.42,ok,,,,,,,,,,,,,,,,,,,,,,,
329,TIC 272782014,TIC 272782014,14,0.0554436,0.060099593,False,3.7208078,1684.42092,3.84,836.89,3.6654,3.7951,0,log_depth +0.49,log_scatter +0.44,flux_skew -0.43,ok,,,,,,,,,,,,,,,,,,,,,,,
330,TIC 1271368020,TIC 1271368020,14,0.055376,0.059975457,False,1.0743524,1683.7886,3.84,25775.0,3.8798,4.8299,0,max_single_event_fraction +0.52,log_depth +0.51,log_duration_ratio -0.47,ok,,,,,,,,,,,,,,,,,,,,,,,
331,TIC 376880609,TIC 376880609,14,0.0551886,0.059632004,False,0.86752229,1683.64112,5.76,422.8,3.9256,4.8061,0,max_single_event_fraction +0.51,bls_depth_over_scatter +0.49,log_scatter +0.38,ok,,,,,,,,,,,,,,,,,,,,,,,
332,TIC 28082064,TIC 28082064,14,0.0551684,0.059595083,False,0.86894966,1683.64765,3.84,148.18,4.6607,3.3226,0,max_single_event_fraction +0.66,bls_depth_over_scatter +0.63,log_depth -0.43,ok,,,,,,,,,,,,,,,,,,,,,,,
333,TIC 142445652,TIC 142445652,14,0.0550794,0.059432097,False,3.8376121,1684.96618,1.728,1570.0,3.9933,3.7771,0,log_depth +0.62,log_scatter +0.46,harmonic_delta_loglike -0.41,ok,,,,,,,,,,,,,,,,,,,,,,,
334,TIC 356786657,TIC 356786657,14,0.0548818,0.059071298,False,1.0026377,1684.30485,5.76,429.91,3.5839,3.6426,0,max_single_event_fraction +0.56,log_scatter +0.44,secondary_sigma +0.38,ok,,,,,,,,,,,,,,,,,,,,,,,
335,TIC 284892646,TIC 284892646,14,0.0535592,0.056677098,False,6.3272999,1688.29023,1.728,1281.0,3.5284,3.4935,0,log_depth +0.58,harmonic_delta_loglike -0.41,duration_over_period -0.41,ok,,,,,,,,,,,,,,,,,,,,,,,
336,TIC 230130640,TIC 230130640,14,0.0534681,0.056513618,False,3.6648443,1684.00516,2.688,845.76,3.0856,3.3515,0,log_depth +0.50,log_scatter +0.44,harmonic_delta_loglike -0.42,ok,,,,,,,,,,,,,,,,,,,,,,,
337,TIC 147673364,TIC 147673364,14,0.0532599,0.056140581,False,3.1813708,1685.30316,1.728,2007.6,3.9099,3.876,0,log_depth +0.66,secondary_sigma -0.44,harmonic_delta_loglike -0.37,ok,,,,,,,,,,,,,,,,,,,,,,,
338,TIC 160420232,TIC 160420232,14,0.0529516,0.055589976,False,0.92804402,1683.85635,3.84,161.0,4.5552,3.0215,0,bls_sde +0.70,max_single_event_fraction +0.65,log_depth -0.54,ok,,,,,,,,,,,,,,,,,,,,,,,
339,TIC 312083267,TIC 312083267,14,0.0528356,0.055383463,False,3.9399502,1686.70494,1.728,1187.8,38.083,5.4886,0,odd_even_sigma -1.19,flux_skew +0.86,harmonic_delta_loglike +0.63,ok,,,,,,,,,,,,,,,,,,,,,,,
340,TIC 229639972,TIC 229639972,14,0.0524769,0.054746353,False,1.1838431,1684.34945,1.728,609.55,3.7569,3.716,0,max_single_event_fraction +0.52,log_scatter +0.50,flux_skew -0.33,ok,,,,,,,,,,,,,,,,,,,,,,,
341,TIC 142809700,TIC 142809700,14,0.0524484,0.054695837,False,5.3149859,1686.1706,2.688,1887.6,3.4021,3.6892,0,log_depth +0.62,log_scatter +0.45,harmonic_delta_loglike -0.40,ok,,,,,,,,,,,,,,,,,,,,,,,
342,TIC 229552489,TIC 229552489,14,0.0522915,0.05441828,False,6.4413193,1685.08513,1.728,815.48,3.6932,3.6351,0,flux_skew +0.59,harmonic_delta_loglike -0.41,log_depth +0.41,ok,,,,,,,,,,,,,,,,,,,,,,,
343,TIC 159452747,TIC 159452747,14,0.0522185,0.054289178,False,2.8588421,1683.8844,0.96,689.92,4.2439,3.1113,0,harmonic_delta_loglike -0.41,odd_even_sigma +0.28,log_duration_ratio +0.23,ok,,,,,,,,,,,,,,,,,,,,,,,
344,TIC 219850915,TIC 219850915,14,0.0519524,0.05382003,False,6.4006253,1684.95732,1.728,1049.3,7.1493,5.6771,1,secondary_sigma +0.68,harmonic_delta_loglike -0.41,power_contrast +0.40,ok,,,,,,,,,,,,,,,,,,,,,,,
345,TIC 30626249,TIC 30626249,14,0.0517141,0.053401182,False,0.54398119,1683.8133,5.76,270.3,4.0118,3.0184,0,bls_sde +0.73,max_single_event_fraction +0.58,bls_depth_over_scatter +0.57,ok,,,,,,,,,,,,,,,,,,,,,,,
346,TIC 298900695,TIC 298900695,14,0.0515639,0.053137856,False,0.98465763,1683.57135,5.76,338.31,4.4282,3.3851,0,bls_depth_over_scatter +0.51,max_single_event_fraction +0.50,log_scatter +0.44,ok,,,,,,,,,,,,,,,,,,,,,,,
347,TIC 288636599,TIC 288636599,14,0.0514148,0.052876877,False,9.979434,1686.00877,5.76,3779.1,22.561,3.6997,0,odd_even_sigma -1.05,flux_skew +0.69,secondary_sigma +0.52,ok,,,,,,,,,,,,,,,,,,,,,,,
348,TIC 441764472,TIC 441764472,14,0.0510643,0.052265419,False,2.7167186,1683.56098,0.96,1391.3,3.3741,2.8719,0,bls_sde -0.55,log_depth +0.48,log_scatter +0.44,ok,,,,,,,,,,,,,,,,,,,,,,,
349,TIC 237096739,TIC 237096739,14,0.0507812,0.051773687,False,3.658813,1684.16487,1.728,947.39,3.8535,3.5725,0,log_depth +0.53,harmonic_delta_loglike -0.41,flux_skew -0.31,ok,,,,,,,,,,,,,,,,,,,,,,,
350,TIC 436296441,TIC 436296441,14,0.0504758,0.051245147,False,2.1793241,1684.37753,1.728,975.12,4.0386,4.6629,0,log_depth +0.52,log_scatter +0.48,harmonic_amp_over_depth -0.40,ok,,,,,,,,,,,,,,,,,,,,,,,
351,TIC 383624108,TIC 383624108,14,0.0504742,0.051242313,False,0.9129018,1684.03855,2.688,270.59,3.5052,3.3237,0,max_single_event_fraction +0.67,log_depth -0.65,flux_skew -0.34,ok,,,,,,,,,,,,,,,,,,,,,,,
352,TIC 356107954,TIC 356107954,14,0.0502287,0.050819079,False,1.9615445,1685.12231,0.96,494.39,3.648,4.0421,0,max_single_event_fraction +0.37,log_period +0.34,secondary_sigma +0.32,ok,,,,,,,,,,,,,,,,,,,,,,,
353,TIC 160299394,TIC 160299394,14,0.0502191,0.050802489,False,0.97981262,1684.07951,0.96,213.02,4.0618,3.4123,0,max_single_event_fraction +0.67,log_depth -0.60,power_contrast +0.47,ok,,,,,,,,,,,,,,,,,,,,,,,
354,TIC 87463495,TIC 87463495,14,0.0501606,0.050701913,False,4.0918426,1685.07328,0.96,887.61,5.2585,4.4757,0,duration_over_period -0.45,log_depth +0.43,harmonic_delta_loglike -0.42,ok,,,,,,,,,,,,,,,,,,,,,,,
355,TIC 219754865,TIC 219754865,14,0.0500869,0.050575127,False,1.0637975,1683.99401,3.84,505.24,3.8999,3.2828,0,log_scatter +0.52,max_single_event_fraction +0.48,log_duration_ratio -0.42,ok,,,,,,,,,,,,,,,,,,,,,,,
356,TIC 155634052,TIC 155634052,14,0.0500639,0.050535616,False,8.8940364,1691.3397,3.84,1348.2,3.2084,3.5468,0,log_depth +0.47,harmonic_delta_loglike -0.42,log_scatter +0.36,ok,,,,,,,,,,,,,,,,,,,,,,,
357,TIC 351911291,TIC 351911291,14,0.0497687,0.050029592,False,7.3731903,1684.46819,5.76,796.41,3.8549,3.5014,0,clipped_fraction +0.60,log_duration_ratio -0.43,log_scatter +0.42,ok,,,,,,,,,,,,,,,,,,,,,,,
358,TIC 88390784,TIC 88390784,14,0.0497037,0.049918293,False,1.0975728,1683.72587,0.96,704.04,4.7719,4.0901,0,max_single_event_fraction +0.49,flux_skew -0.42,secondary_sigma +0.33,ok,,,,,,,,,,,,,,,,,,,,,,,
359,TIC 142319271,TIC 142319271,14,0.0496224,0.049779418,False,4.4352462,1685.66342,2.688,1165.8,2.0652,4.0438,0,log_depth +0.59,secondary_sigma -0.47,harmonic_delta_loglike -0.40,ok,,,,,,,,,,,,,,,,,,,,,,,
360,TIC 288344236,TIC 288344236,14,0.0496145,0.04976588,False,1.0378763,1683.68468,5.76,368.57,3.5185,4.3982,0,max_single_event_fraction +0.59,log_scatter +0.43,log_duration_ratio -0.36,ok,,,,,,,,,,,,,,,,,,,,,,,
361,TIC 298002121,TIC 298002121,14,0.0494188,0.049432182,False,4.242643,1685.00737,0.96,1832.1,3.5995,3.4588,0,duration_over_period -0.49,log_scatter +0.44,log_depth +0.44,ok,,,,,,,,,,,,,,,,,,,,,,,
362,TIC 417915148,TIC 417915148,14,0.0493686,0.049346748,False,2.8824436,1685.98668,2.688,817.25,3.537,4.4461,0,log_scatter +0.50,log_depth +0.47,flux_skew -0.43,ok,,,,,,,,,,,,,,,,,,,,,,,
363,TIC 233831598,TIC 233831598,14,0.0493607,0.049333272,False,1.33269,1684.63478,5.76,440.02,4.6163,2.9416,0,max_single_event_fraction +0.71,log_scatter +0.45,log_period +0.26,ok,,,,,,,,,,,,,,,,,,,,,,,
364,TIC 157646552,TIC 157646552,14,0.0492479,0.049141441,False,1.661299,1683.72451,1.728,617.96,3.9082,4.1935,0,max_single_event_fraction +0.63,flux_skew -0.35,log_period +0.29,ok,,,,,,,,,,,,,,,,,,,,,,,
365,TIC 219877921,TIC 219877921,14,0.0491328,0.048946021,False,5.2975186,1688.02531,2.688,3695.2,3.1401,3.6826,0,log_depth +0.59,flux_skew -0.44,harmonic_delta_loglike -0.42,ok,,,,,,,,,,,,,,,,,,,,,,,
366,TIC 148916180,TIC 148916180,14,0.0488523,0.048471103,False,0.94654146,1683.63521,1.728,259.89,2.764,3.2909,0,max_single_event_fraction +0.69,log_depth -0.66,red_noise_beta +0.25,ok,,,,,,,,,,,,,,,,,,,,,,,
367,TIC 13550840,TIC 13550840,14,0.0484706,0.047827712,False,0.652674,1683.65277,5.76,510.98,4.61,2.8955,0,bls_depth_over_scatter +0.57,log_period -0.53,max_single_event_fraction +0.51,ok,,,,,,,,,,,,,,,,,,,,,,,
368,TIC 224293514,TIC 224293514,14,0.0483684,0.047655993,False,0.75055,1683.89496,0.96,4688.4,3.397,3.7061,0,log_depth +0.64,max_single_event_fraction +0.54,flux_skew -0.47,ok,,,,,,,,,,,,,,,,,,,,,,,
369,TIC 148916139,TIC 148916139,14,0.0482308,0.047425312,False,0.97819784,1683.52721,5.76,713.56,2.7021,4.8446,0,max_single_event_fraction +0.50,log_duration_ratio -0.48,log_depth +0.46,ok,,,,,,,,,,,,,,,,,,,,,,,
370,TIC 147897680,TIC 147897680,14,0.0482247,0.047415031,False,2.9906269,1683.85848,1.728,1699.8,4.3432,4.0477,0,log_depth +0.60,log_scatter +0.45,flux_skew -0.43,ok,,,,,,,,,,,,,,,,,,,,,,,
371,TIC 154105788,TIC 154105788,14,0.047965,0.046980702,False,0.92347363,1683.66398,5.76,282.68,3.2785,3.1338,0,max_single_event_fraction +0.65,bls_depth_over_scatter +0.55,log_depth -0.42,ok,,,,,,,,,,,,,,,,,,,,,,,
372,TIC 142458080,TIC 142458080,14,0.0477773,0.046667746,False,2.3935335,1685.45861,1.728,407.93,4.7406,3.9489,0,max_single_event_fraction +0.57,flux_skew +0.46,log_depth -0.43,ok,,,,,,,,,,,,,,,,,,,,,,,
373,TIC 153936942,TIC 153936942,14,0.0477365,0.046599885,False,0.7209076,1683.73482,0.96,1104.6,3.9714,3.4166,0,max_single_event_fraction +0.58,log_depth +0.55,log_period -0.38,ok,,,,,,,,,,,,,,,,,,,,,,,
374,TIC 7547977,TIC 7547977,14,0.0476555,0.046465225,False,7.540849,1688.72769,2.688,1574.3,3.6803,3.441,0,log_depth +0.54,harmonic_delta_loglike -0.42,log_scatter +0.40,ok,,,,,,,,,,,,,,,,,,,,,,,
375,TIC 416532745,TIC 416532745,14,0.0474302,0.046091221,False,1.7197043,1684.31178,0.96,482.32,4.2648,4.4493,0,max_single_event_fraction +0.67,flux_skew -0.31,log_period +0.29,ok,,,,,,,,,,,,,,,,,,,,,,,
376,TIC 142745532,TIC 142745532,14,0.0472107,0.045728073,False,5.5563921,1687.21869,1.728,1219.4,3.1293,3.2296,0,log_depth +0.56,harmonic_delta_loglike -0.42,log_scatter +0.40,ok,,,,,,,,,,,,,,,,,,,,,,,
377,TIC 47625902,TIC 47625902,14,0.0472,0.045710433,False,5.0924326,1685.12738,2.688,1133.4,3.7542,3.6479,0,log_depth +0.61,log_scatter +0.42,harmonic_delta_loglike -0.42,ok,,,,,,,,,,,,,,,,,,,,,,,
378,TIC 137727742,TIC 137727742,14,0.0471494,0.045626907,False,1.0734663,1683.89047,1.728,776.24,3.6643,2.8371,0,bls_sde -0.56,max_single_event_fraction +0.54,log_scatter +0.47,ok,,,,,,,,,,,,,,,,,,,,,,,
379,TIC 86273393,TIC 86273393,14,0.0470457,0.04545593,False,0.83668996,1683.40518,0.96,735.17,3.4558,3.281,0,max_single_event_fraction +0.59,log_scatter +0.49,log_depth +0.42,ok,,,,,,,,,,,,,,,,,,,,,,,
380,TIC 381120183,TIC 381120183,14,0.0465973,0.044719358,False,0.51757295,1683.82909,0.96,1524.4,49.08,3.5026,0,log_depth +0.69,harmonic_delta_loglike +0.61,delta_loglike -0.48,ok,,,,,,,,,,,,,,,,,,,,,,,
381,TIC 230132515,TIC 230132515,14,0.0457653,0.04336546,False,1.0562622,1684.03748,1.728,482.33,4.0536,3.5547,0,max_single_event_fraction +0.53,flat_bottom_fraction -0.38,log_period +0.33,ok,,,,,,,,,,,,,,,,,,,,,,,
382,TIC 416930217,TIC 416930217,14,0.0456131,0.043119553,False,2.2895645,1683.96439,1.728,585.28,3.7535,3.8457,0,max_single_event_fraction +0.41,flux_skew -0.34,power_contrast -0.30,ok,,,,,,,,,,,,,,,,,,,,,,,
383,TIC 372713818,TIC 372713818,14,0.0454408,0.042841985,False,0.74202161,1684.04311,3.84,486.71,3.7771,3.7235,0,bls_depth_over_scatter +0.51,max_single_event_fraction +0.49,log_period -0.41,ok,,,,,,,,,,,,,,,,,,,,,,,
384,TIC 405837890,TIC 405837890,14,0.0454266,0.042819136,False,3.0133596,1683.67925,2.688,763.75,4.0659,2.9867,0,bls_sde -0.69,secondary_sigma +0.47,harmonic_delta_loglike -0.40,ok,,,,,,,,,,,,,,,,,,,,,,,
385,TIC 143007824,TIC 143007824,14,0.0452833,0.042588787,False,8.143827,1684.75901,0.96,1504.5,3.9903,3.4882,0,flux_skew +0.55,duration_over_period -0.48,secondary_sigma +0.46,ok,,,,,,,,,,,,,,,,,,,,,,,
386,TIC 236760840,TIC 236760840,14,0.0452489,0.042533552,False,0.79771471,1684.0937,0.96,712.25,3.5293,3.991,0,max_single_event_fraction +0.53,log_depth +0.52,log_scatter +0.48,ok,,,,,,,,,,,,,,,,,,,,,,,
387,TIC 47584010,TIC 47584010,14,0.0451203,0.042327335,False,1.103063,1684.08744,3.84,1728.3,3.9966,5.1956,0,log_depth +0.58,max_single_event_fraction +0.53,log_duration_ratio -0.44,ok,,,,,,,,,,,,,,,,,,,,,,,
388,TIC 352301561,TIC 352301561,14,0.0450326,0.042186915,False,2.8494597,1683.93095,0.96,914.33,4.4895,4.2025,0,log_depth +0.53,harmonic_delta_loglike -0.42,flux_skew -0.31,ok,,,,,,,,,,,,,,,,,,,,,,,
389,TIC 294176967,TIC 294176967,14,0.0449488,0.042052928,False,1.8306272,1683.47956,1.728,664.51,10.77,3.4159,0,max_single_event_fraction +0.41,log_duration_ratio +0.34,harmonic_delta_loglike +0.33,ok,,,,,,,,,,,,,,,,,,,,,,,
390,TIC 395286171,TIC 395286171,14,0.0449334,0.042028343,False,1.3195954,1683.57429,1.728,628.14,4.7372,4.0858,0,max_single_event_fraction +0.57,flux_skew -0.41,log_duration_ratio +0.30,ok,,,,,,,,,,,,,,,,,,,,,,,
391,TIC 63548326,TIC 63548326,14,0.0447472,0.041731272,False,5.7896616,1686.43269,1.728,1273.6,3.8041,3.3345,0,log_depth +0.53,flux_skew +0.42,harmonic_delta_loglike -0.41,ok,,,,,,,,,,,,,,,,,,,,,,,
392,TIC 289580577,TIC 289580577,14,0.0446759,0.041617795,False,5.3752183,1684.50587,1.728,716.86,4.236,3.9813,0,log_depth +0.48,harmonic_delta_loglike -0.41,log_period +0.31,ok,,,,,,,,,,,,,,,,,,,,,,,
393,TIC 62918062,TIC 62918062,14,0.0444268,0.041222225,False,1.0568236,1683.96408,5.76,117.25,4.7631,3.6845,0,max_single_event_fraction +0.57,bls_depth_over_scatter +0.51,log_depth -0.45,ok,,,,,,,,,,,,,,,,,,,,,,,
394,TIC 153971295,TIC 153971295,14,0.0441139,0.040727482,False,3.9920938,1683.69571,1.728,801.71,3.583,3.8264,0,log_depth +0.52,harmonic_delta_loglike -0.41,harmonic_amp_over_depth -0.40,ok,,,,,,,,,,,,,,,,,,,,,,,
395,TIC 160075684,TIC 160075684,14,0.0440405,0.040611765,False,2.0138777,1683.7359,0.96,581.69,3.3378,4.3712,0,max_single_event_fraction +0.38,harmonic_amp_over_depth -0.38,flux_skew +0.36,ok,,,,,,,,,,,,,,,,,,,,,,,
396,TIC 256631547,TIC 256631547,14,0.0435755,0.039881637,False,0.81764087,1684.07436,1.728,4437.5,32.165,5.9791,1,harmonic_delta_loglike +0.66,log_depth +0.53,flux_skew -0.52,ok,,,,,,,,,,,,,,,,,,,,,,,
397,TIC 114784433,TIC 114784433,14,0.0434352,0.039662445,False,2.0949394,1685.2375,0.96,976.18,4.0888,3.6506,0,log_depth +0.59,log_period +0.37,harmonic_delta_loglike -0.36,ok,,,,,,,,,,,,,,,,,,,,,,,
398,TIC 235679846,TIC 235679846,14,0.0433697,0.039560163,False,3.7936866,1683.73346,3.84,524.89,3.4131,3.0949,0,harmonic_delta_loglike -0.42,flux_skew +0.40,bls_sde +0.32,ok,,,,,,,,,,,,,,,,,,,,,,,
399,TIC 159330793,TIC 159330793,14,0.0431968,0.039291072,False,0.86041633,1684.09208,5.76,928.3,2.817,3.9603,0,max_single_event_fraction +0.45,log_duration_ratio -0.38,log_depth +0.33,ok,,,,,,,,,,,,,,,,,,,,,,,
400,TIC 219785935,TIC 219785935,14,0.0428721,0.038787471,False,0.96065821,1684.06622,1.728,512.25,3.9766,3.8115,0,max_single_event_fraction +0.60,flux_skew -0.40,log_period +0.28,ok,,,,,,,,,,,,,,,,,,,,,,,
401,TIC 331733600,TIC 331733600,14,0.0427442,0.038589746,False,0.6161604,1683.50595,3.84,1144.9,28.862,3.0179,0,clipped_fraction +0.67,secondary_sigma -0.61,bls_sde +0.59,ok,,,,,,,,,,,,,,,,,,,,,,,
402,TIC 233684186,TIC 233684186,14,0.042665,0.038467519,False,2.8824249,1685.82199,2.688,1105.9,4.4085,3.95,0,log_depth +0.56,log_scatter +0.44,flux_skew -0.42,ok,,,,,,,,,,,,,,,,,,,,,,,
403,TIC 313259996,TIC 313259996,14,0.0425631,0.038310615,False,0.89948764,1684.10774,5.76,426.71,3.8429,4.6858,0,max_single_event_fraction +0.61,bls_depth_over_scatter +0.51,log_scatter +0.41,ok,,,,,,,,,,,,,,,,,,,,,,,
404,TIC 154923406,TIC 154923406,14,0.0425579,0.038302634,False,10.906394,1685.19574,3.84,413.0,7.707,3.8588,0,delta_loglike +0.35,log_depth -0.28,harmonic_delta_loglike +0.28,ok,,,,,,,,,,,,,,,,,,,,,,,
405,TIC 302351247,TIC 302351247,14,0.0423821,0.038032331,False,11.87974,1693.45024,5.76,6302.2,8.1747,4.1027,0,log_depth +0.40,harmonic_delta_loglike +0.26,bls_duration -0.23,ok,,,,,,,,,,,,,,,,,,,,,,,
406,TIC 198241702,TIC 198241702,14,0.0423212,0.037938943,False,4.2502728,1686.60953,2.688,616.28,5.4673,6.0624,1,power_contrast +0.47,flux_skew -0.43,harmonic_delta_loglike -0.42,ok,,,,,,,,,,,,,,,,,,,,,,,
407,TIC 154126149,TIC 154126149,14,0.0419402,0.03735652,False,3.8947986,1684.11605,1.728,4951.7,10.564,8.4076,1,secondary_sigma -1.44,flux_skew +0.51,odd_even_sigma +0.43,ok,,,,,,,,,,,,,,,,,,,,,,,
408,TIC 103754130,TIC 103754130,14,0.0415329,0.036737974,False,2.8447644,1684.35438,0.96,327.84,4.9522,4.7105,0,flux_skew +0.67,log_depth -0.65,harmonic_delta_loglike -0.40,ok,,,,,,,,,,,,,,,,,,,,,,,
409,TIC 352012911,TIC 352012911,14,0.0415138,0.036709046,False,1.3977909,1683.95615,2.688,462.35,3.1957,3.4752,0,max_single_event_fraction +0.41,flux_skew -0.34,log_duration_ratio +0.29,ok,,,,,,,,,,,,,,,,,,,,,,,
410,TIC 65330859,TIC 65330859,14,0.0414171,0.036562895,False,4.8393648,1685.13279,0.96,895.38,4.3199,4.3577,0,log_depth +0.46,duration_over_period -0.46,harmonic_delta_loglike -0.41,ok,,,,,,,,,,,,,,,,,,,,,,,
411,TIC 12915124,TIC 12915124,14,0.0410801,0.0360552,False,3.1657864,1684.25283,3.84,208310.0,2099.7,6.3062,1,secondary_sigma -1.67,flux_skew +0.62,harmonic_delta_loglike +0.50,ok,,,,,,,,,,,,,,,,,,,,,,,
412,TIC 22461316,TIC 22461316,14,0.0410626,0.036028966,False,3.4089709,1686.5612,2.688,1274.7,4.3948,3.521,0,log_depth +0.55,log_scatter +0.45,harmonic_delta_loglike -0.41,ok,,,,,,,,,,,,,,,,,,,,,,,
413,TIC 311234004,TIC 311234004,14,0.0410343,0.03598647,False,3.7133847,1684.59732,1.728,775.96,5.3561,4.0072,0,log_depth +0.55,flux_skew +0.46,harmonic_delta_loglike -0.40,ok,,,,,,,,,,,,,,,,,,,,,,,
414,TIC 407403025,TIC 407403025,14,0.0406515,0.035413746,False,2.4212223,1684.88587,0.96,919.46,2.682,3.5293,0,log_depth +0.53,harmonic_delta_loglike -0.39,log_period +0.35,ok,,,,,,,,,,,,,,,,,,,,,,,
415,TIC 99904679,TIC 99904679,14,0.0405941,0.035328174,False,0.69514142,1683.49848,0.96,414.98,3.6036,3.1704,0,max_single_event_fraction +0.57,log_period -0.54,log_depth -0.44,ok,,,,,,,,,,,,,,,,,,,,,,,
416,TIC 103743038,TIC 103743038,14,0.0405556,0.035270858,False,1.8427071,1684.54248,1.728,504.15,4.2037,3.6477,0,max_single_event_fraction +0.57,flux_skew -0.36,log_period +0.29,ok,,,,,,,,,,,,,,,,,,,,,,,
417,TIC 375542276,TIC 375542276,14,0.0404329,0.03508827,False,3.0784479,1684.81826,1.728,8254.9,57.059,6.2276,1,secondary_sigma -1.27,harmonic_delta_loglike +0.65,flux_skew +0.64,ok,,,,,,,,,,,,,,,,,,,,,,,
418,TIC 47933655,TIC 47933655,14,0.0404069,0.03504965,False,1.3436864,1684.02729,0.96,591.58,4.7092,3.7951,0,max_single_event_fraction +0.66,log_period +0.28,secondary_sigma -0.26,ok,,,,,,,,,,,,,,,,,,,,,,,
419,TIC 237201858,TIC 237201858,14,0.0400665,0.034545628,False,1.2685221,1684.47749,2.688,133.27,3.671,3.1159,0,log_depth -0.67,max_single_event_fraction +0.54,flux_skew +0.32,ok,,,,,,,,,,,,,,,,,,,,,,,
420,TIC 229536479,TIC 229536479,14,0.0398887,0.034283477,False,8.9431731,1684.89951,2.688,4030.3,3.7686,3.3149,0,log_depth +0.42,harmonic_delta_loglike -0.42,power_contrast +0.30,ok,,,,,,,,,,,,,,,,,,,,,,,
421,TIC 336126253,TIC 336126253,14,0.0398477,0.034223207,False,9.4830454,1686.28074,3.84,1953.5,7.2721,3.6499,0,flux_skew +0.71,odd_even_sigma -0.60,log_depth +0.44,ok,,,,,,,,,,,,,,,,,,,,,,,
422,TIC 159466864,TIC 159466864,14,0.0397474,0.034075824,False,1.103004,1683.97221,1.728,430.72,2.9934,3.8696,0,max_single_event_fraction +0.65,log_depth -0.44,flux_skew -0.33,ok,,,,,,,,,,,,,,,,,,,,,,,
423,TIC 147954382,TIC 147954382,14,0.0393041,0.03342737,False,0.76431824,1683.64679,1.728,394.01,3.4204,3.0906,0,log_period -0.58,max_single_event_fraction +0.49,power_contrast +0.42,ok,,,,,,,,,,,,,,,,,,,,,,,
424,TIC 138649846,TIC 138649846,14,0.0389573,0.032923698,False,5.9136742,1683.57874,0.96,3049.8,3.4669,4.0238,0,log_depth +0.47,harmonic_delta_loglike -0.41,duration_over_period -0.41,ok,,,,,,,,,,,,,,,,,,,,,,,
425,TIC 298363371,TIC 298363371,14,0.0387666,0.032648097,False,1.1102869,1684.12708,5.76,236.58,4.9538,5.4144,0,log_depth -0.56,max_single_event_fraction +0.50,log_duration_ratio -0.37,ok,,,,,,,,,,,,,,,,,,,,,,,
426,TIC 233389396,TIC 233389396,14,0.0382712,0.031936366,False,0.95279467,1684.26693,3.84,172.0,6.6942,5.4762,0,flux_skew +0.74,max_single_event_fraction +0.59,log_depth -0.56,ok,,,,,,,,,,,,,,,,,,,,,,,
427,TIC 237252374,TIC 237252374,14,0.0382686,0.031932644,False,1.191661,1684.57331,1.728,478.51,2.1669,3.3434,0,max_single_event_fraction +0.59,flux_skew -0.38,log_period +0.29,ok,,,,,,,,,,,,,,,,,,,,,,,
428,TIC 436322705,TIC 436322705,14,0.0378943,0.031399253,False,1.9810191,1683.97389,2.688,1033.4,4.5207,3.4884,0,log_depth +0.54,log_scatter +0.38,harmonic_delta_loglike -0.38,ok,,,,,,,,,,,,,,,,,,,,,,,
429,TIC 297984020,TIC 297984020,14,0.0378614,0.031352502,False,8.1835548,1687.33443,2.688,2308.9,3.3792,3.5185,0,log_depth +0.54,harmonic_delta_loglike -0.40,log_scatter +0.34,ok,,,,,,,,,,,,,,,,,,,,,,,
430,TIC 160584976,TIC 160584976,14,0.0375687,0.030938135,False,0.74569106,1683.74858,2.688,529.36,3.2097,2.8738,0,bls_depth_over_scatter +0.60,max_single_event_fraction +0.52,log_period -0.49,ok,,,,,,,,,,,,,,,,,,,,,,,
431,TIC 210407706,TIC 210407706,14,0.0374258,0.030736615,False,4.1392661,1683.494,2.688,1112.1,5.0018,3.7461,0,log_depth +0.52,harmonic_delta_loglike -0.41,log_scatter +0.40,ok,,,,,,,,,,,,,,,,,,,,,,,
432,TIC 219097505,TIC 219097505,14,0.0372325,0.030465029,False,1.0075954,1684.22972,5.76,460.06,5.1517,5.6628,1,max_single_event_fraction +0.49,log_duration_ratio -0.48,log_scatter +0.44,ok,,,,,,,,,,,,,,,,,,,,,,,
433,TIC 153920008,TIC 153920008,14,0.0371001,0.030279529,False,4.0190596,1683.69877,1.728,1377.1,4.4507,3.7044,0,log_depth +0.54,log_scatter +0.48,harmonic_delta_loglike -0.42,ok,,,,,,,,,,,,,,,,,,,,,,,
434,TIC 263601510,TIC 263601510,14,0.0370317,0.0301838,False,1.1139435,1684.28293,2.688,702.66,3.2249,3.6357,0,max_single_event_fraction +0.54,log_scatter +0.46,flux_skew -0.42,ok,,,,,,,,,,,,,,,,,,,,,,,
435,TIC 233743873,TIC 233743873,14,0.0369266,0.030037041,False,4.0184712,1686.48223,1.728,1195.1,3.4888,3.6319,0,log_depth +0.58,harmonic_delta_loglike -0.42,log_scatter +0.39,ok,,,,,,,,,,,,,,,,,,,,,,,
436,TIC 198162530,TIC 198162530,14,0.0369097,0.030013524,False,0.83164003,1683.56152,5.76,335.42,3.4074,3.6432,0,max_single_event_fraction +0.52,bls_depth_over_scatter +0.51,log_depth -0.46,ok,,,,,,,,,,,,,,,,,,,,,,,
437,TIC 232524204,TIC 232524204,14,0.0367897,0.029846435,False,1.170288,1684.47551,5.76,442.69,4.9788,4.744,0,max_single_event_fraction +0.56,log_scatter +0.48,log_duration_ratio -0.30,ok,,,,,,,,,,,,,,,,,,,,,,,
438,TIC 233390838,TIC 233390838,14,0.0367697,0.029818528,False,6.4535797,1685.80282,1.728,8871.2,134.23,6.4481,1,secondary_sigma -1.67,power_contrast +0.69,flux_skew +0.59,ok,,,,,,,,,,,,,,,,,,,,,,,
439,TIC 160488648,TIC 160488648,14,0.0364554,0.029382694,False,2.2857849,1685.30467,0.96,644.21,3.7713,3.0663,0,bls_sde +0.39,harmonic_delta_loglike -0.35,log_period +0.27,ok,,,,,,,,,,,,,,,,,,,,,,,
440,TIC 229961328,TIC 229961328,14,0.0356782,0.028316396,False,1.8336379,1684.91038,0.96,705.83,4.133,3.2995,0,max_single_event_fraction +0.54,flux_skew -0.36,log_period +0.30,ok,,,,,,,,,,,,,,,,,,,,,,,
441,TIC 198509236,TIC 198509236,14,0.0355277,0.02811181,False,5.3412449,1685.34796,0.96,1379.0,4.0268,3.262,0,duration_over_period -0.55,log_depth +0.48,secondary_sigma +0.44,ok,,,,,,,,,,,,,,,,,,,,,,,
442,TIC 298428237,TIC 298428237,14,0.0353957,0.027932836,False,0.84916915,1683.50178,3.84,488.87,5.1047,3.6176,0,log_scatter +0.44,log_duration_ratio -0.42,flux_skew +0.34,ok,,,,,,,,,,,,,,,,,,,,,,,
443,TIC 405766609,TIC 405766609,14,0.0352943,0.027795698,False,0.97338781,1683.61479,3.84,504.2,5.08,2.6212,0,max_single_event_fraction +0.66,log_scatter +0.45,bls_sde -0.32,ok,,,,,,,,,,,,,,,,,,,,,,,
444,TIC 237184292,TIC 237184292,14,0.0348815,0.027240238,False,0.72274524,1683.7768,3.84,243.72,4.2653,3.5453,0,max_single_event_fraction +0.57,log_depth -0.57,log_period -0.50,ok,,,,,,,,,,,,,,,,,,,,,,,
445,TIC 219852019,TIC 219852019,14,0.0347255,0.02703142,False,8.2865679,1684.41761,3.84,887.81,3.7707,3.3919,0,log_depth +0.46,log_scatter +0.44,harmonic_delta_loglike -0.42,ok,,,,,,,,,,,,,,,,,,,,,,,
446,TIC 378301253,TIC 378301253,14,0.034708,0.027008064,False,2.5228752,1683.994,0.96,796.68,3.6311,3.534,0,log_depth +0.55,harmonic_delta_loglike -0.41,flux_skew -0.33,ok,,,,,,,,,,,,,,,,,,,,,,,
447,TIC 156101746,TIC 156101746,14,0.0346622,0.02694695,False,1.2643541,1684.55106,1.728,357.15,3.6111,3.4195,0,max_single_event_fraction +0.58,log_depth -0.43,flux_skew -0.35,ok,,,,,,,,,,,,,,,,,,,,,,,
448,TIC 154011681,TIC 154011681,14,0.0346357,0.026911566,False,0.58073271,1683.73185,0.96,9558.1,86.733,6.6389,3,log_depth +0.65,harmonic_delta_loglike +0.57,log_period -0.49,ok,,,,,,,,,,,,,,,,,,,,,,,
449,TIC 138588540,TIC 138588540,14,0.0344045,0.026604038,False,7.9093316,1687.59879,2.688,513.54,17.663,3.2968,0,max_single_event_fraction -0.91,flux_skew +0.68,secondary_sigma +0.43,ok,,,,,,,,,,,,,,,,,,,,,,,
450,TIC 416117412,TIC 416117412,14,0.034357,0.026541049,False,0.56075989,1683.55984,5.76,110.31,3.6552,3.042,0,bls_sde +0.58,max_single_event_fraction +0.53,bls_depth_over_scatter +0.51,ok,,,,,,,,,,,,,,,,,,,,,,,
451,TIC 427987710,TIC 427987710,14,0.0343407,0.026519413,False,0.94033922,1684.02112,0.96,403.25,4.4953,3.5713,0,max_single_event_fraction +0.44,log_depth -0.41,flux_skew -0.34,ok,,,,,,,,,,,,,,,,,,,,,,,
452,TIC 149917086,TIC 149917086,14,0.0343045,0.026471362,False,11.077734,1686.06623,2.688,7079.2,16.485,3.795,0,max_single_event_fraction -1.01,flux_skew +0.52,power_contrast +0.40,ok,,,,,,,,,,,,,,,,,,,,,,,
453,TIC 298553543,TIC 298553543,14,0.0342602,0.026412777,False,1.9896348,1684.79121,1.728,762.24,4.3135,3.3648,0,log_depth +0.48,harmonic_delta_loglike -0.36,log_period +0.35,ok,,,,,,,,,,,,,,,,,,,,,,,
454,TIC 148914726,TIC 148914726,14,0.0342473,0.026395654,False,1.2623164,1683.40571,0.96,1690.0,24.989,7.4871,2,secondary_sigma -1.38,flux_skew +0.58,log_depth +0.47,ok,,,,,,,,,,,,,,,,,,,,,,,
455,TIC 355918420,TIC 355918420,14,0.0341748,0.026299812,False,5.8565637,1684.75988,0.96,815.75,3.7458,3.1089,0,flux_skew +0.62,duration_over_period -0.50,log_depth +0.42,ok,,,,,,,,,,,,,,,,,,,,,,,
456,TIC 284559749,TIC 284559749,14,0.0338813,0.025913307,False,10.400417,1685.98501,5.76,5342.5,51.801,3.5999,0,clipped_fraction +0.93,odd_even_sigma -0.70,harmonic_delta_loglike +0.68,ok,,,,,,,,,,,,,,,,,,,,,,,
457,TIC 154181581,TIC 154181581,14,0.0337543,0.025746808,False,11.880019,1694.50812,3.84,1855.2,1.7851,3.3111,0,log_depth +0.43,harmonic_delta_loglike -0.41,log_scatter +0.35,ok,,,,,,,,,,,,,,,,,,,,,,,
458,TIC 244327804,TIC 244327804,14,0.0336154,0.025565172,False,3.3259049,1684.9498,0.96,4550.5,3.9977,3.4303,0,log_depth +0.53,duration_over_period -0.44,harmonic_delta_loglike -0.42,ok,,,,,,,,,,,,,,,,,,,,,,,
459,TIC 233168655,TIC 233168655,14,0.033605,0.025551608,False,0.93109904,1684.02818,3.84,488.96,2.1619,4.3569,0,max_single_event_fraction +0.59,log_duration_ratio -0.47,log_scatter +0.46,ok,,,,,,,,,,,,,,,,,,,,,,,
460,TIC 229789367,TIC 229789367,14,0.0333883,0.025269451,False,1.9940939,1685.11808,2.688,475.11,3.6763,3.2743,0,max_single_event_fraction +0.55,flux_skew -0.34,power_contrast -0.30,ok,,,,,,,,,,,,,,,,,,,,,,,
461,TIC 287296960,TIC 287296960,14,0.0332625,0.025106183,False,7.9862466,1683.75803,0.96,4303.5,3.9345,3.6073,0,duration_over_period -0.57,log_depth +0.53,harmonic_delta_loglike -0.41,ok,,,,,,,,,,,,,,,,,,,,,,,
462,TIC 427741950,TIC 427741950,14,0.0332506,0.025090752,False,1.7919004,1685.17702,1.728,1142.1,18.944,4.0971,0,log_depth +0.67,delta_loglike -0.60,flux_skew -0.48,ok,,,,,,,,,,,,,,,,,,,,,,,
463,TIC 372757221,TIC 372757221,14,0.033162,0.024976092,False,2.5944463,1683.53122,0.96,866.6,12.538,9.937,1,secondary_sigma -1.42,flux_skew +0.60,log_depth +0.46,ok,,,,,,,,,,,,,,,,,,,,,,,
464,TIC 219847787,TIC 219847787,14,0.0330816,0.024872114,False,2.8966928,1683.61734,0.96,821.14,4.8609,4.4024,0,log_depth +0.52,harmonic_delta_loglike -0.42,harmonic_amp_over_depth -0.40,ok,,,,,,,,,,,,,,,,,,,,,,,
465,TIC 224605278,TIC 224605278,14,0.0330156,0.02478701,False,0.9733813,1683.77021,5.76,104.2,4.9562,3.9221,0,max_single_event_fraction +0.55,bls_depth_over_scatter +0.50,log_depth -0.44,ok,,,,,,,,,,,,,,,,,,,,,,,
466,TIC 373487425,TIC 373487425,14,0.0329079,0.024648329,False,0.96223929,1684.05419,3.84,1083.1,12.981,2.7239,0,flux_skew +0.88,bls_sde -0.61,max_single_event_fraction +0.56,ok,,,,,,,,,,,,,,,,,,,,,,,
467,TIC 441737383,TIC 441737383,14,0.0328181,0.024532992,False,0.87612568,1683.7327,1.728,382.17,3.9708,3.8609,0,max_single_event_fraction +0.60,log_depth -0.43,flux_skew -0.34,ok,,,,,,,,,,,,,,,,,,,,,,,
468,TIC 154007735,TIC 154007735,14,0.032771,0.024472557,False,8.5643239,1688.47185,2.688,2071.7,1.9842,4.3796,0,log_depth +0.46,harmonic_delta_loglike -0.42,flux_skew -0.39,ok,,,,,,,,,,,,,,,,,,,,,,,
469,TIC 1884091865,TIC 1884091865,14,0.0327166,0.024402839,False,12.460669,1692.44665,5.76,2413.2,6.4276,4.4541,0,flux_skew +0.47,harmonic_delta_loglike -0.43,log_depth +0.41,ok,,,,,,,,,,,,,,,,,,,,,,,
470,TIC 399789568,TIC 399789568,14,0.0324904,0.024113708,False,0.61818988,1683.75508,0.96,980.09,3.7153,3.4339,0,log_depth +0.61,flux_skew -0.46,log_scatter +0.46,ok,,,,,,,,,,,,,,,,,,,,,,,
471,TIC 169566096,TIC 169566096,14,0.0324792,0.024099512,False,5.2455043,1684.20077,1.728,4911.8,4.4659,3.9065,0,log_depth +0.57,harmonic_delta_loglike -0.40,secondary_sigma -0.33,ok,,,,,,,,,,,,,,,,,,,,,,,
472,TIC 142618165,TIC 142618165,14,0.0324737,0.024092473,False,5.6857934,1688.29493,2.688,1738.1,6.931,6.0924,1,log_depth +0.53,harmonic_delta_loglike -0.42,log_duration_ratio +0.35,ok,,,,,,,,,,,,,,,,,,,,,,,
473,TIC 233530981,TIC 233530981,14,0.0324367,0.024045404,False,2.7891648,1685.29807,0.96,1143.5,3.4338,2.8587,0,bls_sde -0.51,log_depth +0.46,log_scatter +0.40,ok,,,,,,,,,,,,,,,,,,,,,,,
474,TIC 284454822,TIC 284454822,14,0.0324122,0.024014181,False,7.4832451,1688.38281,2.688,1764.6,4.9912,3.9784,0,log_depth +0.50,harmonic_delta_loglike -0.43,log_scatter +0.40,ok,,,,,,,,,,,,,,,,,,,,,,,
475,TIC 160115712,TIC 160115712,14,0.0321916,0.023734213,False,0.8339429,1684.08388,1.728,668.6,3.6472,3.6636,0,max_single_event_fraction +0.53,log_scatter +0.51,log_period -0.49,ok,,,,,,,,,,,,,,,,,,,,,,,
476,TIC 154182967,TIC 154182967,14,0.0321851,0.02372596,False,10.045101,1688.13208,0.96,2125.4,2.906,3.4961,0,duration_over_period -0.49,log_depth +0.45,log_scatter +0.43,ok,,,,,,,,,,,,,,,,,,,,,,,
477,TIC 309998606,TIC 309998606,14,0.0321801,0.023719578,False,0.94033519,1683.56805,5.76,627.89,4.0629,5.867,2,max_single_event_fraction +0.49,log_scatter +0.47,log_duration_ratio -0.46,ok,,,,,,,,,,,,,,,,,,,,,,,
478,TIC 233199852,TIC 233199852,14,0.0320887,0.023604014,False,0.85336768,1683.97737,5.76,55.109,5.2105,3.6145,0,bls_depth_over_scatter +0.61,log_scatter -0.56,max_single_event_fraction +0.50,ok,,,,,,,,,,,,,,,,,,,,,,,
479,TIC 219704815,TIC 219704815,14,0.0317067,0.023123443,False,1.1417708,1683.89385,1.728,359.96,4.2998,5.1047,0,max_single_event_fraction +0.56,flux_skew -0.41,log_depth -0.39,ok,,,,,,,,,,,,,,,,,,,,,,,
480,TIC 304831090,TIC 304831090,14,0.0316363,0.023035373,False,0.6591469,1683.88195,2.688,238.07,3.8082,3.4361,0,log_depth -0.57,max_single_event_fraction +0.56,log_period -0.51,ok,,,,,,,,,,,,,,,,,,,,,,,
481,TIC 336009851,TIC 336009851,14,0.0314551,0.022809114,False,0.84272077,1683.47577,2.688,1562.2,3.2965,3.6517,0,max_single_event_fraction +0.57,log_depth +0.54,log_period -0.44,ok,,,,,,,,,,,,,,,,,,,,,,,
482,TIC 311572477,TIC 311572477,14,0.0313847,0.022721552,False,0.87612624,1683.75942,3.84,185.75,4.0994,4.4925,0,max_single_event_fraction +0.61,log_depth -0.54,flux_skew -0.38,ok,,,,,,,,,,,,,,,,,,,,,,,
483,TIC 272785637,TIC 272785637,14,0.0312209,0.022518198,False,1.8360648,1683.89697,0.96,385.14,4.3106,3.143,0,log_depth -0.41,harmonic_delta_loglike -0.33,flux_skew +0.32,ok,,,,,,,,,,,,,,,,,,,,,,,
484,TIC 406833431,TIC 406833431,14,0.0312145,0.022510208,False,3.7134317,1684.84413,0.96,1346.3,3.3839,3.7784,0,log_depth +0.55,log_scatter +0.42,harmonic_delta_loglike -0.40,ok,,,,,,,,,,,,,,,,,,,,,,,
485,TIC 233062395,TIC 233062395,14,0.0311963,0.02248777,False,13.090806,1694.73829,5.76,969.09,3.9373,3.8514,0,secondary_sigma +0.47,log_depth +0.43,harmonic_delta_loglike -0.42,ok,,,,,,,,,,,,,,,,,,,,,,,
486,TIC 230088063,TIC 230088063,14,0.0310033,0.022249177,False,0.54196777,1683.837,5.76,270.28,3.153,3.2383,0,bls_depth_over_scatter +0.64,log_period -0.55,max_single_event_fraction +0.54,ok,,,,,,,,,,,,,,,,,,,,,,,
487,TIC 233535738,TIC 233535738,14,0.0309432,0.022175138,False,1.1324153,1683.85039,5.76,292.36,5.1013,3.8257,0,log_depth -0.57,max_single_event_fraction +0.48,flux_skew +0.39,ok,,,,,,,,,,,,,,,,,,,,,,,
488,TIC 219430229,TIC 219430229,14,0.030814,0.022016355,False,6.0925307,1686.2706,2.688,1914.9,3.9957,4.1471,0,log_depth +0.49,log_scatter +0.46,harmonic_delta_loglike -0.43,ok,,,,,,,,,,,,,,,,,,,,,,,
489,TIC 202491539,TIC 202491539,14,0.0306938,0.02186906,False,4.7414189,1686.70486,0.96,2182.6,3.2161,3.9504,0,flux_skew +0.81,duration_over_period -0.55,log_depth +0.45,ok,,,,,,,,,,,,,,,,,,,,,,,
490,TIC 198162504,TIC 198162504,14,0.0305799,0.021729732,False,4.1598063,1684.98551,0.96,1653.4,3.802,4.2448,0,log_depth +0.55,duration_over_period -0.51,log_scatter +0.42,ok,,,,,,,,,,,,,,,,,,,,,,,
491,TIC 298073824,TIC 298073824,14,0.0303207,0.021414245,False,1.2294856,1684.33169,5.76,148.75,20.465,9.8814,1,power_contrast +0.82,log_duration_ratio -0.70,flux_skew +0.62,ok,,,,,,,,,,,,,,,,,,,,,,,
492,TIC 142739434,TIC 142739434,14,0.0302209,0.021293251,False,4.7291768,1685.76664,1.728,1034.3,3.8947,3.5412,0,log_depth +0.53,flux_skew -0.43,harmonic_delta_loglike -0.41,ok,,,,,,,,,,,,,,,,,,,,,,,
493,TIC 198279946,TIC 198279946,14,0.0302186,0.021290462,False,0.85056256,1683.66171,3.84,1214.7,321.55,4.6261,0,secondary_sigma -0.91,log_duration_ratio -0.64,flux_skew +0.59,ok,,,,,,,,,,,,,,,,,,,,,,,
494,TIC 288430974,TIC 288430974,14,0.0302094,0.021279379,False,0.84916856,1683.49265,1.728,514.39,3.2691,3.7301,0,max_single_event_fraction +0.58,log_period -0.48,flux_skew -0.42,ok,,,,,,,,,,,,,,,,,,,,,,,
495,TIC 198177932,TIC 198177932,14,0.0301739,0.021236418,False,3.9910301,1684.15741,2.688,637.52,3.7644,4.6203,0,harmonic_delta_loglike -0.41,flux_skew +0.32,log_duration_ratio +0.30,ok,,,,,,,,,,,,,,,,,,,,,,,
496,TIC 219883019,TIC 219883019,14,0.0300624,0.021101727,False,0.76055539,1683.56563,3.84,190.61,3.7801,2.8614,0,bls_depth_over_scatter +0.65,max_single_event_fraction +0.56,log_period -0.49,ok,,,,,,,,,,,,,,,,,,,,,,,
497,TIC 147923561,TIC 147923561,14,0.0299216,0.020932161,False,1.5709516,1684.14265,0.96,575.67,3.9973,4.1918,0,max_single_event_fraction +0.65,flux_skew -0.37,log_period +0.30,ok,,,,,,,,,,,,,,,,,,,,,,,
498,TIC 154846381,TIC 154846381,14,0.0298296,0.020821771,False,1.1857941,1684.1356,1.728,279.72,3.9754,3.866,0,log_depth -0.69,max_single_event_fraction +0.56,flux_skew -0.30,ok,,,,,,,,,,,,,,,,,,,,,,,
499,TIC 87689064,TIC 87689064,14,0.0298188,0.020808831,False,9.514467,1688.02126,3.84,12087.0,9.0781,3.2639,0,max_single_event_fraction -0.95,log_depth +0.46,delta_loglike +0.33,ok,,,,,,,,,,,,,,,,,,,,,,,
500,TIC 109759613,TIC 109759613,14,0.0297112,0.020679888,False,1.9774659,1683.87764,0.96,767.11,5.1089,3.9741,0,log_depth +0.55,secondary_sigma -0.37,harmonic_delta_loglike -0.36,ok,,,,,,,,,,,,,,,,,,,,,,,
501,TIC 154759309,TIC 154759309,14,0.0296353,0.020589258,False,0.95436381,1683.77153,0.96,149.0,5.8549,4.8414,0,log_depth -0.69,max_single_event_fraction +0.59,flux_skew -0.33,ok,,,,,,,,,,,,,,,,,,,,,,,
502,TIC 169461816,TIC 169461816,14,0.0295189,0.020450388,False,0.63572057,1683.96458,0.96,687.27,7.8397,5.5567,1,log_period -0.56,secondary_sigma +0.48,flux_skew -0.43,ok,,,,,,,,,,,,,,,,,,,,,,,
503,TIC 69997672,TIC 69997672,14,0.0295176,0.020448877,False,9.0563101,1684.20135,2.688,502.46,8.6156,3.4844,0,flux_skew -0.47,harmonic_delta_loglike +0.41,log_duration_ratio +0.29,ok,,,,,,,,,,,,,,,,,,,,,,,
504,TIC 142584333,TIC 142584333,14,0.0294248,0.020338557,False,0.89801125,1683.94698,0.96,339.55,4.0685,4.0428,0,log_depth -0.69,max_single_event_fraction +0.59,flux_skew -0.42,ok,,,,,,,,,,,,,,,,,,,,,,,
505,TIC 164883273,TIC 164883273,14,0.0292033,0.020076078,False,6.8923417,1688.15218,0.96,926.35,4.007,4.4722,0,duration_over_period -0.45,harmonic_delta_loglike -0.42,log_depth +0.40,ok,,,,,,,,,,,,,,,,,,,,,,,
506,TIC 110217292,TIC 110217292,14,0.0291358,0.01999644,False,0.94457914,1683.81366,5.76,445.2,4.732,3.9834,0,flux_skew -0.46,max_single_event_fraction +0.39,log_scatter +0.38,ok,,,,,,,,,,,,,,,,,,,,,,,
507,TIC 298598534,TIC 298598534,14,0.0289515,0.019779564,False,1.0667559,1683.93536,1.728,495.18,4.1839,3.8838,0,max_single_event_fraction +0.58,flux_skew -0.41,log_period +0.28,ok,,,,,,,,,,,,,,,,,,,,,,,
508,TIC 160115497,TIC 160115497,14,0.0289509,0.019778817,False,4.6750503,1684.91593,0.96,1872.1,3.3784,3.3278,0,duration_over_period -0.56,log_depth +0.49,log_scatter +0.44,ok,,,,,,,,,,,,,,,,,,,,,,,
509,TIC 26753931,TIC 26753931,14,0.0289224,0.019745356,False,1.7339021,1683.40183,0.96,435.6,4.0749,3.3801,0,max_single_event_fraction +0.55,log_depth -0.38,flux_skew -0.33,ok,,,,,,,,,,,,,,,,,,,,,,,
510,TIC 142748283,TIC 142748283,14,0.0289086,0.019729199,False,0.99426406,1683.51466,5.76,1338.9,4.1451,4.2412,0,log_depth +0.56,max_single_event_fraction +0.56,log_duration_ratio -0.43,ok,,,,,,,,,,,,,,,,,,,,,,,
511,TIC 224697667,TIC 224697667,14,0.0287966,0.019598024,False,6.4748506,1685.81803,0.96,3833.9,4.5298,3.9487,0,flux_skew +0.50,duration_over_period -0.48,log_depth +0.47,ok,,,,,,,,,,,,,,,,,,,,,,,
512,TIC 229608594,TIC 229608594,14,0.02869,0.019473491,False,0.89948973,1683.76118,0.96,339.19,4.0978,3.0812,0,log_depth -0.67,max_single_event_fraction +0.54,bls_sde +0.36,ok,,,,,,,,,,,,,,,,,,,,,,,
513,TIC 149917056,TIC 149917056,14,0.028645,0.019421071,False,8.9257602,1686.96222,2.688,3305.9,3.8515,3.5675,0,log_depth +0.54,harmonic_delta_loglike -0.42,flux_skew -0.32,ok,,,,,,,,,,,,,,,,,,,,,,,
514,TIC 40562786,TIC 40562786,14,0.0286428,0.019418477,False,0.79771376,1683.53727,5.76,3722.2,29.401,3.2658,0,clipped_fraction +0.79,flux_skew +0.71,log_duration_ratio -0.60,ok,,,,,,,,,,,,,,,,,,,,,,,
515,TIC 379364977,TIC 379364977,14,0.0283079,0.019029796,False,2.4695224,1685.84993,1.728,899.29,4.0989,3.6973,0,log_depth +0.56,harmonic_delta_loglike -0.41,flux_skew -0.35,ok,,,,,,,,,,,,,,,,,,,,,,,
516,TIC 273231214,TIC 273231214,14,0.0281679,0.018868363,False,4.1871697,1683.66852,1.728,1097.0,4.9158,3.57,0,log_depth +0.55,log_scatter +0.47,harmonic_delta_loglike -0.40,ok,,,,,,,,,,,,,,,,,,,,,,,
517,TIC 362216054,TIC 362216054,14,0.0281528,0.018850961,False,1.0615086,1683.54337,5.76,353.07,5.4108,5.3659,0,max_single_event_fraction +0.59,log_duration_ratio -0.35,log_depth -0.27,ok,,,,,,,,,,,,,,,,,,,,,,,
518,TIC 377290815,TIC 377290815,14,0.0280642,0.018749152,False,0.77827337,1683.55906,5.76,96.024,5.1572,3.5265,0,bls_depth_over_scatter +0.59,max_single_event_fraction +0.50,log_period -0.49,ok,,,,,,,,,,,,,,,,,,,,,,,
519,TIC 298052168,TIC 298052168,14,0.0280201,0.018698471,False,1.1249905,1683.59962,1.728,211.67,4.6386,3.9528,0,log_depth -0.66,max_single_event_fraction +0.65,odd_even_sigma +0.32,ok,,,,,,,,,,,,,,,,,,,,,,,
520,TIC 407135184,TIC 407135184,14,0.0279556,0.018624536,False,0.63604202,1683.7576,2.688,714.18,7.9953,5.0151,0,log_duration_ratio -0.59,log_depth +0.51,secondary_sigma -0.50,ok,,,,,,,,,,,,,,,,,,,,,,,
521,TIC 264220206,TIC 264220206,14,0.0278182,0.018467446,False,1.28956,1684.48994,5.76,613.34,10.494,3.268,0,log_duration_ratio -0.61,flux_skew +0.50,max_single_event_fraction +0.48,ok,,,,,,,,,,,,,,,,,,,,,,,
522,TIC 313303356,TIC 313303356,14,0.0277922,0.01843787,False,3.505637,1685.38004,0.96,1892.4,2.8645,3.8702,0,log_depth +0.54,log_scatter +0.44,flux_skew -0.43,ok,,,,,,,,,,,,,,,,,,,,,,,
523,TIC 100012109,TIC 100012109,14,0.0276835,0.018314101,False,1.0571941,1683.73462,0.96,345.82,4.6985,4.2136,0,log_depth -0.70,max_single_event_fraction +0.50,odd_even_sigma +0.25,ok,,,,,,,,,,,,,,,,,,,,,,,
524,TIC 219467837,TIC 219467837,14,0.0276518,0.018278039,False,4.7681862,1685.0519,0.96,1751.6,3.3833,3.0778,0,duration_over_period -0.56,log_depth +0.44,log_scatter +0.43,ok,,,,,,,,,,,,,,,,,,,,,,,
525,TIC 153975855,TIC 153975855,14,0.0276374,0.018261704,False,4.9114462,1685.63575,1.728,1022.9,3.1793,3.2886,0,log_depth +0.57,harmonic_delta_loglike -0.41,harmonic_amp_over_depth -0.40,ok,,,,,,,,,,,,,,,,,,,,,,,
526,TIC 233176781,TIC 233176781,14,0.0275617,0.018175766,False,0.93570492,1683.96826,2.688,216.3,4.0226,3.6747,0,log_depth -0.67,max_single_event_fraction +0.57,log_period +0.30,ok,,,,,,,,,,,,,,,,,,,,,,,
527,TIC 28090069,TIC 28090069,14,0.027388,0.017979286,False,3.1971768,1684.22788,3.84,572.68,4.1753,3.5811,0,harmonic_delta_loglike -0.40,secondary_sigma +0.25,odd_even_sigma +0.24,ok,,,,,,,,,,,,,,,,,,,,,,,
528,TIC 417867951,TIC 417867951,14,0.0271844,0.017750154,False,4.6166517,1687.55816,1.728,1310.2,4.5293,3.958,0,log_depth +0.62,harmonic_delta_loglike -0.41,flux_skew -0.31,ok,,,,,,,,,,,,,,,,,,,,,,,
529,TIC 302814895,TIC 302814895,14,0.0271449,0.017705848,False,0.51672219,1683.65756,3.84,226.4,9.1154,4.5341,0,flux_skew +1.04,log_depth -0.56,max_single_event_fraction +0.54,ok,,,,,,,,,,,,,,,,,,,,,,,
530,TIC 219104204,TIC 219104204,14,0.0271426,0.01770329,False,4.8472803,1686.83754,2.688,736.96,3.6765,3.6452,0,log_depth +0.46,harmonic_delta_loglike -0.42,flux_skew -0.35,ok,,,,,,,,,,,,,,,,,,,,,,,
531,TIC 158326253,TIC 158326253,14,0.0271415,0.017702027,False,0.90096807,1683.61216,3.84,249.79,3.8897,4.33,0,max_single_event_fraction +0.59,bls_depth_over_scatter +0.52,log_depth -0.41,ok,,,,,,,,,,,,,,,,,,,,,,,
532,TIC 122220263,TIC 122220263,14,0.0270645,0.017615748,False,8.0713286,1688.54093,5.76,10595.0,213.75,2.3166,0,max_single_event_fraction -0.92,harmonic_delta_loglike +0.65,bls_sde -0.62,ok,,,,,,,,,,,,,,,,,,,,,,,
533,TIC 336405737,TIC 336405737,14,0.0270138,0.017559027,False,2.8400608,1685.07654,1.728,500.47,4.5302,3.4736,0,max_single_event_fraction +0.37,flux_skew -0.35,harmonic_delta_loglike -0.29,ok,,,,,,,,,,,,,,,,,,,,,,,
534,TIC 355935703,TIC 355935703,14,0.0269194,0.01745374,False,0.9249984,1683.80991,5.76,611.69,5.4842,4.0006,0,max_single_event_fraction +0.52,log_duration_ratio -0.45,log_scatter +0.43,ok,,,,,,,,,,,,,,,,,,,,,,,
535,TIC 390053490,TIC 390053490,14,0.0268555,0.017382524,False,9.4674863,1689.84055,0.96,2115.3,4.0986,4.3506,0,duration_over_period -0.48,log_depth +0.45,harmonic_delta_loglike -0.41,ok,,,,,,,,,,,,,,,,,,,,,,,
536,TIC 99399796,TIC 99399796,14,0.0268108,0.017332813,False,4.6596963,1684.35318,3.84,1150.8,4.3254,3.6013,0,log_depth +0.59,log_scatter +0.42,harmonic_delta_loglike -0.42,ok,,,,,,,,,,,,,,,,,,,,,,,
537,TIC 233241002,TIC 233241002,14,0.026581,0.01707823,False,1.0708256,1683.95492,5.76,255.53,5.2248,5.0966,0,max_single_event_fraction +0.58,log_depth -0.54,log_duration_ratio -0.36,ok,,,,,,,,,,,,,,,,,,,,,,,
538,TIC 400432883,TIC 400432883,14,0.0265648,0.017060265,False,3.1553836,1685.53521,0.96,613.09,5.0612,3.396,0,harmonic_delta_loglike -0.41,flux_skew +0.28,log_duration_ratio +0.27,ok,,,,,,,,,,,,,,,,,,,,,,,
539,TIC 160599685,TIC 160599685,14,0.026478,0.016964616,False,8.671352,1683.9815,1.728,1198.9,8.8186,4.3706,0,flux_skew -0.49,duration_over_period -0.43,harmonic_delta_loglike +0.41,ok,,,,,,,,,,,,,,,,,,,,,,,
540,TIC 280035202,TIC 280035202,14,0.0264432,0.016926266,False,4.9196171,1684.57394,1.728,504.88,2.8452,3.067,0,harmonic_delta_loglike -0.39,bls_sde +0.30,secondary_sigma -0.28,ok,,,,,,,,,,,,,,,,,,,,,,,
541,TIC 307983853,TIC 307983853,14,0.0264396,0.016922339,False,0.81361475,1683.83,5.76,381.69,3.3902,3.617,0,bls_depth_over_scatter +0.49,log_period -0.46,log_scatter +0.45,ok,,,,,,,,,,,,,,,,,,,,,,,
542,TIC 148917137,TIC 148917137,14,0.0264118,0.016891724,False,9.5144129,1690.9593,1.728,2659.1,4.0107,4.0341,0,log_depth +0.44,duration_over_period -0.44,harmonic_delta_loglike -0.41,ok,,,,,,,,,,,,,,,,,,,,,,,
543,TIC 230028832,TIC 230028832,14,0.0263687,0.016844396,False,1.7168774,1684.91469,0.96,319.04,4.4675,3.6606,0,log_depth -0.68,max_single_event_fraction +0.34,log_period +0.30,ok,,,,,,,,,,,,,,,,,,,,,,,
544,TIC 20349288,TIC 20349288,14,0.0261563,0.016611823,False,2.9984752,1685.01722,1.728,890.24,4.7794,3.3917,0,log_depth +0.48,harmonic_delta_loglike -0.40,secondary_sigma -0.34,ok,,,,,,,,,,,,,,,,,,,,,,,
545,TIC 229590592,TIC 229590592,14,0.0259288,0.01636413,False,7.0298338,1687.44109,0.96,2112.3,4.2092,3.8906,0,log_depth +0.48,duration_over_period -0.48,harmonic_delta_loglike -0.42,ok,,,,,,,,,,,,,,,,,,,,,,,
546,TIC 219724309,TIC 219724309,14,0.0258299,0.01625693,False,5.3589284,1684.95015,0.96,2835.8,3.0291,3.791,0,log_depth +0.51,duration_over_period -0.50,flux_skew -0.43,ok,,,,,,,,,,,,,,,,,,,,,,,
547,TIC 230060337,TIC 230060337,14,0.0257513,0.016172053,False,4.2677801,1685.93265,1.728,1628.0,3.0472,3.2063,0,log_depth +0.50,log_scatter +0.44,harmonic_delta_loglike -0.40,ok,,,,,,,,,,,,,,,,,,,,,,,
548,TIC 198514044,TIC 198514044,14,0.0256696,0.016083931,False,8.0979637,1689.80797,2.688,1852.9,3.5377,4.0105,0,log_depth +0.46,log_scatter +0.43,harmonic_delta_loglike -0.42,ok,,,,,,,,,,,,,,,,,,,,,,,
549,TIC 289723536,TIC 289723536,14,0.0255958,0.016004492,False,1.4003139,1684.43917,2.688,372.11,4.5055,4.7453,0,flux_skew -0.42,log_depth -0.41,max_single_event_fraction +0.38,ok,,,,,,,,,,,,,,,,,,,,,,,
550,TIC 399954349,TIC 399954349,14,0.025526,0.015929487,False,8.5215944,1691.46775,2.688,1524.7,6.8307,4.0353,0,log_depth +0.46,harmonic_delta_loglike -0.44,secondary_sigma +0.41,ok,,,,,,,,,,,,,,,,,,,,,,,
551,TIC 289622433,TIC 289622433,14,0.0254709,0.015870464,False,3.4473111,1685.42557,2.688,818.92,3.8487,3.5113,0,log_depth +0.48,log_scatter +0.44,harmonic_delta_loglike -0.42,ok,,,,,,,,,,,,,,,,,,,,,,,
552,TIC 138546248,TIC 138546248,14,0.0254615,0.015860361,False,1.7832035,1685.09872,2.688,496.34,4.4532,3.2561,0,secondary_sigma +0.41,harmonic_delta_loglike -0.37,flux_skew -0.30,ok,,,,,,,,,,,,,,,,,,,,,,,
553,TIC 164527972,TIC 164527972,14,0.0254382,0.015835355,False,1.5377101,1684.29614,0.96,569.07,3.2747,3.9584,0,max_single_event_fraction +0.56,flux_skew -0.38,log_period +0.30,ok,,,,,,,,,,,,,,,,,,,,,,,
554,TIC 47879981,TIC 47879981,14,0.025368,0.015760383,False,9.4675315,1687.18777,5.76,3099.2,45.427,2.2083,0,max_single_event_fraction -1.03,clipped_fraction +0.78,bls_sde -0.74,ok,,,,,,,,,,,,,,,,,,,,,,,
555,TIC 233057668,TIC 233057668,14,0.0253465,0.015737336,False,3.8312696,1683.8382,0.96,1530.5,3.4992,3.8937,0,log_depth +0.53,duration_over_period -0.44,harmonic_delta_loglike -0.41,ok,,,,,,,,,,,,,,,,,,,,,,,
556,TIC 233735068,TIC 233735068,14,0.0249744,0.015342253,False,7.6827476,1683.63851,3.84,3582.6,42.988,5.0884,0,secondary_sigma -1.33,harmonic_delta_loglike +0.58,odd_even_sigma -0.52,ok,,,,,,,,,,,,,,,,,,,,,,,
557,TIC 102014972,TIC 102014972,14,0.0248088,0.015167748,False,0.85617989,1683.82911,1.728,413.56,4.0559,3.3472,0,max_single_event_fraction +0.60,log_depth -0.38,flux_skew -0.28,ok,,,,,,,,,,,,,,,,,,,,,,,
558,TIC 160408550,TIC 160408550,14,0.0246763,0.015028663,False,0.55095626,1683.50431,2.688,138.86,4.2993,3.6563,0,bls_depth_over_scatter +0.52,max_single_event_fraction +0.47,log_depth -0.43,ok,,,,,,,,,,,,,,,,,,,,,,,
559,TIC 352300354,TIC 352300354,14,0.0246308,0.014981089,False,0.85477398,1683.73883,5.76,462.05,6.3482,4.6807,0,max_single_event_fraction +0.51,log_duration_ratio -0.45,log_scatter +0.45,ok,,,,,,,,,,,,,,,,,,,,,,,
560,TIC 359388309,TIC 359388309,14,0.0246061,0.014955295,False,0.99115503,1683.55057,5.76,528.04,4.0941,3.8734,0,max_single_event_fraction +0.50,log_scatter +0.46,log_duration_ratio -0.42,ok,,,,,,,,,,,,,,,,,,,,,,,
561,TIC 160267583,TIC 160267583,14,0.0246021,0.014951102,False,2.0304952,1684.03115,0.96,533.59,4.1709,3.0566,0,bls_sde +0.37,harmonic_delta_loglike -0.33,power_contrast -0.30,ok,,,,,,,,,,,,,,,,,,,,,,,
562,TIC 27846348,TIC 27846348,14,0.0244717,0.014815046,False,1.3659763,1684.57977,5.76,3669.4,4.8147,3.5465,0,log_depth +0.49,log_duration_ratio -0.41,log_period +0.29,ok,,,,,,,,,,,,,,,,,,,,,,,
563,TIC 302756140,TIC 302756140,14,0.0243339,0.014671934,False,8.2478145,1685.61436,0.96,6188.2,3.5396,3.739,0,log_depth +0.47,duration_over_period -0.46,harmonic_delta_loglike -0.42,ok,,,,,,,,,,,,,,,,,,,,,,,
564,TIC 289722870,TIC 289722870,14,0.0242456,0.01458048,False,11.245089,1690.38885,5.76,168410.0,121.53,3.5909,0,clipped_fraction +0.94,secondary_sigma -0.69,odd_even_sigma -0.61,ok,,,,,,,,,,,,,,,,,,,,,,,
565,TIC 142491574,TIC 142491574,14,0.0242386,0.014573282,False,1.733905,1684.63079,0.96,653.03,3.9185,3.5397,0,flux_skew -0.40,harmonic_delta_loglike -0.35,log_period +0.28,ok,,,,,,,,,,,,,,,,,,,,,,,
566,TIC 29819627,TIC 29819627,14,0.0241809,0.014513718,False,0.74324071,1683.47304,1.728,426.34,3.7615,3.0888,0,log_period -0.45,max_single_event_fraction +0.43,log_depth -0.39,ok,,,,,,,,,,,,,,,,,,,,,,,
567,TIC 120578016,TIC 120578016,14,0.0241058,0.014436302,False,1.0142445,1683.54847,5.76,204.27,4.2819,4.2867,0,max_single_event_fraction +0.56,log_depth -0.54,log_duration_ratio -0.30,ok,,,,,,,,,,,,,,,,,,,,,,,
568,TIC 160098496,TIC 160098496,14,0.0240478,0.014376538,False,0.68681778,1683.84796,0.96,570.2,2.7155,3.5852,0,max_single_event_fraction +0.56,log_period -0.48,log_scatter +0.41,ok,,,,,,,,,,,,,,,,,,,,,,,
569,TIC 288471040,TIC 288471040,14,0.0239919,0.014319176,False,1.1084601,1684.21282,5.76,154.32,4.2408,3.6939,0,max_single_event_fraction +0.57,log_depth -0.57,log_period +0.32,ok,,,,,,,,,,,,,,,,,,,,,,,
570,TIC 230082667,TIC 230082667,14,0.0239623,0.014288852,False,0.90691591,1683.90892,0.96,422.65,5.0327,3.6354,0,max_single_event_fraction +0.49,log_depth -0.42,flux_skew -0.41,ok,,,,,,,,,,,,,,,,,,,,,,,
571,TIC 230386397,TIC 230386397,14,0.0239173,0.014242705,False,6.9379202,1688.9543,3.84,787.96,6.5602,3.4204,0,log_depth +0.48,odd_even_sigma -0.45,secondary_sigma +0.45,ok,,,,,,,,,,,,,,,,,,,,,,,
572,TIC 159510109,TIC 159510109,14,0.0238621,0.014186256,False,8.465796,1687.60438,5.76,6391.3,243.27,3.6073,0,odd_even_sigma -1.02,flux_skew +0.77,harmonic_delta_loglike +0.53,ok,,,,,,,,,,,,,,,,,,,,,,,
573,TIC 147609851,TIC 147609851,14,0.0238422,0.014165887,False,7.0530094,1685.15039,3.84,779.06,4.577,4.3278,0,log_depth +0.45,harmonic_delta_loglike -0.41,flux_skew -0.39,ok,,,,,,,,,,,,,,,,,,,,,,,
574,TIC 393498784,TIC 393498784,14,0.0238168,0.014139927,False,0.90542588,1683.8663,0.96,435.69,5.1255,3.4285,0,secondary_sigma +0.41,log_depth -0.38,flux_skew -0.36,ok,,,,,,,,,,,,,,,,,,,,,,,
575,TIC 259172391,TIC 259172391,14,0.0237435,0.014065194,False,2.3583695,1683.6216,0.96,573.61,4.1866,3.083,0,max_single_event_fraction +0.54,bls_sde +0.45,power_contrast -0.29,ok,,,,,,,,,,,,,,,,,,,,,,,
576,TIC 158555987,TIC 158555987,14,0.0236913,0.014012075,False,1.2539923,1684.01234,5.76,626.45,7.1252,3.8353,0,max_single_event_fraction +0.56,log_duration_ratio -0.52,flux_skew +0.44,ok,,,,,,,,,,,,,,,,,,,,,,,
577,TIC 159504353,TIC 159504353,14,0.0236008,0.013920134,False,0.93096661,1683.53828,5.76,512.43,7.3859,5.4308,0,log_duration_ratio -0.72,max_single_event_fraction +0.36,secondary_sigma +0.34,ok,,,,,,,,,,,,,,,,,,,,,,,
578,TIC 336073611,TIC 336073611,14,0.0235897,0.013908933,False,0.63786726,1683.63216,3.84,185.25,3.8146,3.7913,0,bls_depth_over_scatter +0.54,max_single_event_fraction +0.49,log_period -0.45,ok,,,,,,,,,,,,,,,,,,,,,,,
579,TIC 202999039,TIC 202999039,14,0.0235266,0.013845034,False,1.0708246,1684.08924,5.76,290.49,5.2021,4.8913,0,log_depth -0.53,max_single_event_fraction +0.48,secondary_sigma +0.39,ok,,,,,,,,,,,,,,,,,,,,,,,
580,TIC 417847189,TIC 417847189,14,0.0235066,0.013824769,False,0.68908041,1684.00191,1.728,1915.8,12.575,4.2988,0,log_depth +0.58,log_period -0.48,flux_skew -0.46,ok,,,,,,,,,,,,,,,,,,,,,,,
581,TIC 356158613,TIC 356158613,14,0.0235032,0.013821359,False,0.59230984,1683.5567,2.688,243.07,5.1884,4.6377,0,power_contrast +0.69,log_period -0.54,max_single_event_fraction +0.50,ok,,,,,,,,,,,,,,,,,,,,,,,
582,TIC 202469217,TIC 202469217,14,0.0233268,0.013643395,False,1.3400514,1684.40083,0.96,639.45,3.7311,4.4117,0,harmonic_delta_loglike -0.34,log_period +0.25,secondary_sigma -0.22,ok,,,,,,,,,,,,,,,,,,,,,,,
583,TIC 159465423,TIC 159465423,14,0.0232839,0.013600367,False,11.533698,1685.69221,0.96,3355.3,3.568,4.6091,0,flux_skew +0.51,duration_over_period -0.42,harmonic_amp_over_depth -0.39,ok,,,,,,,,,,,,,,,,,,,,,,,
584,TIC 287151718,TIC 287151718,14,0.0232495,0.013565801,False,5.6575582,1688.58177,0.96,1920.6,3.4825,3.8008,0,duration_over_period -0.49,harmonic_delta_loglike -0.42,log_scatter +0.41,ok,,,,,,,,,,,,,,,,,,,,,,,
585,TIC 160096811,TIC 160096811,14,0.0232121,0.013528332,False,5.042512,1686.07189,0.96,2199.7,3.31,3.6794,0,duration_over_period -0.57,log_depth +0.51,harmonic_delta_loglike -0.42,ok,,,,,,,,,,,,,,,,,,,,,,,
586,TIC 202352790,TIC 202352790,14,0.0230588,0.013374977,False,0.99567612,1683.46914,3.84,467.48,4.2753,5.2295,0,log_duration_ratio -0.59,max_single_event_fraction +0.49,secondary_sigma +0.41,ok,,,,,,,,,,,,,,,,,,,,,,,
587,TIC 216098372,TIC 216098372,14,0.0228156,0.013133348,False,12.096984,1685.07776,0.96,2155.0,5.4316,4.5174,0,duration_over_period -0.47,log_depth +0.42,harmonic_amp_over_depth -0.42,ok,,,,,,,,,,,,,,,,,,,,,,,
588,TIC 229583699,TIC 229583699,14,0.0228014,0.013119284,False,6.7799979,1687.52094,2.688,944.3,2.8539,3.588,0,log_depth +0.45,flux_skew -0.42,harmonic_delta_loglike -0.41,ok,,,,,,,,,,,,,,,,,,,,,,,
589,TIC 230127302,TIC 230127302,14,0.0227924,0.013110444,False,6.9150764,1686.88114,1.728,1094.6,6.2904,3.699,0,flux_skew +0.64,duration_over_period -0.52,harmonic_delta_loglike -0.42,ok,,,,,,,,,,,,,,,,,,,,,,,
590,TIC 328933398,TIC 328933398,14,0.0227868,0.013104849,False,12.419824,1694.01583,3.84,1038.0,8.602,4.5378,0,max_single_event_fraction -0.93,log_depth +0.40,flux_skew +0.36,ok,,,,,,,,,,,,,,,,,,,,,,,
591,TIC 416637873,TIC 416637873,14,0.0227662,0.01308448,False,13.026597,1686.38842,3.84,1061.6,7.0426,3.2246,0,log_depth +0.42,harmonic_delta_loglike -0.39,log_duration_ratio +0.32,ok,,,,,,,,,,,,,,,,,,,,,,,
592,TIC 232635922,TIC 232635922,14,0.0227647,0.01308301,False,3.6228879,1686.28715,0.96,3040.1,4.265,4.2196,0,log_depth +0.49,flux_skew -0.43,log_scatter +0.41,ok,,,,,,,,,,,,,,,,,,,,,,,
593,TIC 198411530,TIC 198411530,14,0.0224182,0.012742526,False,2.1578943,1685.53835,0.96,427.62,4.0306,3.7127,0,log_depth -0.44,max_single_event_fraction +0.41,secondary_sigma -0.26,ok,,,,,,,,,,,,,,,,,,,,,,,
594,TIC 219760888,TIC 219760888,14,0.0224142,0.012738599,False,7.3248385,1686.53793,1.728,1604.8,4.2017,3.4831,0,log_depth +0.54,duration_over_period -0.47,harmonic_delta_loglike -0.40,ok,,,,,,,,,,,,,,,,,,,,,,,
595,TIC 400470054,TIC 400470054,14,0.0224113,0.012735725,False,8.8794038,1687.18336,0.96,1984.8,4.5172,3.673,0,duration_over_period -0.56,secondary_sigma +0.55,log_depth +0.43,ok,,,,,,,,,,,,,,,,,,,,,,,
596,TIC 120757506,TIC 120757506,14,0.0223968,0.012721626,False,3.5872901,1686.48886,1.728,830.97,4.4387,4.1266,0,log_depth +0.51,harmonic_delta_loglike -0.42,harmonic_amp_over_depth -0.38,ok,,,,,,,,,,,,,,,,,,,,,,,
597,TIC 230376344,TIC 230376344,14,0.0223894,0.01271434,False,0.52013323,1683.56249,3.84,128.57,4.9279,4.3665,0,bls_depth_over_scatter +0.53,log_period -0.48,max_single_event_fraction +0.47,ok,,,,,,,,,,,,,,,,,,,,,,,
598,TIC 230086486,TIC 230086486,14,0.022312,0.01263888,False,4.9754274,1683.93325,0.96,1791.1,3.6589,3.6445,0,log_depth +0.55,duration_over_period -0.49,harmonic_delta_loglike -0.41,ok,,,,,,,,,,,,,,,,,,,,,,,
599,TIC 326347927,TIC 326347927,14,0.0223067,0.012633779,False,1.302346,1683.91409,3.84,574.92,4.6113,2.8227,0,max_single_event_fraction +0.67,log_scatter +0.44,flat_bottom_fraction -0.33,ok,,,,,,,,,,,,,,,,,,,,,,,
600,TIC 416402842,TIC 416402842,14,0.0221583,0.012489567,False,1.2416804,1683.51505,5.76,366.88,4.4486,4.4726,0,max_single_event_fraction +0.57,flux_skew -0.39,log_scatter +0.35,ok,,,,,,,,,,,,,,,,,,,,,,,
601,TIC 219804402,TIC 219804402,14,0.0220206,0.012356412,False,2.7077805,1684.92602,2.688,622.97,3.9725,4.2701,0,max_single_event_fraction +0.41,flux_skew -0.35,harmonic_delta_loglike -0.29,ok,,,,,,,,,,,,,,,,,,,,,,,
602,TIC 377783633,TIC 377783633,14,0.0219958,0.012332451,False,1.0378773,1683.55429,3.84,264.1,4.1036,3.5802,0,log_depth -0.57,max_single_event_fraction +0.56,flux_skew -0.39,ok,,,,,,,,,,,,,,,,,,,,,,,
603,TIC 376995418,TIC 376995418,14,0.0219538,0.012292062,False,4.9357804,1686.81072,5.76,1299.5,5.2855,3.8786,0,flux_skew +0.46,log_depth +0.44,log_duration_ratio -0.41,ok,,,,,,,,,,,,,,,,,,,,,,,
604,TIC 359586349,TIC 359586349,14,0.021877,0.012218221,False,0.62637843,1683.59105,1.728,606.51,3.7167,3.2205,0,log_period -0.50,max_single_event_fraction +0.49,log_scatter +0.47,ok,,,,,,,,,,,,,,,,,,,,,,,
605,TIC 219803922,TIC 219803922,14,0.0218176,0.012161172,False,0.92651686,1684.09814,3.84,243.24,4.4401,3.6694,0,log_depth -0.59,max_single_event_fraction +0.58,flux_skew -0.33,ok,,,,,,,,,,,,,,,,,,,,,,,
606,TIC 462553286,TIC 462553286,14,0.021697,0.012045878,False,5.3676944,1686.56819,1.728,2139.1,3.308,4.1607,0,log_depth +0.56,harmonic_delta_loglike -0.41,log_scatter +0.39,ok,,,,,,,,,,,,,,,,,,,,,,,
607,TIC 11586409,TIC 11586409,14,0.0216091,0.011962084,False,4.8526745,1684.12573,5.76,533.61,8.4741,3.1764,0,log_duration_ratio -0.57,log_scatter +0.25,bls_sde +0.23,ok,,,,,,,,,,,,,,,,,,,,,,,
608,TIC 232611241,TIC 232611241,14,0.021609,0.011961982,False,4.1052833,1686.61414,0.96,2431.7,3.486,4.0673,0,log_depth +0.55,duration_over_period -0.49,harmonic_delta_loglike -0.41,ok,,,,,,,,,,,,,,,,,,,,,,,
609,TIC 232976128,TIC 232976128,14,0.0216031,0.011956314,False,6.5510312,1687.82367,2.688,558.25,4.7801,4.2701,0,flux_skew +0.79,odd_even_sigma -0.61,harmonic_delta_loglike -0.37,ok,,,,,,,,,,,,,,,,,,,,,,,
610,TIC 188649543,TIC 188649543,14,0.0215376,0.011894087,False,0.98790565,1683.80837,5.76,328.7,5.0226,4.1801,0,log_depth -0.53,secondary_sigma +0.41,max_single_event_fraction +0.33,ok,,,,,,,,,,,,,,,,,,,,,,,
611,TIC 158551714,TIC 158551714,14,0.0214907,0.01184955,False,4.0052534,1685.56033,0.96,1605.1,3.6143,3.1366,0,log_depth +0.52,duration_over_period -0.49,log_scatter +0.44,ok,,,,,,,,,,,,,,,,,,,,,,,
612,TIC 245019206,TIC 245019206,14,0.0214765,0.011836163,False,3.1090056,1684.71791,5.76,1484.2,4.4031,5.3117,0,log_depth +0.53,log_duration_ratio -0.48,harmonic_delta_loglike -0.36,ok,,,,,,,,,,,,,,,,,,,,,,,
613,TIC 233011367,TIC 233011367,14,0.0214621,0.011822465,False,6.2652292,1688.15285,0.96,2186.4,3.8847,4.5109,0,log_depth +0.49,duration_over_period -0.47,harmonic_delta_loglike -0.42,ok,,,,,,,,,,,,,,,,,,,,,,,
614,TIC 287139872,TIC 287139872,14,0.0214129,0.01177593,False,6.0823733,1688.76994,1.728,2061.8,3.6247,4.5099,0,log_depth +0.53,log_scatter +0.42,harmonic_delta_loglike -0.41,ok,,,,,,,,,,,,,,,,,,,,,,,
615,TIC 357303437,TIC 357303437,14,0.0214124,0.011775428,False,13.242267,1686.69608,0.96,5396.8,3.2754,3.7643,0,flux_skew +0.53,duration_over_period -0.46,log_depth +0.41,ok,,,,,,,,,,,,,,,,,,,,,,,
616,TIC 164678135,TIC 164678135,14,0.0213958,0.011759793,False,1.4023964,1684.05609,1.728,324.52,3.2406,3.3163,0,log_depth -0.67,max_single_event_fraction +0.49,secondary_sigma +0.37,ok,,,,,,,,,,,,,,,,,,,,,,,
617,TIC 270611536,TIC 270611536,14,0.0213619,0.011727776,False,1.083223,1683.40919,0.96,1796.8,11.189,5.3019,0,log_depth +0.66,max_single_event_fraction +0.63,delta_loglike -0.58,ok,,,,,,,,,,,,,,,,,,,,,,,
618,TIC 233867736,TIC 233867736,14,0.0213444,0.01171125,False,11.571764,1684.1749,1.728,1352.8,4.8723,5.2418,0,duration_over_period -0.49,harmonic_delta_loglike -0.41,log_depth +0.38,ok,,,,,,,,,,,,,,,,,,,,,,,
619,TIC 383723559,TIC 383723559,14,0.0213139,0.011682511,False,0.88481154,1683.57622,3.84,99.854,5.734,4.931,0,max_single_event_fraction +0.57,log_depth -0.54,log_duration_ratio -0.42,ok,,,,,,,,,,,,,,,,,,,,,,,
620,TIC 233602827,TIC 233602827,14,0.021311,0.011679754,False,1.1455301,1683.99824,5.76,571.78,5.4933,3.3691,0,log_duration_ratio -0.43,log_scatter +0.41,flux_skew -0.38,ok,,,,,,,,,,,,,,,,,,,,,,,
621,TIC 236762247,TIC 236762247,14,0.0211626,0.011540264,False,8.0449104,1687.44147,3.84,1199.2,3.9531,3.452,0,log_depth +0.48,harmonic_delta_loglike -0.41,log_scatter +0.33,ok,,,,,,,,,,,,,,,,,,,,,,,
622,TIC 29614407,TIC 29614407,14,0.0211238,0.011503858,False,5.1701871,1687.33738,0.96,1243.7,4.348,3.6163,0,duration_over_period -0.57,log_depth +0.40,flux_skew +0.40,ok,,,,,,,,,,,,,,,,,,,,,,,
623,TIC 270619211,TIC 270619211,14,0.0210915,0.011473653,False,12.2775,1694.47206,5.76,575.95,9.9579,3.3867,0,max_single_event_fraction -0.65,secondary_sigma +0.47,harmonic_delta_loglike +0.36,ok,,,,,,,,,,,,,,,,,,,,,,,
624,TIC 406672232,TIC 406672232,14,0.0210565,0.011440967,False,1.0226253,1683.54196,1.728,217.01,13.12,7.5962,1,log_depth -0.58,log_scatter -0.46,power_contrast +0.42,ok,,,,,,,,,,,,,,,,,,,,,,,
625,TIC 229944666,TIC 229944666,14,0.0210523,0.011437,False,0.54196792,1683.49452,1.728,221.01,4.6597,3.6107,0,log_depth -0.68,max_single_event_fraction +0.50,log_period -0.45,ok,,,,,,,,,,,,,,,,,,,,,,,
626,TIC 353732927,TIC 353732927,14,0.0210428,0.011428175,False,0.90393708,1683.94666,1.728,263.09,4.5954,4.8146,0,log_depth -0.66,max_single_event_fraction +0.54,flux_skew -0.47,ok,,,,,,,,,,,,,,,,,,,,,,,
627,TIC 47761731,TIC 47761731,14,0.0210056,0.011393431,False,1.0009857,1683.83158,5.76,2674.9,6.8816,4.0207,0,log_duration_ratio -0.57,log_depth +0.51,max_single_event_fraction +0.43,ok,,,,,,,,,,,,,,,,,,,,,,,
628,TIC 427041527,TIC 427041527,14,0.0209417,0.011333886,False,5.1092805,1683.94923,0.96,838.15,4.8328,3.2746,0,duration_over_period -0.50,harmonic_delta_loglike -0.42,flux_skew +0.41,ok,,,,,,,,,,,,,,,,,,,,,,,
629,TIC 358616703,TIC 358616703,14,0.0209229,0.011316472,False,2.3817582,1684.63542,0.96,498.4,3.6611,3.7947,0,flux_skew -0.48,harmonic_delta_loglike -0.38,secondary_sigma +0.33,ok,,,,,,,,,,,,,,,,,,,,,,,
630,TIC 233071926,TIC 233071926,14,0.0206962,0.011106481,False,1.0814409,1683.94244,2.688,201.45,4.2084,3.476,0,log_depth -0.64,max_single_event_fraction +0.53,secondary_sigma +0.40,ok,,,,,,,,,,,,,,,,,,,,,,,
631,TIC 120689120,TIC 120689120,14,0.0206941,0.011104506,False,6.1124923,1689.17251,0.96,1209.7,3.2193,3.5901,0,log_depth +0.52,duration_over_period -0.51,harmonic_delta_loglike -0.42,ok,,,,,,,,,,,,,,,,,,,,,,,
632,TIC 219466784,TIC 219466784,14,0.0206521,0.011065821,False,1.0226219,1683.60791,2.688,139.93,4.3603,3.17,0,log_depth -0.68,max_single_event_fraction +0.52,flux_skew -0.41,ok,,,,,,,,,,,,,,,,,,,,,,,
633,TIC 233951353,TIC 233951353,14,0.0205904,0.011009037,False,0.95436378,1683.98294,5.76,95.992,6.4392,5.0664,0,max_single_event_fraction +0.56,log_depth -0.55,log_duration_ratio -0.37,ok,,,,,,,,,,,,,,,,,,,,,,,
634,TIC 233071822,TIC 233071822,14,0.0205565,0.010977862,False,0.93570624,1684.23841,5.76,143.39,5.8528,3.1357,0,bls_depth_over_scatter +0.53,max_single_event_fraction +0.46,log_depth -0.39,ok,,,,,,,,,,,,,,,,,,,,,,,
635,TIC 352239069,TIC 352239069,14,0.020406,0.010840054,False,1.1857916,1683.8629,5.76,296.77,7.5066,2.6258,0,log_depth -0.43,max_single_event_fraction +0.38,delta_loglike +0.32,ok,,,,,,,,,,,,,,,,,,,,,,,
636,TIC 154868192,TIC 154868192,14,0.0203514,0.010790239,False,0.89949097,1684.17565,3.84,173.95,4.4727,3.4024,0,max_single_event_fraction +0.62,log_depth -0.54,flux_skew -0.36,ok,,,,,,,,,,,,,,,,,,,,,,,
637,TIC 356016119,TIC 356016119,14,0.0202043,0.010656457,False,3.9399186,1685.41724,0.96,1659.5,4.1405,4.0513,0,log_depth +0.53,duration_over_period -0.51,log_scatter +0.43,ok,,,,,,,,,,,,,,,,,,,,,,,
638,TIC 43303256,TIC 43303256,14,0.0201822,0.010636492,False,1.1511982,1683.64483,1.728,538.56,6.4989,3.9816,0,max_single_event_fraction +0.50,log_scatter +0.37,secondary_sigma -0.34,ok,,,,,,,,,,,,,,,,,,,,,,,
639,TIC 284452812,TIC 284452812,14,0.0201663,0.010622026,False,2.8967086,1685.23496,2.688,730.45,5.1298,3.4367,0,log_depth +0.48,harmonic_delta_loglike -0.41,flux_skew -0.35,ok,,,,,,,,,,,,,,,,,,,,,,,
640,TIC 15070144,TIC 15070144,14,0.0200438,0.010511375,False,8.7489686,1686.01269,3.84,1163.1,18.621,2.8228,0,clipped_fraction +0.73,delta_loglike -0.48,bls_sde -0.45,ok,,,,,,,,,,,,,,,,,,,,,,,
641,TIC 40292751,TIC 40292751,14,0.0200387,0.010506742,False,10.570601,1683.78944,3.84,4282.3,37.457,2.7793,0,max_single_event_fraction -0.99,bls_sde -0.78,harmonic_delta_loglike +0.61,ok,,,,,,,,,,,,,,,,,,,,,,,
642,TIC 26810957,TIC 26810957,14,0.0200012,0.010473038,False,0.93110229,1684.11957,2.688,228.15,5.4942,3.652,0,log_depth -0.65,max_single_event_fraction +0.57,flux_skew -0.28,ok,,,,,,,,,,,,,,,,,,,,,,,
643,TIC 394790968,TIC 394790968,14,0.019992,0.010464726,False,11.609609,1689.40119,3.84,882.58,4.2044,3.0407,0,harmonic_delta_loglike -0.40,log_depth +0.34,bls_sde +0.31,ok,,,,,,,,,,,,,,,,,,,,,,,
644,TIC 356871098,TIC 356871098,14,0.019933,0.010411713,False,4.1053283,1684.86191,0.96,2846.1,3.8461,5.1641,0,log_depth +0.49,harmonic_delta_loglike -0.40,duration_over_period -0.40,ok,,,,,,,,,,,,,,,,,,,,,,,
645,TIC 229710068,TIC 229710068,14,0.0198417,0.010329864,False,6.442923,1687.39776,2.688,873.65,4.0139,4.2636,0,log_depth +0.47,harmonic_delta_loglike -0.42,flux_skew -0.31,ok,,,,,,,,,,,,,,,,,,,,,,,
646,TIC 230016910,TIC 230016910,14,0.0198301,0.010319483,False,0.71447319,1683.60653,1.728,1508.5,132.04,3.3455,0,harmonic_delta_loglike +0.64,log_depth +0.55,log_period -0.47,ok,,,,,,,,,,,,,,,,,,,,,,,
647,TIC 109653265,TIC 109653265,14,0.0197672,0.010263275,False,4.9885073,1685.84586,1.728,993.84,5.1248,3.8482,0,max_single_event_fraction -0.75,log_depth +0.58,harmonic_delta_loglike -0.34,ok,,,,,,,,,,,,,,,,,,,,,,,
648,TIC 219092380,TIC 219092380,14,0.019766,0.010262184,False,2.293322,1683.86558,2.688,409.09,3.8102,3.728,0,log_depth -0.39,max_single_event_fraction +0.37,flux_skew -0.28,ok,,,,,,,,,,,,,,,,,,,,,,,
649,TIC 198365364,TIC 198365364,14,0.019712,0.010214011,False,0.81898533,1684.18611,2.688,331.39,3.2998,3.0973,0,log_period -0.55,log_depth -0.54,max_single_event_fraction +0.51,ok,,,,,,,,,,,,,,,,,,,,,,,
650,TIC 257046551,TIC 257046551,14,0.0196745,0.010180635,False,3.6169369,1686.90031,1.728,1449.2,3.6075,4.1455,0,log_depth +0.53,log_scatter +0.47,harmonic_delta_loglike -0.40,ok,,,,,,,,,,,,,,,,,,,,,,,
651,TIC 340763630,TIC 340763630,14,0.0196626,0.010170089,False,5.4476702,1684.27844,0.96,1607.4,2.7721,3.0613,0,duration_over_period -0.49,log_depth +0.43,harmonic_delta_loglike -0.42,ok,,,,,,,,,,,,,,,,,,,,,,,
652,TIC 137823142,TIC 137823142,14,0.0196609,0.010168578,False,0.80562564,1683.96499,5.76,1339.9,6.219,4.4833,0,log_duration_ratio -0.58,log_depth +0.58,max_single_event_fraction +0.43,ok,,,,,,,,,,,,,,,,,,,,,,,
653,TIC 368436807,TIC 368436807,14,0.0195192,0.010042927,False,3.6309299,1684.49442,1.728,1839.2,3.5125,3.8879,0,log_depth +0.49,log_scatter +0.44,harmonic_delta_loglike -0.41,ok,,,,,,,,,,,,,,,,,,,,,,,
654,TIC 264004897,TIC 264004897,14,0.0194911,0.010018062,False,0.54196808,1683.82074,2.688,542.64,3.5034,4.1461,0,log_scatter +0.49,bls_depth_over_scatter +0.49,log_period -0.47,ok,,,,,,,,,,,,,,,,,,,,,,,
655,TIC 142616078,TIC 142616078,14,0.0194241,0.0099588906,False,0.84637842,1684.07091,5.76,98.202,5.0237,3.6811,0,bls_depth_over_scatter +0.60,log_period -0.56,max_single_event_fraction +0.51,ok,,,,,,,,,,,,,,,,,,,,,,,
656,TIC 331371971,TIC 331371971,14,0.0193771,0.0099175557,False,3.5873496,1685.3899,0.96,1129.4,4.5372,4.1474,0,log_depth +0.53,duration_over_period -0.43,harmonic_delta_loglike -0.41,ok,,,,,,,,,,,,,,,,,,,,,,,
657,TIC 147563780,TIC 147563780,14,0.0191671,0.0097334619,False,8.6915705,1687.02612,3.84,2075.6,3.3347,3.4624,0,log_depth +0.49,harmonic_delta_loglike -0.43,flux_skew -0.38,ok,,,,,,,,,,,,,,,,,,,,,,,
658,TIC 289534722,TIC 289534722,14,0.0190994,0.0096744502,False,0.75930677,1683.99075,3.84,552.8,4.0873,3.9496,0,bls_depth_over_scatter +0.50,max_single_event_fraction +0.49,log_period -0.41,ok,,,,,,,,,,,,,,,,,,,,,,,
659,TIC 288600151,TIC 288600151,14,0.0190745,0.009652789,False,1.031071,1684.09264,3.84,232.71,4.7638,4.8954,0,log_depth -0.59,max_single_event_fraction +0.50,log_duration_ratio -0.39,ok,,,,,,,,,,,,,,,,,,,,,,,
660,TIC 233187236,TIC 233187236,14,0.0189583,0.0095519,False,1.8825189,1684.47255,0.96,322.96,4.4716,5.2473,0,log_depth -0.68,max_single_event_fraction +0.48,flux_skew -0.47,ok,,,,,,,,,,,,,,,,,,,,,,,
661,TIC 219873754,TIC 219873754,14,0.0187961,0.0094119343,False,0.55005064,1683.7055,2.688,394.63,3.9374,3.7313,0,max_single_event_fraction +0.50,log_period -0.48,log_scatter +0.48,ok,,,,,,,,,,,,,,,,,,,,,,,
662,TIC 219808675,TIC 219808675,14,0.0187867,0.009403798,False,0.70050778,1683.66204,1.728,514.28,4.0082,4.3163,0,max_single_event_fraction +0.50,log_scatter +0.46,log_period -0.45,ok,,,,,,,,,,,,,,,,,,,,,,,
663,TIC 232603560,TIC 232603560,14,0.0187858,0.0094029892,False,7.2171591,1687.63812,2.688,1396.5,5.137,4.1939,0,log_depth +0.50,harmonic_delta_loglike -0.42,log_duration_ratio +0.25,ok,,,,,,,,,,,,,,,,,,,,,,,
664,TIC 153949511,TIC 153949511,14,0.018734,0.0093584703,False,7.4274436,1684.95471,2.688,646.7,11.937,3.3147,0,odd_even_sigma -0.96,flux_skew +0.48,secondary_sigma -0.34,ok,,,,,,,,,,,,,,,,,,,,,,,
665,TIC 142617926,TIC 142617926,14,0.0187086,0.009336744,False,6.1833508,1689.12698,3.84,452.82,4.6385,4.0701,0,harmonic_delta_loglike -0.40,log_depth -0.34,odd_even_sigma +0.30,ok,,,,,,,,,,,,,,,,,,,,,,,
666,TIC 282362412,TIC 282362412,14,0.0186972,0.009326932,False,6.6147963,1687.75771,0.96,1938.7,4.3871,4.0421,0,duration_over_period -0.48,harmonic_delta_loglike -0.41,log_depth +0.37,ok,,,,,,,,,,,,,,,,,,,,,,,
667,TIC 237183126,TIC 237183126,14,0.0186233,0.0092636348,False,1.8701722,1684.79287,2.688,273.96,5.0078,5.1016,0,log_depth -0.67,flux_skew -0.49,max_single_event_fraction +0.38,ok,,,,,,,,,,,,,,,,,,,,,,,
668,TIC 418365642,TIC 418365642,14,0.0185741,0.0092216194,False,13.374034,1690.57371,2.688,1823.3,4.4882,3.5121,0,harmonic_delta_loglike -0.41,duration_over_period -0.39,log_depth +0.35,ok,,,,,,,,,,,,,,,,,,,,,,,
669,TIC 229951289,TIC 229951289,14,0.0185704,0.0092184588,False,3.0232785,1685.87468,1.728,357.34,5.0959,3.4376,0,harmonic_delta_loglike -0.42,secondary_sigma +0.40,log_depth -0.36,ok,,,,,,,,,,,,,,,,,,,,,,,
670,TIC 21017090,TIC 21017090,14,0.0185674,0.0092158988,False,4.3894871,1683.69961,0.96,1579.6,3.4168,3.0715,0,duration_over_period -0.50,log_depth +0.45,log_scatter +0.42,ok,,,,,,,,,,,,,,,,,,,,,,,
671,TIC 219741252,TIC 219741252,14,0.0185226,0.0091777007,False,6.0435273,1686.28952,1.728,818.45,3.1789,3.1339,0,harmonic_delta_loglike -0.41,log_depth +0.39,duration_over_period -0.39,ok,,,,,,,,,,,,,,,,,,,,,,,
672,TIC 424439649,TIC 424439649,14,0.0185159,0.0091720381,False,1.5735369,1684.33449,3.84,335.16,4.1187,3.648,0,log_depth -0.54,flux_skew -0.37,max_single_event_fraction +0.35,ok,,,,,,,,,,,,,,,,,,,,,,,
673,TIC 441739871,TIC 441739871,14,0.0184557,0.0091208602,False,5.8662949,1685.625,0.96,2734.4,3.6421,3.4521,0,duration_over_period -0.49,log_depth +0.44,harmonic_delta_loglike -0.41,ok,,,,,,,,,,,,,,,,,,,,,,,
674,TIC 233243653,TIC 233243653,14,0.0184333,0.0091018414,False,0.95279422,1683.70712,5.76,384.18,5.4249,4.1487,0,max_single_event_fraction +0.57,log_scatter +0.39,log_duration_ratio -0.31,ok,,,,,,,,,,,,,,,,,,,,,,,
675,TIC 13693070,TIC 13693070,14,0.018412,0.0090837245,False,10.746105,1688.51689,1.728,1528.4,4.4294,3.5339,0,duration_over_period -0.45,log_depth +0.44,log_scatter +0.43,ok,,,,,,,,,,,,,,,,,,,,,,,
676,TIC 157549627,TIC 157549627,14,0.0184087,0.0090809576,False,7.8486792,1687.48065,3.84,562.56,4.0119,3.5708,0,harmonic_delta_loglike -0.42,flux_skew -0.32,log_duration_ratio +0.25,ok,,,,,,,,,,,,,,,,,,,,,,,
677,TIC 441739020,TIC 441739020,14,0.0183948,0.0090691194,False,7.0601387,1685.73717,2.688,392.37,8.2543,3.9641,0,flux_skew -0.34,log_depth -0.34,log_duration_ratio +0.32,ok,,,,,,,,,,,,,,,,,,,,,,,
678,TIC 110422759,TIC 110422759,14,0.0183825,0.0090586965,False,6.3933082,1689.5378,1.728,1129.3,3.4073,3.3902,0,log_depth +0.49,harmonic_delta_loglike -0.41,duration_over_period -0.40,ok,,,,,,,,,,,,,,,,,,,,,,,
679,TIC 138807339,TIC 138807339,14,0.0183005,0.0089893767,False,3.7936549,1685.20078,0.96,1808.2,4.0697,3.8389,0,log_depth +0.50,duration_over_period -0.47,harmonic_delta_loglike -0.42,ok,,,,,,,,,,,,,,,,,,,,,,,
680,TIC 14203588,TIC 14203588,14,0.0182781,0.0089705215,False,0.90245435,1683.74481,1.728,84.402,5.241,3.3297,0,log_depth -0.70,log_scatter -0.53,max_single_event_fraction +0.52,ok,,,,,,,,,,,,,,,,,,,,,,,
681,TIC 282556586,TIC 282556586,14,0.0182641,0.0089586564,False,7.9659883,1685.44154,0.96,1719.1,3.892,3.4118,0,log_depth +0.43,duration_over_period -0.43,harmonic_delta_loglike -0.42,ok,,,,,,,,,,,,,,,,,,,,,,,
682,TIC 299092379,TIC 299092379,14,0.0182311,0.0089309186,False,12.037533,1694.22735,0.96,1298.6,4.7332,3.8136,0,duration_over_period -0.46,harmonic_delta_loglike -0.41,log_depth +0.41,ok,,,,,,,,,,,,,,,,,,,,,,,
683,TIC 198512628,TIC 198512628,14,0.0181579,0.0088693299,False,10.553251,1683.93199,1.728,61028.0,80.914,4.1816,0,odd_even_sigma -0.86,flux_skew +0.77,harmonic_delta_loglike +0.65,ok,,,,,,,,,,,,,,,,,,,,,,,
684,TIC 68672930,TIC 68672930,14,0.0180878,0.0088105942,False,3.0532202,1685.77694,0.96,752.04,4.8143,3.3885,0,log_depth +0.46,harmonic_delta_loglike -0.40,power_contrast -0.28,ok,,,,,,,,,,,,,,,,,,,,,,,
685,TIC 199572954,TIC 199572954,14,0.0180752,0.0088000171,False,4.0576022,1687.26127,0.96,1373.2,3.1555,3.183,0,duration_over_period -0.51,log_depth +0.51,harmonic_delta_loglike -0.41,ok,,,,,,,,,,,,,,,,,,,,,,,
686,TIC 405689470,TIC 405689470,14,0.018063,0.0087898625,False,3.0034378,1684.03559,2.688,839.67,4.7473,4.0632,0,log_depth +0.49,flux_skew -0.45,harmonic_delta_loglike -0.43,ok,,,,,,,,,,,,,,,,,,,,,,,
687,TIC 149918896,TIC 149918896,14,0.0180137,0.008748614,False,3.6368195,1684.08224,0.96,2760.0,3.5142,3.1192,0,log_depth +0.47,duration_over_period -0.44,harmonic_delta_loglike -0.41,ok,,,,,,,,,,,,,,,,,,,,,,,
688,TIC 239275224,TIC 239275224,14,0.0179977,0.0087352557,False,1.357019,1683.66825,5.76,373.3,5.1651,4.6867,0,log_duration_ratio -0.39,max_single_event_fraction +0.33,secondary_sigma +0.26,ok,,,,,,,,,,,,,,,,,,,,,,,
689,TIC 462550753,TIC 462550753,14,0.0179523,0.0086974241,False,6.193514,1687.01617,0.96,2284.0,3.2767,3.3516,0,duration_over_period -0.48,log_scatter +0.45,log_depth +0.44,ok,,,,,,,,,,,,,,,,,,,,,,,
690,TIC 160419030,TIC 160419030,14,0.0178685,0.0086278245,False,1.644992,1683.49661,3.84,524.08,3.2174,2.9162,0,max_single_event_fraction +0.54,log_scatter +0.41,bls_sde -0.35,ok,,,,,,,,,,,,,,,,,,,,,,,
691,TIC 321669174,TIC 321669174,14,0.0178384,0.0086028369,False,4.5610026,1685.89493,1.728,1241.3,4.2055,3.3438,0,log_depth +0.50,harmonic_delta_loglike -0.41,flux_skew -0.33,ok,,,,,,,,,,,,,,,,,,,,,,,
692,TIC 289164482,TIC 289164482,14,0.0178129,0.0085817031,False,0.9960562,1683.92838,5.76,227.15,7.2028,4.4035,0,log_depth -0.55,max_single_event_fraction +0.48,secondary_sigma +0.41,ok,,,,,,,,,,,,,,,,,,,,,,,
693,TIC 365047436,TIC 365047436,14,0.0177774,0.0085523383,False,7.2411013,1684.62309,3.84,830.49,4.8963,3.5097,0,harmonic_delta_loglike -0.41,log_depth +0.39,flux_skew -0.35,ok,,,,,,,,,,,,,,,,,,,,,,,
694,TIC 198491409,TIC 198491409,14,0.0177549,0.0085337171,False,1.3370747,1683.98758,2.688,185.12,4.1679,3.5119,0,log_depth -0.66,max_single_event_fraction +0.57,flux_skew -0.48,ok,,,,,,,,,,,,,,,,,,,,,,,
695,TIC 229752221,TIC 229752221,14,0.0176649,0.0084595585,False,0.55733677,1683.55358,0.96,366.83,3.8964,3.093,0,max_single_event_fraction +0.60,log_period -0.58,log_depth -0.40,ok,,,,,,,,,,,,,,,,,,,,,,,
696,TIC 341815197,TIC 341815197,14,0.0176553,0.0084516277,False,3.1657374,1684.0149,2.688,718.6,4.6025,3.2984,0,log_depth +0.44,harmonic_delta_loglike -0.39,secondary_sigma -0.31,ok,,,,,,,,,,,,,,,,,,,,,,,
697,TIC 138649634,TIC 138649634,14,0.0176473,0.0084450077,False,8.8190905,1690.41477,1.728,7314.8,3.3706,3.3872,0,duration_over_period -0.50,log_depth +0.47,harmonic_delta_loglike -0.40,ok,,,,,,,,,,,,,,,,,,,,,,,
698,TIC 284556024,TIC 284556024,14,0.0176361,0.0084358307,False,4.2249543,1686.42235,1.728,904.46,3.6406,3.3959,0,log_depth +0.52,harmonic_delta_loglike -0.42,flux_skew -0.35,ok,,,,,,,,,,,,,,,,,,,,,,,
699,TIC 110426079,TIC 110426079,14,0.0176101,0.0084144554,False,5.9396585,1686.69383,1.728,1239.0,4.0636,3.5841,0,log_depth +0.54,harmonic_delta_loglike -0.42,flux_skew -0.38,ok,,,,,,,,,,,,,,,,,,,,,,,
700,TIC 156197959,TIC 156197959,14,0.0174941,0.0083194696,False,1.9137598,1684.90342,0.96,462.87,4.3469,4.2608,0,flux_skew -0.47,secondary_sigma +0.44,harmonic_delta_loglike -0.36,ok,,,,,,,,,,,,,,,,,,,,,,,
701,TIC 233617847,TIC 233617847,14,0.0174771,0.0083055397,False,9.946571,1683.99424,3.84,685.47,7.1649,4.4374,0,harmonic_delta_loglike -0.41,secondary_sigma -0.33,log_duration_ratio +0.33,ok,,,,,,,,,,,,,,,,,,,,,,,
702,TIC 90004111,TIC 90004111,14,0.0174734,0.0083025113,False,1.9647894,1685.10137,0.96,1005.5,4.2798,2.7718,0,bls_sde -0.50,log_depth +0.47,log_period +0.38,ok,,,,,,,,,,,,,,,,,,,,,,,
703,TIC 158991470,TIC 158991470,14,0.0174439,0.0082784879,False,0.51502512,1683.49236,1.728,599.16,4.6778,5.0629,0,log_period -0.48,secondary_sigma -0.47,max_single_event_fraction +0.46,ok,,,,,,,,,,,,,,,,,,,,,,,
704,TIC 417868494,TIC 417868494,14,0.0174014,0.0082438708,False,8.6347754,1689.27045,0.96,3035.1,3.1829,3.1404,0,duration_over_period -0.56,log_depth +0.42,log_scatter +0.40,ok,,,,,,,,,,,,,,,,,,,,,,,
705,TIC 233633993,TIC 233633993,14,0.0173149,0.008173514,False,6.4217473,1688.69069,2.688,1425.7,4.2342,3.6092,0,log_depth +0.49,harmonic_delta_loglike -0.43,log_scatter +0.40,ok,,,,,,,,,,,,,,,,,,,,,,,
706,TIC 280071010,TIC 280071010,14,0.0172955,0.0081577765,False,5.5109,1686.13372,1.728,938.99,2.6284,3.4579,0,log_depth +0.43,harmonic_delta_loglike -0.40,flux_skew -0.25,ok,,,,,,,,,,,,,,,,,,,,,,,
707,TIC 148964614,TIC 148964614,14,0.0172732,0.0081397793,False,6.1427536,1683.90737,0.96,2208.2,3.091,3.3405,0,duration_over_period -0.51,log_depth +0.45,log_scatter +0.42,ok,,,,,,,,,,,,,,,,,,,,,,,
708,TIC 121737613,TIC 121737613,14,0.0172447,0.0081166981,False,6.3586252,1686.46081,2.688,1012.5,3.6176,2.9951,0,log_depth +0.48,bls_sde -0.46,harmonic_delta_loglike -0.38,ok,,,,,,,,,,,,,,,,,,,,,,,
709,TIC 86430141,TIC 86430141,14,0.0172035,0.008083389,False,0.61211936,1683.77398,0.96,580.63,3.7525,3.5261,0,max_single_event_fraction +0.48,log_period -0.44,log_scatter +0.42,ok,,,,,,,,,,,,,,,,,,,,,,,
710,TIC 103802712,TIC 103802712,14,0.0171516,0.0080415001,False,0.77955467,1683.61035,2.688,784.84,3.3858,3.6152,0,log_depth +0.53,max_single_event_fraction +0.46,flux_skew -0.44,ok,,,,,,,,,,,,,,,,,,,,,,,
711,TIC 15784897,TIC 15784897,14,0.0170633,0.0079705307,False,0.63886586,1683.45287,1.728,574.59,4.9605,4.0669,0,log_period -0.46,log_scatter +0.42,max_single_event_fraction +0.41,ok,,,,,,,,,,,,,,,,,,,,,,,
712,TIC 288312975,TIC 288312975,14,0.0170362,0.0079487711,False,0.95750707,1684.04465,2.688,228.74,3.2935,3.4871,0,log_depth -0.66,max_single_event_fraction +0.59,flux_skew -0.41,ok,,,,,,,,,,,,,,,,,,,,,,,
713,TIC 274027840,TIC 274027840,14,0.0170164,0.0079329421,False,7.0298161,1690.3084,3.84,1088.0,4.0175,2.7824,0,bls_sde -0.53,log_depth +0.45,harmonic_delta_loglike -0.40,ok,,,,,,,,,,,,,,,,,,,,,,,
714,TIC 121217833,TIC 121217833,14,0.0169381,0.0078702506,False,0.89505925,1684.09254,2.688,216.26,4.932,4.5286,0,log_depth -0.65,max_single_event_fraction +0.61,secondary_sigma -0.39,ok,,,,,,,,,,,,,,,,,,,,,,,
715,TIC 282071983,TIC 282071983,14,0.0169175,0.0078538386,False,7.018321,1687.95374,0.96,2155.3,3.9372,3.5827,0,duration_over_period -0.51,log_depth +0.47,log_scatter +0.46,ok,,,,,,,,,,,,,,,,,,,,,,,
716,TIC 28300704,TIC 28300704,14,0.016912,0.0078494183,False,7.0182862,1684.43944,3.84,480.49,4.1012,3.4548,0,harmonic_delta_loglike -0.42,log_duration_ratio +0.24,delta_loglike +0.19,ok,,,,,,,,,,,,,,,,,,,,,,,
717,TIC 441723854,TIC 441723854,14,0.0169093,0.0078472836,False,1.0634216,1684.30067,5.76,668.94,25.365,2.2254,0,flux_skew +0.74,clipped_fraction +0.67,bls_sde -0.50,ok,,,,,,,,,,,,,,,,,,,,,,,
718,TIC 269666569,TIC 269666569,14,0.016898,0.0078382832,False,12.667461,1695.28604,0.96,621.55,4.3637,4.5423,0,secondary_sigma +0.57,duration_over_period -0.45,harmonic_delta_loglike -0.42,ok,,,,,,,,,,,,,,,,,,,,,,,
719,TIC 232624323,TIC 232624323,14,0.0168388,0.007791164,False,4.9928817,1686.43089,1.728,771.64,4.9564,4.2574,0,log_depth +0.51,flux_skew -0.42,harmonic_delta_loglike -0.41,ok,,,,,,,,,,,,,,,,,,,,,,,
720,TIC 233129415,TIC 233129415,14,0.01682,0.0077762225,False,0.70281635,1684.03422,3.84,222.96,3.6285,3.4633,0,bls_depth_over_scatter +0.52,log_period -0.48,max_single_event_fraction +0.46,ok,,,,,,,,,,,,,,,,,,,,,,,
721,TIC 421308357,TIC 421308357,14,0.0167804,0.0077447627,False,8.3413563,1685.04697,1.728,2752.4,26.84,2.9727,0,odd_even_sigma -0.99,bls_sde -0.66,flux_skew +0.65,ok,,,,,,,,,,,,,,,,,,,,,,,
722,TIC 232524413,TIC 232524413,14,0.0167757,0.0077410627,False,11.841164,1694.01952,3.84,2243.7,4.0677,3.3297,0,log_depth +0.49,harmonic_amp_over_depth -0.41,harmonic_delta_loglike -0.41,ok,,,,,,,,,,,,,,,,,,,,,,,
723,TIC 10335989,TIC 10335989,14,0.016769,0.0077357333,False,1.8732485,1684.202,2.688,356.08,3.0072,5.1943,0,flux_skew -0.45,max_single_event_fraction +0.39,log_depth -0.38,ok,,,,,,,,,,,,,,,,,,,,,,,
724,TIC 142747004,TIC 142747004,14,0.0167467,0.0077180924,False,7.0182999,1686.57868,0.96,1272.9,3.8408,4.5895,0,log_depth +0.53,duration_over_period -0.48,harmonic_delta_loglike -0.41,ok,,,,,,,,,,,,,,,,,,,,,,,
725,TIC 288237940,TIC 288237940,14,0.016683,0.0076677057,False,4.5610738,1684.78013,0.96,1548.7,3.074,3.5102,0,duration_over_period -0.56,log_scatter +0.48,log_depth +0.47,ok,,,,,,,,,,,,,,,,,,,,,,,
726,TIC 214465050,TIC 214465050,14,0.016592,0.0075959748,False,0.6212479,1683.84978,0.96,534.27,10.649,3.2937,0,log_period -0.54,delta_loglike -0.52,max_single_event_fraction +0.35,ok,,,,,,,,,,,,,,,,,,,,,,,
727,TIC 371766658,TIC 371766658,14,0.0165796,0.0075862206,False,6.3482526,1688.51513,1.728,2252.6,3.9876,4.1472,0,log_depth +0.46,log_scatter +0.41,harmonic_delta_loglike -0.40,ok,,,,,,,,,,,,,,,,,,,,,,,
728,TIC 233500935,TIC 233500935,14,0.0164887,0.0075149411,False,2.5063456,1685.82469,1.728,688.48,4.0591,4.6303,0,harmonic_delta_loglike -0.40,flux_skew -0.32,secondary_sigma -0.27,ok,,,,,,,,,,,,,,,,,,,,,,,
729,TIC 159540260,TIC 159540260,14,0.0164606,0.0074929613,False,0.52963,1683.7724,3.84,249.02,4.2532,4.0989,0,bls_depth_over_scatter +0.54,log_period -0.45,log_depth -0.42,ok,,,,,,,,,,,,,,,,,,,,,,,
730,TIC 284900411,TIC 284900411,14,0.016403,0.007447906,False,0.64096952,1683.80247,2.688,585.26,3.5995,4.8226,0,log_scatter +0.50,max_single_event_fraction +0.49,log_period -0.49,ok,,,,,,,,,,,,,,,,,,,,,,,
731,TIC 235932048,TIC 235932048,14,0.0162692,0.0073438867,False,8.0053964,1688.40488,2.688,1137.5,4.3866,4.4078,0,log_depth +0.51,harmonic_delta_loglike -0.41,harmonic_amp_over_depth -0.40,ok,,,,,,,,,,,,,,,,,,,,,,,
732,TIC 287198546,TIC 287198546,14,0.0162573,0.0073346701,False,10.622996,1684.15396,1.728,3031.1,3.5772,3.6773,0,duration_over_period -0.47,log_depth +0.44,harmonic_delta_loglike -0.41,ok,,,,,,,,,,,,,,,,,,,,,,,
733,TIC 159511175,TIC 159511175,14,0.0162162,0.0073028355,False,5.7327613,1684.16851,0.96,665.22,4.1655,3.3678,0,duration_over_period -0.44,harmonic_delta_loglike -0.42,flux_skew +0.26,ok,,,,,,,,,,,,,,,,,,,,,,,
734,TIC 123417762,TIC 123417762,14,0.016189,0.007281753,False,4.9846867,1686.72411,5.76,720.74,2.9144,3.0575,0,log_depth +0.41,bls_sde +0.40,log_scatter +0.38,ok,,,,,,,,,,,,,,,,,,,,,,,
735,TIC 275662282,TIC 275662282,14,0.0161512,0.0072525683,False,0.52615678,1683.61599,5.76,228.77,4.7015,4.7669,0,bls_depth_over_scatter +0.52,log_period -0.50,max_single_event_fraction +0.47,ok,,,,,,,,,,,,,,,,,,,,,,,
736,TIC 356584056,TIC 356584056,14,0.0161384,0.0072427371,False,3.7317727,1685.82615,0.96,1764.0,3.6076,3.6637,0,log_depth +0.51,duration_over_period -0.44,harmonic_delta_loglike -0.41,ok,,,,,,,,,,,,,,,,,,,,,,,
737,TIC 210358844,TIC 210358844,14,0.016118,0.0072270087,False,4.8234613,1687.07803,0.96,3606.9,4.2992,3.4813,0,duration_over_period -0.50,harmonic_delta_loglike -0.41,log_depth +0.41,ok,,,,,,,,,,,,,,,,,,,,,,,
738,TIC 316492633,TIC 316492633,14,0.0160815,0.0071989431,False,6.3168699,1685.21116,0.96,2238.5,3.6298,4.017,0,log_depth +0.51,duration_over_period -0.49,harmonic_delta_loglike -0.41,ok,,,,,,,,,,,,,,,,,,,,,,,
739,TIC 256662902,TIC 256662902,14,0.0160013,0.0071373739,False,6.4535868,1689.42617,1.728,1951.7,4.5484,3.78,0,log_depth +0.43,harmonic_delta_loglike -0.43,log_scatter +0.32,ok,,,,,,,,,,,,,,,,,,,,,,,
740,TIC 377780790,TIC 377780790,14,0.0159726,0.0071153474,False,1.352557,1684.41966,5.76,142.96,4.7433,5.0785,0,log_depth -0.58,max_single_event_fraction +0.52,log_duration_ratio -0.31,ok,,,,,,,,,,,,,,,,,,,,,,,
741,TIC 156199559,TIC 156199559,14,0.0159699,0.0071133023,False,1.9745171,1685.14752,3.84,684.83,3.9379,3.377,0,log_duration_ratio -0.46,log_scatter +0.41,harmonic_delta_loglike -0.29,ok,,,,,,,,,,,,,,,,,,,,,,,
742,TIC 282241223,TIC 282241223,14,0.0159693,0.0071128224,False,1.1645324,1683.55345,3.84,259.91,5.3605,4.125,0,log_depth -0.54,max_single_event_fraction +0.43,secondary_sigma +0.41,ok,,,,,,,,,,,,,,,,,,,,,,,
743,TIC 405766983,TIC 405766983,14,0.0158817,0.0070459166,False,5.780135,1689.11482,3.84,747.85,5.2784,3.3916,0,log_depth +0.43,harmonic_delta_loglike -0.40,harmonic_amp_over_depth -0.40,ok,,,,,,,,,,,,,,,,,,,,,,,
744,TIC 329250769,TIC 329250769,14,0.0158793,0.0070441156,False,10.728199,1685.53434,0.96,2069.3,3.7184,4.4059,0,duration_over_period -0.55,flux_skew +0.54,harmonic_delta_loglike -0.41,ok,,,,,,,,,,,,,,,,,,,,,,,
745,TIC 235678745,TIC 235678745,14,0.0158541,0.0070248833,False,7.0762681,1684.59317,0.96,883.16,3.2988,3.131,0,duration_over_period -0.51,log_depth +0.42,harmonic_delta_loglike -0.40,ok,,,,,,,,,,,,,,,,,,,,,,,
746,TIC 392871873,TIC 392871873,14,0.0158118,0.0069927762,False,4.6190154,1684.19809,2.688,195.92,8.1462,3.0779,0,log_depth -0.60,log_scatter -0.50,bls_sde +0.32,ok,,,,,,,,,,,,,,,,,,,,,,,
747,TIC 103605399,TIC 103605399,14,0.0157946,0.0069796909,False,11.178766,1687.3383,1.728,2275.2,3.8672,3.8053,0,duration_over_period -0.46,log_scatter +0.45,log_depth +0.44,ok,,,,,,,,,,,,,,,,,,,,,,,
748,TIC 362079880,TIC 362079880,14,0.015762,0.0069549543,False,3.862876,1683.61085,0.96,1319.1,3.5821,3.9959,0,log_depth +0.52,duration_over_period -0.48,harmonic_delta_loglike -0.40,ok,,,,,,,,,,,,,,,,,,,,,,,
749,TIC 154867950,TIC 154867950,14,0.0157381,0.0069368631,False,0.66678081,1683.87962,1.728,192.0,13.679,10.149,1,log_depth -0.63,log_period -0.53,power_contrast +0.42,ok,,,,,,,,,,,,,,,,,,,,,,,
750,TIC 169177766,TIC 169177766,14,0.0157118,0.0069169759,False,1.7028119,1684.27255,2.688,222.46,4.9515,4.842,0,log_depth -0.64,flux_skew -0.48,max_single_event_fraction +0.40,ok,,,,,,,,,,,,,,,,,,,,,,,
751,TIC 258389327,TIC 258389327,14,0.015701,0.0069088124,False,9.8005059,1691.87775,0.96,9212.4,8.5527,3.0355,0,max_single_event_fraction -0.99,duration_over_period -0.45,log_depth +0.39,ok,,,,,,,,,,,,,,,,,,,,,,,
752,TIC 198236276,TIC 198236276,14,0.0156509,0.0068709193,False,7.0112263,1687.1577,0.96,1466.8,3.4333,3.415,0,duration_over_period -0.49,log_depth +0.47,flux_skew -0.44,ok,,,,,,,,,,,,,,,,,,,,,,,
753,TIC 296011394,TIC 296011394,14,0.015564,0.006805579,False,4.0516931,1684.73566,0.96,1353.5,3.8721,3.4901,0,log_depth +0.54,duration_over_period -0.49,harmonic_delta_loglike -0.41,ok,,,,,,,,,,,,,,,,,,,,,,,
754,TIC 63292994,TIC 63292994,14,0.0155522,0.006796707,False,6.2139198,1686.40002,0.96,1209.6,4.0513,3.0303,0,duration_over_period -0.50,log_depth +0.42,harmonic_delta_loglike -0.41,ok,,,,,,,,,,,,,,,,,,,,,,,
755,TIC 123043359,TIC 123043359,14,0.0155165,0.0067699437,False,0.62124759,1683.60813,1.728,814.09,90.424,2.9725,0,harmonic_delta_loglike +0.61,log_depth +0.48,log_period -0.42,ok,,,,,,,,,,,,,,,,,,,,,,,
756,TIC 377254016,TIC 377254016,14,0.0153979,0.0066812945,False,4.9847382,1685.41477,3.84,661.58,4.9596,3.2736,0,harmonic_delta_loglike -0.42,flux_skew -0.31,log_duration_ratio +0.29,ok,,,,,,,,,,,,,,,,,,,,,,,
757,TIC 159716054,TIC 159716054,14,0.015295,0.0066047998,False,1.2274637,1683.43647,0.96,197.11,4.3637,3.5747,0,log_depth -0.69,max_single_event_fraction +0.64,flux_skew -0.44,ok,,,,,,,,,,,,,,,,,,,,,,,
758,TIC 219875976,TIC 219875976,14,0.015277,0.0065914196,False,6.5497253,1687.31357,1.728,1428.1,3.6591,2.9133,0,log_scatter +0.45,bls_sde -0.44,log_depth +0.41,ok,,,,,,,,,,,,,,,,,,,,,,,
759,TIC 353667987,TIC 353667987,14,0.0152594,0.006578353,False,1.1606966,1683.99819,5.76,1644.7,13.753,3.4903,0,log_duration_ratio -0.63,log_depth +0.56,harmonic_delta_loglike -0.37,ok,,,,,,,,,,,,,,,,,,,,,,,
760,TIC 393045993,TIC 393045993,14,0.0151538,0.0065003981,False,1.2756071,1684.26145,0.96,586.08,4.0681,3.2995,0,harmonic_delta_loglike -0.35,flux_skew -0.30,log_period +0.25,ok,,,,,,,,,,,,,,,,,,,,,,,
761,TIC 202934159,TIC 202934159,14,0.0151529,0.0064997085,False,5.1854759,1686.43733,1.728,2311.9,4.2033,2.8685,0,bls_sde -0.54,log_depth +0.48,log_scatter +0.45,ok,,,,,,,,,,,,,,,,,,,,,,,
762,TIC 214915378,TIC 214915378,14,0.0151246,0.0064789049,False,0.85056389,1683.96158,5.76,695.48,22.7,2.364,0,flux_skew +0.66,clipped_fraction +0.66,delta_loglike -0.51,ok,,,,,,,,,,,,,,,,,,,,,,,
763,TIC 426121826,TIC 426121826,14,0.0151241,0.0064785171,False,3.3204114,1685.25714,0.96,1141.6,3.9842,4.1173,0,log_depth +0.54,flux_skew -0.43,duration_over_period -0.42,ok,,,,,,,,,,,,,,,,,,,,,,,
764,TIC 233154666,TIC 233154666,14,0.0151103,0.006468384,False,6.1024807,1686.22633,1.728,1133.1,3.7247,4.5573,0,log_depth +0.48,harmonic_delta_loglike -0.42,harmonic_amp_over_depth -0.38,ok,,,,,,,,,,,,,,,,,,,,,,,
765,TIC 47756316,TIC 47756316,14,0.015086,0.0064504834,False,5.1939548,1685.73929,0.96,1792.3,4.1422,2.8778,0,bls_sde -0.55,duration_over_period -0.44,flux_skew +0.44,ok,,,,,,,,,,,,,,,,,,,,,,,
766,TIC 301072593,TIC 301072593,14,0.0150293,0.0064089044,False,4.2078592,1684.15815,1.728,1187.4,5.6424,3.4047,0,log_depth +0.52,harmonic_delta_loglike -0.42,flux_skew -0.41,ok,,,,,,,,,,,,,,,,,,,,,,,
767,TIC 48500569,TIC 48500569,14,0.0150005,0.0063878246,False,4.6826863,1683.90735,0.96,1847.7,3.8869,3.4298,0,duration_over_period -0.49,log_depth +0.47,log_scatter +0.45,ok,,,,,,,,,,,,,,,,,,,,,,,
768,TIC 396659629,TIC 396659629,14,0.0149948,0.0063836636,False,2.0915157,1683.66232,0.96,623.99,6.8722,3.5979,0,harmonic_delta_loglike -0.37,log_period +0.27,odd_even_sigma +0.26,ok,,,,,,,,,,,,,,,,,,,,,,,
769,TIC 7583660,TIC 7583660,14,0.0149581,0.006356869,False,5.3265049,1688.23962,5.76,1631.6,7.3752,3.9112,0,log_duration_ratio -0.47,log_depth +0.47,secondary_sigma -0.46,ok,,,,,,,,,,,,,,,,,,,,,,,
770,TIC 229747848,TIC 229747848,14,0.014907,0.0063196495,False,0.84777225,1683.54964,0.96,390.72,6.6339,6.7478,1,log_period -0.48,max_single_event_fraction +0.47,log_depth -0.41,ok,,,,,,,,,,,,,,,,,,,,,,,
771,TIC 10995158,TIC 10995158,14,0.0148763,0.0062972525,False,0.79352818,1683.81301,3.84,1286.2,19.079,3.8101,0,secondary_sigma -0.77,log_duration_ratio -0.60,log_depth +0.58,ok,,,,,,,,,,,,,,,,,,,,,,,
772,TIC 21149850,TIC 21149850,14,0.0148595,0.0062850515,False,10.581108,1684.19931,0.96,2909.2,4.1285,3.8942,0,flux_skew +0.52,duration_over_period -0.47,log_depth +0.40,ok,,,,,,,,,,,,,,,,,,,,,,,
773,TIC 157696839,TIC 157696839,14,0.0147988,0.0062410528,False,9.4208701,1686.0764,3.84,975.47,4.2468,3.1864,0,log_depth +0.42,harmonic_delta_loglike -0.41,log_scatter +0.30,ok,,,,,,,,,,,,,,,,,,,,,,,
774,TIC 103009336,TIC 103009336,14,0.0147711,0.0062210331,False,0.93417005,1683.52131,5.76,221.18,10.662,6.3375,1,log_duration_ratio -0.77,power_contrast +0.57,secondary_sigma +0.52,ok,,,,,,,,,,,,,,,,,,,,,,,
775,TIC 417931300,TIC 417931300,14,0.0147192,0.0061835335,False,1.0031977,1684.28306,5.76,345.45,6.8699,5.1179,0,log_depth -0.53,log_duration_ratio -0.43,max_single_event_fraction +0.41,ok,,,,,,,,,,,,,,,,,,,,,,,
776,TIC 264304048,TIC 264304048,14,0.0146399,0.006126384,False,11.382951,1683.58993,2.688,1655.2,2.4567,3.6559,0,duration_over_period -0.45,log_scatter +0.44,log_depth +0.44,ok,,,,,,,,,,,,,,,,,,,,,,,
777,TIC 355524946,TIC 355524946,14,0.014619,0.0061113608,False,9.1310109,1690.56615,0.96,1043.9,3.9816,3.6867,0,duration_over_period -0.49,harmonic_delta_loglike -0.41,log_depth +0.40,ok,,,,,,,,,,,,,,,,,,,,,,,
778,TIC 233045835,TIC 233045835,14,0.0144766,0.0060094916,False,6.5821169,1684.72217,0.96,1285.2,3.7463,4.0298,0,duration_over_period -0.51,log_depth +0.49,flux_skew -0.43,ok,,,,,,,,,,,,,,,,,,,,,,,
779,TIC 441765914,TIC 441765914,14,0.014475,0.0060083781,False,5.9244884,1686.4889,1.728,615.97,4.6055,3.5718,0,harmonic_delta_loglike -0.41,delta_loglike +0.17,duration_over_period +0.15,ok,,,,,,,,,,,,,,,,,,,,,,,
780,TIC 122840716,TIC 122840716,14,0.014408,0.0059607221,False,6.7944788,1687.80791,3.84,630.26,4.9863,3.4642,0,harmonic_delta_loglike -0.41,flux_skew -0.33,log_duration_ratio +0.26,ok,,,,,,,,,,,,,,,,,,,,,,,
781,TIC 356742279,TIC 356742279,14,0.0143807,0.005941311,False,1.0725854,1683.87908,3.84,642.06,4.3096,4.3323,0,max_single_event_fraction +0.54,log_duration_ratio -0.50,log_scatter +0.40,ok,,,,,,,,,,,,,,,,,,,,,,,
782,TIC 27013457,TIC 27013457,14,0.0143296,0.0059051124,False,3.4541468,1685.37178,0.96,1360.9,7.7765,5.0038,0,delta_loglike -0.55,log_depth +0.53,odd_even_sigma -0.38,ok,,,,,,,,,,,,,,,,,,,,,,,
783,TIC 436028355,TIC 436028355,14,0.014328,0.0059039754,False,4.0118868,1685.98567,0.96,2304.3,4.5367,5.074,0,log_depth +0.47,duration_over_period -0.46,harmonic_delta_loglike -0.41,ok,,,,,,,,,,,,,,,,,,,,,,,
784,TIC 233530541,TIC 233530541,14,0.0143275,0.0059036585,False,8.0980022,1684.51416,1.728,895.27,3.5072,3.365,0,duration_over_period -0.54,harmonic_delta_loglike -0.41,log_depth +0.31,ok,,,,,,,,,,,,,,,,,,,,,,,
785,TIC 360139823,TIC 360139823,14,0.0143089,0.0058904591,False,7.3369506,1686.58888,3.84,1028.0,5.7106,2.558,0,bls_sde -0.55,log_depth +0.42,harmonic_delta_loglike -0.38,ok,,,,,,,,,,,,,,,,,,,,,,,
786,TIC 389777651,TIC 389777651,14,0.0143029,0.0058862109,False,5.2369433,1685.14339,2.688,797.66,4.8809,5.3402,0,log_depth +0.46,harmonic_delta_loglike -0.40,flux_skew -0.32,ok,,,,,,,,,,,,,,,,,,,,,,,
787,TIC 356576004,TIC 356576004,14,0.0142919,0.0058784792,False,1.5813114,1684.2781,0.96,437.7,2.5107,3.3678,0,log_depth -0.42,flat_bottom_fraction -0.38,max_single_event_fraction +0.34,ok,,,,,,,,,,,,,,,,,,,,,,,
788,TIC 272679240,TIC 272679240,14,0.0141872,0.0058047363,False,6.7154339,1684.15278,1.728,860.64,4.4626,5.1994,0,flux_skew -0.42,harmonic_delta_loglike -0.41,log_depth +0.41,ok,,,,,,,,,,,,,,,,,,,,,,,
789,TIC 100008646,TIC 100008646,14,0.0141398,0.0057714729,False,8.3389638,1689.29859,0.96,3423.8,3.7728,3.6523,0,duration_over_period -0.55,log_depth +0.44,harmonic_delta_loglike -0.42,ok,,,,,,,,,,,,,,,,,,,,,,,
790,TIC 407665858,TIC 407665858,14,0.0140938,0.0057392263,False,7.052923,1689.24158,0.96,2800.1,5.8831,4.0903,0,duration_over_period -0.47,log_depth +0.45,harmonic_delta_loglike -0.42,ok,,,,,,,,,,,,,,,,,,,,,,,
791,TIC 142615127,TIC 142615127,14,0.0140807,0.005730108,False,8.6630007,1690.13506,0.96,2199.0,4.2149,4.5216,0,duration_over_period -0.53,log_depth +0.43,harmonic_delta_loglike -0.42,ok,,,,,,,,,,,,,,,,,,,,,,,
792,TIC 229608030,TIC 229608030,14,0.0140577,0.0057140326,False,1.3002069,1684.58533,1.728,191.8,4.4623,3.3871,0,log_depth -0.69,max_single_event_fraction +0.36,flux_skew -0.36,ok,,,,,,,,,,,,,,,,,,,,,,,
793,TIC 272782321,TIC 272782321,14,0.0140409,0.0057022962,False,10.100179,1684.381,2.688,1557.5,3.4526,4.111,0,log_depth +0.42,harmonic_delta_loglike -0.41,log_scatter +0.32,ok,,,,,,,,,,,,,,,,,,,,,,,
794,TIC 219462190,TIC 219462190,14,0.0140249,0.0056911819,False,0.86609434,1683.94385,0.96,184.22,4.3606,3.5779,0,log_depth -0.69,max_single_event_fraction +0.63,flux_skew -0.36,ok,,,,,,,,,,,,,,,,,,,,,,,
795,TIC 280069440,TIC 280069440,14,0.014006,0.005677972,False,4.6367568,1684.11798,2.688,505.68,2.6144,3.189,0,harmonic_delta_loglike -0.42,flux_skew -0.31,log_scatter +0.26,ok,,,,,,,,,,,,,,,,,,,,,,,
796,TIC 154067292,TIC 154067292,14,0.0139893,0.0056663652,False,4.7213279,1686.75989,0.96,934.3,1.8857,3.5062,0,duration_over_period -0.51,log_depth +0.43,harmonic_delta_loglike -0.40,ok,,,,,,,,,,,,,,,,,,,,,,,
797,TIC 142458194,TIC 142458194,14,0.01397,0.0056529679,False,12.358602,1684.9386,0.96,3584.1,3.781,3.9139,0,duration_over_period -0.47,secondary_sigma +0.45,harmonic_delta_loglike -0.41,ok,,,,,,,,,,,,,,,,,,,,,,,
798,TIC 159418353,TIC 159418353,14,0.0139082,0.0056101166,False,0.93879307,1683.58412,5.76,128.19,6.6838,2.9204,0,log_depth -0.47,max_single_event_fraction +0.35,log_period +0.29,ok,,,,,,,,,,,,,,,,,,,,,,,
799,TIC 233168509,TIC 233168509,14,0.0139006,0.0056048259,False,8.8355372,1686.11215,0.96,2067.3,1.9559,3.1933,0,duration_over_period -0.57,log_scatter +0.43,harmonic_delta_loglike -0.42,ok,,,,,,,,,,,,,,,,,,,,,,,
800,TIC 230087765,TIC 230087765,14,0.0138957,0.0056014267,False,7.041321,1689.32508,0.96,2040.9,3.8963,3.5899,0,duration_over_period -0.47,log_depth +0.47,harmonic_delta_loglike -0.41,ok,,,,,,,,,,,,,,,,,,,,,,,
801,TIC 370305249,TIC 370305249,14,0.0138934,0.0055998354,False,1.7225198,1683.55026,1.728,414.09,4.8819,3.7888,0,flux_skew -0.43,log_depth -0.36,max_single_event_fraction +0.33,ok,,,,,,,,,,,,,,,,,,,,,,,
802,TIC 341707492,TIC 341707492,14,0.013852,0.0055712582,False,6.3065576,1687.92345,0.96,2423.1,4.1494,4.4514,0,log_depth +0.46,duration_over_period -0.46,harmonic_delta_loglike -0.41,ok,,,,,,,,,,,,,,,,,,,,,,,
803,TIC 244560708,TIC 244560708,14,0.0137942,0.0055313819,False,7.4097334,1686.08558,1.728,1887.8,4.0754,3.8696,0,log_depth +0.48,duration_over_period -0.45,harmonic_delta_loglike -0.41,ok,,,,,,,,,,,,,,,,,,,,,,,
804,TIC 198485881,TIC 198485881,14,0.0136959,0.0054638788,False,12.688139,1691.27956,3.84,3186.2,5.4096,3.8621,0,max_single_event_fraction -0.75,log_depth +0.48,harmonic_delta_loglike -0.31,ok,,,,,,,,,,,,,,,,,,,,,,,
805,TIC 233630347,TIC 233630347,14,0.0136933,0.0054620829,False,4.1940689,1687.34218,0.96,732.1,4.3768,4.5313,0,duration_over_period -0.49,harmonic_delta_loglike -0.41,log_depth +0.40,ok,,,,,,,,,,,,,,,,,,,,,,,
806,TIC 229449498,TIC 229449498,14,0.0136721,0.0054475641,False,12.318065,1690.70251,3.84,1487.8,4.2854,3.8862,0,log_depth +0.49,log_scatter +0.44,harmonic_delta_loglike -0.41,ok,,,,,,,,,,,,,,,,,,,,,,,
807,TIC 155654868,TIC 155654868,14,0.0136569,0.0054371878,False,7.8230616,1687.68776,0.96,1188.9,3.8847,3.4003,0,duration_over_period -0.57,harmonic_delta_loglike -0.40,log_depth +0.36,ok,,,,,,,,,,,,,,,,,,,,,,,
808,TIC 102734241,TIC 102734241,14,0.0136288,0.0054180306,False,5.9244709,1685.90133,0.96,6097.5,4.9508,3.6414,0,duration_over_period -0.49,log_depth +0.47,harmonic_delta_loglike -0.37,ok,,,,,,,,,,,,,,,,,,,,,,,
809,TIC 364767453,TIC 364767453,14,0.0135843,0.0053876824,False,9.1613114,1685.21558,2.688,552.83,4.1407,3.9053,0,harmonic_delta_loglike -0.41,log_period -0.25,log_duration_ratio +0.22,ok,,,,,,,,,,,,,,,,,,,,,,,
810,TIC 198390247,TIC 198390247,14,0.0135829,0.0053867019,False,6.5820527,1683.81837,1.728,651.25,7.5895,5.3251,0,power_contrast +0.52,harmonic_delta_loglike -0.42,flux_skew -0.34,ok,,,,,,,,,,,,,,,,,,,,,,,
811,TIC 425426187,TIC 425426187,14,0.0135822,0.0053862077,False,2.8354268,1683.73754,1.728,639.79,4.2856,3.4783,0,harmonic_delta_loglike -0.41,flux_skew -0.40,odd_even_sigma +0.24,ok,,,,,,,,,,,,,,,,,,,,,,,
812,TIC 160118163,TIC 160118163,14,0.0135711,0.0053786524,False,12.460754,1691.82399,0.96,1337.5,2.9161,3.0039,0,duration_over_period -0.49,bls_sde +0.47,harmonic_delta_loglike -0.41,ok,,,,,,,,,,,,,,,,,,,,,,,
813,TIC 364909347,TIC 364909347,14,0.0135367,0.0053552688,False,0.95122818,1683.70768,3.84,227.88,6.0585,5.0903,0,log_depth -0.53,max_single_event_fraction +0.48,flux_skew -0.41,ok,,,,,,,,,,,,,,,,,,,,,,,
814,TIC 219459359,TIC 219459359,14,0.013474,0.0053127987,False,11.289571,1688.94781,0.96,3414.6,4.7432,4.1908,0,duration_over_period -0.50,log_scatter +0.42,harmonic_delta_loglike -0.40,ok,,,,,,,,,,,,,,,,,,,,,,,
815,TIC 219897695,TIC 219897695,14,0.0134651,0.005306752,False,4.6904064,1684.96932,0.96,988.21,3.9446,4.0604,0,log_depth +0.50,duration_over_period -0.49,harmonic_delta_loglike -0.42,ok,,,,,,,,,,,,,,,,,,,,,,,
816,TIC 198361796,TIC 198361796,14,0.0134128,0.0052714063,False,8.5355108,1686.83021,0.96,3320.3,3.4255,4.1189,0,duration_over_period -0.49,log_scatter +0.42,harmonic_delta_loglike -0.42,ok,,,,,,,,,,,,,,,,,,,,,,,
817,TIC 233724276,TIC 233724276,14,0.0133727,0.0052444184,False,7.2529318,1690.05059,0.96,4662.2,4.0493,3.4786,0,duration_over_period -0.50,harmonic_delta_loglike -0.43,log_depth +0.41,ok,,,,,,,,,,,,,,,,,,,,,,,
818,TIC 230067494,TIC 230067494,14,0.0133145,0.0052052828,False,5.0885376,1685.94506,0.96,1119.6,3.6495,3.573,0,log_depth +0.48,duration_over_period -0.43,harmonic_delta_loglike -0.42,ok,,,,,,,,,,,,,,,,,,,,,,,
819,TIC 185341524,TIC 185341524,14,0.013274,0.0051781546,False,6.4112336,1689.36412,1.728,775.45,3.8873,3.5406,0,flux_skew -0.45,harmonic_delta_loglike -0.42,log_depth +0.42,ok,,,,,,,,,,,,,,,,,,,,,,,
820,TIC 142848082,TIC 142848082,14,0.0132689,0.0051747227,False,1.1376053,1684.0229,2.688,183.3,5.3411,3.8781,0,log_depth -0.70,max_single_event_fraction +0.51,flux_skew -0.33,ok,,,,,,,,,,,,,,,,,,,,,,,
821,TIC 352042715,TIC 352042715,14,0.0132642,0.0051715821,False,2.62018,1684.57179,0.96,596.38,12.669,3.3463,0,delta_loglike -0.51,harmonic_delta_loglike +0.36,flux_skew -0.31,ok,,,,,,,,,,,,,,,,,,,,,,,
822,TIC 390700703,TIC 390700703,14,0.0132443,0.0051582654,False,7.0994682,1687.8661,1.728,1151.7,4.8709,3.0746,0,duration_over_period -0.48,log_depth +0.47,harmonic_delta_loglike -0.42,ok,,,,,,,,,,,,,,,,,,,,,,,
823,TIC 367674135,TIC 367674135,14,0.0131972,0.0051267939,False,1.0059413,1683.78391,5.76,466.16,6.4001,4.8141,0,log_duration_ratio -0.69,max_single_event_fraction +0.39,secondary_sigma +0.32,ok,,,,,,,,,,,,,,,,,,,,,,,
824,TIC 7678444,TIC 7678444,14,0.013178,0.0051140291,False,0.78245725,1683.43983,1.728,206.33,5.0077,4.1891,0,log_depth -0.68,max_single_event_fraction +0.49,log_period -0.46,ok,,,,,,,,,,,,,,,,,,,,,,,
825,TIC 351804545,TIC 351804545,14,0.0131574,0.0051002835,False,10.816802,1692.63611,5.76,1388.0,3.1864,3.2927,0,max_single_event_fraction -0.82,log_depth +0.49,log_scatter +0.38,ok,,,,,,,,,,,,,,,,,,,,,,,
826,TIC 298074836,TIC 298074836,14,0.0131261,0.005079511,False,6.5605097,1683.8077,0.96,3683.2,3.4541,3.5277,0,flux_skew +0.78,duration_over_period -0.50,harmonic_delta_loglike -0.41,ok,,,,,,,,,,,,,,,,,,,,,,,
827,TIC 47760076,TIC 47760076,14,0.0131251,0.0050788582,False,2.3349027,1685.65979,0.96,419.58,4.2833,3.6872,0,log_depth -0.41,harmonic_delta_loglike -0.36,flux_skew -0.30,ok,,,,,,,,,,,,,,,,,,,,,,,
828,TIC 400578472,TIC 400578472,14,0.0131156,0.0050725084,False,3.1756961,1685.05441,0.96,313.76,4.6944,5.1346,0,log_depth -0.61,harmonic_delta_loglike -0.40,flux_skew -0.36,ok,,,,,,,,,,,,,,,,,,,,,,,
829,TIC 233073323,TIC 233073323,14,0.0130891,0.0050549353,False,8.7200886,1683.55027,0.96,1822.4,3.8913,4.4269,0,duration_over_period -0.48,log_depth +0.47,harmonic_amp_over_depth -0.41,ok,,,,,,,,,,,,,,,,,,,,,,,
830,TIC 224708962,TIC 224708962,14,0.0129479,0.0049616917,False,3.7564406,1685.88195,0.96,2758.4,4.8989,3.7535,0,duration_over_period -0.56,log_scatter +0.49,log_depth +0.45,ok,,,,,,,,,,,,,,,,,,,,,,,
831,TIC 256868095,TIC 256868095,14,0.0129038,0.0049327544,False,11.160482,1685.2427,5.76,615.14,28.236,2.8251,0,clipped_fraction +0.97,odd_even_sigma -0.64,harmonic_delta_loglike +0.54,ok,,,,,,,,,,,,,,,,,,,,,,,
832,TIC 274132576,TIC 274132576,14,0.0128935,0.0049259837,False,1.7168765,1684.50012,0.96,195.41,5.5436,4.6378,0,log_depth -0.63,flux_skew -0.47,secondary_sigma +0.43,ok,,,,,,,,,,,,,,,,,,,,,,,
833,TIC 259129875,TIC 259129875,14,0.0128353,0.0048878646,False,0.85477404,1683.73795,5.76,177.17,5.9196,5.2741,0,log_depth -0.53,max_single_event_fraction +0.45,log_duration_ratio -0.40,ok,,,,,,,,,,,,,,,,,,,,,,,
834,TIC 229618478,TIC 229618478,14,0.0128328,0.0048862686,False,4.2988568,1683.87291,0.96,1806.3,3.1621,3.6388,0,log_depth +0.51,duration_over_period -0.51,log_scatter +0.45,ok,,,,,,,,,,,,,,,,,,,,,,,
835,TIC 288428649,TIC 288428649,14,0.0128205,0.0048782184,False,5.9147726,1687.77279,2.688,1203.5,4.3197,4.8014,0,log_depth +0.47,harmonic_delta_loglike -0.42,flux_skew -0.36,ok,,,,,,,,,,,,,,,,,,,,,,,
836,TIC 160585062,TIC 160585062,14,0.0127726,0.0048469873,False,10.640471,1692.9326,0.96,3017.7,4.6128,4.484,0,flux_skew +0.63,duration_over_period -0.47,harmonic_delta_loglike -0.40,ok,,,,,,,,,,,,,,,,,,,,,,,
837,TIC 358440137,TIC 358440137,14,0.0127281,0.0048180151,False,6.691225,1689.19819,1.728,1309.2,4.0107,3.1859,0,log_depth +0.44,harmonic_delta_loglike -0.42,duration_over_period -0.40,ok,,,,,,,,,,,,,,,,,,,,,,,
838,TIC 171882709,TIC 171882709,14,0.0126392,0.0047603936,False,0.63991717,1683.51258,5.76,687.37,8.296,4.4399,0,log_duration_ratio -0.59,log_period -0.47,log_scatter +0.41,ok,,,,,,,,,,,,,,,,,,,,,,,
839,TIC 90871411,TIC 90871411,14,0.0126208,0.0047485064,False,1.0075965,1683.60134,5.76,293.67,6.4817,3.7419,0,log_depth -0.53,max_single_event_fraction +0.47,log_duration_ratio -0.43,ok,,,,,,,,,,,,,,,,,,,,,,,
840,TIC 402656299,TIC 402656299,14,0.0125817,0.004723297,False,8.7489681,1686.70187,0.96,2353.7,2.3095,3.5579,0,duration_over_period -0.51,log_depth +0.47,log_scatter +0.44,ok,,,,,,,,,,,,,,,,,,,,,,,
841,TIC 237235093,TIC 237235093,14,0.0125603,0.0047095023,False,0.71919025,1683.52544,0.96,505.36,2.7882,4.6293,0,max_single_event_fraction +0.48,log_period -0.45,flux_skew -0.43,ok,,,,,,,,,,,,,,,,,,,,,,,
842,TIC 219694352,TIC 219694352,14,0.0125387,0.0046956321,False,0.67895524,1684.03017,2.688,698.16,3.0926,4.8476,0,log_scatter +0.48,log_period -0.48,log_duration_ratio -0.45,ok,,,,,,,,,,,,,,,,,,,,,,,
843,TIC 459970611,TIC 459970611,14,0.0125187,0.0046827733,False,0.71393174,1683.94177,3.84,154.69,4.1452,3.6103,0,bls_depth_over_scatter +0.52,flux_skew -0.52,max_single_event_fraction +0.47,ok,,,,,,,,,,,,,,,,,,,,,,,
844,TIC 198100079,TIC 198100079,14,0.0124783,0.0046568765,False,6.0525837,1687.07466,1.728,1765.8,2.8662,3.7878,0,log_scatter +0.45,log_depth +0.45,harmonic_delta_loglike -0.42,ok,,,,,,,,,,,,,,,,,,,,,,,
845,TIC 199505051,TIC 199505051,14,0.0124733,0.0046536891,False,3.6708804,1685.05199,0.96,695.31,4.1407,3.7951,0,harmonic_delta_loglike -0.41,harmonic_amp_over_depth -0.39,duration_over_period -0.35,ok,,,,,,,,,,,,,,,,,,,,,,,
846,TIC 341707436,TIC 341707436,14,0.0124671,0.004649722,False,3.1971518,1686.12345,1.728,392.79,3.9097,4.1096,0,harmonic_delta_loglike -0.40,log_depth -0.39,flux_skew -0.32,ok,,,,,,,,,,,,,,,,,,,,,,,
847,TIC 148960849,TIC 148960849,14,0.0124639,0.0046476508,False,11.969546,1690.56331,0.96,3980.7,3.2276,3.4994,0,duration_over_period -0.47,log_depth +0.42,harmonic_delta_loglike -0.41,ok,,,,,,,,,,,,,,,,,,,,,,,
848,TIC 202511569,TIC 202511569,14,0.0124586,0.0046443058,False,9.7994727,1687.75289,0.96,2028.3,3.2168,3.5185,0,duration_over_period -0.56,harmonic_delta_loglike -0.41,log_scatter +0.38,ok,,,,,,,,,,,,,,,,,,,,,,,
849,TIC 270494650,TIC 270494650,14,0.0124207,0.0046200532,False,10.144754,1685.21652,5.76,1147.1,5.7136,4.6169,0,harmonic_delta_loglike -0.43,log_depth +0.41,log_period -0.23,ok,,,,,,,,,,,,,,,,,,,,,,,
850,TIC 416445605,TIC 416445605,14,0.0123954,0.0046039434,False,7.0067589,1683.93914,0.96,1290.7,4.6346,3.7918,0,duration_over_period -0.51,log_depth +0.50,harmonic_delta_loglike -0.42,ok,,,,,,,,,,,,,,,,,,,,,,,
851,TIC 273234825,TIC 273234825,14,0.0123857,0.0045977587,False,13.047948,1683.46843,1.728,8601.4,4.2168,3.7424,0,log_depth +0.45,duration_over_period -0.44,harmonic_delta_loglike -0.41,ok,,,,,,,,,,,,,,,,,,,,,,,
852,TIC 372732886,TIC 372732886,14,0.0123484,0.004574003,False,8.9380673,1685.38319,0.96,3495.0,3.1466,3.8311,0,duration_over_period -0.47,log_depth +0.44,log_scatter +0.44,ok,,,,,,,,,,,,,,,,,,,,,,,
853,TIC 237183609,TIC 237183609,14,0.0123446,0.0045715866,False,12.919545,1689.18484,1.728,2222.2,4.4289,3.8437,0,duration_over_period -0.50,harmonic_delta_loglike -0.42,log_scatter +0.42,ok,,,,,,,,,,,,,,,,,,,,,,,
854,TIC 40733213,TIC 40733213,14,0.0123316,0.004563351,False,12.277573,1685.97255,0.96,1372.2,4.8991,3.9233,0,duration_over_period -0.45,log_depth +0.42,harmonic_delta_loglike -0.40,ok,,,,,,,,,,,,,,,,,,,,,,,
855,TIC 295017406,TIC 295017406,14,0.0123017,0.0045443387,False,4.5761352,1685.08362,5.76,8667.0,104.91,6.9069,1,secondary_sigma -1.35,log_duration_ratio -0.71,harmonic_delta_loglike +0.47,ok,,,,,,,,,,,,,,,,,,,,,,,
856,TIC 284626152,TIC 284626152,14,0.0122706,0.0045246728,False,11.663948,1694.08673,1.728,2659.6,3.736,3.1722,0,duration_over_period -0.53,log_depth +0.41,harmonic_delta_loglike -0.40,ok,,,,,,,,,,,,,,,,,,,,,,,
857,TIC 68234670,TIC 68234670,14,0.0121009,0.0044178413,False,8.4100828,1685.19047,1.728,858.06,2.7031,3.4748,0,duration_over_period -0.46,harmonic_delta_loglike -0.41,log_depth +0.40,ok,,,,,,,,,,,,,,,,,,,,,,,
858,TIC 356111965,TIC 356111965,14,0.0120733,0.0044005752,False,11.23384,1684.09433,0.96,1700.4,3.6765,3.8264,0,flux_skew +0.87,duration_over_period -0.50,harmonic_delta_loglike -0.41,ok,,,,,,,,,,,,,,,,,,,,,,,
859,TIC 198490009,TIC 198490009,14,0.0120704,0.0043987426,False,8.0979963,1686.87158,0.96,2164.8,4.7114,5.37,0,log_depth +0.45,harmonic_delta_loglike -0.42,harmonic_amp_over_depth -0.41,ok,,,,,,,,,,,,,,,,,,,,,,,
860,TIC 229949637,TIC 229949637,14,0.0120318,0.0043746187,False,6.6474643,1689.2706,5.76,987.45,6.6894,2.6671,0,log_depth +0.36,log_duration_ratio -0.35,harmonic_delta_loglike -0.34,ok,,,,,,,,,,,,,,,,,,,,,,,
861,TIC 289532408,TIC 289532408,14,0.0119811,0.0043430573,False,1.8245917,1684.05256,0.96,286.34,3.9809,3.4307,0,log_depth -0.66,max_single_event_fraction +0.59,flux_skew -0.38,ok,,,,,,,,,,,,,,,,,,,,,,,
862,TIC 435966682,TIC 435966682,14,0.0119708,0.0043366517,False,0.99115889,1683.82991,3.84,539.06,7.4869,4.3899,0,log_duration_ratio -0.58,flux_skew -0.36,max_single_event_fraction +0.35,ok,,,,,,,,,,,,,,,,,,,,,,,
863,TIC 237099296,TIC 237099296,14,0.011954,0.004326195,False,11.320273,1688.82096,3.84,925.99,4.5152,3.6974,0,harmonic_delta_loglike -0.40,log_depth +0.37,flux_skew -0.34,ok,,,,,,,,,,,,,,,,,,,,,,,
864,TIC 103633672,TIC 103633672,14,0.0119474,0.0043220838,False,13.167211,1684.55522,3.84,590.38,7.7335,4.0915,0,max_single_event_fraction -0.65,log_duration_ratio +0.34,harmonic_amp_over_depth -0.32,ok,,,,,,,,,,,,,,,,,,,,,,,
865,TIC 245310073,TIC 245310073,14,0.0119467,0.0043216472,False,8.5779041,1687.4696,2.688,1067.5,4.8478,2.9933,0,bls_sde -0.55,log_depth +0.42,harmonic_delta_loglike -0.40,ok,,,,,,,,,,,,,,,,,,,,,,,
866,TIC 229703504,TIC 229703504,14,0.0119314,0.0043121982,False,2.0709763,1684.77399,2.688,517.79,3.8194,3.3761,0,harmonic_delta_loglike -0.36,flux_skew -0.31,power_contrast -0.30,ok,,,,,,,,,,,,,,,,,,,,,,,
867,TIC 377078206,TIC 377078206,14,0.0119256,0.0043085958,False,6.560477,1685.08216,0.96,1569.4,2.9136,3.0512,0,duration_over_period -0.50,log_depth +0.44,harmonic_delta_loglike -0.42,ok,,,,,,,,,,,,,,,,,,,,,,,
868,TIC 172187818,TIC 172187818,14,0.011911,0.0042995404,False,6.2139331,1688.83696,1.728,984.09,4.8264,3.9153,0,log_depth +0.45,harmonic_delta_loglike -0.42,duration_over_period -0.38,ok,,,,,,,,,,,,,,,,,,,,,,,
869,TIC 160045097,TIC 160045097,14,0.0118332,0.0042514556,False,9.3746136,1687.25598,2.688,1438.3,6.7866,4.5126,0,secondary_sigma -0.75,flux_skew +0.55,harmonic_delta_loglike -0.39,ok,,,,,,,,,,,,,,,,,,,,,,,
870,TIC 353897200,TIC 353897200,14,0.0117957,0.0042283759,False,0.98303738,1683.91068,5.76,980.36,14.366,4.3895,0,delta_loglike -0.59,log_duration_ratio -0.55,max_single_event_fraction +0.50,ok,,,,,,,,,,,,,,,,,,,,,,,
871,TIC 233173039,TIC 233173039,14,0.0117754,0.0042158781,False,10.245271,1693.32825,2.688,2965.7,4.3611,4.2278,0,max_single_event_fraction -1.07,flux_skew +0.51,log_depth +0.44,ok,,,,,,,,,,,,,,,,,,,,,,,
872,TIC 13684720,TIC 13684720,14,0.0117589,0.0042057806,False,12.836559,1695.00898,1.728,83318.0,42.169,3.0397,0,max_single_event_fraction -1.02,harmonic_delta_loglike +0.69,flux_skew +0.55,ok,,,,,,,,,,,,,,,,,,,,,,,
873,TIC 147561732,TIC 147561732,14,0.0117496,0.0042000665,False,13.286285,1683.6142,0.96,1164.3,11.696,4.5843,0,max_single_event_fraction -0.94,flux_skew +0.78,duration_over_period -0.45,ok,,,,,,,,,,,,,,,,,,,,,,,
874,TIC 199709973,TIC 199709973,14,0.0117391,0.0041936517,False,6.6255065,1688.762,0.96,7211.0,2.8969,3.7556,0,duration_over_period -0.50,log_depth +0.46,harmonic_delta_loglike -0.40,ok,,,,,,,,,,,,,,,,,,,,,,,
875,TIC 332477926,TIC 332477926,14,0.011722,0.0041831235,False,5.7705165,1688.87458,1.728,1058.2,3.6682,3.37,0,log_depth +0.53,harmonic_delta_loglike -0.41,harmonic_amp_over_depth -0.40,ok,,,,,,,,,,,,,,,,,,,,,,,
876,TIC 288634279,TIC 288634279,14,0.0116755,0.0041547063,False,8.8212194,1684.46083,0.96,8869.1,2.8126,4.3675,0,log_depth +0.46,duration_over_period -0.45,harmonic_delta_loglike -0.42,ok,,,,,,,,,,,,,,,,,,,,,,,
877,TIC 445854955,TIC 445854955,14,0.011643,0.0041348909,False,0.99934353,1683.76365,5.76,348.4,5.6698,6.2228,1,max_single_event_fraction +0.56,log_depth -0.56,flux_skew -0.44,ok,,,,,,,,,,,,,,,,,,,,,,,
878,TIC 259233660,TIC 259233660,14,0.0115883,0.0041016195,False,6.2344512,1687.78193,2.688,2354.0,3.1057,3.8793,0,log_depth +0.51,harmonic_delta_loglike -0.42,flux_skew -0.40,ok,,,,,,,,,,,,,,,,,,,,,,,
879,TIC 154070367,TIC 154070367,14,0.0115774,0.0040950406,False,8.2865161,1686.11996,3.84,554.95,2.2333,4.1235,0,harmonic_delta_loglike -0.41,flux_skew -0.30,log_scatter +0.24,ok,,,,,,,,,,,,,,,,,,,,,,,
880,TIC 275569232,TIC 275569232,14,0.0115241,0.0040627302,False,0.75805783,1683.76445,5.76,172.91,5.1823,4.5518,0,bls_depth_over_scatter +0.53,log_period -0.43,log_depth -0.43,ok,,,,,,,,,,,,,,,,,,,,,,,
881,TIC 219815174,TIC 219815174,14,0.0115117,0.0040552589,False,1.0743491,1683.84215,5.76,290.06,4.1999,2.9467,0,max_single_event_fraction +0.60,log_depth -0.45,flux_skew -0.39,ok,,,,,,,,,,,,,,,,,,,,,,,
882,TIC 229770036,TIC 229770036,14,0.0115051,0.0040512734,False,2.1437683,1684.4896,2.688,396.65,6.9829,7.0337,1,log_depth -0.41,flux_skew -0.35,harmonic_delta_loglike -0.32,ok,,,,,,,,,,,,,,,,,,,,,,,
883,TIC 232624234,TIC 232624234,14,0.0114671,0.0040283328,False,10.245287,1687.96288,2.688,1687.2,4.7203,3.7708,0,max_single_event_fraction -0.84,log_depth +0.43,log_scatter +0.38,ok,,,,,,,,,,,,,,,,,,,,,,,
884,TIC 153991851,TIC 153991851,14,0.011449,0.0040173907,False,9.3130771,1683.8798,3.84,33285.0,585.96,3.7051,0,odd_even_sigma -0.79,harmonic_delta_loglike +0.58,secondary_sigma +0.52,ok,,,,,,,,,,,,,,,,,,,,,,,
885,TIC 233620265,TIC 233620265,14,0.0114079,0.0039927214,False,2.047267,1685.20266,1.728,390.33,4.6244,3.3396,0,log_depth -0.37,harmonic_delta_loglike -0.36,flux_skew -0.29,ok,,,,,,,,,,,,,,,,,,,,,,,
886,TIC 89552424,TIC 89552424,14,0.0113858,0.0039794638,False,2.8274457,1685.54576,1.728,904.89,3.5029,3.2567,0,log_depth +0.45,harmonic_delta_loglike -0.42,harmonic_amp_over_depth -0.38,ok,,,,,,,,,,,,,,,,,,,,,,,
887,TIC 16406487,TIC 16406487,14,0.0113667,0.0039680243,False,3.5696927,1686.0007,2.688,468.87,4.8825,4.2996,0,harmonic_delta_loglike -0.39,flux_skew -0.35,secondary_sigma -0.31,ok,,,,,,,,,,,,,,,,,,,,,,,
888,TIC 199682839,TIC 199682839,14,0.0112956,0.0039255424,False,1.2726895,1684.48605,3.84,187.66,3.7324,3.7735,0,log_depth -0.57,flux_skew -0.51,max_single_event_fraction +0.50,ok,,,,,,,,,,,,,,,,,,,,,,,
889,TIC 362103298,TIC 362103298,14,0.0112558,0.0039018533,False,1.121293,1683.94586,1.728,252.79,3.9005,2.7315,0,max_single_event_fraction +0.59,log_depth -0.56,bls_sde -0.35,ok,,,,,,,,,,,,,,,,,,,,,,,
890,TIC 229410501,TIC 229410501,14,0.0112533,0.0039003651,False,6.4535468,1689.44277,2.688,1266.3,4.9854,3.2659,0,log_depth +0.47,harmonic_delta_loglike -0.41,harmonic_amp_over_depth -0.40,ok,,,,,,,,,,,,,,,,,,,,,,,
891,TIC 310981412,TIC 310981412,14,0.0112372,0.0038908042,False,0.86752069,1683.46651,2.688,169.3,4.9795,4.5211,0,log_depth -0.66,max_single_event_fraction +0.53,flux_skew -0.36,ok,,,,,,,,,,,,,,,,,,,,,,,
892,TIC 257024832,TIC 257024832,14,0.0112187,0.0038797974,False,3.6951213,1686.17222,2.688,280.47,5.2409,3.3141,0,log_depth -0.58,harmonic_delta_loglike -0.41,delta_loglike +0.23,ok,,,,,,,,,,,,,,,,,,,,,,,
893,TIC 1881298619,TIC 1881298619,14,0.0111863,0.0038605847,False,5.0841201,1685.72029,5.76,1777.8,7.6491,4.1002,0,log_depth +0.54,log_duration_ratio -0.49,delta_loglike +0.42,ok,,,,,,,,,,,,,,,,,,,,,,,
894,TIC 123015463,TIC 123015463,14,0.0111506,0.0038394931,False,0.56695057,1683.79579,5.76,92.599,5.4672,4.8386,0,bls_depth_over_scatter +0.52,max_single_event_fraction +0.46,log_period -0.45,ok,,,,,,,,,,,,,,,,,,,,,,,
895,TIC 161179360,TIC 161179360,14,0.011133,0.0038290907,False,11.458095,1686.07714,0.96,3272.6,7.8323,3.7102,0,log_depth +0.42,duration_over_period -0.40,secondary_sigma +0.37,ok,,,,,,,,,,,,,,,,,,,,,,,
896,TIC 142349916,TIC 142349916,14,0.0111315,0.0038282053,False,4.8249443,1684.86347,0.96,7966.4,2.9375,3.377,0,log_depth +0.45,duration_over_period -0.44,harmonic_delta_loglike -0.41,ok,,,,,,,,,,,,,,,,,,,,,,,
897,TIC 402827303,TIC 402827303,14,0.0111284,0.0038263884,False,1.0725864,1684.0462,1.728,197.49,4.2398,3.9338,0,log_depth -0.70,max_single_event_fraction +0.53,flux_skew -0.35,ok,,,,,,,,,,,,,,,,,,,,,,,
898,TIC 264303333,TIC 264303333,14,0.0111161,0.0038191105,False,1.1066393,1683.47403,1.728,165.09,3.4908,4.0983,0,log_depth -0.69,max_single_event_fraction +0.52,flux_skew -0.35,ok,,,,,,,,,,,,,,,,,,,,,,,
899,TIC 198360694,TIC 198360694,14,0.0110307,0.0037689241,False,1.5351782,1684.80628,3.84,229.82,3.8986,4.1126,0,log_depth -0.54,max_single_event_fraction +0.50,log_duration_ratio -0.33,ok,,,,,,,,,,,,,,,,,,,,,,,
900,TIC 305943739,TIC 305943739,14,0.0109271,0.0037084753,False,5.3149448,1687.61001,2.688,269.02,11.31,4.0487,0,secondary_sigma -0.88,flux_skew +0.61,log_depth -0.61,ok,,,,,,,,,,,,,,,,,,,,,,,
901,TIC 233617886,TIC 233617886,14,0.0109191,0.0037037809,False,3.3922125,1684.95025,0.96,741.29,3.7587,3.5383,0,flux_skew -0.42,harmonic_delta_loglike -0.42,log_depth +0.38,ok,,,,,,,,,,,,,,,,,,,,,,,
902,TIC 311235072,TIC 311235072,14,0.0109096,0.0036982685,False,7.5325485,1690.44149,1.728,2183.7,4.381,4.0327,0,duration_over_period -0.53,log_scatter +0.41,harmonic_delta_loglike -0.41,ok,,,,,,,,,,,,,,,,,,,,,,,
903,TIC 160440663,TIC 160440663,14,0.0109069,0.0036967171,False,6.1935109,1688.27646,1.728,9972.9,3.6499,3.5782,0,flux_skew +0.41,log_depth +0.41,harmonic_delta_loglike -0.39,ok,,,,,,,,,,,,,,,,,,,,,,,
904,TIC 198509321,TIC 198509321,14,0.0108735,0.0036773064,False,6.9607174,1686.78395,2.688,554.23,3.9543,3.6357,0,harmonic_delta_loglike -0.42,flux_skew -0.35,power_contrast -0.32,ok,,,,,,,,,,,,,,,,,,,,,,,
905,TIC 157768969,TIC 157768969,14,0.0108525,0.0036651177,False,0.92957344,1683.59851,5.76,103.5,5.4781,3.3088,0,log_depth -0.51,max_single_event_fraction +0.45,log_duration_ratio -0.30,ok,,,,,,,,,,,,,,,,,,,,,,,
906,TIC 257060812,TIC 257060812,14,0.0108427,0.0036594773,False,7.2172148,1689.63242,2.688,2195.7,3.6476,3.4073,0,max_single_event_fraction -0.90,log_depth +0.48,harmonic_delta_loglike -0.35,ok,,,,,,,,,,,,,,,,,,,,,,,
907,TIC 154809639,TIC 154809639,14,0.0107917,0.0036299655,False,8.952791,1686.4275,2.688,591.65,3.7858,3.5041,0,harmonic_delta_loglike -0.40,flux_skew -0.33,power_contrast -0.31,ok,,,,,,,,,,,,,,,,,,,,,,,
908,TIC 314295852,TIC 314295852,14,0.0107888,0.0036283235,False,0.96382787,1684.01805,3.84,225.72,11.223,3.3266,0,log_depth -0.57,log_duration_ratio -0.49,secondary_sigma +0.30,ok,,,,,,,,,,,,,,,,,,,,,,,
909,TIC 282069355,TIC 282069355,14,0.0107045,0.0035798493,False,0.59818474,1683.59765,3.84,300.85,3.9591,4.063,0,bls_depth_over_scatter +0.51,log_period -0.47,max_single_event_fraction +0.41,ok,,,,,,,,,,,,,,,,,,,,,,,
910,TIC 156197087,TIC 156197087,14,0.0106448,0.0035456665,False,7.5203037,1684.92347,1.728,2181.7,3.23,3.5791,0,log_depth +0.44,log_scatter +0.42,duration_over_period -0.40,ok,,,,,,,,,,,,,,,,,,,,,,,
911,TIC 219433223,TIC 219433223,14,0.0106382,0.0035419101,False,2.6504964,1685.25177,1.728,465.44,4.1588,4.483,0,flux_skew -0.42,harmonic_delta_loglike -0.42,harmonic_amp_over_depth -0.38,ok,,,,,,,,,,,,,,,,,,,,,,,
912,TIC 198206613,TIC 198206613,14,0.0106149,0.0035286283,False,1.3743436,1684.04152,3.84,186.98,4.3125,3.6833,0,log_depth -0.60,max_single_event_fraction +0.36,log_duration_ratio -0.33,ok,,,,,,,,,,,,,,,,,,,,,,,
913,TIC 353878658,TIC 353878658,14,0.0105703,0.003503237,False,3.7194848,1685.07088,1.728,448.58,6.0412,3.4344,0,harmonic_delta_loglike -0.41,log_depth -0.37,power_contrast -0.32,ok,,,,,,,,,,,,,,,,,,,,,,,
914,TIC 423933254,TIC 423933254,14,0.0105198,0.0034745901,False,7.5078352,1685.60637,0.96,2614.5,4.5648,4.0184,0,duration_over_period -0.47,log_depth +0.46,harmonic_amp_over_depth -0.41,ok,,,,,,,,,,,,,,,,,,,,,,,
915,TIC 30323765,TIC 30323765,14,0.0104576,0.0034394342,False,6.5929264,1683.7012,0.96,1775.8,4.0014,4.2562,0,log_depth +0.51,duration_over_period -0.49,harmonic_amp_over_depth -0.41,ok,,,,,,,,,,,,,,,,,,,,,,,
916,TIC 147949558,TIC 147949558,14,0.0104496,0.0034349038,False,7.808038,1687.31459,1.728,2196.4,4.0801,3.6009,0,log_depth +0.48,duration_over_period -0.47,log_scatter +0.40,ok,,,,,,,,,,,,,,,,,,,,,,,
917,TIC 417847541,TIC 417847541,14,0.0104407,0.0034298623,False,0.56751275,1683.53401,0.96,480.9,121.51,5.6989,1,log_period -0.63,harmonic_delta_loglike +0.58,flux_skew -0.43,ok,,,,,,,,,,,,,,,,,,,,,,,
918,TIC 202491234,TIC 202491234,14,0.0104328,0.0034254332,False,9.5026849,1685.9768,5.76,604.58,7.4031,3.1054,0,harmonic_delta_loglike -0.43,flux_skew -0.35,bls_sde +0.30,ok,,,,,,,,,,,,,,,,,,,,,,,
919,TIC 233168670,TIC 233168670,14,0.0104322,0.0034250995,False,10.906103,1692.30418,3.84,1685.9,1.8618,3.921,0,log_depth +0.47,harmonic_delta_loglike -0.41,log_scatter +0.41,ok,,,,,,,,,,,,,,,,,,,,,,,
920,TIC 441808690,TIC 441808690,14,0.0104316,0.0034247409,False,10.449694,1693.59727,1.728,2180.0,3.8972,3.8459,0,duration_over_period -0.50,log_scatter +0.42,log_depth +0.42,ok,,,,,,,,,,,,,,,,,,,,,,,
921,TIC 159311573,TIC 159311573,14,0.0103903,0.0034015545,False,10.745946,1687.04439,0.96,1818.2,4.9759,5.1709,0,duration_over_period -0.46,log_depth +0.43,harmonic_delta_loglike -0.41,ok,,,,,,,,,,,,,,,,,,,,,,,
922,TIC 148838094,TIC 148838094,14,0.0103531,0.0033806688,False,11.853624,1693.4422,5.76,1382.8,6.4191,4.0292,0,harmonic_delta_loglike -0.42,log_depth +0.41,flux_skew -0.35,ok,,,,,,,,,,,,,,,,,,,,,,,
923,TIC 103689864,TIC 103689864,14,0.0103008,0.0033514396,False,6.4854447,1685.29423,0.96,1401.0,4.0959,4.6696,0,duration_over_period -0.49,log_depth +0.48,harmonic_delta_loglike -0.41,ok,,,,,,,,,,,,,,,,,,,,,,,
924,TIC 99488016,TIC 99488016,14,0.0102989,0.003350417,False,2.725687,1684.85321,2.688,445.67,5.0266,3.6881,0,harmonic_delta_loglike -0.39,log_depth -0.37,flux_skew -0.26,ok,,,,,,,,,,,,,,,,,,,,,,,
925,TIC 229650439,TIC 229650439,14,0.010294,0.0033476871,False,0.55459336,1683.82919,3.84,111.26,4.6544,3.7106,0,bls_depth_over_scatter +0.57,log_period -0.56,flux_skew -0.46,ok,,,,,,,,,,,,,,,,,,,,,,,
926,TIC 263635830,TIC 263635830,14,0.0102286,0.0033112882,False,2.1297127,1685.41911,0.96,292.63,4.4788,3.3821,0,log_depth -0.65,max_single_event_fraction +0.36,flux_skew -0.29,ok,,,,,,,,,,,,,,,,,,,,,,,
927,TIC 288636342,TIC 288636342,14,0.0102254,0.0033094978,False,9.6564717,1686.82883,5.76,1455.5,12.05,2.2849,0,max_single_event_fraction -1.07,bls_sde -0.73,flux_skew +0.44,ok,,,,,,,,,,,,,,,,,,,,,,,
928,TIC 28231942,TIC 28231942,14,0.0102216,0.0033074244,False,0.70745646,1683.7799,1.728,257.81,5.4683,3.1738,0,log_depth -0.64,log_period -0.48,max_single_event_fraction +0.43,ok,,,,,,,,,,,,,,,,,,,,,,,
929,TIC 157691093,TIC 157691093,14,0.0102202,0.0033066341,False,1.1549829,1684.21675,5.76,331.66,8.4292,2.8524,0,max_single_event_fraction +0.43,log_depth -0.42,log_duration_ratio -0.27,ok,,,,,,,,,,,,,,,,,,,,,,,
930,TIC 284564230,TIC 284564230,14,0.0101931,0.003291625,False,3.7687944,1684.23091,1.728,456.53,6.1999,4.5169,0,harmonic_delta_loglike -0.42,flux_skew -0.34,delta_loglike +0.16,ok,,,,,,,,,,,,,,,,,,,,,,,
931,TIC 48088307,TIC 48088307,14,0.0101809,0.0032848539,False,3.4371255,1685.91131,0.96,1365.9,4.2174,3.8362,0,log_depth +0.48,duration_over_period -0.43,harmonic_delta_loglike -0.41,ok,,,,,,,,,,,,,,,,,,,,,,,
932,TIC 202276752,TIC 202276752,14,0.0101719,0.0032799082,False,0.58360626,1683.80269,2.688,680.31,2.9601,3.6597,0,log_period -0.56,max_single_event_fraction +0.46,flux_skew -0.41,ok,,,,,,,,,,,,,,,,,,,,,,,
933,TIC 287152271,TIC 287152271,14,0.0101478,0.003266591,False,10.119052,1689.49389,0.96,1795.7,3.9695,4.1042,0,flux_skew +0.89,duration_over_period -0.56,harmonic_delta_loglike -0.40,ok,,,,,,,,,,,,,,,,,,,,,,,
934,TIC 362215331,TIC 362215331,14,0.0101163,0.0032492184,False,6.4345591,1689.47147,0.96,2034.3,4.0473,3.6231,0,log_depth +0.43,harmonic_delta_loglike -0.41,flux_skew -0.41,ok,,,,,,,,,,,,,,,,,,,,,,,
935,TIC 156151147,TIC 156151147,14,0.0101037,0.0032422877,False,10.870527,1692.17916,3.84,1085.9,3.336,3.4058,0,log_depth +0.45,flux_skew -0.43,harmonic_delta_loglike -0.41,ok,,,,,,,,,,,,,,,,,,,,,,,
936,TIC 237107005,TIC 237107005,14,0.0100954,0.0032377201,False,3.397805,1683.48057,0.96,484.54,4.3018,3.5214,0,harmonic_delta_loglike -0.41,duration_over_period -0.38,secondary_sigma +0.20,ok,,,,,,,,,,,,,,,,,,,,,,,
937,TIC 142584578,TIC 142584578,14,0.0100686,0.0032229753,False,5.2196978,1686.85891,0.96,1149.1,4.3485,3.7916,0,log_depth +0.55,duration_over_period -0.50,harmonic_delta_loglike -0.40,ok,,,,,,,,,,,,,,,,,,,,,,,
938,TIC 198211976,TIC 198211976,14,0.0100599,0.0032181978,False,4.0232633,1685.28156,3.84,464.92,4.247,3.3472,0,harmonic_delta_loglike -0.41,log_duration_ratio +0.27,secondary_sigma -0.25,ok,,,,,,,,,,,,,,,,,,,,,,,
939,TIC 356915621,TIC 356915621,14,0.0100325,0.0032031918,False,4.8159198,1686.85507,0.96,1367.6,5.2585,5.2775,0,duration_over_period -0.53,log_depth +0.46,harmonic_delta_loglike -0.42,ok,,,,,,,,,,,,,,,,,,,,,,,
940,TIC 350940341,TIC 350940341,14,0.0100221,0.0031975265,False,12.176815,1685.4216,0.96,1852.6,8.1275,3.429,0,duration_over_period -0.42,log_depth +0.40,secondary_sigma -0.27,ok,,,,,,,,,,,,,,,,,,,,,,,
941,TIC 416266941,TIC 416266941,14,0.010009,0.0031903667,False,11.841139,1685.4116,1.728,1254.7,4.5139,3.4453,0,duration_over_period -0.53,harmonic_delta_loglike -0.42,log_depth +0.40,ok,,,,,,,,,,,,,,,,,,,,,,,
942,TIC 27769688,TIC 27769688,14,0.00999826,0.003184482,False,9.6405302,1692.95186,3.84,967.78,5.11,3.0942,0,log_depth +0.41,harmonic_delta_loglike -0.41,bls_sde +0.32,ok,,,,,,,,,,,,,,,,,,,,,,,
943,TIC 406931322,TIC 406931322,14,0.00999718,0.0031838922,False,0.5,1683.63113,2.688,488.88,6.6954,5.5429,1,secondary_sigma -0.81,max_single_event_fraction +0.56,log_period -0.49,ok,,,,,,,,,,,,,,,,,,,,,,,
944,TIC 160268648,TIC 160268648,14,0.00996809,0.0031680263,False,11.821729,1690.16331,2.688,1596.5,3.2091,3.3474,0,log_scatter +0.44,duration_over_period -0.44,harmonic_delta_loglike -0.41,ok,,,,,,,,,,,,,,,,,,,,,,,
945,TIC 99834321,TIC 99834321,14,0.00993636,0.0031507574,False,8.1384818,1688.74239,1.728,4172.8,5.3933,4.5904,0,duration_over_period -0.49,log_depth +0.42,harmonic_delta_loglike -0.41,ok,,,,,,,,,,,,,,,,,,,,,,,
946,TIC 154108188,TIC 154108188,14,0.00993424,0.0031496058,False,4.5460312,1687.2241,0.96,353.31,4.016,3.3684,0,harmonic_delta_loglike -0.40,duration_over_period -0.37,log_depth -0.34,ok,,,,,,,,,,,,,,,,,,,,,,,
947,TIC 307958020,TIC 307958020,14,0.00990125,0.0031316948,False,1.3414752,1684.6259,1.728,82.713,5.5393,3.1095,0,log_depth -0.63,log_scatter -0.50,max_single_event_fraction +0.42,ok,,,,,,,,,,,,,,,,,,,,,,,
948,TIC 229598224,TIC 229598224,14,0.00989662,0.0031291863,False,0.97820174,1684.22924,0.96,178.25,5.0968,3.8791,0,log_depth -0.67,max_single_event_fraction +0.55,flux_skew -0.48,ok,,,,,,,,,,,,,,,,,,,,,,,
949,TIC 47676737,TIC 47676737,14,0.00987774,0.0031189604,False,0.71447186,1683.79938,3.84,213.33,5.3686,3.425,0,log_depth -0.56,log_period -0.45,max_single_event_fraction +0.43,ok,,,,,,,,,,,,,,,,,,,,,,,
950,TIC 305028583,TIC 305028583,14,0.00979405,0.0030737966,False,4.7682046,1687.95424,0.96,978.41,4.8907,4.0939,0,duration_over_period -0.49,log_depth +0.48,harmonic_delta_loglike -0.42,ok,,,,,,,,,,,,,,,,,,,,,,,
951,TIC 153972913,TIC 153972913,14,0.00977389,0.0030629597,False,1.088579,1683.73172,1.728,183.76,3.7281,2.9248,0,max_single_event_fraction +0.59,log_depth -0.56,flux_skew -0.41,ok,,,,,,,,,,,,,,,,,,,,,,,
952,TIC 153919357,TIC 153919357,14,0.00977346,0.0030627276,False,7.1802367,1686.12669,1.728,583.31,4.5978,3.3809,0,harmonic_delta_loglike -0.41,duration_over_period -0.40,flux_skew -0.24,ok,,,,,,,,,,,,,,,,,,,,,,,
953,TIC 157648215,TIC 157648215,14,0.00976182,0.0030564802,False,12.338004,1695.25635,1.728,2021.3,3.6545,4.2898,0,duration_over_period -0.44,log_depth +0.43,harmonic_delta_loglike -0.41,ok,,,,,,,,,,,,,,,,,,,,,,,
954,TIC 304717736,TIC 304717736,14,0.00976137,0.0030562389,False,9.8003898,1689.68231,1.728,1145.2,4.5888,3.3,0,duration_over_period -0.45,log_depth +0.43,harmonic_delta_loglike -0.42,ok,,,,,,,,,,,,,,,,,,,,,,,
955,TIC 358616651,TIC 358616651,14,0.00972803,0.0030383665,False,4.464606,1687.5354,0.96,904.39,3.4909,3.2782,0,duration_over_period -0.50,log_depth +0.42,harmonic_delta_loglike -0.42,ok,,,,,,,,,,,,,,,,,,,,,,,
956,TIC 233057038,TIC 233057038,14,0.00972511,0.0030368067,False,0.55095609,1683.48233,3.84,77.733,4.4149,4.1518,0,bls_depth_over_scatter +0.51,max_single_event_fraction +0.45,log_depth -0.44,ok,,,,,,,,,,,,,,,,,,,,,,,
957,TIC 272670690,TIC 272670690,14,0.0096335,0.0029879335,False,0.57597628,1683.58465,1.728,296.41,4.4745,4.7876,0,log_depth -0.68,log_period -0.53,max_single_event_fraction +0.47,ok,,,,,,,,,,,,,,,,,,,,,,,
958,TIC 284566899,TIC 284566899,14,0.00960382,0.0029721719,False,10.319134,1684.68638,3.84,6847.6,3.5221,3.2233,0,log_depth +0.43,harmonic_delta_loglike -0.41,power_contrast -0.31,ok,,,,,,,,,,,,,,,,,,,,,,,
959,TIC 137579188,TIC 137579188,14,0.00959865,0.0029694308,False,1.9648012,1684.02279,0.96,247.29,5.0291,3.9232,0,log_depth -0.68,flux_skew -0.37,max_single_event_fraction +0.36,ok,,,,,,,,,,,,,,,,,,,,,,,
960,TIC 230088370,TIC 230088370,14,0.00958635,0.0029629154,False,1.1549878,1684.37298,5.76,147.87,5.4437,3.2377,0,log_depth -0.55,max_single_event_fraction +0.43,flux_skew -0.36,ok,,,,,,,,,,,,,,,,,,,,,,,
961,TIC 376867898,TIC 376867898,14,0.00956202,0.0029500358,False,1.1955833,1683.58171,5.76,53.346,6.1818,4.4284,0,bls_depth_over_scatter +0.53,log_scatter -0.51,log_depth -0.45,ok,,,,,,,,,,,,,,,,,,,,,,,
962,TIC 272759360,TIC 272759360,14,0.00954836,0.0029428158,False,4.5563569,1687.845,0.96,808.78,3.4209,3.4385,0,duration_over_period -0.51,flux_skew -0.43,harmonic_amp_over_depth -0.41,ok,,,,,,,,,,,,,,,,,,,,,,,
963,TIC 356240607,TIC 356240607,14,0.00953601,0.0029362942,False,7.0181204,1687.63522,1.728,1172.0,10.21,3.4763,0,log_depth +0.49,duration_over_period -0.46,flux_skew -0.45,ok,,,,,,,,,,,,,,,,,,,,,,,
964,TIC 230075227,TIC 230075227,14,0.00952568,0.0029308479,False,4.5064771,1687.58191,0.96,514.95,6.0045,4.6259,0,harmonic_delta_loglike -0.42,duration_over_period -0.39,flux_skew +0.26,ok,,,,,,,,,,,,,,,,,,,,,,,
965,TIC 243274130,TIC 243274130,14,0.00951921,0.0029274359,False,8.8939701,1685.35526,1.728,1311.3,4.0766,3.2428,0,duration_over_period -0.53,secondary_sigma +0.43,harmonic_delta_loglike -0.41,ok,,,,,,,,,,,,,,,,,,,,,,,
966,TIC 389968487,TIC 389968487,14,0.00950689,0.0029209418,False,6.5067625,1683.82697,0.96,996.64,4.4186,3.181,0,duration_over_period -0.56,harmonic_delta_loglike -0.41,log_depth +0.40,ok,,,,,,,,,,,,,,,,,,,,,,,
967,TIC 356311210,TIC 356311210,14,0.0094168,0.0028736671,False,1.1683595,1683.63898,3.84,264.02,5.7906,3.4402,0,log_depth -0.53,flux_skew -0.47,log_duration_ratio -0.42,ok,,,,,,,,,,,,,,,,,,,,,,,
968,TIC 353784355,TIC 353784355,14,0.0094045,0.0028672346,False,12.017684,1686.82666,0.96,2886.7,3.5401,2.6103,0,bls_sde -0.48,flux_skew +0.42,duration_over_period -0.41,ok,,,,,,,,,,,,,,,,,,,,,,,
969,TIC 17137899,TIC 17137899,14,0.00939183,0.0028606171,False,10.398374,1684.78072,1.728,1369.0,4.2917,3.2003,0,duration_over_period -0.47,harmonic_delta_loglike -0.40,log_depth +0.31,ok,,,,,,,,,,,,,,,,,,,,,,,
970,TIC 281946010,TIC 281946010,14,0.00939139,0.0028603871,False,4.651927,1685.22165,0.96,840.84,4.8885,3.3559,0,duration_over_period -0.57,log_depth +0.44,harmonic_delta_loglike -0.42,ok,,,,,,,,,,,,,,,,,,,,,,,
971,TIC 219797482,TIC 219797482,14,0.00936784,0.0028481054,False,3.5114066,1683.55014,0.96,1259.9,3.4611,3.2138,0,log_depth +0.46,log_scatter +0.46,harmonic_delta_loglike -0.41,ok,,,,,,,,,,,,,,,,,,,,,,,
972,TIC 271426759,TIC 271426759,14,0.00936034,0.0028441992,False,0.89653459,1683.58817,0.96,114.33,7.0305,3.5867,0,log_depth -0.65,log_scatter -0.50,max_single_event_fraction +0.47,ok,,,,,,,,,,,,,,,,,,,,,,,
973,TIC 21125672,TIC 21125672,14,0.0093582,0.0028430868,False,9.0773703,1688.25937,1.728,2350.5,3.873,3.795,0,duration_over_period -0.45,log_depth +0.42,harmonic_delta_loglike -0.42,ok,,,,,,,,,,,,,,,,,,,,,,,
974,TIC 233187810,TIC 233187810,14,0.00928712,0.0028061783,False,10.870287,1693.82854,0.96,3375.1,2.7824,3.3133,0,duration_over_period -0.47,harmonic_amp_over_depth -0.42,log_depth +0.40,ok,,,,,,,,,,,,,,,,,,,,,,,
975,TIC 383553377,TIC 383553377,14,0.00928412,0.0028046243,False,8.4937521,1690.90016,0.96,2493.4,3.3283,3.1538,0,duration_over_period -0.50,harmonic_delta_loglike -0.41,log_depth +0.38,ok,,,,,,,,,,,,,,,,,,,,,,,
976,TIC 336131785,TIC 336131785,14,0.00927619,0.0028005202,False,4.0716525,1683.8686,1.728,556.09,3.8395,3.6968,0,harmonic_amp_over_depth -0.41,harmonic_delta_loglike -0.40,secondary_sigma -0.26,ok,,,,,,,,,,,,,,,,,,,,,,,
977,TIC 28090433,TIC 28090433,14,0.00927473,0.0027997661,False,6.4748036,1684.02786,1.728,1258.6,4.5413,4.448,0,log_depth +0.47,harmonic_delta_loglike -0.42,flux_skew -0.35,ok,,,,,,,,,,,,,,,,,,,,,,,
978,TIC 441726485,TIC 441726485,14,0.00926773,0.0027961416,False,0.91290392,1683.87285,3.84,326.92,40.395,5.3435,0,secondary_sigma -0.84,flux_skew +0.64,log_depth -0.54,ok,,,,,,,,,,,,,,,,,,,,,,,
979,TIC 353730868,TIC 353730868,14,0.00924285,0.0027832902,False,3.6467932,1686.39105,0.96,1200.2,3.5216,3.1985,0,log_depth +0.49,duration_over_period -0.44,harmonic_delta_loglike -0.42,ok,,,,,,,,,,,,,,,,,,,,,,,
980,TIC 219697927,TIC 219697927,14,0.00923217,0.0027777812,False,1.1342834,1683.65796,1.728,88.775,4.458,3.2252,0,log_depth -0.65,max_single_event_fraction +0.63,log_scatter -0.59,ok,,,,,,,,,,,,,,,,,,,,,,,
981,TIC 155637703,TIC 155637703,14,0.0092215,0.0027722849,False,5.9636092,1684.62373,1.728,1008.5,3.4172,3.7211,0,log_depth +0.49,harmonic_delta_loglike -0.42,flux_skew -0.40,ok,,,,,,,,,,,,,,,,,,,,,,,
982,TIC 29539591,TIC 29539591,14,0.00916165,0.0027415216,False,1.0435396,1683.65343,5.76,154.07,6.4871,2.7873,0,log_depth -0.44,max_single_event_fraction +0.33,harmonic_delta_loglike -0.24,ok,,,,,,,,,,,,,,,,,,,,,,,
983,TIC 164652245,TIC 164652245,14,0.00912739,0.0027239774,False,11.938807,1685.04017,2.688,529.05,7.9625,3.7849,0,max_single_event_fraction -0.89,flux_skew +0.55,secondary_sigma -0.40,ok,,,,,,,,,,,,,,,,,,,,,,,
984,TIC 147940207,TIC 147940207,14,0.00911464,0.0027174603,False,10.161519,1684.48672,1.728,1210.8,3.763,3.7155,0,duration_over_period -0.46,log_depth +0.45,flux_skew -0.44,ok,,,,,,,,,,,,,,,,,,,,,,,
985,TIC 289248744,TIC 289248744,14,0.00909364,0.00270674,False,9.14601,1684.47237,0.96,1736.3,3.5103,3.8558,0,duration_over_period -0.48,harmonic_delta_loglike -0.41,log_depth +0.40,ok,,,,,,,,,,,,,,,,,,,,,,,
986,TIC 258271001,TIC 258271001,14,0.00908638,0.002703037,False,11.495513,1691.4007,2.688,1308.5,4.1412,3.0148,0,duration_over_period -0.49,bls_sde +0.43,harmonic_delta_loglike -0.42,ok,,,,,,,,,,,,,,,,,,,,,,,
987,TIC 363578604,TIC 363578604,14,0.00907312,0.0026962803,False,12.29784,1686.86549,0.96,3186.4,4.2899,3.3452,0,duration_over_period -0.49,harmonic_amp_over_depth -0.42,log_depth +0.40,ok,,,,,,,,,,,,,,,,,,,,,,,
988,TIC 272760558,TIC 272760558,14,0.00904843,0.0026837212,False,7.9005724,1685.0728,0.96,1853.5,3.986,3.5941,0,duration_over_period -0.48,log_depth +0.45,harmonic_delta_loglike -0.42,ok,,,,,,,,,,,,,,,,,,,,,,,
989,TIC 142876824,TIC 142876824,14,0.00903573,0.0026772689,False,11.185339,1686.72284,0.96,1104.2,4.9968,4.9575,0,duration_over_period -0.45,flux_skew -0.43,log_depth +0.42,ok,,,,,,,,,,,,,,,,,,,,,,,
990,TIC 69930272,TIC 69930272,14,0.00901466,0.0026665829,False,11.014243,1687.95446,2.688,717.42,3.9583,3.9388,0,duration_over_period -0.42,harmonic_delta_loglike -0.40,power_contrast -0.33,ok,,,,,,,,,,,,,,,,,,,,,,,
991,TIC 193978363,TIC 193978363,14,0.00899014,0.0026541656,False,0.94966561,1683.56007,0.96,126.56,5.2467,3.8304,0,log_depth -0.66,log_scatter -0.58,max_single_event_fraction +0.54,ok,,,,,,,,,,,,,,,,,,,,,,,
992,TIC 153972992,TIC 153972992,14,0.00897425,0.0026461312,False,2.385654,1685.00772,0.96,668.9,3.5658,3.3215,0,harmonic_amp_over_depth -0.38,harmonic_delta_loglike -0.37,flux_skew -0.35,ok,,,,,,,,,,,,,,,,,,,,,,,
993,TIC 142933598,TIC 142933598,14,0.00896687,0.0026424065,False,8.7830026,1689.70691,0.96,1428.5,3.7522,3.7626,0,duration_over_period -0.49,log_depth +0.44,harmonic_delta_loglike -0.41,ok,,,,,,,,,,,,,,,,,,,,,,,
994,TIC 172370610,TIC 172370610,14,0.00894987,0.002633826,False,2.0271646,1685.19666,5.76,277.04,8.0775,3.3482,0,log_duration_ratio -0.53,log_depth -0.50,secondary_sigma -0.35,ok,,,,,,,,,,,,,,,,,,,,,,,
995,TIC 158720208,TIC 158720208,14,0.0089304,0.0026240158,False,8.5355984,1686.60432,0.96,953.6,4.2098,3.3709,0,duration_over_period -0.51,log_depth +0.47,harmonic_delta_loglike -0.39,ok,,,,,,,,,,,,,,,,,,,,,,,
996,TIC 138545191,TIC 138545191,14,0.00893034,0.0026239869,False,11.006472,1688.06256,0.96,4238.7,3.5304,3.7545,0,duration_over_period -0.49,harmonic_delta_loglike -0.41,log_depth +0.41,ok,,,,,,,,,,,,,,,,,,,,,,,
997,TIC 137732784,TIC 137732784,14,0.0089257,0.0026216509,False,4.3238507,1684.01046,0.96,670.38,4.3007,4.0767,0,duration_over_period -0.43,harmonic_delta_loglike -0.42,flux_skew -0.31,ok,,,,,,,,,,,,,,,,,,,,,,,
998,TIC 99956328,TIC 99956328,14,0.00888316,0.0026002783,False,1.0395289,1683.8626,5.76,121.89,4.7924,3.4828,0,log_depth -0.55,max_single_event_fraction +0.37,flux_skew -0.32,ok,,,,,,,,,,,,,,,,,,,,,,,
999,TIC 135626661,TIC 135626661,14,0.00887332,0.0025953459,False,12.962465,1690.45703,2.688,669.31,8.3479,3.3299,0,max_single_event_fraction -0.86,duration_over_period -0.40,secondary_sigma +0.37,ok,,,,,,,,,,,,,,,,,,,,,,,
1000,TIC 157803208,TIC 157803208,14,0.00886372,0.0025905375,False,8.5636277,1691.61265,1.728,1599.2,3.3838,3.0876,0,duration_over_period -0.54,harmonic_delta_loglike -0.42,log_depth +0.41,ok,,,,,,,,,,,,,,,,,,,,,,,
1001,TIC 230123155,TIC 230123155,14,0.00886059,0.0025889697,False,11.701087,1683.9614,0.96,1660.9,4.3383,3.7953,0,duration_over_period -0.56,harmonic_delta_loglike -0.40,log_depth +0.38,ok,,,,,,,,,,,,,,,,,,,,,,,
1002,TIC 137604992,TIC 137604992,14,0.00885854,0.0025879408,False,5.7422457,1686.73098,0.96,980.37,3.6837,3.4361,0,duration_over_period -0.56,log_depth +0.43,harmonic_delta_loglike -0.42,ok,,,,,,,,,,,,,,,,,,,,,,,
1003,TIC 378390325,TIC 378390325,14,0.00884164,0.0025794899,False,10.045239,1691.18113,3.84,1113.3,14.628,2.8604,0,max_single_event_fraction -0.90,bls_sde -0.61,log_depth +0.38,ok,,,,,,,,,,,,,,,,,,,,,,,
1004,TIC 328933730,TIC 328933730,14,0.00881171,0.0025645482,False,1.1549935,1684.37182,5.76,145.85,6.2771,3.9046,0,log_depth -0.54,max_single_event_fraction +0.50,log_duration_ratio -0.38,ok,,,,,,,,,,,,,,,,,,,,,,,
1005,TIC 259100469,TIC 259100469,14,0.00875951,0.0025385721,False,8.0053594,1685.43383,0.96,1148.9,4.6126,4.7225,0,log_depth +0.49,duration_over_period -0.46,harmonic_amp_over_depth -0.42,ok,,,,,,,,,,,,,,,,,,,,,,,
1006,TIC 165530380,TIC 165530380,14,0.00873422,0.0025260284,False,2.5022078,1684.98241,5.76,173.29,4.9055,3.4798,0,log_depth -0.52,max_single_event_fraction +0.43,log_duration_ratio -0.28,ok,,,,,,,,,,,,,,,,,,,,,,,
1007,TIC 230377505,TIC 230377505,14,0.00873407,0.002525952,False,6.3066018,1689.05469,5.76,511.85,5.8567,3.8071,0,log_duration_ratio -0.45,harmonic_delta_loglike -0.36,log_scatter +0.24,ok,,,,,,,,,,,,,,,,,,,,,,,
1008,TIC 230017324,TIC 230017324,14,0.008713,0.0025155212,False,9.6882432,1691.29858,2.688,1362.3,7.0351,4.9598,0,harmonic_delta_loglike -0.41,log_depth +0.40,flux_skew -0.35,ok,,,,,,,,,,,,,,,,,,,,,,,
1009,TIC 122839247,TIC 122839247,14,0.00867007,0.0024943277,False,3.5732001,1683.52408,0.96,657.29,4.0836,3.3541,0,harmonic_delta_loglike -0.41,duration_over_period -0.38,power_contrast -0.33,ok,,,,,,,,,,,,,,,,,,,,,,,
1010,TIC 142617654,TIC 142617654,14,0.00866145,0.0024900807,False,10.432556,1687.74307,0.96,2825.8,3.3269,3.7211,0,duration_over_period -0.49,log_scatter +0.45,harmonic_delta_loglike -0.42,ok,,,,,,,,,,,,,,,,,,,,,,,
1011,TIC 194076601,TIC 194076601,14,0.00865493,0.0024868663,False,7.6576287,1690.88442,5.76,9161.8,47.067,2.5484,0,max_single_event_fraction -0.94,bls_sde -0.63,harmonic_delta_loglike +0.62,ok,,,,,,,,,,,,,,,,,,,,,,,
1012,TIC 233852054,TIC 233852054,14,0.00863132,0.0024752558,False,12.856376,1694.96688,5.76,697.24,4.9704,4.274,0,harmonic_delta_loglike -0.42,harmonic_amp_over_depth -0.37,secondary_sigma +0.28,ok,,,,,,,,,,,,,,,,,,,,,,,
1013,TIC 159630172,TIC 159630172,14,0.00862045,0.0024699195,False,5.9460667,1689.24446,0.96,2092.0,2.8138,3.2067,0,duration_over_period -0.49,log_depth +0.44,harmonic_amp_over_depth -0.41,ok,,,,,,,,,,,,,,,,,,,,,,,
1014,TIC 283195933,TIC 283195933,14,0.0086033,0.0024615049,False,0.86894842,1683.86976,5.76,502.85,11.781,5.6486,1,log_duration_ratio -0.93,power_contrast +0.49,secondary_sigma +0.43,ok,,,,,,,,,,,,,,,,,,,,,,,
1015,TIC 219005532,TIC 219005532,14,0.00858536,0.0024527206,False,0.54375357,1683.58428,5.76,324.21,8.0889,7.91,1,log_duration_ratio -0.67,log_period -0.66,power_contrast +0.52,ok,,,,,,,,,,,,,,,,,,,,,,,
1016,TIC 21015785,TIC 21015785,14,0.00858428,0.0024521932,False,8.6458004,1684.8114,1.728,7356.7,4.6392,3.358,0,max_single_event_fraction -0.81,duration_over_period -0.52,log_depth +0.41,ok,,,,,,,,,,,,,,,,,,,,,,,
1017,TIC 229588935,TIC 229588935,14,0.00858395,0.0024520322,False,10.028724,1688.22529,0.96,500.48,5.5181,3.3262,0,duration_over_period -0.44,harmonic_delta_loglike -0.42,delta_loglike +0.31,ok,,,,,,,,,,,,,,,,,,,,,,,
1018,TIC 462550395,TIC 462550395,14,0.00856215,0.0024413705,False,5.5655406,1684.0636,0.96,829.93,3.4476,3.3173,0,duration_over_period -0.57,harmonic_delta_loglike -0.41,log_depth +0.39,ok,,,,,,,,,,,,,,,,,,,,,,,
1019,TIC 219880850,TIC 219880850,14,0.00852404,0.0024227869,False,6.614697,1687.60949,1.728,1358.5,3.7518,3.4738,0,log_depth +0.48,log_scatter +0.44,harmonic_delta_loglike -0.41,ok,,,,,,,,,,,,,,,,,,,,,,,
1020,TIC 436170272,TIC 436170272,14,0.00846162,0.0023924717,False,0.9295729,1683.8817,3.84,101.67,6.4915,5.1369,0,log_depth -0.55,flux_skew -0.47,log_duration_ratio -0.45,ok,,,,,,,,,,,,,,,,,,,,,,,
1021,TIC 334678769,TIC 334678769,14,0.00845073,0.0023872004,False,6.6147252,1684.77661,2.688,442.07,5.9964,4.9138,0,harmonic_delta_loglike -0.39,flux_skew -0.39,log_depth -0.35,ok,,,,,,,,,,,,,,,,,,,,,,,
1022,TIC 343348180,TIC 343348180,14,0.00840136,0.0023633616,False,0.67561139,1683.84641,5.76,143.38,3.766,3.5799,0,bls_depth_over_scatter +0.51,log_period -0.46,log_depth -0.40,ok,,,,,,,,,,,,,,,,,,,,,,,
1023,TIC 219113615,TIC 219113615,14,0.00840063,0.0023630075,False,2.2708037,1684.02943,1.728,337.25,4.509,3.888,0,log_depth -0.68,flux_skew -0.41,max_single_event_fraction +0.34,ok,,,,,,,,,,,,,,,,,,,,,,,
1024,TIC 365103323,TIC 365103323,14,0.00839525,0.0023604169,False,6.0227983,1687.44728,0.96,797.88,4.322,3.0084,0,duration_over_period -0.57,bls_sde +0.48,harmonic_delta_loglike -0.42,ok,,,,,,,,,,,,,,,,,,,,,,,
1025,TIC 103685942,TIC 103685942,14,0.00839473,0.0023601643,False,2.7256751,1684.81447,1.728,384.51,4.6364,3.1236,0,log_depth -0.40,harmonic_delta_loglike -0.39,flux_skew -0.32,ok,,,,,,,,,,,,,,,,,,,,,,,
1026,TIC 259102854,TIC 259102854,14,0.00837601,0.00235116,False,10.553427,1685.32975,5.76,523.25,3.3133,3.1318,0,harmonic_delta_loglike -0.42,flux_skew -0.34,power_contrast -0.27,ok,,,,,,,,,,,,,,,,,,,,,,,
1027,TIC 336323979,TIC 336323979,14,0.00837279,0.0023496108,False,6.6973467,1686.4688,3.84,513.17,3.8842,3.4024,0,flux_skew -0.48,harmonic_delta_loglike -0.42,power_contrast -0.32,ok,,,,,,,,,,,,,,,,,,,,,,,
1028,TIC 219820991,TIC 219820991,14,0.00837266,0.0023495465,False,0.98952655,1683.51837,3.84,156.51,7.3654,3.7345,0,log_depth -0.55,flux_skew -0.45,log_duration_ratio -0.43,ok,,,,,,,,,,,,,,,,,,,,,,,
1029,TIC 219108539,TIC 219108539,14,0.00832494,0.002326655,False,10.942218,1688.31355,0.96,3352.9,3.9856,4.4428,0,duration_over_period -0.46,harmonic_amp_over_depth -0.42,log_depth +0.42,ok,,,,,,,,,,,,,,,,,,,,,,,
1030,TIC 185878516,TIC 185878516,14,0.00831388,0.0023213616,False,0.64520205,1683.78438,5.76,381.72,4.9511,3.5108,0,log_period -0.49,log_scatter +0.45,max_single_event_fraction +0.31,ok,,,,,,,,,,,,,,,,,,,,,,,
1031,TIC 148839961,TIC 148839961,14,0.00829194,0.0023108813,False,7.9990926,1690.87819,1.728,1590.0,3.8853,3.7832,0,duration_over_period -0.53,log_depth +0.43,harmonic_delta_loglike -0.42,ok,,,,,,,,,,,,,,,,,,,,,,,
1032,TIC 123493477,TIC 123493477,14,0.00829194,0.00231088,False,12.501525,1689.47592,0.96,1143.0,3.3963,3.5362,0,duration_over_period -0.48,log_depth +0.43,harmonic_delta_loglike -0.41,ok,,,,,,,,,,,,,,,,,,,,,,,
1033,TIC 245211282,TIC 245211282,14,0.00829072,0.0023102976,False,1.3128018,1683.5944,5.76,45.122,18.2,4.1108,0,flux_skew +0.87,log_depth -0.58,log_duration_ratio -0.54,ok,,,,,,,,,,,,,,,,,,,,,,,
1034,TIC 136787307,TIC 136787307,14,0.00826987,0.0023003549,False,9.086285,1684.74101,1.728,1995.5,5.2081,3.5711,0,secondary_sigma -0.51,duration_over_period -0.49,log_depth +0.44,ok,,,,,,,,,,,,,,,,,,,,,,,
1035,TIC 367630162,TIC 367630162,14,0.00823586,0.0022841725,False,5.8953784,1688.46325,2.688,350.57,5.1919,3.7439,0,log_depth -0.60,harmonic_delta_loglike -0.41,odd_even_sigma +0.27,ok,,,,,,,,,,,,,,,,,,,,,,,
1036,TIC 232963570,TIC 232963570,14,0.00822133,0.002277277,False,8.9748167,1687.27953,0.96,1340.7,3.7587,4.1357,0,log_depth +0.48,duration_over_period -0.47,harmonic_amp_over_depth -0.42,ok,,,,,,,,,,,,,,,,,,,,,,,
1037,TIC 89880310,TIC 89880310,14,0.00821478,0.0022741696,False,0.74324222,1683.51719,2.688,2307.2,64.092,3.5774,0,log_duration_ratio -0.65,harmonic_delta_loglike +0.59,log_depth +0.56,ok,,,,,,,,,,,,,,,,,,,,,,,
1038,TIC 157766415,TIC 157766415,14,0.00820044,0.0022673749,False,1.337067,1684.57659,2.688,125.14,4.6933,3.3971,0,log_depth -0.63,max_single_event_fraction +0.47,flux_skew -0.44,ok,,,,,,,,,,,,,,,,,,,,,,,
1039,TIC 259168516,TIC 259168516,14,0.00819943,0.0022668955,False,11.998113,1685.17815,2.688,3746.5,3.0904,3.7768,0,log_depth +0.44,duration_over_period -0.44,harmonic_amp_over_depth -0.42,ok,,,,,,,,,,,,,,,,,,,,,,,
1040,TIC 115234648,TIC 115234648,14,0.00819412,0.0022643844,False,7.7609856,1685.51344,0.96,2006.2,4.5554,3.9728,0,duration_over_period -0.47,log_depth +0.47,harmonic_delta_loglike -0.41,ok,,,,,,,,,,,,,,,,,,,,,,,
1041,TIC 289167062,TIC 289167062,14,0.00817146,0.0022536662,False,11.590397,1684.94039,0.96,1718.9,3.1993,3.5488,0,duration_over_period -0.47,log_depth +0.41,harmonic_delta_loglike -0.41,ok,,,,,,,,,,,,,,,,,,,,,,,
1042,TIC 462554573,TIC 462554573,14,0.00815796,0.0022472961,False,8.7057734,1685.49644,0.96,1621.5,3.6835,3.1449,0,duration_over_period -0.49,log_depth +0.44,harmonic_delta_loglike -0.42,ok,,,,,,,,,,,,,,,,,,,,,,,
1043,TIC 257081369,TIC 257081369,14,0.00811311,0.002226174,False,4.8392895,1686.78041,0.96,3075.1,3.3552,3.2397,0,duration_over_period -0.57,log_depth +0.44,harmonic_delta_loglike -0.42,ok,,,,,,,,,,,,,,,,,,,,,,,
1044,TIC 403248088,TIC 403248088,14,0.00806815,0.0022050887,False,2.0832549,1683.83348,1.728,356.92,4.2001,3.8838,0,flux_skew -0.48,log_depth -0.38,harmonic_delta_loglike -0.37,ok,,,,,,,,,,,,,,,,,,,,,,,
1045,TIC 233202425,TIC 233202425,14,0.00806127,0.0022018687,False,5.7138927,1686.40573,0.96,1995.9,3.6498,3.8717,0,duration_over_period -0.51,log_depth +0.46,harmonic_delta_loglike -0.42,ok,,,,,,,,,,,,,,,,,,,,,,,
1046,TIC 42314115,TIC 42314115,14,0.00805275,0.0021978835,False,5.9439197,1688.87707,0.96,1041.5,4.7528,3.9517,0,flux_skew -0.49,log_depth +0.42,harmonic_delta_loglike -0.42,ok,,,,,,,,,,,,,,,,,,,,,,,
1047,TIC 160161784,TIC 160161784,14,0.00804345,0.0021935377,False,8.1515344,1690.21209,1.728,799.19,3.5669,4.1002,0,duration_over_period -0.50,log_depth +0.41,harmonic_delta_loglike -0.40,ok,,,,,,,,,,,,,,,,,,,,,,,
1048,TIC 164672064,TIC 164672064,14,0.00802294,0.0021839677,False,5.4926916,1688.44023,1.728,1285.6,3.1958,4.1013,0,log_depth +0.51,harmonic_delta_loglike -0.42,harmonic_amp_over_depth -0.38,ok,,,,,,,,,,,,,,,,,,,,,,,
1049,TIC 365278807,TIC 365278807,14,0.00801625,0.0021808499,False,10.553476,1683.95932,1.728,1202.3,3.7758,3.9942,0,duration_over_period -0.45,log_depth +0.45,harmonic_delta_loglike -0.41,ok,,,,,,,,,,,,,,,,,,,,,,,
1050,TIC 154007357,TIC 154007357,14,0.00799828,0.0021724845,False,0.9069144,1684.25982,1.728,222.63,2.5331,4.1745,0,log_depth -0.66,max_single_event_fraction +0.53,flux_skew -0.47,ok,,,,,,,,,,,,,,,,,,,,,,,
1051,TIC 198186769,TIC 198186769,14,0.00798995,0.0021686098,False,7.1865027,1688.74952,5.76,728.17,6.4161,4.8154,0,max_single_event_fraction -1.00,log_duration_ratio -0.52,log_depth +0.38,ok,,,,,,,,,,,,,,,,,,,,,,,
1052,TIC 403175602,TIC 403175602,14,0.00793477,0.0021430236,False,6.3168807,1689.46985,2.688,507.87,3.7138,3.0477,0,max_single_event_fraction -0.82,harmonic_delta_loglike -0.36,bls_sde +0.29,ok,,,,,,,,,,,,,,,,,,,,,,,
1053,TIC 123229805,TIC 123229805,14,0.00789532,0.002124812,False,1.1997046,1683.74812,3.84,145.87,5.7774,4.3693,0,log_depth -0.57,max_single_event_fraction +0.46,log_duration_ratio -0.42,ok,,,,,,,,,,,,,,,,,,,,,,,
1054,TIC 154091322,TIC 154091322,14,0.00788286,0.0021190701,False,7.2171685,1684.036,1.728,1111.5,1.9775,3.9787,0,log_depth +0.51,duration_over_period -0.47,harmonic_amp_over_depth -0.42,ok,,,,,,,,,,,,,,,,,,,,,,,
1055,TIC 138620006,TIC 138620006,14,0.00788036,0.0021179195,False,8.5507328,1684.82281,0.96,4016.2,3.7167,3.6455,0,duration_over_period -0.56,harmonic_delta_loglike -0.42,log_depth +0.33,ok,,,,,,,,,,,,,,,,,,,,,,,
1056,TIC 424388719,TIC 424388719,14,0.00785781,0.0021075531,False,6.8205483,1687.61795,0.96,1143.8,4.0825,3.2987,0,duration_over_period -0.57,log_depth +0.48,harmonic_delta_loglike -0.41,ok,,,,,,,,,,,,,,,,,,,,,,,
1057,TIC 287152495,TIC 287152495,14,0.00780753,0.0020845096,False,5.895225,1687.16195,0.96,1330.5,3.7381,4.472,0,duration_over_period -0.47,log_depth +0.44,harmonic_delta_loglike -0.42,ok,,,,,,,,,,,,,,,,,,,,,,,
1058,TIC 185183826,TIC 185183826,14,0.00780597,0.0020838008,False,9.6405603,1692.44032,0.96,1636.2,4.2056,3.7967,0,duration_over_period -0.56,harmonic_delta_loglike -0.40,log_depth +0.38,ok,,,,,,,,,,,,,,,,,,,,,,,
1059,TIC 147951030,TIC 147951030,14,0.00779595,0.0020792205,False,0.90691688,1683.71478,0.96,257.73,4.5496,4.0992,0,log_depth -0.68,max_single_event_fraction +0.50,flux_skew -0.47,ok,,,,,,,,,,,,,,,,,,,,,,,
1060,TIC 40367433,TIC 40367433,14,0.00778159,0.0020726646,False,3.8884076,1685.81324,0.96,812.05,4.0893,3.4207,0,duration_over_period -0.49,log_depth +0.42,harmonic_delta_loglike -0.42,ok,,,,,,,,,,,,,,,,,,,,,,,
1061,TIC 48306516,TIC 48306516,14,0.00777487,0.0020696039,False,0.79378697,1684.0757,1.728,434.68,3.8908,4.2359,0,log_period -0.48,flux_skew -0.45,max_single_event_fraction +0.42,ok,,,,,,,,,,,,,,,,,,,,,,,
1062,TIC 233500642,TIC 233500642,14,0.00774722,0.0020570163,False,8.7489073,1691.0766,0.96,1041.2,4.4602,4.1187,0,duration_over_period -0.57,log_depth +0.47,harmonic_amp_over_depth -0.42,ok,,,,,,,,,,,,,,,,,,,,,,,
1063,TIC 138210252,TIC 138210252,14,0.00774601,0.0020564646,False,1.0026349,1684.33684,3.84,364.84,5.8102,2.6229,0,bls_sde -0.38,secondary_sigma +0.33,flux_skew -0.33,ok,,,,,,,,,,,,,,,,,,,,,,,
1064,TIC 294471966,TIC 294471966,14,0.00771613,0.0020428978,False,4.3773461,1686.39962,0.96,813.03,4.6775,4.1889,0,duration_over_period -0.56,log_depth +0.49,harmonic_delta_loglike -0.42,ok,,,,,,,,,,,,,,,,,,,,,,,
1065,TIC 138728611,TIC 138728611,14,0.0076864,0.0020294396,False,9.116128,1691.05265,0.96,3126.5,4.3062,3.6411,0,duration_over_period -0.56,log_depth +0.41,harmonic_delta_loglike -0.40,ok,,,,,,,,,,,,,,,,,,,,,,,
1066,TIC 111668304,TIC 111668304,14,0.00767653,0.0020249815,False,2.6569581,1685.95777,1.728,521.34,3.3021,3.2114,0,harmonic_delta_loglike -0.42,harmonic_amp_over_depth -0.38,flux_skew -0.33,ok,,,,,,,,,,,,,,,,,,,,,,,
1067,TIC 279127057,TIC 279127057,14,0.00762626,0.0020023277,False,0.52962987,1683.57833,5.76,1131.5,45.873,9.3753,1,log_duration_ratio -0.76,clipped_fraction +0.66,log_period -0.66,ok,,,,,,,,,,,,,,,,,,,,,,,
1068,TIC 160491359,TIC 160491359,14,0.00761415,0.0019968838,False,1.1342781,1684.18068,2.688,162.08,4.0412,3.3507,0,log_depth -0.65,max_single_event_fraction +0.35,flux_skew -0.33,ok,,,,,,,,,,,,,,,,,,,,,,,
1069,TIC 103809242,TIC 103809242,14,0.0075968,0.0019890998,False,3.6288631,1684.24235,1.728,408.12,4.1295,3.7386,0,flux_skew -0.48,harmonic_delta_loglike -0.40,log_depth -0.39,ok,,,,,,,,,,,,,,,,,,,,,,,
1070,TIC 160272374,TIC 160272374,14,0.00757311,0.0019784938,False,8.1247115,1688.71142,1.728,2473.2,3.6258,3.733,0,duration_over_period -0.50,log_depth +0.47,log_scatter +0.40,ok,,,,,,,,,,,,,,,,,,,,,,,
1071,TIC 185178774,TIC 185178774,14,0.00756094,0.0019730527,False,11.308238,1687.54045,0.96,815.03,3.848,3.6428,0,harmonic_delta_loglike -0.42,duration_over_period -0.42,secondary_sigma +0.33,ok,,,,,,,,,,,,,,,,,,,,,,,
1072,TIC 288391041,TIC 288391041,14,0.00752736,0.0019580738,False,11.123801,1685.70451,1.728,2931.7,3.3172,3.4789,0,duration_over_period -0.46,harmonic_delta_loglike -0.41,log_depth +0.35,ok,,,,,,,,,,,,,,,,,,,,,,,
1073,TIC 198458010,TIC 198458010,14,0.00752054,0.0019550358,False,10.978043,1690.68669,1.728,602.59,4.9789,3.5187,0,harmonic_delta_loglike -0.41,duration_over_period -0.40,odd_even_sigma +0.27,ok,,,,,,,,,,,,,,,,,,,,,,,
1074,TIC 230387153,TIC 230387153,14,0.00748886,0.0019409572,False,4.9683808,1686.90213,5.76,460.82,4.6147,3.9109,0,log_duration_ratio -0.47,harmonic_delta_loglike -0.36,log_scatter +0.23,ok,,,,,,,,,,,,,,,,,,,,,,,
1075,TIC 147609141,TIC 147609141,14,0.00747274,0.0019338103,False,2.0949648,1684.74619,3.84,281.06,4.4977,3.799,0,log_depth -0.54,flux_skew -0.42,log_duration_ratio -0.35,ok,,,,,,,,,,,,,,,,,,,,,,,
1076,TIC 264173803,TIC 264173803,14,0.00741679,0.0019090862,False,4.8155349,1688.06959,0.96,1533.9,2.7529,4.1278,0,duration_over_period -0.49,log_depth +0.47,harmonic_delta_loglike -0.42,ok,,,,,,,,,,,,,,,,,,,,,,,
1077,TIC 236908083,TIC 236908083,14,0.00740257,0.0019028236,False,4.3845658,1685.77075,2.688,216.74,5.8734,4.0588,0,log_depth -0.60,flux_skew -0.47,harmonic_delta_loglike -0.42,ok,,,,,,,,,,,,,,,,,,,,,,,
1078,TIC 312371956,TIC 312371956,14,0.00737879,0.0018923698,False,0.84766672,1683.49349,2.688,478.92,16.392,5.8103,2,secondary_sigma -0.83,log_period -0.56,flux_skew +0.52,ok,,,,,,,,,,,,,,,,,,,,,,,
1079,TIC 371778150,TIC 371778150,14,0.00737278,0.0018897302,False,0.80156942,1683.71912,2.688,3119.0,11.878,4.2009,0,log_depth +0.52,log_period -0.50,secondary_sigma -0.43,ok,,,,,,,,,,,,,,,,,,,,,,,
1080,TIC 406190563,TIC 406190563,14,0.00736122,0.0018846626,False,0.88481555,1683.66944,3.84,349.1,8.736,5.5814,1,log_depth -0.56,max_single_event_fraction +0.55,log_duration_ratio -0.41,ok,,,,,,,,,,,,,,,,,,,,,,,
1081,TIC 20438876,TIC 20438876,14,0.00736091,0.0018845254,False,0.94965888,1683.70135,0.96,256.3,4.5751,2.8607,0,log_depth -0.53,max_single_event_fraction +0.45,secondary_sigma +0.39,ok,,,,,,,,,,,,,,,,,,,,,,,
1082,TIC 147898537,TIC 147898537,14,0.00734365,0.0018769664,False,10.028674,1688.29859,3.84,1231.6,3.4402,2.8509,0,bls_sde -0.58,harmonic_delta_loglike -0.39,log_scatter +0.36,ok,,,,,,,,,,,,,,,,,,,,,,,
1083,TIC 336075472,TIC 336075472,14,0.00734191,0.0018762066,False,9.5981355,1683.47994,0.96,1047.5,5.6525,4.6317,0,duration_over_period -0.52,harmonic_delta_loglike -0.42,log_depth +0.37,ok,,,,,,,,,,,,,,,,,,,,,,,
1084,TIC 198316664,TIC 198316664,14,0.007307,0.0018609593,False,8.8887215,1688.91301,0.96,978.0,3.8753,3.4212,0,duration_over_period -0.56,harmonic_delta_loglike -0.41,log_depth +0.41,ok,,,,,,,,,,,,,,,,,,,,,,,
1085,TIC 259238498,TIC 259238498,14,0.00730288,0.0018591647,False,8.4519213,1685.79366,3.84,400.77,3.0994,3.2707,0,harmonic_delta_loglike -0.41,log_depth -0.33,flux_skew -0.27,ok,,,,,,,,,,,,,,,,,,,,,,,
1086,TIC 233059608,TIC 233059608,14,0.00729325,0.00185497,False,13.351795,1689.35007,0.96,1395.1,40.112,3.5571,0,odd_even_sigma -0.68,harmonic_delta_loglike +0.60,secondary_sigma +0.42,ok,,,,,,,,,,,,,,,,,,,,,,,
1087,TIC 198187049,TIC 198187049,14,0.00729086,0.0018539274,False,9.2519332,1683.9776,2.688,217.64,9.2868,4.7927,0,log_depth -0.50,log_scatter -0.41,flux_skew -0.38,ok,,,,,,,,,,,,,,,,,,,,,,,
1088,TIC 256062160,TIC 256062160,14,0.0072705,0.0018450726,False,5.0841492,1687.4437,1.728,340.91,5.9232,4.5864,0,log_depth -0.60,flux_skew -0.47,harmonic_delta_loglike -0.41,ok,,,,,,,,,,,,,,,,,,,,,,,
1089,TIC 89561852,TIC 89561852,14,0.00725763,0.0018394879,False,4.1271275,1684.8296,0.96,715.29,4.6372,3.9409,0,duration_over_period -0.49,flux_skew -0.46,harmonic_delta_loglike -0.42,ok,,,,,,,,,,,,,,,,,,,,,,,
1090,TIC 441764521,TIC 441764521,14,0.00720078,0.0018148906,False,12.277536,1694.00096,1.728,1910.1,3.7699,3.2801,0,duration_over_period -0.47,harmonic_delta_loglike -0.41,harmonic_amp_over_depth -0.39,ok,,,,,,,,,,,,,,,,,,,,,,,
1091,TIC 92645505,TIC 92645505,14,0.00719354,0.0018117642,False,11.468364,1692.13726,5.76,122800.0,56.761,2.8797,0,max_single_event_fraction -0.97,bls_sde -0.77,harmonic_delta_loglike +0.63,ok,,,,,,,,,,,,,,,,,,,,,,,
1092,TIC 137604932,TIC 137604932,14,0.00718612,0.0018085671,False,9.2674644,1687.823,5.76,1013.5,3.3835,2.8353,0,bls_sde -0.57,log_depth +0.39,harmonic_delta_loglike -0.38,ok,,,,,,,,,,,,,,,,,,,,,,,
1093,TIC 147713812,TIC 147713812,14,0.00718154,0.0018065969,False,8.2463914,1690.97525,0.96,776.65,3.6566,3.3758,0,duration_over_period -0.49,harmonic_amp_over_depth -0.42,harmonic_delta_loglike -0.42,ok,,,,,,,,,,,,,,,,,,,,,,,
1094,TIC 232975475,TIC 232975475,14,0.00717091,0.0018020199,False,0.66018779,1683.8325,5.76,1295.0,23.913,6.7669,1,log_duration_ratio -0.87,clipped_fraction +0.68,log_period -0.66,ok,,,,,,,,,,,,,,,,,,,,,,,
1095,TIC 230075120,TIC 230075120,14,0.00716324,0.0017987225,False,0.76557561,1683.72904,3.84,185.87,4.4763,4.7949,0,log_depth -0.56,log_period -0.51,max_single_event_fraction +0.44,ok,,,,,,,,,,,,,,,,,,,,,,,
1096,TIC 377864783,TIC 377864783,14,0.00715754,0.0017962723,False,2.3700164,1685.38498,1.728,613.99,5.8956,2.683,0,bls_sde -0.46,harmonic_delta_loglike -0.36,flux_skew -0.31,ok,,,,,,,,,,,,,,,,,,,,,,,
1097,TIC 142458844,TIC 142458844,14,0.00714542,0.001791067,False,4.2287138,1683.71878,0.96,1515.8,3.8873,4.0939,0,log_depth +0.46,duration_over_period -0.44,harmonic_delta_loglike -0.41,ok,,,,,,,,,,,,,,,,,,,,,,,
1098,TIC 147821208,TIC 147821208,14,0.00714244,0.0017897907,False,10.960331,1684.52611,0.96,1962.4,4.1146,3.2954,0,duration_over_period -0.59,harmonic_delta_loglike -0.38,log_depth +0.37,ok,,,,,,,,,,,,,,,,,,,,,,,
1099,TIC 353782445,TIC 353782445,14,0.00713204,0.001785332,False,2.7572182,1684.195,2.688,200.77,5.91,3.6556,0,log_depth -0.50,harmonic_delta_loglike -0.39,flux_skew -0.39,ok,,,,,,,,,,,,,,,,,,,,,,,
1100,TIC 289590465,TIC 289590465,14,0.00711275,0.0017770741,False,12.677302,1694.29758,1.728,1157.9,4.3553,4.3091,0,log_depth +0.46,duration_over_period -0.45,harmonic_delta_loglike -0.40,ok,,,,,,,,,,,,,,,,,,,,,,,
1101,TIC 416534875,TIC 416534875,14,0.00709152,0.0017680031,False,0.57806098,1683.73017,2.688,170.22,4.5583,3.8598,0,log_depth -0.54,log_period -0.47,max_single_event_fraction +0.47,ok,,,,,,,,,,,,,,,,,,,,,,,
1102,TIC 229596337,TIC 229596337,14,0.00704102,0.0017465094,False,6.9607979,1686.98911,0.96,1301.4,4.0429,4.2223,0,duration_over_period -0.56,log_depth +0.43,harmonic_delta_loglike -0.42,ok,,,,,,,,,,,,,,,,,,,,,,,
1103,TIC 350733403,TIC 350733403,14,0.00703067,0.0017421168,False,10.817088,1694.12485,2.688,2176.8,3.5941,3.3111,0,max_single_event_fraction -0.73,log_depth +0.39,duration_over_period -0.37,ok,,,,,,,,,,,,,,,,,,,,,,,
1104,TIC 159510044,TIC 159510044,14,0.00699585,0.0017273738,False,11.821772,1692.7764,2.688,1980.0,3.7885,3.3936,0,duration_over_period -0.50,harmonic_delta_loglike -0.39,log_scatter +0.37,ok,,,,,,,,,,,,,,,,,,,,,,,
1105,TIC 289573117,TIC 289573117,14,0.0069845,0.0017225805,False,13.090615,1683.97665,0.96,2855.8,4.6008,3.6843,0,duration_over_period -0.57,harmonic_delta_loglike -0.40,harmonic_amp_over_depth -0.39,ok,,,,,,,,,,,,,,,,,,,,,,,
1106,TIC 230386259,TIC 230386259,14,0.00698041,0.0017208527,False,13.395922,1690.63433,3.84,520.12,7.4562,3.7695,0,max_single_event_fraction -0.59,secondary_sigma +0.43,harmonic_delta_loglike -0.33,ok,,,,,,,,,,,,,,,,,,,,,,,
1107,TIC 198479238,TIC 198479238,14,0.00697807,0.0017198651,False,13.395638,1692.86642,0.96,1156.2,3.6114,3.0534,0,duration_over_period -0.47,harmonic_amp_over_depth -0.42,harmonic_delta_loglike -0.40,ok,,,,,,,,,,,,,,,,,,,,,,,
1108,TIC 266477128,TIC 266477128,14,0.00695321,0.0017093935,False,6.390188,1688.20646,0.96,4078.2,3.7021,3.4117,0,duration_over_period -0.50,harmonic_delta_loglike -0.41,log_depth +0.38,ok,,,,,,,,,,,,,,,,,,,,,,,
1109,TIC 153973563,TIC 153973563,14,0.0069461,0.0017064025,False,12.625529,1685.00772,0.96,1928.0,3.4282,4.1497,0,duration_over_period -0.41,log_depth +0.40,harmonic_delta_loglike -0.40,ok,,,,,,,,,,,,,,,,,,,,,,,
1110,TIC 154814765,TIC 154814765,14,0.00691489,0.0016933004,False,5.3150343,1687.64356,3.84,285.44,3.6498,3.3483,0,log_depth -0.61,flux_skew -0.46,harmonic_delta_loglike -0.41,ok,,,,,,,,,,,,,,,,,,,,,,,
1111,TIC 259264241,TIC 259264241,14,0.00690114,0.0016875411,False,8.2323875,1687.70961,2.688,378.68,3.6874,3.1719,0,harmonic_delta_loglike -0.40,log_depth -0.34,flux_skew -0.29,ok,,,,,,,,,,,,,,,,,,,,,,,
1112,TIC 451907713,TIC 451907713,14,0.00689533,0.0016851074,False,11.609633,1688.7899,0.96,2110.4,4.4853,3.1037,0,duration_over_period -0.49,harmonic_amp_over_depth -0.42,harmonic_delta_loglike -0.41,ok,,,,,,,,,,,,,,,,,,,,,,,
1113,TIC 158551270,TIC 158551270,14,0.00686649,0.0016730636,False,5.6299132,1687.14431,0.96,699.7,3.8652,3.2526,0,duration_over_period -0.45,harmonic_delta_loglike -0.41,flux_skew -0.25,ok,,,,,,,,,,,,,,,,,,,,,,,
1114,TIC 245222507,TIC 245222507,14,0.0068589,0.0016699005,False,8.2730372,1689.21775,1.728,1087.9,6.5956,3.0521,0,max_single_event_fraction -0.72,duration_over_period -0.47,harmonic_delta_loglike -0.45,ok,,,,,,,,,,,,,,,,,,,,,,,
1115,TIC 48357554,TIC 48357554,14,0.00684812,0.0016654107,False,5.3324741,1688.35142,0.96,1592.4,3.9505,2.9049,0,bls_sde -0.53,duration_over_period -0.44,harmonic_delta_loglike -0.39,ok,,,,,,,,,,,,,,,,,,,,,,,
1116,TIC 406855039,TIC 406855039,14,0.00682661,0.0016564666,False,1.3637309,1683.92949,5.76,169.33,10.236,4.659,0,log_depth -0.53,log_duration_ratio -0.46,secondary_sigma -0.29,ok,,,,,,,,,,,,,,,,,,,,,,,
1117,TIC 30625802,TIC 30625802,14,0.00680122,0.0016459363,False,0.75507184,1683.66214,3.84,412.98,4.5059,3.6896,0,flux_skew -0.39,log_period -0.38,log_duration_ratio -0.30,ok,,,,,,,,,,,,,,,,,,,,,,,
1118,TIC 120317234,TIC 120317234,14,0.00679639,0.0016439402,False,6.8809951,1688.28852,1.728,693.47,4.3262,4.4085,0,duration_over_period -0.45,harmonic_delta_loglike -0.42,power_contrast -0.23,ok,,,,,,,,,,,,,,,,,,,,,,,
1119,TIC 363038026,TIC 363038026,14,0.00676628,0.0016314935,False,1.1268419,1684.01813,3.84,105.1,5.0325,3.5003,0,log_depth -0.55,flux_skew -0.48,log_duration_ratio -0.31,ok,,,,,,,,,,,,,,,,,,,,,,,
1120,TIC 229605578,TIC 229605578,14,0.0067409,0.0016210336,False,8.2867093,1685.72486,2.688,394.9,4.3071,4.3125,0,flux_skew -0.46,harmonic_delta_loglike -0.42,secondary_sigma +0.41,ok,,,,,,,,,,,,,,,,,,,,,,,
1121,TIC 232614240,TIC 232614240,14,0.0067292,0.0016162229,False,6.9036731,1687.91394,5.76,615.27,4.1939,3.7928,0,log_duration_ratio -0.43,harmonic_delta_loglike -0.36,bls_sde +0.21,ok,,,,,,,,,,,,,,,,,,,,,,,
1122,TIC 154563411,TIC 154563411,14,0.00672482,0.0016144236,False,7.0529605,1687.85942,1.728,1691.7,4.6461,4.0887,0,duration_over_period -0.52,log_depth +0.44,harmonic_delta_loglike -0.40,ok,,,,,,,,,,,,,,,,,,,,,,,
1123,TIC 244380372,TIC 244380372,14,0.00672046,0.0016126307,False,7.9527911,1685.99369,2.688,550.84,5.3969,3.1121,0,harmonic_delta_loglike -0.41,power_contrast -0.31,flux_skew -0.28,ok,,,,,,,,,,,,,,,,,,,,,,,
1124,TIC 154548259,TIC 154548259,14,0.00668622,0.0015985963,False,11.80225,1684.53936,0.96,2901.4,4.0996,4.5575,0,duration_over_period -0.55,harmonic_delta_loglike -0.41,log_scatter +0.37,ok,,,,,,,,,,,,,,,,,,,,,,,
1125,TIC 219742885,TIC 219742885,14,0.00666442,0.0015896847,False,1.0150476,1683.79322,2.688,79.769,5.7724,3.7414,0,log_depth -0.66,log_scatter -0.56,flux_skew -0.50,ok,,,,,,,,,,,,,,,,,,,,,,,
1126,TIC 160599683,TIC 160599683,14,0.00665895,0.0015874538,False,9.7200992,1687.46867,0.96,827.96,5.9608,3.7384,0,harmonic_delta_loglike -0.50,duration_over_period -0.47,log_depth +0.35,ok,,,,,,,,,,,,,,,,,,,,,,,
1127,TIC 157327987,TIC 157327987,14,0.00662485,0.0015735689,False,3.0064624,1684.32287,5.76,358.94,4.7413,4.1815,0,secondary_sigma +0.42,harmonic_delta_loglike -0.34,log_duration_ratio -0.31,ok,,,,,,,,,,,,,,,,,,,,,,,
1128,TIC 288671122,TIC 288671122,14,0.00657195,0.0015521266,False,8.9087389,1692.28841,0.96,1369.8,4.3774,4.0289,0,log_depth +0.51,duration_over_period -0.49,harmonic_amp_over_depth -0.38,ok,,,,,,,,,,,,,,,,,,,,,,,
1129,TIC 366485999,TIC 366485999,14,0.0065587,0.0015467755,False,2.6548885,1683.90189,0.96,584.46,2.9167,3.4332,0,harmonic_delta_loglike -0.41,harmonic_amp_over_depth -0.37,flux_skew -0.37,ok,,,,,,,,,,,,,,,,,,,,,,,
1130,TIC 272782368,TIC 272782368,14,0.00655149,0.0015438663,False,2.4140912,1684.11785,0.96,508.62,4.3413,3.739,0,flux_skew -0.45,harmonic_amp_over_depth -0.38,harmonic_delta_loglike -0.37,ok,,,,,,,,,,,,,,,,,,,,,,,
1131,TIC 43414368,TIC 43414368,14,0.00654872,0.0015427494,False,9.282642,1687.689,5.76,1433.7,10.462,2.7962,0,max_single_event_fraction -1.06,bls_sde -0.75,log_depth +0.37,ok,,,,,,,,,,,,,,,,,,,,,,,
1132,TIC 259129746,TIC 259129746,14,0.00653364,0.0015366785,False,9.2674175,1691.72997,1.728,741.78,3.8326,3.8643,0,duration_over_period -0.45,harmonic_delta_loglike -0.41,flux_skew -0.31,ok,,,,,,,,,,,,,,,,,,,,,,,
1133,TIC 356918880,TIC 356918880,14,0.0065195,0.0015309917,False,1.5943766,1684.39057,0.96,226.42,4.7014,3.2983,0,log_depth -0.57,flux_skew -0.39,harmonic_delta_loglike -0.37,ok,,,,,,,,,,,,,,,,,,,,,,,
1134,TIC 232537018,TIC 232537018,14,0.00651897,0.0015307761,False,10.850714,1691.37259,1.728,2561.3,3.0553,3.2687,0,duration_over_period -0.46,harmonic_delta_loglike -0.41,log_scatter +0.38,ok,,,,,,,,,,,,,,,,,,,,,,,
1135,TIC 186128691,TIC 186128691,14,0.0065088,0.0015266942,False,4.4207579,1686.18825,5.76,386.33,3.852,3.4572,0,harmonic_delta_loglike -0.33,flux_skew -0.32,log_duration_ratio -0.32,ok,,,,,,,,,,,,,,,,,,,,,,,
1136,TIC 137151335,TIC 137151335,14,0.00647955,0.0015149719,False,12.604819,1689.44876,2.688,330.41,4.5965,3.0881,0,log_depth -0.47,harmonic_delta_loglike -0.40,duration_over_period -0.33,ok,,,,,,,,,,,,,,,,,,,,,,,
1137,TIC 219852882,TIC 219852882,14,0.0064704,0.001511314,False,8.382558,1687.44539,3.84,799.47,7.5099,2.9399,0,harmonic_delta_loglike -0.52,bls_sde -0.42,log_depth +0.36,ok,,,,,,,,,,,,,,,,,,,,,,,
1138,TIC 298070500,TIC 298070500,14,0.00645036,0.0015033136,False,2.7436699,1683.44365,2.688,197.82,5.3709,4.0499,0,log_depth -0.66,harmonic_delta_loglike -0.41,flux_skew -0.32,ok,,,,,,,,,,,,,,,,,,,,,,,
1139,TIC 165527918,TIC 165527918,14,0.00644147,0.0014997686,False,11.289373,1688.78289,0.96,1155.8,4.1535,3.341,0,duration_over_period -0.47,log_depth +0.42,harmonic_delta_loglike -0.41,ok,,,,,,,,,,,,,,,,,,,,,,,
1140,TIC 430246471,TIC 430246471,14,0.00638269,0.0014764274,False,6.9493944,1685.42667,0.96,3642.8,3.2848,4.2506,0,duration_over_period -0.57,log_depth +0.49,harmonic_delta_loglike -0.41,ok,,,,,,,,,,,,,,,,,,,,,,,
1141,TIC 12260978,TIC 12260978,14,0.00636118,0.0014679238,False,11.860765,1685.40051,0.96,1914.6,4.6484,3.2434,0,duration_over_period -0.56,harmonic_delta_loglike -0.41,log_depth +0.37,ok,,,,,,,,,,,,,,,,,,,,,,,
1142,TIC 13251797,TIC 13251797,14,0.00633953,0.0014593873,False,5.2801657,1685.24087,0.96,1424.2,4.391,3.9381,0,duration_over_period -0.49,log_depth +0.43,harmonic_delta_loglike -0.41,ok,,,,,,,,,,,,,,,,,,,,,,,
1143,TIC 156496460,TIC 156496460,14,0.00632603,0.0014540732,False,11.860608,1691.65212,0.96,3075.6,3.4498,3.0969,0,duration_over_period -0.57,harmonic_delta_loglike -0.40,log_scatter +0.38,ok,,,,,,,,,,,,,,,,,,,,,,,
1144,TIC 321600369,TIC 321600369,14,0.00631288,0.0014489069,False,5.15147,1685.22499,0.96,663.51,3.984,3.4973,0,flux_skew -0.53,harmonic_delta_loglike -0.42,duration_over_period -0.38,ok,,,,,,,,,,,,,,,,,,,,,,,
1145,TIC 153976959,TIC 153976959,14,0.00630751,0.0014468002,False,0.68568717,1683.42778,1.728,132.69,3.1882,4.6241,0,log_depth -0.66,log_period -0.51,flux_skew -0.49,ok,,,,,,,,,,,,,,,,,,,,,,,
1146,TIC 298600443,TIC 298600443,14,0.00628913,0.0014395927,False,9.9475365,1684.01911,5.76,486.57,6.98,2.8399,0,bls_sde -0.41,harmonic_delta_loglike -0.39,secondary_sigma -0.20,ok,,,,,,,,,,,,,,,,,,,,,,,
1147,TIC 64157377,TIC 64157377,14,0.00628488,0.0014379286,False,12.77207,1687.18854,1.728,620.84,4.4809,3.0246,0,bls_sde +0.48,harmonic_amp_over_depth -0.42,harmonic_delta_loglike -0.41,ok,,,,,,,,,,,,,,,,,,,,,,,
1148,TIC 232814362,TIC 232814362,14,0.006235,0.0014184574,False,6.86985,1689.07729,0.96,653.15,4.6213,3.8557,0,duration_over_period -0.45,flux_skew -0.43,harmonic_delta_loglike -0.42,ok,,,,,,,,,,,,,,,,,,,,,,,
1149,TIC 229786159,TIC 229786159,14,0.00622029,0.0014127398,False,12.41978,1690.28556,2.688,1644.9,3.6718,3.0613,0,duration_over_period -0.52,harmonic_delta_loglike -0.40,secondary_sigma -0.29,ok,,,,,,,,,,,,,,,,,,,,,,,
1150,TIC 459977836,TIC 459977836,14,0.00621738,0.0014116071,False,11.571428,1687.35782,0.96,2059.0,4.886,4.2742,0,duration_over_period -0.48,harmonic_delta_loglike -0.42,log_depth +0.35,ok,,,,,,,,,,,,,,,,,,,,,,,
1151,TIC 229590959,TIC 229590959,14,0.00621438,0.0014104428,False,13.286253,1695.25298,1.728,1771.2,3.0274,3.6027,0,max_single_event_fraction -0.75,duration_over_period -0.50,log_depth +0.43,ok,,,,,,,,,,,,,,,,,,,,,,,
1152,TIC 232524745,TIC 232524745,14,0.00620745,0.0014077546,False,0.84221204,1684.12353,1.728,147.37,5.0414,3.3077,0,log_depth -0.67,max_single_event_fraction +0.47,log_period -0.45,ok,,,,,,,,,,,,,,,,,,,,,,,
1153,TIC 30159798,TIC 30159798,14,0.00618564,0.0013993006,False,7.467838,1689.26312,5.76,13922.0,94.576,2.6604,0,max_single_event_fraction -0.81,clipped_fraction +0.77,secondary_sigma -0.62,ok,,,,,,,,,,,,,,,,,,,,,,,
1154,TIC 230020283,TIC 230020283,14,0.00617316,0.0013944741,False,0.86752159,1683.63861,5.76,124.17,6.4475,5.4962,0,log_depth -0.56,max_single_event_fraction +0.44,log_duration_ratio -0.41,ok,,,,,,,,,,,,,,,,,,,,,,,
1155,TIC 395437743,TIC 395437743,14,0.0061641,0.0013909762,False,0.78858245,1684.01398,3.84,1121.6,180.4,3.3105,0,flux_skew +0.62,log_depth +0.55,delta_loglike -0.55,ok,,,,,,,,,,,,,,,,,,,,,,,
1156,TIC 459978312,TIC 459978312,14,0.00614232,0.0013825785,False,1.0259899,1683.8337,5.76,89.079,52.427,2.9911,0,harmonic_delta_loglike +0.56,max_single_event_fraction +0.38,log_depth -0.37,ok,,,,,,,,,,,,,,,,,,,,,,,
1157,TIC 288380425,TIC 288380425,14,0.00610076,0.0013666122,False,13.220905,1688.70444,2.688,1007.4,3.4829,3.1242,0,duration_over_period -0.44,harmonic_amp_over_depth -0.42,log_depth +0.42,ok,,,,,,,,,,,,,,,,,,,,,,,
1158,TIC 40954422,TIC 40954422,14,0.00609604,0.0013648043,False,0.50164758,1683.6487,2.688,211.51,6.6453,4.9225,0,log_depth -0.54,log_period -0.50,max_single_event_fraction +0.45,ok,,,,,,,,,,,,,,,,,,,,,,,
1159,TIC 103655770,TIC 103655770,14,0.00607813,0.0013579531,False,8.3964258,1685.59019,0.96,4341.3,4.1114,4.6654,0,duration_over_period -0.47,log_depth +0.46,harmonic_delta_loglike -0.40,ok,,,,,,,,,,,,,,,,,,,,,,,
1160,TIC 89998275,TIC 89998275,14,0.00607245,0.0013557827,False,2.7033456,1683.46132,0.96,425.37,5.2063,3.6455,0,odd_even_sigma -0.42,log_depth -0.38,harmonic_delta_loglike -0.38,ok,,,,,,,,,,,,,,,,,,,,,,,
1161,TIC 459976815,TIC 459976815,14,0.00605601,0.0013495095,False,10.67535,1687.60201,1.728,1587.4,3.378,3.3144,0,duration_over_period -0.53,harmonic_amp_over_depth -0.42,log_depth +0.41,ok,,,,,,,,,,,,,,,,,,,,,,,
1162,TIC 267542850,TIC 267542850,14,0.00603248,0.0013405517,False,10.870582,1687.86124,3.84,646.22,2.8664,4.1963,0,harmonic_delta_loglike -0.41,flux_skew -0.35,log_duration_ratio +0.23,ok,,,,,,,,,,,,,,,,,,,,,,,
1163,TIC 232650365,TIC 232650365,14,0.00602965,0.0013394751,False,11.647911,1687.32316,0.96,3408.5,4.7938,3.869,0,duration_over_period -0.50,harmonic_delta_loglike -0.39,log_scatter +0.34,ok,,,,,,,,,,,,,,,,,,,,,,,
1164,TIC 219778329,TIC 219778329,14,0.00600615,0.0013305572,False,0.95593014,1683.48592,2.688,62.336,6.7135,3.2564,0,log_depth -0.65,log_scatter -0.50,max_single_event_fraction +0.46,ok,,,,,,,,,,,,,,,,,,,,,,,
1165,TIC 219436394,TIC 219436394,14,0.00600025,0.0013283222,False,9.0414713,1685.79978,0.96,1104.0,4.7777,4.1397,0,duration_over_period -0.48,log_depth +0.43,harmonic_delta_loglike -0.41,ok,,,,,,,,,,,,,,,,,,,,,,,
1166,TIC 287232332,TIC 287232332,14,0.00600019,0.0013283023,False,7.9136542,1689.32601,0.96,5790.4,3.2677,4.5165,0,duration_over_period -0.54,log_depth +0.46,harmonic_delta_loglike -0.39,ok,,,,,,,,,,,,,,,,,,,,,,,
1167,TIC 272843619,TIC 272843619,14,0.00598881,0.0013239929,False,0.98790324,1683.98006,5.76,459.04,13.178,5.0087,0,log_duration_ratio -0.59,harmonic_delta_loglike -0.36,max_single_event_fraction +0.30,ok,,,,,,,,,,,,,,,,,,,,,,,
1168,TIC 288516853,TIC 288516853,14,0.00598223,0.0013215057,False,1.607555,1684.9606,1.728,86.115,6.0635,3.4837,0,log_depth -0.63,log_scatter -0.43,harmonic_delta_loglike -0.35,ok,,,,,,,,,,,,,,,,,,,,,,,
1169,TIC 243317641,TIC 243317641,14,0.00597473,0.0013186754,False,0.99606139,1683.47097,3.84,220.85,7.1917,5.5847,1,log_depth -0.51,max_single_event_fraction +0.45,flux_skew -0.42,ok,,,,,,,,,,,,,,,,,,,,,,,
1170,TIC 136671508,TIC 136671508,14,0.00597316,0.0013180827,False,5.895345,1687.34936,0.96,2252.4,4.9901,3.5821,0,duration_over_period -0.56,log_depth +0.43,harmonic_delta_loglike -0.41,ok,,,,,,,,,,,,,,,,,,,,,,,
1171,TIC 339622871,TIC 339622871,14,0.00589436,0.0012884753,False,10.605312,1683.82653,0.96,217.71,10.21,3.7757,0,secondary_sigma +0.57,max_single_event_fraction -0.54,power_contrast +0.43,ok,,,,,,,,,,,,,,,,,,,,,,,
1172,TIC 230287391,TIC 230287391,14,0.00588513,0.0012850275,False,1.1308754,1684.06005,5.76,427.34,8.8526,3.9419,0,log_duration_ratio -0.59,max_single_event_fraction +0.34,secondary_sigma +0.33,ok,,,,,,,,,,,,,,,,,,,,,,,
1173,TIC 198314609,TIC 198314609,14,0.00586018,0.0012757216,False,10.068117,1690.56909,0.96,2755.2,3.2475,3.7022,0,duration_over_period -0.57,harmonic_delta_loglike -0.42,log_scatter +0.38,ok,,,,,,,,,,,,,,,,,,,,,,,
1174,TIC 232522132,TIC 232522132,14,0.00584942,0.0012717185,False,3.5056546,1684.54749,1.728,450.14,4.7678,3.4802,0,flux_skew -0.46,harmonic_delta_loglike -0.42,log_depth -0.41,ok,,,,,,,,,,,,,,,,,,,,,,,
1175,TIC 459218172,TIC 459218172,14,0.00583856,0.0012676823,False,10.161444,1685.10348,0.96,2486.9,3.2941,3.6401,0,duration_over_period -0.49,harmonic_delta_loglike -0.41,log_depth +0.40,ok,,,,,,,,,,,,,,,,,,,,,,,
1176,TIC 219429013,TIC 219429013,14,0.00582541,0.001262804,False,9.733337,1684.25382,0.96,1035.9,3.8572,3.3206,0,duration_over_period -0.51,log_depth +0.40,harmonic_delta_loglike -0.39,ok,,,,,,,,,,,,,,,,,,,,,,,
1177,TIC 26662089,TIC 26662089,14,0.0057949,0.0012515132,False,4.7682085,1687.60741,2.688,431.02,5.4935,3.5377,0,harmonic_delta_loglike -0.39,flux_skew -0.37,log_depth -0.34,ok,,,,,,,,,,,,,,,,,,,,,,,
1178,TIC 237161548,TIC 237161548,14,0.00579198,0.0012504321,False,9.4830741,1683.58869,0.96,1659.3,4.6602,3.7928,0,duration_over_period -0.46,harmonic_amp_over_depth -0.40,harmonic_delta_loglike -0.40,ok,,,,,,,,,,,,,,,,,,,,,,,
1179,TIC 160421205,TIC 160421205,14,0.00578592,0.0012481983,False,7.041342,1688.86454,0.96,1878.8,3.8781,3.6304,0,log_depth +0.42,harmonic_delta_loglike -0.42,flux_skew -0.41,ok,,,,,,,,,,,,,,,,,,,,,,,
1180,TIC 169081296,TIC 169081296,14,0.00577551,0.0012443595,False,1.143647,1684.45263,5.76,251.33,9.496,3.657,0,log_depth -0.53,log_duration_ratio -0.44,flux_skew -0.33,ok,,,,,,,,,,,,,,,,,,,,,,,
1181,TIC 257023924,TIC 257023924,14,0.00577249,0.0012432474,False,9.8326329,1689.7163,1.728,3659.2,3.9005,4.3982,0,duration_over_period -0.50,harmonic_delta_loglike -0.41,log_depth +0.39,ok,,,,,,,,,,,,,,,,,,,,,,,
1182,TIC 233531070,TIC 233531070,14,0.0057529,0.001236039,False,7.4463934,1684.49408,0.96,695.58,3.8141,3.5738,0,duration_over_period -0.50,flux_skew -0.50,harmonic_delta_loglike -0.43,ok,,,,,,,,,,,,,,,,,,,,,,,
1183,TIC 215818439,TIC 215818439,14,0.00575244,0.0012358677,False,4.3058754,1685.28185,2.688,221.72,6.739,3.1376,0,log_depth -0.64,harmonic_delta_loglike -0.53,flux_skew -0.28,ok,,,,,,,,,,,,,,,,,,,,,,,
1184,TIC 441733707,TIC 441733707,14,0.00572265,0.0012249426,False,11.47687,1692.51273,0.96,3041.1,3.5391,3.4353,0,max_single_event_fraction -0.80,duration_over_period -0.49,log_scatter +0.41,ok,,,,,,,,,,,,,,,,,,,,,,,
1185,TIC 269666869,TIC 269666869,14,0.00569759,0.0012157816,False,4.5362986,1687.02682,0.96,902.0,2.9571,4.1938,0,duration_over_period -0.51,log_depth +0.43,harmonic_delta_loglike -0.42,ok,,,,,,,,,,,,,,,,,,,,,,,
1186,TIC 137609277,TIC 137609277,14,0.00568515,0.0012112455,False,7.5203187,1686.135,0.96,701.46,3.9115,3.3757,0,duration_over_period -0.45,flux_skew -0.43,harmonic_delta_loglike -0.42,ok,,,,,,,,,,,,,,,,,,,,,,,
1187,TIC 198237148,TIC 198237148,14,0.00567195,0.0012064397,False,10.628273,1684.82574,0.96,2245.1,3.0919,2.8515,0,duration_over_period -0.45,bls_sde -0.43,harmonic_delta_loglike -0.39,ok,,,,,,,,,,,,,,,,,,,,,,,
1188,TIC 158112271,TIC 158112271,14,0.00567036,0.001205863,False,1.3570128,1684.56006,5.76,538.89,7.246,2.9554,0,log_duration_ratio -0.44,flux_skew -0.40,max_single_event_fraction +0.37,ok,,,,,,,,,,,,,,,,,,,,,,,
1189,TIC 372036877,TIC 372036877,14,0.005654,0.0011999167,False,4.2495746,1686.90996,1.728,382.16,3.933,3.607,0,flux_skew -0.49,harmonic_delta_loglike -0.40,log_depth -0.37,ok,,,,,,,,,,,,,,,,,,,,,,,
1190,TIC 147895673,TIC 147895673,14,0.00564183,0.0011955037,False,7.5297478,1687.61843,1.728,1956.1,5.1905,3.3142,0,max_single_event_fraction -0.75,duration_over_period -0.48,harmonic_delta_loglike -0.34,ok,,,,,,,,,,,,,,,,,,,,,,,
1191,TIC 232522479,TIC 232522479,14,0.00562833,0.0011906175,False,7.4586525,1690.39952,1.728,1744.4,4.1797,3.4947,0,duration_over_period -0.53,log_depth +0.42,harmonic_amp_over_depth -0.41,ok,,,,,,,,,,,,,,,,,,,,,,,
1192,TIC 350988711,TIC 350988711,14,0.00561326,0.0011851704,False,10.960062,1690.33255,1.728,1405.0,3.7146,2.7928,0,bls_sde -0.51,duration_over_period -0.39,harmonic_delta_loglike -0.38,ok,,,,,,,,,,,,,,,,,,,,,,,
1193,TIC 166178400,TIC 166178400,14,0.00559548,0.0011787577,False,9.3899267,1691.40832,0.96,1239.4,3.5203,3.2229,0,duration_over_period -0.56,harmonic_delta_loglike -0.41,log_depth +0.37,ok,,,,,,,,,,,,,,,,,,,,,,,
1194,TIC 420112217,TIC 420112217,14,0.00559392,0.0011781954,False,12.625816,1689.13334,5.76,2442.3,4.702,3.0289,0,max_single_event_fraction -1.00,log_depth +0.41,odd_even_sigma -0.34,ok,,,,,,,,,,,,,,,,,,,,,,,
1195,TIC 313006241,TIC 313006241,14,0.00558602,0.0011753521,False,11.958782,1694.07061,0.96,1889.5,3.1104,3.569,0,harmonic_delta_loglike -0.42,duration_over_period -0.41,flux_skew -0.40,ok,,,,,,,,,,,,,,,,,,,,,,,
1196,TIC 298049541,TIC 298049541,14,0.00556412,0.0011674806,False,4.4866685,1687.1515,0.96,1393.1,3.5349,3.6601,0,duration_over_period -0.56,log_depth +0.45,harmonic_delta_loglike -0.41,ok,,,,,,,,,,,,,,,,,,,,,,,
1197,TIC 367739494,TIC 367739494,14,0.00555944,0.0011658013,False,9.4676947,1684.47644,1.728,1037.1,4.5784,3.4501,0,duration_over_period -0.53,secondary_sigma +0.50,harmonic_delta_loglike -0.42,ok,,,,,,,,,,,,,,,,,,,,,,,
1198,TIC 288133778,TIC 288133778,14,0.00555004,0.0011624339,False,7.3975906,1686.31583,0.96,1644.4,3.427,3.2927,0,duration_over_period -0.49,log_depth +0.42,harmonic_delta_loglike -0.41,ok,,,,,,,,,,,,,,,,,,,,,,,
1199,TIC 284477310,TIC 284477310,14,0.00551057,0.0011483318,False,2.2411186,1685.35507,1.728,425.13,5.7153,4.5521,0,harmonic_amp_over_depth -0.40,log_depth -0.39,harmonic_delta_loglike -0.35,ok,,,,,,,,,,,,,,,,,,,,,,,
1200,TIC 316419605,TIC 316419605,14,0.00550172,0.0011451799,False,11.507012,1688.22456,1.728,1142.8,3.8733,3.7919,0,duration_over_period -0.48,flux_skew -0.43,harmonic_amp_over_depth -0.42,ok,,,,,,,,,,,,,,,,,,,,,,,
1201,TIC 287260377,TIC 287260377,14,0.00549738,0.001143635,False,9.7201504,1684.49911,1.728,1104.9,4.3222,3.235,0,duration_over_period -0.53,secondary_sigma +0.43,harmonic_delta_loglike -0.42,ok,,,,,,,,,,,,,,,,,,,,,,,
1202,TIC 235930408,TIC 235930408,14,0.00547561,0.0011359024,False,8.9971009,1690.98479,1.728,1163.0,3.473,3.4914,0,duration_over_period -0.52,harmonic_delta_loglike -0.41,flux_skew -0.39,ok,,,,,,,,,,,,,,,,,,,,,,,
1203,TIC 1551345500,TIC 1551345500,14,0.00546238,0.0011312127,False,9.1160697,1692.41105,1.728,25885.0,23.899,2.2478,0,max_single_event_fraction -1.06,bls_sde -0.66,flux_skew +0.50,ok,,,,,,,,,,,,,,,,,,,,,,,
1204,TIC 142381532,TIC 142381532,14,0.00543236,0.0011206042,False,12.394943,1683.72351,5.76,305.4,6.3262,3.4017,0,log_depth -0.50,harmonic_delta_loglike -0.43,power_contrast -0.19,ok,,,,,,,,,,,,,,,,,,,,,,,
1205,TIC 219463644,TIC 219463644,14,0.0054315,0.0011202991,False,13.026463,1688.29585,1.728,1534.0,4.0457,3.2279,0,duration_over_period -0.44,harmonic_delta_loglike -0.41,log_depth +0.39,ok,,,,,,,,,,,,,,,,,,,,,,,
1206,TIC 103701054,TIC 103701054,14,0.00539614,0.0011078569,False,3.4541473,1683.73034,1.728,597.26,3.8092,4.1259,0,harmonic_delta_loglike -0.41,flux_skew -0.39,flat_bottom_fraction -0.28,ok,,,,,,,,,,,,,,,,,,,,,,,
1207,TIC 233529335,TIC 233529335,14,0.00539523,0.0011075373,False,6.7688077,1689.62241,2.688,367.28,5.9734,4.0406,0,harmonic_delta_loglike -0.41,flux_skew -0.34,log_depth -0.31,ok,,,,,,,,,,,,,,,,,,,,,,,
1208,TIC 274407146,TIC 274407146,14,0.00535809,0.0010945316,False,0.94499124,1683.6209,0.96,136.04,6.8859,4.7069,0,log_depth -0.65,log_scatter -0.59,max_single_event_fraction +0.53,ok,,,,,,,,,,,,,,,,,,,,,,,
1209,TIC 219466803,TIC 219466803,14,0.00535107,0.0010920812,False,12.563442,1686.52791,0.96,5412.7,4.4976,4.6091,0,duration_over_period -0.55,harmonic_delta_loglike -0.40,harmonic_amp_over_depth -0.40,ok,,,,,,,,,,,,,,,,,,,,,,,
1210,TIC 86316976,TIC 86316976,14,0.00534827,0.0010911056,False,12.077202,1688.08113,1.728,1218.1,4.9061,3.024,0,duration_over_period -0.54,bls_sde +0.47,harmonic_amp_over_depth -0.41,ok,,,,,,,,,,,,,,,,,,,,,,,
1211,TIC 272749282,TIC 272749282,14,0.00534538,0.0010900949,False,4.6527874,1687.15684,2.688,493.19,4.1216,3.4254,0,harmonic_delta_loglike -0.41,harmonic_amp_over_depth -0.40,flux_skew -0.25,ok,,,,,,,,,,,,,,,,,,,,,,,
1212,TIC 160077104,TIC 160077104,14,0.00534292,0.0010892394,False,9.2522199,1688.95987,3.84,167.42,5.9592,3.5642,0,log_depth -0.56,log_scatter -0.43,delta_loglike +0.35,ok,,,,,,,,,,,,,,,,,,,,,,,
1213,TIC 352010608,TIC 352010608,14,0.00533224,0.0010855194,False,0.99278709,1683.85633,5.76,51.703,7.8954,3.7266,0,log_scatter -0.55,log_depth -0.53,max_single_event_fraction +0.43,ok,,,,,,,,,,,,,,,,,,,,,,,
1214,TIC 313261353,TIC 313261353,14,0.00531163,0.0010783553,False,9.5143917,1691.0915,0.96,1010.8,3.6721,3.4005,0,duration_over_period -0.57,flux_skew -0.42,harmonic_delta_loglike -0.41,ok,,,,,,,,,,,,,,,,,,,,,,,
1215,TIC 233572831,TIC 233572831,14,0.00530879,0.001077368,False,4.1802787,1686.77067,5.76,703.73,4.7069,3.7778,0,log_duration_ratio -0.42,harmonic_delta_loglike -0.37,clipped_fraction -0.19,ok,,,,,,,,,,,,,,,,,,,,,,,
1216,TIC 271756189,TIC 271756189,14,0.00530868,0.0010773319,False,7.6449541,1688.08449,1.728,590.85,4.245,3.0548,0,harmonic_delta_loglike -0.42,duration_over_period -0.41,flux_skew -0.34,ok,,,,,,,,,,,,,,,,,,,,,,,
1217,TIC 164458714,TIC 164458714,14,0.00528058,0.0010675996,False,7.6700685,1688.5081,0.96,389.4,4.5136,3.666,0,flux_skew -0.46,harmonic_delta_loglike -0.41,power_contrast -0.36,ok,,,,,,,,,,,,,,,,,,,,,,,
1218,TIC 137896307,TIC 137896307,14,0.00527441,0.0010654669,False,0.5340037,1683.55669,5.76,110.31,6.0659,6.5479,1,log_depth -0.54,log_period -0.52,log_duration_ratio -0.41,ok,,,,,,,,,,,,,,,,,,,,,,,
1219,TIC 424391516,TIC 424391516,14,0.0052722,0.0010647037,False,7.0298534,1685.30516,0.96,762.29,4.3314,3.5423,0,duration_over_period -0.50,harmonic_delta_loglike -0.42,flux_skew -0.40,ok,,,,,,,,,,,,,,,,,,,,,,,
1220,TIC 273690178,TIC 273690178,14,0.00524716,0.0010560711,False,13.308074,1690.74426,3.84,4524.9,5.1197,4.0393,0,max_single_event_fraction -0.70,log_depth +0.43,duration_over_period -0.35,ok,,,,,,,,,,,,,,,,,,,,,,,
1221,TIC 232970984,TIC 232970984,14,0.0052411,0.001053987,False,6.6146637,1683.93562,0.96,1750.5,3.482,3.2785,0,duration_over_period -0.57,harmonic_delta_loglike -0.42,log_depth +0.42,ok,,,,,,,,,,,,,,,,,,,,,,,
1222,TIC 142382273,TIC 142382273,14,0.00520185,0.0010405269,False,9.7370497,1691.29152,0.96,6179.6,3.2402,5.0035,0,duration_over_period -0.53,harmonic_delta_loglike -0.42,log_depth +0.38,ok,,,,,,,,,,,,,,,,,,,,,,,
1223,TIC 416600269,TIC 416600269,14,0.00519171,0.0010370616,False,6.072504,1683.56348,1.728,1007.2,3.5902,3.1395,0,harmonic_delta_loglike -0.40,harmonic_amp_over_depth -0.40,log_depth +0.38,ok,,,,,,,,,,,,,,,,,,,,,,,
1224,TIC 289506160,TIC 289506160,14,0.00511846,0.001012173,False,9.1613713,1686.13402,0.96,2229.4,2.7962,4.1147,0,duration_over_period -0.57,harmonic_delta_loglike -0.41,log_scatter +0.40,ok,,,,,,,,,,,,,,,,,,,,,,,
1225,TIC 277754244,TIC 277754244,14,0.00511449,0.0010108313,False,3.0670158,1685.7792,2.688,209.49,5.4856,3.2898,0,log_depth -0.61,flux_skew -0.44,harmonic_delta_loglike -0.41,ok,,,,,,,,,,,,,,,,,,,,,,,
1226,TIC 298483086,TIC 298483086,14,0.00510709,0.001008332,False,12.217253,1683.88561,0.96,2563.6,4.7673,3.855,0,duration_over_period -0.57,harmonic_delta_loglike -0.40,log_scatter +0.36,ok,,,,,,,,,,,,,,,,,,,,,,,
1227,TIC 230017325,TIC 230017325,14,0.00509239,0.0010033728,False,9.6723204,1691.31458,2.688,949.86,6.3815,4.3433,0,harmonic_delta_loglike -0.41,log_depth +0.40,harmonic_amp_over_depth -0.39,ok,,,,,,,,,,,,,,,,,,,,,,,
1228,TIC 256749610,TIC 256749610,14,0.00508224,0.00099995797,False,2.0105703,1684.74637,5.76,344.31,7.3071,4.8106,0,log_depth -0.54,log_duration_ratio -0.46,flux_skew -0.42,ok,,,,,,,,,,,,,,,,,,,,,,,
1229,TIC 100012475,TIC 100012475,14,0.00506646,0.00099465665,False,11.029613,1685.15471,1.728,1741.0,4.8342,3.4691,0,max_single_event_fraction -1.11,flux_skew +0.61,duration_over_period -0.53,ok,,,,,,,,,,,,,,,,,,,,,,,
1230,TIC 462553953,TIC 462553953,14,0.00506083,0.00099276712,False,11.647965,1694.69233,2.688,698.86,4.0409,3.5274,0,harmonic_delta_loglike -0.42,duration_over_period -0.39,flux_skew -0.33,ok,,,,,,,,,,,,,,,,,,,,,,,
1231,TIC 239226020,TIC 239226020,14,0.00505868,0.00099204567,False,0.65698187,1683.54863,5.76,756.87,28.031,4.9478,0,log_duration_ratio -0.80,clipped_fraction +0.68,log_period -0.52,ok,,,,,,,,,,,,,,,,,,,,,,,
1232,TIC 169937155,TIC 169937155,14,0.00504686,0.00098808702,False,12.919791,1684.97276,0.96,1238.9,4.606,3.493,0,duration_over_period -0.48,log_depth +0.44,harmonic_delta_loglike -0.42,ok,,,,,,,,,,,,,,,,,,,,,,,
1233,TIC 99867345,TIC 99867345,14,0.0050462,0.00098786468,False,7.1373379,1689.95035,1.728,1316.5,3.7517,3.2321,0,duration_over_period -0.53,harmonic_delta_loglike -0.42,harmonic_amp_over_depth -0.41,ok,,,,,,,,,,,,,,,,,,,,,,,
1234,TIC 243317871,TIC 243317871,14,0.00502748,0.00098161006,False,4.58364,1686.60299,2.688,602.87,5.1798,3.8991,0,harmonic_delta_loglike -0.41,power_contrast -0.30,flux_skew -0.27,ok,,,,,,,,,,,,,,,,,,,,,,,
1235,TIC 276711345,TIC 276711345,14,0.0050238,0.00098038091,False,6.3066691,1687.81568,5.76,394.38,5.2787,3.6698,0,harmonic_delta_loglike -0.36,log_duration_ratio -0.32,flux_skew -0.22,ok,,,,,,,,,,,,,,,,,,,,,,,
1236,TIC 103689855,TIC 103689855,14,0.00500443,0.00097392867,False,11.821714,1693.31023,0.96,9238.6,3.2627,3.537,0,duration_over_period -0.57,harmonic_delta_loglike -0.41,log_depth +0.36,ok,,,,,,,,,,,,,,,,,,,,,,,
1237,TIC 233608564,TIC 233608564,14,0.0050001,0.00097248803,False,7.4709241,1686.55845,0.96,1140.7,4.6642,3.5442,0,duration_over_period -0.57,log_depth +0.45,harmonic_amp_over_depth -0.41,ok,,,,,,,,,,,,,,,,,,,,,,,
1238,TIC 459970307,TIC 459970307,14,0.00495825,0.00095861511,False,12.338082,1686.66967,3.84,711.23,13.91,2.4378,0,max_single_event_fraction -0.92,odd_even_sigma -0.79,bls_sde -0.74,ok,,,,,,,,,,,,,,,,,,,,,,,
1239,TIC 154811216,TIC 154811216,14,0.00493419,0.00095067465,False,9.1463144,1692.2676,5.76,190.71,11.58,4.3812,0,log_depth -0.50,harmonic_amp_over_depth -0.38,delta_loglike -0.35,ok,,,,,,,,,,,,,,,,,,,,,,,
1240,TIC 198457103,TIC 198457103,14,0.00492318,0.00094705326,False,3.8501969,1684.53046,0.96,196.07,7.1493,4.5825,0,log_depth -0.55,secondary_sigma +0.52,harmonic_delta_loglike -0.51,ok,,,,,,,,,,,,,,,,,,,,,,,
1241,TIC 288526959,TIC 288526959,14,0.0049126,0.00094357574,False,11.648142,1694.5484,0.96,1300.9,3.6035,3.4716,0,max_single_event_fraction -0.65,duration_over_period -0.47,log_depth +0.38,ok,,,,,,,,,,,,,,,,,,,,,,,
1242,TIC 233720539,TIC 233720539,14,0.00491043,0.00094286455,False,0.72991474,1683.55425,3.84,319.63,8.27,5.7987,1,clipped_fraction +0.71,log_period -0.53,secondary_sigma -0.46,ok,,,,,,,,,,,,,,,,,,,,,,,
1243,TIC 349826815,TIC 349826815,14,0.00489787,0.00093874404,False,10.111496,1692.14648,0.96,5032.6,3.2386,3.1386,0,duration_over_period -0.57,harmonic_delta_loglike -0.41,harmonic_amp_over_depth -0.41,ok,,,,,,,,,,,,,,,,,,,,,,,
1244,TIC 157591357,TIC 157591357,14,0.0048824,0.00093368298,False,1.0325831,1683.63358,5.76,181.21,6.7581,4.0042,0,log_depth -0.56,log_duration_ratio -0.50,flux_skew -0.42,ok,,,,,,,,,,,,,,,,,,,,,,,
1245,TIC 264392807,TIC 264392807,14,0.0048714,0.00093008965,False,11.476969,1685.43762,3.84,370.3,3.4671,3.5474,0,flux_skew -0.49,harmonic_delta_loglike -0.40,secondary_sigma +0.36,ok,,,,,,,,,,,,,,,,,,,,,,,
1246,TIC 336071609,TIC 336071609,14,0.00482827,0.00091605775,False,11.233765,1684.71206,0.96,1041.9,3.2242,3.7636,0,duration_over_period -0.49,log_depth +0.41,harmonic_delta_loglike -0.41,ok,,,,,,,,,,,,,,,,,,,,,,,
1247,TIC 42446008,TIC 42446008,14,0.00481114,0.00091051122,False,0.64308175,1683.94513,2.688,94.287,11.23,3.9749,0,log_depth -0.57,log_duration_ratio -0.56,log_scatter -0.51,ok,,,,,,,,,,,,,,,,,,,,,,,
1248,TIC 55753586,TIC 55753586,14,0.00480446,0.00090834978,False,9.3076336,1689.63483,0.96,1781.3,3.8871,3.1634,0,duration_over_period -0.50,harmonic_delta_loglike -0.41,log_depth +0.34,ok,,,,,,,,,,,,,,,,,,,,,,,
1249,TIC 233902236,TIC 233902236,14,0.00479822,0.00090633563,False,6.9837801,1687.80319,3.84,364.98,4.6479,2.9844,0,bls_sde -0.40,harmonic_delta_loglike -0.37,log_depth -0.35,ok,,,,,,,,,,,,,,,,,,,,,,,
1250,TIC 237211410,TIC 237211410,14,0.00477026,0.00089732581,False,3.9659785,1686.64127,5.76,151.6,5.1922,3.5603,0,log_depth -0.49,harmonic_delta_loglike -0.36,log_duration_ratio -0.29,ok,,,,,,,,,,,,,,,,,,,,,,,
1251,TIC 121731834,TIC 121731834,14,0.00472229,0.00088195902,False,4.7369002,1686.04054,0.96,650.63,4.402,4.6065,0,duration_over_period -0.49,flux_skew -0.45,harmonic_delta_loglike -0.41,ok,,,,,,,,,,,,,,,,,,,,,,,
1252,TIC 233208773,TIC 233208773,14,0.0047133,0.00087908917,False,10.194994,1687.45351,0.96,1084.7,3.9874,3.803,0,duration_over_period -0.47,log_depth +0.41,harmonic_delta_loglike -0.41,ok,,,,,,,,,,,,,,,,,,,,,,,
1253,TIC 266522552,TIC 266522552,14,0.00470584,0.00087671297,False,9.9466238,1685.84292,2.688,1257.6,5.6376,4.0501,0,log_depth +0.41,harmonic_delta_loglike -0.41,duration_over_period -0.37,ok,,,,,,,,,,,,,,,,,,,,,,,
1254,TIC 137770092,TIC 137770092,14,0.00463518,0.00085433333,False,9.7373729,1687.86257,3.84,405.58,13.855,2.8498,0,bls_sde -0.53,delta_loglike -0.42,harmonic_delta_loglike +0.35,ok,,,,,,,,,,,,,,,,,,,,,,,
1255,TIC 243373879,TIC 243373879,14,0.00462979,0.00085263513,False,0.60015573,1683.83779,5.76,513.26,11.747,5.5576,1,log_duration_ratio -0.58,log_period -0.46,max_single_event_fraction +0.38,ok,,,,,,,,,,,,,,,,,,,,,,,
1256,TIC 15565627,TIC 15565627,14,0.00457998,0.00083701863,False,5.0674502,1687.88063,3.84,353.42,4.1218,3.3741,0,harmonic_delta_loglike -0.41,flux_skew -0.40,log_depth -0.37,ok,,,,,,,,,,,,,,,,,,,,,,,
1257,TIC 158113885,TIC 158113885,14,0.00456577,0.00083258583,False,13.004943,1695.43215,1.728,1731.9,3.1732,3.7202,0,duration_over_period -0.51,harmonic_delta_loglike -0.40,log_depth +0.36,ok,,,,,,,,,,,,,,,,,,,,,,,
1258,TIC 138039918,TIC 138039918,14,0.00455803,0.00083017498,False,4.5311438,1687.66876,5.76,355.26,4.6907,2.4854,0,max_single_event_fraction -0.72,bls_sde -0.31,harmonic_delta_loglike -0.29,ok,,,,,,,,,,,,,,,,,,,,,,,
1259,TIC 219876463,TIC 219876463,14,0.00455795,0.00083014986,False,12.563404,1689.53371,0.96,2308.4,4.2482,3.9168,0,duration_over_period -0.52,harmonic_delta_loglike -0.39,log_depth +0.39,ok,,,,,,,,,,,,,,,,,,,,,,,
1260,TIC 417676622,TIC 417676622,14,0.00453835,0.00082405802,False,0.6722864,1683.47583,2.688,107.88,6.4028,4.0466,0,log_depth -0.59,log_period -0.52,max_single_event_fraction +0.46,ok,,,,,,,,,,,,,,,,,,,,,,,
1261,TIC 154474036,TIC 154474036,14,0.00451095,0.00081557496,False,8.4379392,1685.93129,1.728,600.53,4.7735,4.2708,0,flux_skew -0.47,harmonic_delta_loglike -0.42,duration_over_period -0.40,ok,,,,,,,,,,,,,,,,,,,,,,,
1262,TIC 356978132,TIC 356978132,14,0.00448896,0.00080879357,False,4.4352644,1687.67883,0.96,634.39,4.6408,4.6913,0,duration_over_period -0.48,harmonic_delta_loglike -0.40,power_contrast +0.39,ok,,,,,,,,,,,,,,,,,,,,,,,
1263,TIC 383899898,TIC 383899898,14,0.00448232,0.00080674939,False,1.032583,1684.33834,5.76,89.981,9.38,3.051,0,log_depth -0.54,log_scatter -0.44,bls_sde +0.43,ok,,,,,,,,,,,,,,,,,,,,,,,
1264,TIC 320324079,TIC 320324079,14,0.00447953,0.00080589101,False,10.296112,1685.11673,0.96,1226.5,3.5456,3.5375,0,duration_over_period -0.50,flux_skew -0.43,harmonic_delta_loglike -0.42,ok,,,,,,,,,,,,,,,,,,,,,,,
1265,TIC 394382084,TIC 394382084,14,0.00447585,0.00080475873,False,2.6855979,1684.11723,2.688,138.76,12.415,3.7205,0,log_depth -0.62,flux_skew -0.52,log_scatter -0.48,ok,,,,,,,,,,,,,,,,,,,,,,,
1266,TIC 63362339,TIC 63362339,14,0.00446806,0.0008023671,False,0.70397354,1684.0481,3.84,136.58,4.9833,4.5367,0,log_depth -0.52,log_period -0.49,max_single_event_fraction +0.41,ok,,,,,,,,,,,,,,,,,,,,,,,
1267,TIC 147954448,TIC 147954448,14,0.0044403,0.0007938681,False,10.942196,1688.14277,3.84,289.06,6.1867,3.7162,0,log_depth -0.54,harmonic_delta_loglike -0.41,flux_skew -0.38,ok,,,,,,,,,,,,,,,,,,,,,,,
1268,TIC 92439980,TIC 92439980,14,0.00442751,0.00078996434,False,9.1011976,1686.21737,1.728,392.96,4.9891,3.7602,0,duration_over_period -0.41,harmonic_delta_loglike -0.40,flux_skew -0.33,ok,,,,,,,,,,,,,,,,,,,,,,,
1269,TIC 121660176,TIC 121660176,14,0.00439798,0.00078098338,False,11.326678,1689.54058,0.96,2448.7,2.9933,3.3648,0,duration_over_period -0.57,harmonic_delta_loglike -0.41,log_depth +0.39,ok,,,,,,,,,,,,,,,,,,,,,,,
1270,TIC 99824947,TIC 99824947,14,0.00438119,0.00077589279,False,6.8082586,1687.80221,0.96,1170.9,3.774,2.7593,0,duration_over_period -0.51,harmonic_delta_loglike -0.40,bls_sde -0.39,ok,,,,,,,,,,,,,,,,,,,,,,,
1271,TIC 356681886,TIC 356681886,14,0.00437561,0.00077420746,False,6.3796661,1689.32266,1.728,1298.2,4.7469,4.142,0,harmonic_delta_loglike -0.42,log_depth +0.41,harmonic_amp_over_depth -0.40,ok,,,,,,,,,,,,,,,,,,,,,,,
1272,TIC 416267085,TIC 416267085,14,0.00436838,0.00077202051,False,2.4452588,1685.65159,2.688,213.85,4.2666,2.6631,0,log_depth -0.52,harmonic_delta_loglike -0.36,flux_skew -0.34,ok,,,,,,,,,,,,,,,,,,,,,,,
1273,TIC 427041513,TIC 427041513,14,0.00436472,0.00077091596,False,6.25498,1684.67324,1.728,849.6,7.0956,4.1908,0,log_depth +0.44,harmonic_delta_loglike -0.40,duration_over_period -0.39,ok,,,,,,,,,,,,,,,,,,,,,,,
1274,TIC 156512316,TIC 156512316,14,0.00434104,0.00076378428,False,10.432502,1690.43611,2.688,1665.7,3.0427,2.8252,0,max_single_event_fraction -0.78,bls_sde -0.49,log_scatter +0.41,ok,,,,,,,,,,,,,,,,,,,,,,,
1275,TIC 295802394,TIC 295802394,14,0.00432014,0.00075751007,False,0.5491469,1683.77188,0.96,97.737,4.8203,4.5506,0,log_depth -0.69,log_scatter -0.56,log_period -0.50,ok,,,,,,,,,,,,,,,,,,,,,,,
1276,TIC 219792257,TIC 219792257,14,0.00427277,0.0007433743,False,6.2755152,1688.63392,2.688,398.77,4.3152,3.6394,0,flux_skew -0.48,harmonic_delta_loglike -0.41,log_depth -0.34,ok,,,,,,,,,,,,,,,,,,,,,,,
1277,TIC 346445205,TIC 346445205,14,0.00426569,0.00074126935,False,5.1769787,1686.8949,0.96,492.41,4.2947,3.4238,0,duration_over_period -0.44,harmonic_delta_loglike -0.40,flux_skew -0.40,ok,,,,,,,,,,,,,,,,,,,,,,,
1278,TIC 40091325,TIC 40091325,14,0.00422892,0.0007303869,False,1.8007585,1683.81659,0.96,173.67,9.8247,3.7065,0,odd_even_sigma -0.48,log_depth -0.45,power_contrast +0.42,ok,,,,,,,,,,,,,,,,,,,,,,,
1279,TIC 305027499,TIC 305027499,14,0.00421529,0.0007263694,False,0.50829236,1683.70626,5.76,391.37,7.3954,3.3691,0,log_duration_ratio -0.47,log_period -0.46,max_single_event_fraction +0.35,ok,,,,,,,,,,,,,,,,,,,,,,,
1280,TIC 441798995,TIC 441798995,14,0.00418876,0.00071857482,False,6.3274096,1684.44883,1.728,1321.1,4.2385,4.0915,0,log_depth +0.45,harmonic_amp_over_depth -0.41,duration_over_period -0.41,ok,,,,,,,,,,,,,,,,,,,,,,,
1281,TIC 47819923,TIC 47819923,14,0.00412482,0.00069993653,False,2.4817162,1685.63152,3.84,305.09,4.6522,4.1567,0,log_depth -0.55,flux_skew -0.47,harmonic_delta_loglike -0.35,ok,,,,,,,,,,,,,,,,,,,,,,,
1282,TIC 155892965,TIC 155892965,14,0.00410749,0.00069491846,False,6.5389953,1685.81105,0.96,714.95,5.2821,4.0514,0,duration_over_period -0.57,log_depth +0.40,harmonic_delta_loglike -0.39,ok,,,,,,,,,,,,,,,,,,,,,,,
1283,TIC 28868802,TIC 28868802,14,0.00408234,0.000687665,False,7.0760848,1690.43703,1.728,650.9,4.9545,4.8954,0,duration_over_period -0.46,harmonic_delta_loglike -0.40,flux_skew -0.36,ok,,,,,,,,,,,,,,,,,,,,,,,
1284,TIC 259037284,TIC 259037284,14,0.00403939,0.00067535374,False,12.460717,1695.69402,1.728,2122.0,3.2908,3.0888,0,duration_over_period -0.53,harmonic_delta_loglike -0.40,log_depth +0.36,ok,,,,,,,,,,,,,,,,,,,,,,,
1285,TIC 154486145,TIC 154486145,14,0.0040031,0.00066501994,False,12.196969,1690.75529,1.728,2375.5,4.1738,3.2809,0,duration_over_period -0.53,log_scatter +0.43,harmonic_amp_over_depth -0.41,ok,,,,,,,,,,,,,,,,,,,,,,,
1286,TIC 123233221,TIC 123233221,14,0.00400173,0.00066463195,False,12.625457,1694.05629,0.96,1664.4,4.2322,3.8769,0,duration_over_period -0.51,harmonic_delta_loglike -0.39,log_depth +0.39,ok,,,,,,,,,,,,,,,,,,,,,,,
1287,TIC 299096103,TIC 299096103,14,0.00397897,0.00065818756,False,7.264894,1687.19554,0.96,695.98,4.7782,3.3442,0,duration_over_period -0.45,harmonic_delta_loglike -0.40,flux_skew -0.34,ok,,,,,,,,,,,,,,,,,,,,,,,
1288,TIC 288631580,TIC 288631580,14,0.00396952,0.00065551825,False,1.3503426,1684.09247,5.76,129.34,7.3666,2.7905,0,log_depth -0.47,flux_skew -0.38,log_duration_ratio -0.34,ok,,,,,,,,,,,,,,,,,,,,,,,
1289,TIC 147608441,TIC 147608441,14,0.00392215,0.00064221162,False,8.0449264,1690.4661,0.96,424.4,4.9567,3.7112,0,flux_skew -0.48,harmonic_delta_loglike -0.41,harmonic_amp_over_depth -0.38,ok,,,,,,,,,,,,,,,,,,,,,,,
1290,TIC 459977394,TIC 459977394,14,0.00388008,0.00063049075,False,0.8149541,1684.06994,1.728,119.6,4.6739,3.6404,0,log_depth -0.63,log_period -0.57,max_single_event_fraction +0.44,ok,,,,,,,,,,,,,,,,,,,,,,,
1291,TIC 313006381,TIC 313006381,14,0.00387152,0.00062811707,False,13.005267,1692.67857,3.84,408.21,9.7172,3.055,0,max_single_event_fraction -0.90,odd_even_sigma -0.76,flux_skew +0.43,ok,,,,,,,,,,,,,,,,,,,,,,,
1292,TIC 16730997,TIC 16730997,14,0.00387014,0.00062773423,False,5.1855047,1686.56445,0.96,1430.9,5.1309,3.8549,0,duration_over_period -0.60,log_depth +0.44,harmonic_delta_loglike -0.38,ok,,,,,,,,,,,,,,,,,,,,,,,
1293,TIC 219733429,TIC 219733429,14,0.00386936,0.00062751821,False,12.017676,1688.48447,5.76,288.4,6.4421,2.953,0,bls_sde -0.41,log_depth -0.41,harmonic_delta_loglike -0.40,ok,,,,,,,,,,,,,,,,,,,,,,,
1294,TIC 256743167,TIC 256743167,14,0.00385965,0.00062483158,False,11.744319,1692.32669,2.688,1450.5,4.1747,3.3848,0,duration_over_period -0.45,log_depth +0.41,harmonic_delta_loglike -0.41,ok,,,,,,,,,,,,,,,,,,,,,,,
1295,TIC 219776325,TIC 219776325,14,0.00384918,0.00062193847,False,5.611405,1687.8502,1.728,495.92,5.2573,4.0881,0,harmonic_delta_loglike -0.41,flux_skew -0.32,secondary_sigma -0.30,ok,,,,,,,,,,,,,,,,,,,,,,,
1296,TIC 232982558,TIC 232982558,14,0.00384019,0.00061945885,False,2.9102242,1685.99307,2.688,239.93,5.0496,3.7903,0,log_depth -0.63,flux_skew -0.52,harmonic_delta_loglike -0.41,ok,,,,,,,,,,,,,,,,,,,,,,,
1297,TIC 303248599,TIC 303248599,14,0.00379663,0.00060750372,False,6.4854818,1685.73162,0.96,670.08,4.8419,3.9155,0,duration_over_period -0.45,harmonic_delta_loglike -0.40,flux_skew -0.39,ok,,,,,,,,,,,,,,,,,,,,,,,
1298,TIC 155179943,TIC 155179943,14,0.00376638,0.00059926117,False,8.1363362,1685.69471,0.96,2349.5,3.4355,2.9952,0,duration_over_period -0.51,bls_sde -0.41,harmonic_delta_loglike -0.39,ok,,,,,,,,,,,,,,,,,,,,,,,
1299,TIC 233239584,TIC 233239584,14,0.00376421,0.00059867107,False,6.2242111,1683.6188,0.96,449.49,4.8019,3.6081,0,duration_over_period -0.45,flux_skew -0.44,harmonic_delta_loglike -0.40,ok,,,,,,,,,,,,,,,,,,,,,,,
1300,TIC 219103976,TIC 219103976,14,0.00376018,0.0005975764,False,12.62566,1688.3016,0.96,53811.0,3.5332,5.1709,0,max_single_event_fraction -0.76,duration_over_period -0.39,log_depth +0.37,ok,,,,,,,,,,,,,,,,,,,,,,,
1301,TIC 298647682,TIC 298647682,14,0.00375036,0.00059491351,False,1.9524831,1683.60713,3.84,117.74,6.45,2.9435,0,log_scatter -0.47,log_depth -0.43,delta_loglike +0.30,ok,,,,,,,,,,,,,,,,,,,,,,,
1302,TIC 272681135,TIC 272681135,14,0.00373775,0.00059150035,False,3.4089709,1684.51265,2.688,170.34,4.4126,3.6066,0,log_depth -0.58,flux_skew -0.49,harmonic_delta_loglike -0.41,ok,,,,,,,,,,,,,,,,,,,,,,,
1303,TIC 55780201,TIC 55780201,14,0.00371622,0.00058569377,False,10.285892,1685.82289,0.96,1111.2,4.1558,3.0176,0,duration_over_period -0.54,bls_sde +0.53,harmonic_amp_over_depth -0.40,ok,,,,,,,,,,,,,,,,,,,,,,,
1304,TIC 372759746,TIC 372759746,14,0.00368748,0.00057797927,False,11.439098,1694.30697,2.688,555.68,5.6129,3.9428,0,harmonic_delta_loglike -0.39,duration_over_period -0.37,power_contrast -0.36,ok,,,,,,,,,,,,,,,,,,,,,,,
1305,TIC 135793035,TIC 135793035,14,0.00367109,0.00057359834,False,0.75308748,1683.61746,5.76,447.45,7.1185,3.781,0,log_period -0.48,log_duration_ratio -0.41,secondary_sigma +0.26,ok,,,,,,,,,,,,,,,,,,,,,,,
1306,TIC 310922962,TIC 310922962,14,0.00366443,0.00057182272,False,0.61259699,1683.72235,5.76,322.82,64.027,8.8436,1,power_contrast +0.74,log_duration_ratio -0.69,log_period -0.65,ok,,,,,,,,,,,,,,,,,,,,,,,
1307,TIC 160162987,TIC 160162987,14,0.00366044,0.0005707602,False,13.374024,1690.67607,0.96,1676.9,4.7895,3.718,0,max_single_event_fraction -0.70,duration_over_period -0.47,log_depth +0.39,ok,,,,,,,,,,,,,,,,,,,,,,,
1308,TIC 229798411,TIC 229798411,14,0.00364489,0.00056662356,False,0.62534962,1683.63364,0.96,255.54,6.676,4.4305,0,log_depth -0.67,log_period -0.51,flux_skew -0.42,ok,,,,,,,,,,,,,,,,,,,,,,,
1309,TIC 243283955,TIC 243283955,14,0.00364136,0.00056568591,False,4.2009632,1687.5432,0.96,1548.6,5.2619,4.0189,0,duration_over_period -0.57,log_depth +0.46,harmonic_delta_loglike -0.41,ok,,,,,,,,,,,,,,,,,,,,,,,
1310,TIC 237215582,TIC 237215582,14,0.0036412,0.00056564595,False,6.2756332,1686.65695,0.96,588.01,3.4289,3.5852,0,flux_skew -0.47,harmonic_delta_loglike -0.42,duration_over_period -0.38,ok,,,,,,,,,,,,,,,,,,,,,,,
1311,TIC 83400895,TIC 83400895,14,0.00361861,0.00055966518,False,7.9789821,1687.99725,0.96,1942.0,5.2495,3.9481,0,duration_over_period -0.50,log_depth +0.40,harmonic_delta_loglike -0.39,ok,,,,,,,,,,,,,,,,,,,,,,,
1312,TIC 264171144,TIC 264171144,14,0.00359,0.00055212892,False,9.0564529,1687.31006,0.96,558.86,6.4794,4.3094,0,harmonic_amp_over_depth -0.42,flux_skew +0.41,secondary_sigma -0.39,ok,,,,,,,,,,,,,,,,,,,,,,,
1313,TIC 310994622,TIC 310994622,14,0.00357632,0.0005485414,False,12.975452,1695.4758,2.688,4845.3,9.5282,2.6782,0,max_single_event_fraction -0.93,odd_even_sigma -0.79,bls_sde -0.71,ok,,,,,,,,,,,,,,,,,,,,,,,
1314,TIC 8831285,TIC 8831285,14,0.00354145,0.00053943812,False,2.7799672,1683.73408,0.96,372.73,3.0109,4.304,0,harmonic_delta_loglike -0.39,log_depth -0.35,flux_skew -0.34,ok,,,,,,,,,,,,,,,,,,,,,,,
1315,TIC 424388628,TIC 424388628,14,0.00354087,0.00053928646,False,10.078391,1685.72509,0.96,557.37,5.2155,3.3646,0,duration_over_period -0.50,harmonic_delta_loglike -0.41,flux_skew -0.27,ok,,,,,,,,,,,,,,,,,,,,,,,
1316,TIC 165531524,TIC 165531524,14,0.00353809,0.00053856449,False,6.3168984,1688.74672,1.728,896.04,3.9872,2.8743,0,harmonic_delta_loglike -0.40,bls_sde -0.38,power_contrast -0.32,ok,,,,,,,,,,,,,,,,,,,,,,,
1317,TIC 202426247,TIC 202426247,14,0.00352904,0.00053621489,False,1.4000867,1684.66074,5.76,317.52,29.736,2.613,0,delta_loglike -0.51,log_depth -0.46,log_duration_ratio -0.37,ok,,,,,,,,,,,,,,,,,,,,,,,
1318,TIC 47728796,TIC 47728796,14,0.0035267,0.00053560747,False,9.2977852,1687.77142,0.96,1329.8,4.4477,3.6072,0,duration_over_period -0.57,harmonic_delta_loglike -0.41,log_depth +0.38,ok,,,,,,,,,,,,,,,,,,,,,,,
1319,TIC 110428269,TIC 110428269,14,0.00351508,0.00053259716,False,0.50384929,1683.78585,5.76,106.15,7.7148,6.3684,1,log_depth -0.54,log_period -0.49,max_single_event_fraction +0.44,ok,,,,,,,,,,,,,,,,,,,,,,,
1320,TIC 362104766,TIC 362104766,14,0.00350898,0.0005310191,False,9.6404898,1684.32954,0.96,755.9,4.2791,3.505,0,duration_over_period -0.49,harmonic_delta_loglike -0.40,harmonic_amp_over_depth -0.40,ok,,,,,,,,,,,,,,,,,,,,,,,
1321,TIC 142396742,TIC 142396742,14,0.00350844,0.00053088131,False,0.88045548,1684.11562,5.76,118.53,11.16,5.0516,0,log_duration_ratio -0.63,log_depth -0.47,flux_skew -0.39,ok,,,,,,,,,,,,,,,,,,,,,,,
1322,TIC 377293776,TIC 377293776,14,0.00350046,0.00052881994,False,8.5497178,1686.64282,0.96,707.95,4.6574,3.3384,0,duration_over_period -0.45,harmonic_delta_loglike -0.40,secondary_sigma -0.24,ok,,,,,,,,,,,,,,,,,,,,,,,
1323,TIC 233182695,TIC 233182695,14,0.00349025,0.00052618863,False,5.7326813,1685.93629,0.96,399.02,4.1796,3.6343,0,harmonic_delta_loglike -0.41,duration_over_period -0.39,harmonic_amp_over_depth -0.39,ok,,,,,,,,,,,,,,,,,,,,,,,
1324,TIC 123234747,TIC 123234747,14,0.00347926,0.00052336338,False,0.76180657,1683.63216,0.96,226.84,4.5096,3.361,0,log_depth -0.62,log_period -0.55,max_single_event_fraction +0.45,ok,,,,,,,,,,,,,,,,,,,,,,,
1325,TIC 404323538,TIC 404323538,14,0.00344722,0.00051515982,False,10.211276,1690.46168,1.728,676.61,4.3134,3.4823,0,flux_skew -0.42,harmonic_delta_loglike -0.41,harmonic_amp_over_depth -0.41,ok,,,,,,,,,,,,,,,,,,,,,,,
1326,TIC 362220495,TIC 362220495,14,0.00344671,0.00051502811,False,10.078431,1687.76475,0.96,1291.9,5.1227,3.9888,0,duration_over_period -0.49,log_depth +0.43,harmonic_amp_over_depth -0.41,ok,,,,,,,,,,,,,,,,,,,,,,,
1327,TIC 313056809,TIC 313056809,14,0.00343809,0.00051283106,False,13.091086,1683.9667,0.96,6847.8,3.6178,4.1027,0,max_single_event_fraction -0.84,duration_over_period -0.55,harmonic_delta_loglike -0.36,ok,,,,,,,,,,,,,,,,,,,,,,,
1328,TIC 367855829,TIC 367855829,14,0.00341386,0.00050667632,False,8.5779296,1685.49732,0.96,600.64,5.1486,3.3315,0,duration_over_period -0.50,harmonic_delta_loglike -0.41,flux_skew -0.35,ok,,,,,,,,,,,,,,,,,,,,,,,
1329,TIC 230292606,TIC 230292606,14,0.00341062,0.00050585457,False,10.08605,1691.35973,1.728,1041.8,3.9917,2.936,0,duration_over_period -0.47,bls_sde -0.47,harmonic_delta_loglike -0.40,ok,,,,,,,,,,,,,,,,,,,,,,,
1330,TIC 48188485,TIC 48188485,14,0.00340783,0.0005051489,False,10.279103,1685.27977,2.688,1087.2,3.4528,4.2214,0,log_depth +0.42,harmonic_delta_loglike -0.41,harmonic_amp_over_depth -0.41,ok,,,,,,,,,,,,,,,,,,,,,,,
1331,TIC 233684293,TIC 233684293,14,0.00340022,0.00050322356,False,1.058561,1683.60996,5.76,64.784,5.6043,3.9872,0,log_scatter -0.55,log_depth -0.51,log_duration_ratio -0.38,ok,,,,,,,,,,,,,,,,,,,,,,,
1332,TIC 274918940,TIC 274918940,14,0.00336446,0.00049421894,False,6.97219,1690.3424,0.96,1968.2,4.689,3.0166,0,duration_over_period -0.57,bls_sde +0.49,harmonic_delta_loglike -0.41,ok,,,,,,,,,,,,,,,,,,,,,,,
1333,TIC 229786610,TIC 229786610,14,0.00334866,0.00049026442,False,9.6723347,1688.53756,1.728,695.85,3.5989,3.3739,0,duration_over_period -0.47,harmonic_delta_loglike -0.41,harmonic_amp_over_depth -0.41,ok,,,,,,,,,,,,,,,,,,,,,,,
1334,TIC 233538332,TIC 233538332,14,0.00331565,0.00048204059,False,8.5497096,1691.91034,0.96,3088.8,5.254,4.2345,0,max_single_event_fraction -0.88,duration_over_period -0.50,secondary_sigma -0.47,ok,,,,,,,,,,,,,,,,,,,,,,,
1335,TIC 310965540,TIC 310965540,14,0.00330133,0.00047849116,False,11.014455,1691.78256,5.76,2099.0,3.5824,2.9034,0,max_single_event_fraction -0.76,bls_sde -0.52,log_depth +0.39,ok,,,,,,,,,,,,,,,,,,,,,,,
1336,TIC 159400561,TIC 159400561,14,0.00329298,0.00047642739,False,4.1940861,1683.51211,0.96,290.54,3.506,3.811,0,log_depth -0.54,flux_skew -0.46,harmonic_delta_loglike -0.40,ok,,,,,,,,,,,,,,,,,,,,,,,
1337,TIC 267876661,TIC 267876661,14,0.00328123,0.00047352877,False,7.7845671,1686.25131,0.96,519.18,5.0454,3.1203,0,duration_over_period -0.44,harmonic_delta_loglike -0.41,harmonic_amp_over_depth -0.40,ok,,,,,,,,,,,,,,,,,,,,,,,
1338,TIC 259166610,TIC 259166610,14,0.00322564,0.00045991287,False,7.9528638,1689.08187,1.728,491.55,4.6029,3.3224,0,duration_over_period -0.46,harmonic_delta_loglike -0.43,flux_skew -0.39,ok,,,,,,,,,,,,,,,,,,,,,,,
1339,TIC 233066156,TIC 233066156,14,0.00322048,0.00045865694,False,10.710625,1690.94634,1.728,1007.7,3.8342,3.3365,0,max_single_event_fraction -0.76,duration_over_period -0.38,log_depth +0.37,ok,,,,,,,,,,,,,,,,,,,,,,,
1340,TIC 142397185,TIC 142397185,14,0.003196,0.00045272111,False,3.0034166,1685.72362,1.728,101.51,4.8382,3.3993,0,log_depth -0.62,log_scatter -0.52,flux_skew -0.51,ok,,,,,,,,,,,,,,,,,,,,,,,
1341,TIC 420112589,TIC 420112589,14,0.00319276,0.00045193793,False,11.032698,1691.58142,2.688,2561.2,3.4475,4.3083,0,duration_over_period -0.47,harmonic_amp_over_depth -0.41,harmonic_delta_loglike -0.40,ok,,,,,,,,,,,,,,,,,,,,,,,
1342,TIC 99989903,TIC 99989903,14,0.00318215,0.00044937642,False,4.0646466,1686.73859,5.76,88.862,9.7646,2.9682,0,log_depth -0.36,harmonic_delta_loglike +0.32,log_duration_ratio -0.30,ok,,,,,,,,,,,,,,,,,,,,,,,
1343,TIC 367655925,TIC 367655925,14,0.00317801,0.00044837774,False,3.2824332,1686.09957,0.96,231.21,4.6904,3.5695,0,log_depth -0.57,log_scatter -0.50,harmonic_delta_loglike -0.39,ok,,,,,,,,,,,,,,,,,,,,,,,
1344,TIC 310824786,TIC 310824786,14,0.00316676,0.00044567329,False,3.7999416,1686.5316,1.728,309.3,4.3678,3.4883,0,log_depth -0.60,harmonic_delta_loglike -0.37,flux_skew -0.35,ok,,,,,,,,,,,,,,,,,,,,,,,
1345,TIC 310772076,TIC 310772076,14,0.00309103,0.00042763131,False,12.75107,1694.47149,0.96,1832.1,3.913,3.4995,0,max_single_event_fraction -0.81,duration_over_period -0.55,log_depth +0.35,ok,,,,,,,,,,,,,,,,,,,,,,,
1346,TIC 224596152,TIC 224596152,14,0.003086,0.00042644515,False,4.0985204,1684.77024,2.688,269.24,4.2776,3.3347,0,log_depth -0.62,harmonic_delta_loglike -0.39,harmonic_amp_over_depth -0.39,ok,,,,,,,,,,,,,,,,,,,,,,,
1347,TIC 335656376,TIC 335656376,14,0.00307599,0.00042408595,False,6.8472376,1688.94391,1.728,464.22,3.5495,3.043,0,duration_over_period -0.42,harmonic_delta_loglike -0.41,harmonic_amp_over_depth -0.39,ok,,,,,,,,,,,,,,,,,,,,,,,
1348,TIC 160439150,TIC 160439150,14,0.00305403,0.00041892935,False,0.65482387,1683.46457,3.84,269.85,22.757,4.7439,0,secondary_sigma -0.61,log_period -0.57,log_duration_ratio -0.53,ok,,,,,,,,,,,,,,,,,,,,,,,
1349,TIC 21151699,TIC 21151699,14,0.00304597,0.00041704401,False,0.6845601,1683.98908,5.76,838.43,78.233,6.1883,1,log_duration_ratio -0.71,delta_loglike -0.52,log_period -0.50,ok,,,,,,,,,,,,,,,,,,,,,,,
1350,TIC 233531285,TIC 233531285,14,0.00304294,0.00041633519,False,5.3325033,1686.12213,1.728,322.88,4.724,4.1169,0,log_depth -0.59,harmonic_delta_loglike -0.41,flux_skew -0.33,ok,,,,,,,,,,,,,,,,,,,,,,,
1351,TIC 358617723,TIC 358617723,14,0.00303432,0.00041432489,False,0.53137524,1683.56339,3.84,1431.9,12.679,6.033,1,secondary_sigma -0.81,log_duration_ratio -0.67,log_period -0.57,ok,,,,,,,,,,,,,,,,,,,,,,,
1352,TIC 156199502,TIC 156199502,14,0.00301693,0.00041027883,False,9.3901897,1687.29551,0.96,667.07,4.7261,3.5818,0,duration_over_period -0.50,harmonic_amp_over_depth -0.41,harmonic_delta_loglike -0.40,ok,,,,,,,,,,,,,,,,,,,,,,,
1353,TIC 284688043,TIC 284688043,14,0.00299935,0.00040620773,False,2.8966861,1685.2376,5.76,338.01,7.4833,2.6116,0,log_depth -0.39,flux_skew -0.38,harmonic_delta_loglike -0.34,ok,,,,,,,,,,,,,,,,,,,,,,,
1354,TIC 335952150,TIC 335952150,14,0.00297746,0.00040115922,False,10.870239,1688.95095,2.688,973.56,7.1716,3.3587,0,max_single_event_fraction -0.93,duration_over_period -0.42,odd_even_sigma -0.41,ok,,,,,,,,,,,,,,,,,,,,,,,
1355,TIC 159546913,TIC 159546913,14,0.00296956,0.00039934315,False,9.086029,1687.2913,1.728,543.28,10.091,2.9938,0,bls_sde -0.46,odd_even_sigma -0.34,harmonic_delta_loglike +0.32,ok,,,,,,,,,,,,,,,,,,,,,,,
1356,TIC 147563149,TIC 147563149,14,0.00295927,0.00039698602,False,11.939038,1690.44201,5.76,307.31,9.5173,3.5933,0,max_single_event_fraction -0.63,log_depth -0.49,secondary_sigma +0.49,ok,,,,,,,,,,,,,,,,,,,,,,,
1357,TIC 353807936,TIC 353807936,14,0.00293027,0.00039036713,False,9.2064499,1687.48677,5.76,3355.3,6.562,2.3919,0,max_single_event_fraction -1.07,bls_sde -0.69,log_depth +0.34,ok,,,,,,,,,,,,,,,,,,,,,,,
1358,TIC 147609775,TIC 147609775,14,0.0029294,0.00039017019,False,10.553401,1691.79037,0.96,5372.5,4.7776,3.1517,0,max_single_event_fraction -0.83,duration_over_period -0.57,log_scatter +0.35,ok,,,,,,,,,,,,,,,,,,,,,,,
1359,TIC 229742722,TIC 229742722,14,0.00291123,0.00038604784,False,12.037593,1690.81771,2.688,448.46,5.3164,3.9926,0,secondary_sigma +0.43,duration_over_period -0.41,harmonic_amp_over_depth -0.39,ok,,,,,,,,,,,,,,,,,,,,,,,
1360,TIC 233680651,TIC 233680651,14,0.00289386,0.00038212419,False,8.4101397,1688.74593,3.84,470.02,6.1456,2.7981,0,harmonic_delta_loglike -0.41,bls_sde -0.38,flux_skew -0.34,ok,,,,,,,,,,,,,,,,,,,,,,,
1361,TIC 142940528,TIC 142940528,14,0.00288999,0.00038125323,False,9.1565951,1687.29891,0.96,4949.3,4.1571,3.8865,0,max_single_event_fraction -0.81,duration_over_period -0.49,log_depth +0.39,ok,,,,,,,,,,,,,,,,,,,,,,,
1362,TIC 219850059,TIC 219850059,14,0.00288565,0.00038027538,False,11.590594,1685.73723,1.728,552.45,5.5398,3.0262,0,duration_over_period -0.49,bls_sde +0.46,harmonic_delta_loglike -0.40,ok,,,,,,,,,,,,,,,,,,,,,,,
1363,TIC 230500562,TIC 230500562,14,0.00287938,0.00037886636,False,0.54375389,1683.65309,0.96,346.08,13.158,5.4968,0,log_depth -0.63,log_period -0.62,delta_loglike -0.45,ok,,,,,,,,,,,,,,,,,,,,,,,
1364,TIC 7776735,TIC 7776735,14,0.00287763,0.00037847309,False,2.9109967,1685.25206,3.84,292.23,3.738,3.5134,0,log_depth -0.60,flux_skew -0.42,harmonic_delta_loglike -0.39,ok,,,,,,,,,,,,,,,,,,,,,,,
1365,TIC 84256025,TIC 84256025,14,0.00286928,0.00037660044,False,5.6299381,1687.96541,0.96,815.48,5.2525,3.1573,0,duration_over_period -0.57,harmonic_delta_loglike -0.42,log_depth +0.39,ok,,,,,,,,,,,,,,,,,,,,,,,
1366,TIC 313425396,TIC 313425396,14,0.00286821,0.0003763621,False,7.6449666,1688.26763,1.728,236.5,5.6443,3.0351,0,log_depth -0.47,log_scatter -0.46,duration_over_period -0.41,ok,,,,,,,,,,,,,,,,,,,,,,,
1367,TIC 48031665,TIC 48031665,14,0.00286664,0.00037600925,False,0.68568748,1683.91577,0.96,167.93,6.9399,4.592,0,log_depth -0.66,log_period -0.53,max_single_event_fraction +0.48,ok,,,,,,,,,,,,,,,,,,,,,,,
1368,TIC 296320555,TIC 296320555,14,0.00286547,0.00037574686,False,11.40172,1692.47161,3.84,39397.0,180.78,2.3281,0,max_single_event_fraction -0.93,odd_even_sigma -0.86,bls_sde -0.77,ok,,,,,,,,,,,,,,,,,,,,,,,
1369,TIC 198189972,TIC 198189972,14,0.00285384,0.00037314878,False,11.038362,1688.19767,5.76,3757.1,7.821,2.7338,0,max_single_event_fraction -0.92,odd_even_sigma -0.84,bls_sde -0.73,ok,,,,,,,,,,,,,,,,,,,,,,,
1370,TIC 224600500,TIC 224600500,14,0.00278714,0.00035838554,False,0.56657948,1683.78616,5.76,24.458,8.2145,3.6305,0,log_period -0.58,bls_depth_over_scatter +0.58,log_scatter -0.41,ok,,,,,,,,,,,,,,,,,,,,,,,
1371,TIC 420112587,TIC 420112587,14,0.00278189,0.00035723475,False,11.032698,1691.58142,2.688,2965.3,3.212,4.0265,0,harmonic_delta_loglike -0.41,duration_over_period -0.40,harmonic_amp_over_depth -0.40,ok,,,,,,,,,,,,,,,,,,,,,,,
1372,TIC 24368411,TIC 24368411,14,0.00277547,0.00035582882,False,2.6158426,1684.41711,0.96,303.97,5.6856,2.654,0,log_depth -0.52,harmonic_delta_loglike -0.38,bls_sde -0.37,ok,,,,,,,,,,,,,,,,,,,,,,,
1373,TIC 88088214,TIC 88088214,14,0.0027569,0.00035177434,False,4.6214973,1684.18576,2.688,399.16,6.2558,2.9582,0,bls_sde -0.45,harmonic_delta_loglike -0.40,log_depth -0.31,ok,,,,,,,,,,,,,,,,,,,,,,,
1374,TIC 59034655,TIC 59034655,14,0.0027417,0.00034847144,False,0.57977856,1683.5611,5.76,1419.3,27.979,4.9888,0,log_duration_ratio -0.59,log_depth +0.56,delta_loglike -0.55,ok,,,,,,,,,,,,,,,,,,,,,,,
1375,TIC 230064711,TIC 230064711,14,0.00273638,0.00034731834,False,0.56009338,1683.51674,1.728,72.266,5.2467,4.0005,0,log_depth -0.67,log_scatter -0.53,log_period -0.50,ok,,,,,,,,,,,,,,,,,,,,,,,
1376,TIC 165554103,TIC 165554103,14,0.0026934,0.00033805955,False,4.4866093,1684.57476,0.96,704.03,4.718,3.1741,0,duration_over_period -0.45,harmonic_delta_loglike -0.40,harmonic_amp_over_depth -0.40,ok,,,,,,,,,,,,,,,,,,,,,,,
1377,TIC 356736743,TIC 356736743,14,0.00268854,0.00033701983,False,13.28617,1688.95115,3.84,3742.3,8.8265,2.7959,0,max_single_event_fraction -0.90,odd_even_sigma -0.76,bls_sde -0.55,ok,,,,,,,,,,,,,,,,,,,,,,,
1378,TIC 377256817,TIC 377256817,14,0.00265143,0.00032911874,False,0.64839322,1683.50314,3.84,473.96,14.992,4.5071,0,log_duration_ratio -0.63,log_period -0.42,delta_loglike -0.37,ok,,,,,,,,,,,,,,,,,,,,,,,
1379,TIC 153973795,TIC 153973795,14,0.00263723,0.00032611701,False,0.68794679,1683.89574,0.96,226.08,11.223,5.4507,0,log_depth -0.70,log_period -0.55,odd_even_sigma -0.50,ok,,,,,,,,,,,,,,,,,,,,,,,
1380,TIC 295306646,TIC 295306646,14,0.00263454,0.00032554946,False,9.4989312,1685.78779,0.96,504.38,4.3394,3.5354,0,duration_over_period -0.50,flux_skew -0.45,harmonic_delta_loglike -0.42,ok,,,,,,,,,,,,,,,,,,,,,,,
1381,TIC 441733141,TIC 441733141,14,0.002633,0.00032522387,False,0.56471914,1683.66091,5.76,66.164,7.561,4.7852,0,bls_depth_over_scatter +0.53,log_scatter -0.48,log_period -0.47,ok,,,,,,,,,,,,,,,,,,,,,,,
1382,TIC 142933327,TIC 142933327,14,0.0026297,0.00032453027,False,10.25289,1685.88286,3.84,674.6,14.444,2.6541,0,max_single_event_fraction -0.75,bls_sde -0.52,harmonic_delta_loglike +0.32,ok,,,,,,,,,,,,,,,,,,,,,,,
1383,TIC 233688779,TIC 233688779,14,0.00261105,0.00032061051,False,2.2484956,1685.60634,1.728,149.64,4.379,3.4582,0,log_depth -0.63,log_scatter -0.56,harmonic_delta_loglike -0.34,ok,,,,,,,,,,,,,,,,,,,,,,,
1384,TIC 100011699,TIC 100011699,14,0.00259409,0.0003170654,False,6.9403188,1687.58654,2.688,476.64,4.5124,3.9729,0,flux_skew -0.45,harmonic_delta_loglike -0.42,harmonic_amp_over_depth -0.38,ok,,,,,,,,,,,,,,,,,,,,,,,
1385,TIC 297962199,TIC 297962199,14,0.00259311,0.00031686038,False,5.65783,1686.27924,0.96,729.0,4.2669,3.9863,0,duration_over_period -0.57,flux_skew -0.48,harmonic_delta_loglike -0.42,ok,,,,,,,,,,,,,,,,,,,,,,,
1386,TIC 198237593,TIC 198237593,14,0.0025583,0.00030963769,False,11.095121,1683.88161,1.728,369.82,5.2131,3.6169,0,duration_over_period -0.42,harmonic_delta_loglike -0.39,flux_skew -0.36,ok,,,,,,,,,,,,,,,,,,,,,,,
1387,TIC 100255055,TIC 100255055,14,0.00255309,0.00030856181,False,11.215704,1684.1933,5.76,163.7,7.3407,4.2389,0,max_single_event_fraction -0.66,log_depth -0.50,secondary_sigma +0.49,ok,,,,,,,,,,,,,,,,,,,,,,,
1388,TIC 256455741,TIC 256455741,14,0.00253051,0.00030391991,False,9.8004911,1691.00254,0.96,2206.3,4.1028,3.4738,0,duration_over_period -0.49,harmonic_delta_loglike -0.41,log_depth +0.40,ok,,,,,,,,,,,,,,,,,,,,,,,
1389,TIC 99834680,TIC 99834680,14,0.00252048,0.00030186788,False,6.7446258,1684.59843,0.96,606.6,4.2988,3.5092,0,duration_over_period -0.43,harmonic_delta_loglike -0.41,harmonic_amp_over_depth -0.41,ok,,,,,,,,,,,,,,,,,,,,,,,
1390,TIC 355519097,TIC 355519097,14,0.00251955,0.00030167722,False,6.7798594,1685.8582,5.76,334.03,7.3634,3.6203,0,max_single_event_fraction -0.65,log_depth -0.44,log_duration_ratio -0.34,ok,,,,,,,,,,,,,,,,,,,,,,,
1391,TIC 199376584,TIC 199376584,14,0.00250673,0.00029906174,False,10.04529,1687.58916,2.688,202.33,6.6827,4.2779,0,log_depth -0.51,flux_skew -0.49,log_scatter -0.43,ok,,,,,,,,,,,,,,,,,,,,,,,
1392,TIC 233541860,TIC 233541860,14,0.00250502,0.00029871443,False,10.296121,1687.4624,1.728,608.27,4.9807,3.5777,0,max_single_event_fraction -0.68,duration_over_period -0.41,harmonic_delta_loglike -0.34,ok,,,,,,,,,,,,,,,,,,,,,,,
1393,TIC 156198226,TIC 156198226,14,0.0025025,0.00029820078,False,11.958725,1683.79947,0.96,3510.1,2.949,2.9511,0,duration_over_period -0.50,bls_sde -0.47,harmonic_delta_loglike -0.39,ok,,,,,,,,,,,,,,,,,,,,,,,
1394,TIC 165554574,TIC 165554574,14,0.00249146,0.00029596064,False,9.4054181,1684.53465,0.96,415.79,5.4811,4.0624,0,secondary_sigma +0.43,duration_over_period -0.42,log_scatter -0.41,ok,,,,,,,,,,,,,,,,,,,,,,,
1395,TIC 336076246,TIC 336076246,14,0.00247138,0.00029190269,False,0.55624722,1683.67985,5.76,214.55,7.1057,6.6107,1,log_duration_ratio -0.56,log_period -0.50,log_depth -0.44,ok,,,,,,,,,,,,,,,,,,,,,,,
1396,TIC 235676786,TIC 235676786,14,0.00246305,0.00029022595,False,11.821826,1691.42105,0.96,874.84,3.992,3.0761,0,duration_over_period -0.57,harmonic_amp_over_depth -0.41,harmonic_delta_loglike -0.40,ok,,,,,,,,,,,,,,,,,,,,,,,
1397,TIC 48353358,TIC 48353358,14,0.00237579,0.00027290122,False,12.940927,1692.57981,0.96,2437.8,3.3815,2.9638,0,duration_over_period -0.43,harmonic_delta_loglike -0.37,bls_sde -0.33,ok,,,,,,,,,,,,,,,,,,,,,,,
1398,TIC 284361752,TIC 284361752,14,0.00237304,0.00027236246,False,6.1630246,1684.68727,1.728,344.7,4.7943,3.07,0,log_depth -0.49,harmonic_delta_loglike -0.40,harmonic_amp_over_depth -0.39,ok,,,,,,,,,,,,,,,,,,,,,,,
1399,TIC 16729306,TIC 16729306,14,0.00232341,0.00026271667,False,2.9690853,1684.72046,3.84,143.54,5.1815,3.7641,0,log_depth -0.61,flux_skew -0.46,harmonic_delta_loglike -0.41,ok,,,,,,,,,,,,,,,,,,,,,,,
1400,TIC 298663873,TIC 298663873,14,0.00230979,0.00026009437,False,3.4541268,1684.18294,0.96,252.17,5.9442,3.7911,0,log_depth -0.61,log_scatter -0.46,secondary_sigma -0.39,ok,,,,,,,,,,,,,,,,,,,,,,,
1401,TIC 297962605,TIC 297962605,14,0.00229811,0.00025785343,False,1.3066403,1684.08732,5.76,128.79,16.99,3.6659,0,log_depth -0.56,log_duration_ratio -0.52,delta_loglike -0.43,ok,,,,,,,,,,,,,,,,,,,,,,,
1402,TIC 142748667,TIC 142748667,14,0.00228148,0.00025467824,False,12.688222,1687.42656,0.96,1032.5,3.7071,3.1575,0,duration_over_period -0.55,harmonic_delta_loglike -0.40,harmonic_amp_over_depth -0.39,ok,,,,,,,,,,,,,,,,,,,,,,,
1403,TIC 99904123,TIC 99904123,14,0.00220404,0.00024010761,False,9.1179661,1685.71848,0.96,2070.8,4.2736,3.6632,0,duration_over_period -0.50,harmonic_delta_loglike -0.39,log_depth +0.35,ok,,,,,,,,,,,,,,,,,,,,,,,
1404,TIC 219601797,TIC 219601797,14,0.00217148,0.00023408925,False,1.7367583,1684.65425,5.76,143.42,12.159,3.6924,0,log_duration_ratio -0.54,log_depth -0.53,log_scatter -0.44,ok,,,,,,,,,,,,,,,,,,,,,,,
1405,TIC 237232044,TIC 237232044,14,0.0021438,0.00022902123,False,12.814168,1693.25313,2.688,582.11,4.9943,3.1949,0,max_single_event_fraction -0.95,odd_even_sigma -0.35,duration_over_period -0.33,ok,,,,,,,,,,,,,,,,,,,,,,,
1406,TIC 459211048,TIC 459211048,14,0.00213498,0.0002274166,False,3.3259309,1686.26687,0.96,383.12,4.1341,3.7391,0,flux_skew -0.46,harmonic_delta_loglike -0.40,harmonic_amp_over_depth -0.39,ok,,,,,,,,,,,,,,,,,,,,,,,
1407,TIC 219009530,TIC 219009530,14,0.00211208,0.00022327105,False,5.0424016,1687.46843,0.96,376.93,5.0794,3.334,0,duration_over_period -0.43,harmonic_delta_loglike -0.41,flux_skew -0.36,ok,,,,,,,,,,,,,,,,,,,,,,,
1408,TIC 198356533,TIC 198356533,14,0.00206644,0.00021510474,False,11.743917,1689.03033,3.84,233.92,6.0497,3.4504,0,max_single_event_fraction -0.70,log_depth -0.54,log_scatter -0.50,ok,,,,,,,,,,,,,,,,,,,,,,,
1409,TIC 30713127,TIC 30713127,14,0.00204438,0.00021120263,False,3.7378873,1683.60913,0.96,309.54,6.0719,4.074,0,log_depth -0.53,log_scatter -0.45,harmonic_delta_loglike -0.37,ok,,,,,,,,,,,,,,,,,,,,,,,
1410,TIC 341630071,TIC 341630071,14,0.00201929,0.00020680024,False,13.330133,1694.86327,5.76,2608.4,27.23,2.2568,0,odd_even_sigma -1.05,max_single_event_fraction -0.98,bls_sde -0.72,ok,,,,,,,,,,,,,,,,,,,,,,,
1411,TIC 198512478,TIC 198512478,14,0.0020133,0.00020575428,False,1.6667809,1684.75601,1.728,115.31,6.853,4.3713,0,log_depth -0.65,log_scatter -0.49,flat_bottom_fraction -0.37,ok,,,,,,,,,,,,,,,,,,,,,,,
1412,TIC 164885678,TIC 164885678,14,0.00197767,0.00019958281,False,7.3489642,1690.07636,0.96,732.04,3.2843,3.2767,0,duration_over_period -0.57,harmonic_delta_loglike -0.42,flux_skew -0.41,ok,,,,,,,,,,,,,,,,,,,,,,,
1413,TIC 171878296,TIC 171878296,14,0.00189778,0.00018602781,False,7.38541,1688.99265,0.96,11682.0,6.788,3.657,0,max_single_event_fraction -0.93,duration_over_period -0.50,log_depth +0.33,ok,,,,,,,,,,,,,,,,,,,,,,,
1414,TIC 158489800,TIC 158489800,14,0.00189045,0.00018480411,False,12.399198,1692.31994,1.728,871.31,4.2972,3.3216,0,duration_over_period -0.50,harmonic_amp_over_depth -0.41,harmonic_delta_loglike -0.38,ok,,,,,,,,,,,,,,,,,,,,,,,
1415,TIC 188835620,TIC 188835620,14,0.0018654,0.00018064835,False,11.307917,1690.43499,5.76,6387.3,113.09,1.5583,0,odd_even_sigma -1.00,max_single_event_fraction -0.93,bls_sde -0.73,ok,,,,,,,,,,,,,,,,,,,,,,,
1416,TIC 26547036,TIC 26547036,14,0.00185875,0.00017955068,False,12.419711,1690.68741,2.688,322.64,5.7642,3.1568,0,harmonic_delta_loglike -0.50,log_depth -0.41,duration_over_period -0.38,ok,,,,,,,,,,,,,,,,,,,,,,,
1417,TIC 383721338,TIC 383721338,14,0.00184446,0.00017720349,False,12.351128,1691.52017,5.76,2541.3,29.109,2.1692,0,odd_even_sigma -1.00,max_single_event_fraction -0.95,bls_sde -0.75,ok,,,,,,,,,,,,,,,,,,,,,,,
1418,TIC 268923307,TIC 268923307,14,0.00184033,0.00017652619,False,6.7535529,1686.49322,5.76,230.24,17.757,3.1014,0,delta_loglike -0.50,log_depth -0.42,flux_skew -0.41,ok,,,,,,,,,,,,,,,,,,,,,,,
1419,TIC 154568734,TIC 154568734,14,0.0018085,0.00017135172,False,0.74080032,1683.8594,0.96,103.39,6.0162,3.665,0,log_depth -0.67,log_scatter -0.52,log_period -0.52,ok,,,,,,,,,,,,,,,,,,,,,,,
1420,TIC 298554976,TIC 298554976,14,0.00179431,0.00016906529,False,4.2938782,1687.09545,3.84,214.29,3.9382,2.9065,0,log_depth -0.51,harmonic_delta_loglike -0.38,flux_skew -0.36,ok,,,,,,,,,,,,,,,,,,,,,,,
1421,TIC 159296456,TIC 159296456,14,0.0017811,0.00016694721,False,11.667255,1689.98404,1.728,67144.0,113.2,2.5676,0,max_single_event_fraction -0.90,odd_even_sigma -0.88,bls_sde -0.68,ok,,,,,,,,,,,,,,,,,,,,,,,
1422,TIC 353993248,TIC 353993248,14,0.00169292,0.00015310101,False,7.3251044,1688.90293,2.688,302.57,5.2946,3.5859,0,log_depth -0.55,log_scatter -0.51,flux_skew -0.46,ok,,,,,,,,,,,,,,,,,,,,,,,
1423,TIC 148909584,TIC 148909584,14,0.00169031,0.00015269805,False,10.773602,1684.91119,2.688,608.18,4.3631,2.8438,0,max_single_event_fraction -0.81,duration_over_period -0.37,bls_sde -0.35,ok,,,,,,,,,,,,,,,,,,,,,,,
1424,TIC 269130683,TIC 269130683,14,0.00167931,0.0001510078,False,13.351939,1684.94844,3.84,2451.2,19.405,2.6006,0,max_single_event_fraction -0.90,odd_even_sigma -0.90,bls_sde -0.55,ok,,,,,,,,,,,,,,,,,,,,,,,
1425,TIC 160223936,TIC 160223936,14,0.00166937,0.00014948573,False,9.4211581,1684.07615,2.688,192.97,5.4312,3.6792,0,log_depth -0.51,log_scatter -0.46,harmonic_delta_loglike -0.38,ok,,,,,,,,,,,,,,,,,,,,,,,
1426,TIC 441741253,TIC 441741253,14,0.00165082,0.00014666495,False,10.781461,1693.89281,1.728,1088.0,5.1905,4.0145,0,duration_over_period -0.56,flux_skew -0.44,harmonic_delta_loglike -0.40,ok,,,,,,,,,,,,,,,,,,,,,,,
1427,TIC 364821094,TIC 364821094,14,0.00158086,0.00013622637,False,0.79762774,1684.10028,5.76,172.82,10.476,4.4984,0,log_depth -0.53,log_period -0.53,log_duration_ratio -0.46,ok,,,,,,,,,,,,,,,,,,,,,,,
1428,TIC 356700488,TIC 356700488,14,0.00153735,0.00012989474,False,10.657913,1689.41735,0.96,406.82,7.7138,3.9105,0,duration_over_period -0.43,log_scatter -0.42,harmonic_amp_over_depth -0.39,ok,,,,,,,,,,,,,,,,,,,,,,,
1429,TIC 282760899,TIC 282760899,14,0.00152444,0.00012804033,False,7.300935,1684.08175,0.96,275.58,6.9833,4.1441,0,harmonic_delta_loglike -0.51,flux_skew -0.47,log_depth -0.47,ok,,,,,,,,,,,,,,,,,,,,,,,
1430,TIC 136392667,TIC 136392667,14,0.001495,0.00012385335,False,11.84126,1689.08913,0.96,2979.1,4.8408,3.3065,0,duration_over_period -0.54,flux_skew -0.42,harmonic_delta_loglike -0.39,ok,,,,,,,,,,,,,,,,,,,,,,,
1431,TIC 365938305,TIC 365938305,14,0.00149268,0.00012352665,False,12.297703,1693.91117,2.688,415.01,6.3606,4.189,0,max_single_event_fraction -0.70,power_contrast -0.35,harmonic_delta_loglike -0.31,ok,,,,,,,,,,,,,,,,,,,,,,,
1432,TIC 99896567,TIC 99896567,14,0.00148857,0.00012294738,False,5.8278871,1687.58895,0.96,158.69,7.202,4.2866,0,log_depth -0.49,flux_skew -0.44,harmonic_delta_loglike -0.41,ok,,,,,,,,,,,,,,,,,,,,,,,
1433,TIC 289459252,TIC 289459252,14,0.00148098,0.00012187945,False,10.888131,1693.47642,1.728,1196.5,3.6419,3.3919,0,max_single_event_fraction -0.63,duration_over_period -0.53,log_depth +0.36,ok,,,,,,,,,,,,,,,,,,,,,,,
1434,TIC 41498341,TIC 41498341,14,0.00147977,0.00012171027,False,0.81764056,1683.76141,5.76,84.866,11.175,3.3953,0,log_depth -0.51,log_period -0.51,log_scatter -0.42,ok,,,,,,,,,,,,,,,,,,,,,,,
1435,TIC 224603921,TIC 224603921,14,0.00144606,0.00011702132,False,10.675308,1687.31829,0.96,335.03,5.2028,3.9675,0,log_depth -0.45,log_scatter -0.44,harmonic_amp_over_depth -0.40,ok,,,,,,,,,,,,,,,,,,,,,,,
1436,TIC 229940491,TIC 229940491,14,0.00138437,0.0001086395,False,11.16039,1687.90237,1.728,4021.0,14.709,2.6716,0,max_single_event_fraction -0.92,odd_even_sigma -0.82,bls_sde -0.67,ok,,,,,,,,,,,,,,,,,,,,,,,
1437,TIC 198178505,TIC 198178505,14,0.0013702,0.00010675052,False,6.2548387,1688.89358,0.96,221.42,7.3388,4.9754,0,log_depth -0.51,harmonic_delta_loglike -0.48,log_scatter -0.37,ok,,,,,,,,,,,,,,,,,,,,,,,
1438,TIC 290311870,TIC 290311870,14,0.00131236,9.9183592e-05,False,10.171151,1691.74445,5.76,8500.0,40.15,2.354,0,max_single_event_fraction -0.93,odd_even_sigma -0.80,bls_sde -0.74,ok,,,,,,,,,,,,,,,,,,,,,,,
1439,TIC 372758077,TIC 372758077,14,0.00129001,9.632044e-05,False,12.358642,1689.10325,1.728,3610.7,11.997,2.8356,0,max_single_event_fraction -0.90,odd_even_sigma -0.80,bls_sde -0.69,ok,,,,,,,,,,,,,,,,,,,,,,,
1440,TIC 459969957,TIC 459969957,14,0.00125988,9.2517379e-05,False,12.771729,1693.06559,2.688,7261.0,22.885,2.3498,0,max_single_event_fraction -0.96,odd_even_sigma -0.89,bls_sde -0.68,ok,,,,,,,,,,,,,,,,,,,,,,,
1441,TIC 233660303,TIC 233660303,14,0.0011678,8.129143e-05,False,1.3414775,1683.87373,5.76,70.223,14.182,3.1922,0,delta_loglike -0.52,log_depth -0.52,log_duration_ratio -0.43,ok,,,,,,,,,,,,,,,,,,,,,,,
1442,TIC 229710150,TIC 229710150,14,0.0011482,7.8979542e-05,False,9.2673634,1686.12174,1.728,250.0,8.96,4.2486,0,log_depth -0.44,odd_even_sigma -0.38,duration_over_period -0.33,ok,,,,,,,,,,,,,,,,,,,,,,,
1443,TIC 233721037,TIC 233721037,14,0.0010713,7.0177637e-05,False,4.1734088,1683.76214,0.96,221.66,4.7892,4.0885,0,log_scatter -0.54,log_depth -0.53,flux_skew -0.46,ok,,,,,,,,,,,,,,,,,,,,,,,
1444,TIC 417931607,TIC 417931607,14,0.00104982,6.7796138e-05,False,11.533073,1694.30708,2.688,381.28,7.262,4.1335,0,max_single_event_fraction -0.64,log_scatter -0.44,duration_over_period -0.32,ok,,,,,,,,,,,,,,,,,,,,,,,
1445,TIC 313109467,TIC 313109467,14,0.00103877,6.6585171e-05,False,7.0761945,1687.8519,0.96,326.93,6.6805,3.4074,0,harmonic_delta_loglike -0.52,log_depth -0.46,log_scatter -0.43,ok,,,,,,,,,,,,,,,,,,,,,,,
1446,TIC 289510402,TIC 289510402,14,0.00103651,6.6338752e-05,False,10.781222,1687.61966,1.728,236.99,5.8824,4.1439,0,log_depth -0.45,log_scatter -0.40,duration_over_period -0.39,ok,,,,,,,,,,,,,,,,,,,,,,,
1447,TIC 229455001,TIC 229455001,14,0.000999459,6.2348005e-05,False,6.9493644,1688.01468,1.728,263.12,5.55,3.2246,0,log_scatter -0.46,log_depth -0.45,duration_over_period -0.39,ok,,,,,,,,,,,,,,,,,,,,,,,
1448,TIC 233194447,TIC 233194447,14,0.000990687,6.1418384e-05,False,6.1125207,1687.72972,1.728,236.38,6.4283,3.2207,0,log_depth -0.51,harmonic_delta_loglike -0.50,log_scatter -0.42,ok,,,,,,,,,,,,,,,,,,,,,,,
1449,TIC 122885932,TIC 122885932,14,0.000932066,5.5354835e-05,False,10.346866,1691.19627,2.688,256.34,4.4537,3.2912,0,log_depth -0.48,log_scatter -0.46,harmonic_amp_over_depth -0.39,ok,,,,,,,,,,,,,,,,,,,,,,,
1450,TIC 198456933,TIC 198456933,14,0.00090311,5.2456523e-05,False,9.2519604,1685.2024,1.728,264.53,5.3137,4.2467,0,log_scatter -0.47,log_depth -0.44,duration_over_period -0.38,ok,,,,,,,,,,,,,,,,,,,,,,,
1451,TIC 28297924,TIC 28297924,14,0.000858034,4.8073853e-05,False,12.646533,1689.69551,1.728,506.94,4.9394,3.7534,0,duration_over_period -0.46,harmonic_delta_loglike -0.40,harmonic_amp_over_depth -0.36,ok,,,,,,,,,,,,,,,,,,,,,,,
1452,TIC 164998949,TIC 164998949,14,0.000647098,2.972567e-05,False,0.79509373,1683.78797,5.76,33.554,26.103,4.4848,0,log_depth -0.53,delta_loglike -0.50,log_period -0.50,ok,,,,,,,,,,,,,,,,,,,,,,,
