TIC ID,TOI,TESS Disposition,TFOPWG Disposition,TESS Mag,Epoch (BJD),Period (days),Duration (hours),Depth (ppm),Planet SNR,Sectors
231663901,101.01,KP,KP,12.4069,2458326.009117,1.43036994965074,1.61659940399439,18960.7122943629,151.72173,"1,27,67"
149603524,102.01,KP,KP,9.7109,2460982.065462,4.411937227697335,3.6321284820569266,14711.881030293516,3217.1734627901774,"1,2,3,4,6,7,8,9,10,11,12,13,27,28,29,30,31,32,33,34,36,37,38,39,61,62,64,65,68,69,87,88,89,94,95,96,97"
336732616,103.01,KP,KP,11.5232,2458327.25256,3.547854,3.494333,10424.3718,59.5,1
231670397,104.01,KP,KP,9.8638,2460150.608677,4.0872956,5.5861130474761,3572.17124985973,48.678577,"1,27,67"
144065872,105.01,KP,KP,9.4995,2460904.412675,2.1846669193825514,2.698910187683677,11535.547515715498,213.41096142880195,"1,28,95"
38846515,106.01,KP,KP,10.3157,2460988.068249,2.849382725978083,3.5488879829477424,7740.4889994654,2972.8537617525035,"1,2,3,4,5,6,7,8,9,10,11,12,13,27,28,29,30,31,32,33,34,35,36,37,38,39,61,62,63,64,65,67,68,69,87,88,89,90,94,95,13625,53"
92352620,107.01,KP,KP,9.6433,2460176.993334,3.9502008,4.444,13914,205,"1,27,68"
289793076,108.01,KP,KP,13.163,2458328.085025,3.0440494555695627,2.6523471778876777,22807.01017736247,73.85645,"1,28,68,92"
29344935,109.01,KP,KP,13.2366,2458326.127479,2.76676000983202,2.68721776988127,14947.4387827137,41.24269,"1,28,68"
281459670,110.01,KP,KP,11.6714,2458328.039934,3.17435042404771,2.75108595936913,15457.3247576234,99.91275,"1,2,28,29,68"
355703913,111.01,KP,KP,13.183,2458326.105486,2.10615687963452,1.46889344987231,12142.2238514306,38.7845,"1,2,28,68"
388104525,112.01,KP,KP,11.6035,2460069.773646,2.49979959810286,2.865171019079,14621.2059647249,375.26334,"1,2,3,4,7,11,27,28,29,30,31,34,37,61,62,63,64,65"
97409519,113.01,KP,KP,12.1893,2458327.053085,3.372877,2.63426,17163.60419,81.3,1
25155310,114.01,KP,KP,10.6103,2458327.519958,3.28878982693448,3.43677173022605,7005.72479018588,557.429,"1,2,3,4,5,6,7,8,9,10,11,12,13,27,28,29,30,31,32,33,34,36,37,38,39,61,63,64,65,66,67,68,69"
281541555,115.01,KP,KP,13.0417,2458329.903155,4.74237090118084,2.49881451802706,12650.8110411006,50.48632,"1,2,28,29,68,69"
238176110,116.01,KP,KP,11.0443,2458326.688916,2.79858018416552,2.38010434405069,16708.7151957358,380.53317,"1,27,28,67,68"
322307342,117.01,KP,KP,11.7806,2459063.655791,3.58629619986471,3.37109429721186,5729.32468580858,32.356964,"1,2,28,29"
266980320,118.01,CP,CP,9.179,2460899.883842,6.034463389519887,2.0529009652903087,1750.6457632007427,140.66056924530002,"1,28,68,95"
278683844,119.01,PC,PC,9.2789,2460987.348604,5.541111261791256,2.4142561257266726,597.3296581648824,605.9101620045657,"1,2,3,4,5,6,8,9,10,11,12,13,27,28,29,30,31,32,33,34,35,36,37,38,39,61,62,63,64,65,66,67,68,69,87,88,89,90,93,94,13369,57,97"
278683844,119.02,PC,PC,9.2789,2460979.593803,10.691729973801829,3.0528284112319444,498.5173153838442,257.57532456096726,"1,2,3,4,5,6,8,9,10,11,12,13,27,28,29,30,31,32,33,34,35,36,37,38,39,61,62,63,64,65,66,67,68,69,87,88,89,90,93,94,13369,57,97"
394137592,120.01,CP,CP,7.1062,2458332.082805,11.535076,8.555958,2389.90616,32.9,1
207081058,121.01,PC,APC,9.9358,2459074.32911,14.7741056,5.504,15041,80,"1,28,68"
231702397,122.01,CP,CP,13.084,2458329.118988,5.07803253491997,1.21003530701906,5923.12830685094,15.281929,"1,27,28,67,68"
290131778,123.01,CP,CP,7.87598,2460175.035028,3.3088922,6.114,4736,133,"1,28,68"
29831208,124.01,PC,APC,11.1311,2460042.199513,1.8428078,1.449,1950,66,"1,3,4,5,6,7,8,9,10,11,12,13,27,28,29,30,31,33,34,35,36,37,38,39,62,63,64"
52368076,125.01,CP,CP,10.1985,2460206.744249,4.6517186,2.709,978,26,"1,2,28,68,69"
52368076,125.02,CP,CP,10.1985,2460202.049893,9.1549418,2.457,1101,18,"1,2,28,68,69"
52368076,125.03,CP,CP,10.1985,2460181.146579,19.9815709,2.724,909,10,"1,2,28,68,69"
52368076,125.04,PC,PC,10.1985,2460188.729278,.0,4.623521076986186,738.7670156390292,8.09336,"1,2,28,68,69"
70440470,126.01,KP,KP,12.7923,2458326.730861,3.0354016524572702,2.8809533412746515,16196.215815694457,87.98231,"1,28,68"
234523599,127.01,CP,CP,14.1266,2458325.650603,3.79551778380905,2.01981348473053,52278.9940978848,75.709694,"1,2,28,29"
391949880,128.01,CP,CP,7.9849,2460847.774093,4.940480117380858,2.122149708007843,417.00851672140783,328.65312118015146,"1,8,11,12,13,27,28,31,38,39,61,62,65,66,67,68,88,89,93"
201248411,129.01,CP,CP,9.9005,2460205.646862,0.980972,0.54050355175474,6178.39242097547,167.35898,"1,2,28,29,68,69"
263003176,130.01,CP,CP,7.4371,2460888.931342,14.339138666866827,4.235653116726506,363.2368495590145,78.48549010037105,"1,12,13,27,39,66,93,94,95"
235037761,131.01,PC,APC,9.8567,2460173.338551,6.2407826,1.513,6114,14,"1,28,68"
89020549,132.01,CP,CP,10.8061,2458326.904918,2.1096804606002526,2.134404262210766,1309.7297125834841,23.500671,"1,28,68"
219338557,133.01,EB,FP,9.9762,2460901.972124,8.199663908088771,1.9288109762742351,866.9104695683204,36.69294902213496,"1,28,68,95"
234994474,134.01,CP,CP,9.22978,2458326.034032,1.40151826016575,1.15830613665695,593.754092156108,20.450527,"1,28,68"
267263253,135.01,CP,CP,9.2205,2460174.637067,4.1269046,4.405,10831,389,"1,27,28,67,68"
410153553,136.01,CP,CP,11.9238,2458325.724125,0.4629303673466454,0.5409433291326444,4507.326877494777,51.16733,"1,27,28,67,68"
176957796,137.01,IS,FA,10.702,2459199.440315,4.8173797,1.323,1800,1000,"1,2,3,4,5,7,8,9,10,11,12,13,27,28,29,30,31"
277683130,138.01,PC,APC,9.5739,2460175.14238,6.1982658,1.912,3896,93,"1,27,28,67,68"
62483237,139.01,CP,CP,9.3636,2458334.891563,11.0708575296637,2.19376165846134,1149.7328034023,12.694616,"1,28,68"
140068425,140.01,PC,APC,9.7828,2458327.399828,2.28134318322299,1.16019326329961,1126.66194875397,13.736684,"1,28,68"
403224672,141.01,CP,CP,7.384,2460178.671412,1.0082361,1.41,228,26,"1,27,28,68"
425934411,142.01,PC,PC,14.7109,2458325.485901,0.853353400370258,1.20187368372282,25080.3290694969,37.0026,"1,2,28,29,68,69"
25375553,143.01,KP,KP,9.77486,2460155.87081,2.31096889835692,3.43038207029443,6829.42364951378,189.12912,"1,28,68"
261136679,144.01,CP,CP,5.1054,2460901.578202,6.2678139196372324,2.789,321,467.8905110815004,"1,4,8,11,12,13,27,28,31,34,38,39,61,62,64,65,66,67,68,88,89,93,94,95"
265612438,145.01,PC,PC,11.6789,2459060.6424,5.13002,4.78,3376,22,"1,27,28"
355636844,146.01,EB,FP,10.7124,2459080.90325,6.30556,2.946,860,17,"1,2,28"
220435095,147.01,EB,FP,11.8999,2460185.36556,3.42310017313899,2.43775826059659,8643.10164549566,147.44981,"13,27,28,29,30,32,33,34,35,36,37,38,39,62,63,64,65,67,68,69"
393940766,148.01,CP,CP,11.7835,2459062.261122,4.8670758049795095,3.188354623877305,4965.811465325073,20.184168,"28,68"
260985861,149.01,PC,PC,10.8727,2458597.939863,3.33994317642266,4.25347040913592,9074.07878323563,117.076,"11,12,13,27,28,38,39,61,62,65,66,67,68"
271893367,150.01,CP,CP,10.9031,2459995.645628,5.85740753759727,5.85480292934519,6489.73023457872,157.52177,"9,10,11,12,13,27,28,29,30,31,32,33,34,35,36,37,39,61,62"
382302241,151.01,EB,FP,11.0264,2458326.05013,1.59782,1.49,1713.69,32,1
403287048,152.01,EB,FP,11.3569,2458327.92337,7.00776,2.68,3666.99,16,1
231081369,153.01,PC,APC,11.7349,2460069.867358,7.6316384,2.054,4580,45,"1,2,3,4,5,6,7,8,9,10,11,12,13,27,28,30,31,32,33,34,35,36,37,38,61,62,63,65,67"
389525208,154.01,EB,FP,10.0704,2458329.36085,6.74657,1.803,2970,31,"1,27"
129637892,155.01,PC,PC,9.0284,2460168.813769,5.4499753,4.319,973,26,"1,28,68"
220518305,156.01,EB,FP,10.294,2460968.40875,14.152037719003577,3.1439910241002718,3180.455923224243,180.77679250385174,"1,3,28,29,30,68,69,95,96,97"
140691463,157.01,CP,CP,12.0166,2458543.338324,2.08454341779798,2.01703803867042,12504.8250190009,371.14728,"9,11,12,13,27,28,29,30,31,32,33,34,35,36,37,38,39,61,62,63,64,65,66,67,68,69"
403136413,158.01,EB,FP,11.2314,2458326.37811,2.51266,2.411,2790.01,22,1
394657039,159.01,PC,CP,10.5132,2459382.232709,3.7628372,3.956,11360,297,"1,2,12,13,28,32,39"
253917293,160.01,EB,FP,11.2901,2458327.37627,4.608,3.383,3213.22,25,1
348770361,161.01,PC,PC,11.4964,2459388.787312,2.7684331,4.223,3234.09711123576,45,"1,12,13,27,28,39"
99493790,162.01,PC,APC,11.6834,2459078.393053,7.764691,3.185,24530,36,"1,28"
179317684,163.01,CP,CP,10.8719,2458544.670293,4.2311172621589,4.35316354320607,7261.27593605794,371.85303,"9,10,11,12,13,27,28,29,30,31,32,33,34,35,36,37,38,39,61,62,63,64,65,66,68,69"
79395355,164.01,EB,FP,11.407,2458328.33733,7.31898,3.771,3809.3,17,1
350743714,165.01,EB,FP,9.6686,2460746.619767,7.757643018862346,2.856135586159398,7336.690882160484,2983.8866432653754,"1,2,3,4,5,6,7,8,9,10,11,12,13,27,28,29,30,31,32,33,34,35,36,37,38,39,61,62,63,64,65,66,67,68,69,87,88,89"
147203645,166.01,PC,PC,10.7258,2459065.316593,5.06113147515493,1.55624141946912,5276.03493015904,39.23764,"1,28,68"
149990841,167.01,PC,PC,11.6349,2459387.893848,4.4531846,1.687,5910,88,"1,2,4,5,7,8,9,11,12,27,28,29,31,32,34,35,36,37"
369457671,168.01,PC,PC,11.5147,2458326.4928,2.31446,1.347,1190,10,"1,27"
183120439,169.01,CP,CP,11.788,2459062.718052,2.25544592236528,1.66786040481136,5283.71039006994,34.75056,"13,27,28"
394698182,170.01,PC,PC,11.9692,2459387.008657,3.7115129,2.685,12280,156,"12,13,27,28,39"
309257814,171.01,PC,PC,11.6626,2458570.408133,1.23860103460573,1.9048913439245,12167.5309178432,64.7628,"1,8,9,10,11,28,31,35,36,37,38,61,62,63,64"
309257814,171.02,EB,FP,11.6626,2458569.773308,1.81357672556142,1.07533164951732,4166.28020352267,23.709396,"10,28,31,35,36,37,38,61,62,63,64"
29857954,172.01,CP,CP,10.7379,2458326.92242,9.47686,4.392,2980,14,"1,28"
270341214,173.01,PC,PC,8.8784,2458333.410136,29.7537451413829,8.07804450406273,6350.82994074537,128.69139,"1,13,27,28,39,66,67,68"
270341214,173.02,PC,PC,8.8784,2458329.295582,9.17022647673136,5.68558419067641,305.983567693523,10.224759,"1,13,27,28,39,66,68"
425997655,174.01,CP,CP,8.7513,2460957.73363,17.667173473428804,2.665899439614735,754.5192275495999,116.64054389501125,"1,2,3,4,11,29,30,31,34,64,68,69,95,96,97"
425997655,174.02,CP,CP,8.7513,2460932.688545,29.797538628778415,2.7293182899855606,614.4582394544652,65.36281239939306,"1,2,3,4,11,29,30,31,34,64,68,69,95,96,97"
425997655,174.03,CP,CP,8.7513,2460987.123543,12.162304641895906,2.513204513768373,265.0132357495864,27.29087030190326,"1,2,3,4,11,29,30,31,34,64,68,69,95,96,97"
425997655,174.04,CP,CP,8.7513,2460203.017928,3.9766833,1.859,142,9,"1,2,3,4,11,29,30,31,34,64,68,69"
425997655,174.05,CP,CP,8.7513,2460987.803312,7.907630060628806,2.6394558388388467,212.41773684697506,33.95473057548645,"1,2,3,4,11,29,30,31,34,64,68,69,95,96,97"
307210830,175.01,CP,CP,9.41242,2460688.70837,3.6906758578021837,1.107,1657,80,"2,5,8,9,10,11,12,28,29,32,35,36,37,38,39,61,62,63,64,65,69,87"
307210830,175.02,CP,CP,9.41242,2460039.154503,7.4507305,0.475,1542,40,"2,5,8,9,10,11,12,28,29,32,35,36,37,38,39,61,62,63"
307210830,175.03,CP,CP,9.41242,2458354.907237,2.253106161749305,0.9939836545373177,682.3972723387841,43.44456,"2,5,8,9,10,11,12,28,29,32,35,36,37,38,39,61,62,63,64,65,69"
272086159,176.01,EB,FP,13.4004,2458649.291373,16.155373,1.556705,71225.723174,49.630848,"2,3,4,5,6,12"
262530407,177.01,CP,CP,9.49275,2460204.963281,2.8531016,1.2637530394460368,1547.1068926532494,30.282522,"2,3,29,69,96"
251848941,178.01,CP,CP,10.42,2460196.437088,6.5578513,2.08,1596,18,"2,29,69"
251848941,178.02,CP,CP,10.42,2458354.55219,20.708504,2.236524,1657.067907,9.537692,2
251848941,178.03,CP,CP,10.42,2458362.954199,9.96163468923298,2.464805194329,1084.43270615972,11.135912,"2,29,69"
251848941,178.04,CP,KP,10.42,2458356.107512,3.23842531547921,1.99410554881088,532.75806233683,7.2096095,"2,29"
251848941,178.05,CP,KP,10.42,2458364.914977,15.2321842764,2.5318137578854336,1228.533228739574,8.475758,"2,29,69"
207141131,179.01,CP,CP,8.1796,2460985.999063,4.1374403333543235,1.587497022035615,1008.4447278816968,101.21471525927409,"2,3,29,30,96,97"
51912829,180.01,EB,APC,9.5183,2458325.896392,0.835389856074935,1.03851746954716,2265.36566185635,63.1018,"1,2,28,29,68"
76923707,181.01,CP,CP,10.4654,2458358.118263,4.532050172920823,2.4927337752707297,7809.0577339409765,101.50356,"2,29,69"
76989773,182.01,PC,APC,9.683,2458355.082741,1.7691703026302423,1.8249711363607402,8744.237703170093,240.81776,"2,29,69"
183979262,183.01,EB,FP,8.3291,2460878.62453,3.4308072079728853,3.129390526484443,10488.544567839812,379.92361705019783,"1,2,27,28,29,67,68,94"
300871545,184.01,EB,FP,10.0433,2460880.42294,4.817068725295287,3.202980420170306,25042.962088987064,3786.0642531908966,"1,2,3,4,5,6,7,8,9,10,11,12,13,27,28,29,30,31,32,33,34,35,36,37,38,39,61,62,63,65,66,67,68,69,87,88,89,90,93,94"
100100827,185.01,KP,KP,8.8287,2460205.353322,0.9414525,2.05,11445,519,"2,3,29,30,69"
279741379,186.01,CP,CP,6.9934,2460985.704053,35.61338894967539,3.0534334832501386,1397.6487372830022,279.958799980734,"1,2,3,4,28,29,30,34,61,64,68,69,95,96,97"
279741379,186.02,CP,CP,6.9934,2460980.806574,7.789788618656058,2.3434341494716326,169.0703496815404,34.07230536552281,"1,2,3,4,28,29,30,34,61,64,68,69,95,96,97"
260304296,187.01,EB,FP,9.109901,2461045.074739,1.0251821787095334,1.6880108783486807,7065.352207337362,855.4695960350382,"1,2,3,4,5,6,7,8,9,10,11,12,13,27,28,29,31,32,33,34,35,36,37,38,39,61,62,63,64,65,66,67,68,69,88,89,90,93,95,96,13881,49"
280830734,188.01,EB,FP,9.4668,2460930.858938,1.1619448085327084,0.6293026507705685,242.63973415984134,77.17662550932974,"1,2,27,28,29,63,67,68,69,90,94,95,96"
278866211,189.01,EB,FP,10.2638,2460903.186693,2.1940617709339647,1.8405144109332987,6009.383751233072,555.2826935198764,"1,2,3,5,6,8,9,11,12,13,28,29,30,32,33,34,35,36,38,39,61,62,65,66,67,68,69,87,88,89,93,94,95"
166739520,190.01,KP,KP,9.6411,2460982.967362,10.020593207375377,5.703376452891517,8247.668940577594,207.39311067755958,"2,3,29,30,69,96,97"
183532609,191.01,KP,KP,9.1468,2460202.792714,8.1587261,4.288,15337,249,"2,29,69"
183537452,192.01,KP,KP,10.2499,2460929.713786,3.922711331243955,2.6326626155608337,11362.367070907512,380.74051036202366,"2,29,69,96"
183985250,193.01,CP,CP,9.1031,2460933.175839,0.7920645022021054,0.36561191627951817,1561.7798963500145,402.9138215466691,"2,29,69,96"
211438925,194.01,KP,KP,10.248,2460198.831716,4.8996461,3.07,10957,203,"2,29,69"
230982885,195.01,KP,KP,9.9696,2458355.490424,2.0727598,2.619,14761,171,"2,29,69"
234519192,196.01,PC,PC,8.0674,2458354.303731,1.16303717557098,1.45686033041135,409.600658757735,28.698704,"2,28,29,68,69"
441462736,197.01,CP,CP,7.3566,2460927.616153,14.281173126081521,8.571365978393725,762.9376582618632,37.28745670176418,"2,29,96"
12421862,198.01,CP,CP,9.92801,2458356.371864,10.21520251255381,2.347621859753776,960.547568217517,13.1503315,"2,29,69"
309792357,199.01,CP,CP,10.0391,2460877.951041,104.87242523178372,6.68859192230242,11850.15574512952,1197.578857145099,"1,2,3,4,5,6,7,8,9,10,11,12,13,27,29,30,31,32,33,34,35,36,37,39,61,62,63,64,66,67,68,69,87,88,89,90,93,94,95,96,13881"
410214986,200.01,CP,CP,7.8541,2460903.986925,8.13822304107226,3.2264684996601014,4480.913527336389,101.04894121925126,"1,27,28,67,68,94,95"
350618622,201.01,CP,CP,8.5822,2460972.002829,52.97873920258801,5.129374311224671,6568.962074900805,881.8159059251503,"1,2,3,4,5,6,7,8,10,11,12,13,27,28,29,30,31,32,33,34,35,36,37,38,39,61,64,65,66,67,68,87,88,94,95,96,97"
350618622,201.02,PC,PC,8.5822,2460175.602477,5.8492379,3.257,109,12,"1,2,3,4,5,6,7,8,10,11,12,13,27,28,29,30,31,32,33,34,35,36,37,38,39,61,64,65,66,67,68"
355509914,202.01,PC,PC,14.6723,2458326.110175,1.73866945118569,1.18983540008126,13710.7615025632,17.820765,"1,2,28,29,68,69"
259962054,203.01,V,FA,12.2423,2459106.86029,51.94509,8.094,2534,8,"1,2,3,27,28,29,30"
281781375,204.01,PC,PC,9.2182,2458328.034407,43.8297862506947,4.30113916787097,647.268516308101,10.029004,"1,2,28,29,68,69"
281575427,205.01,PC,PC,9.4525,2460929.161155,4.252985694067112,3.096122708814222,261.1393852468849,24.89088428573583,"1,2,28,29,68,69,95,96"
55650590,206.01,CP,CP,12.4312,2458325.542536,0.736313219931196,0.673685332264972,1322.54610536278,25.910513,"1,2,3,4,5,6,7,8,9,10,11,12,13,27,28,29,30,31,32,33,34,35,36,37,38,39,61,62,63,65"
260271203,207.01,EB,FP,13.4734,2458330.097007,5.64928534420493,4.04240463488386,44346.5599830079,160.72606,"1,2,3,4,5,6"
314865962,208.01,PC,PC,10.3539,2458335.989204,22.458619597002,7.19897194710332,445.000308907201,16.692709,"1,2,3,6,9,13,27,28,29,30,33,36,39,62,63,66,67,68,69"
52204645,209.01,PC,CP,10.8545,2458325.884839,4.37942977855793,1.66393541112462,969.695761580105,17.74379,"1,2,28,29,68,69"
141608198,210.01,PC,PC,12.5395,2459338.99312,9.01054136695366,1.84432641885461,4125.07129998765,37.48086,"1,2,3,4,5,7,8,9,10,11,12,13,27,28,29,30,31,32,33,34,35,37,38,39"
300293197,211.01,PC,APC,9.4906,2460981.057077,6.563865142331111,1.3516381266220108,2147.961854947901,1509.4713712048879,"1,2,3,4,5,6,7,8,9,10,11,12,13,28,29,30,31,32,33,34,35,36,38,39,61,62,63,64,65,66,67,68,69,88,89,90,93,95,96,97"
206609630,212.01,PC,APC,12.5595,2458325.490344,0.335271544311346,0.718985568482103,19687.8213975358,191.81429,"1,2,28,29,68,69"
234345288,213.01,PC,CP,9.7806,2460930.52568,23.519923508341275,3.558525954016548,1325.1382576315862,85.20449072551824,"1,2,13,27,29,67,69,94,95,96"
234345288,213.02,PC,PC,9.7806,2458328.442759,7.75655337070455,2.43410425914672,286.255860400138,8.370144,"1,2,13,27,29,67,69"
167415965,214.01,PC,PC,8.0089,2460971.30662,18.55368017549928,3.4358705325137096,426.4332241346429,263.52778772540717,"1,2,3,4,5,6,7,9,10,11,12,13,27,28,29,30,31,32,33,34,35,36,37,38,39,62,63,64,65,66,67,68,87,89,90,93,94,95,97"
167415965,214.02,PC,PC,8.0089,2460678.903484,9.695984127540886,2.7342847019466507,79.51415090560042,25.344509191632543,"1,2,3,4,5,6,7,9,10,11,12,13,27,28,29,30,31,32,33,34,35,36,37,38,39,62,63,64,65,66,67,68,87"
231912935,215.01,PC,PC,10.5011,2458334.396978,26.285140386071,2.76927788470214,975.207699087574,11.035667,"1,2,28,29,68,69"
55652896,216.01,CP,CP,11.5748,2458331.488563,34.5059318313029,3.82066526942235,17387.9834231409,147.80844,"1,2,3,4,5,6,7,8,9,11,12,13,27,28,29,30,31,32,33,34,35,36,37,38,39,61,62,63,64,65,66,67,68,69"
55652896,216.02,CP,CP,11.5748,2459340.904719,17.3890453870803,2.65165405135838,2971.75322676983,30.600433,"1,2,3,4,5,6,7,8,9,11,12,13,27,28,29,30,31,32,33,34,35,36,37,38,39"
260043723,217.01,EB,FP,8.735,2460982.315462,3.138585602920343,3.45940792154179,505.3163400864422,737.084482139154,"1,2,3,4,5,6,7,8,9,10,11,12,13,27,28,29,30,31,32,33,34,35,36,37,38,39,61,62,63,64,65,66,67,68,69,87,88,89,90,93,13113,51,96,97"
32090583,218.01,PC,PC,13.3292,2458325.547997,0.43848143401066025,0.5192935491485196,486.47747845177344,21.918074,"1,2,3,4,6,7,8,9,10,11,12,13,27,28,29,30,31,32,33,34,36,37,38,39,61,62,63,64,66,67,68,69"
32090583,218.02,PC,PC,13.3292,2458328.408317,8.35221428760477,1.66371193826867,3924.64222903855,11.7393875,"1,2,3,4,6,7,8,9,10,11,12,13,27,28,29,30,31,32,33,34,36,37,38,39,61,62,63,64,66,67,68,69"
260609205,219.01,EB,FP,12.7222,2460184.852236,4.46177548270279,5.45324943220963,18854.6431908566,229.61232,"1,2,3,4,5,6,7,8,9,10,11,12,13,61,62,63,64,65,66,67,68,69"
150098860,220.01,CP,CP,9.6878,2460966.946848,10.695306511724073,1.9925230273026453,927.7984537288966,389.9560411969477,"1,2,4,5,6,7,8,9,10,11,12,27,28,29,30,31,32,34,35,36,37,38,39,61,62,63,65,66,68,69,87,88,89,90,93,95,96,97"
316937670,221.01,EB,FP,12.1535,2458325.342966,0.62425,0.774288,954.060325,7.4479375,"1,2"
144440290,222.01,EB,FP,8.7635,2458376.544,.0,0.68,5530,20.308218,2
326453034,223.01,IS,FA,10.2733,2458355.95751,14.445918,1.533311,1273.806981,7.6791534,2
70797900,224.01,PC,APC,11.1427,2458365.843684,705.584465845,1.9189212227768717,101204.845993947,261.3266,"2,29"
47525799,225.01,PC,PC,11.0316,2458355.118626,.0,4.81205289402037,4104.58734736124,22.755503,"2,29"
47484268,226.01,EB,FP,12.4253,2458358.500535,.0,2.67,13400,16.452566,2
2760710,227.01,V,FA,13.8409,2458364.102069,.0,1.51,30400,11.973635,"2,29,69"
77044471,228.01,KP,KP,13.2576,2458356.100116,2.6865063856827396,2.6567230728849522,12135.337530630926,35.624897,"2,29,69"
120610833,229.01,KP,KP,11.5005,2458354.77371,3.126075095855992,1.7204573923295836,11158.276458850036,100.04508,"2,29,69"
160074939,230.01,V,FA,8.7435,2458366.329788,13.340145,4.611198,589.893526,7.7575736,2
204376737,231.01,KP,KP,11.4779,2458357.394744,3.36100125300996,2.56858693981516,24081.7810522965,280.4428,"2,29,69"
402026209,232.01,KP,KP,11.8295,2458355.184421,1.33823135800679,2.1560676107495,27137.0920051392,407.31158,"2,28,29,69"
415969908,233.01,PC,PC,11.3018,2458365.261451,11.6700285246663,2.05341430231857,2783.79052155907,18.524107,"2,29,42,69"
415969908,233.02,PC,PC,11.3018,2458359.471437,7.20113832861414,2.14446806290895,1662.83983064977,9.993935,"2,29,42,69"
12423815,234.01,PC,PC,14.6253,2458356.087715,2.83927933447518,1.40117909606073,35229.709831864,31.962164,"2,29,69"
280095254,235.01,PC,PC,9.4688,2458357.283835,10.0902589746917,1.75026452662193,2585.78624619796,78.38961,"2,6,13,27,28,29,36,63,66,67,68,69"
9727392,236.01,EB,FP,11.2932,2458355.325711,4.534451,4.936391,23574.842911,162.49565,2
305048087,237.01,CP,CP,13.4102,2458355.241753,5.436166729046963,1.541967345155758,4797.128848222345,8.17232,"2,29,69"
9006668,238.01,CP,CP,9.926601,2460205.747992,1.2730965,1.48,414,13,"2,29,69"
9725627,239.01,KP,KP,10.9774,2458356.962228,4.15678335726899,3.94136088031713,4830.18595217686,92.4371,"2,29,42,69,70"
101948569,240.01,PC,PC,10.7011,2458360.114761,19.472301648488,4.28932990625027,1766.18283936967,10.936482,"2,29,69"
77031414,241.01,KP,KP,10.9571,2458355.195919,1.38665190413455,2.30067513238714,14246.466553054,131.61345,"2,29"
120585579,242.01,EB,FP,12.5766,2458357.778211,6.340315,4.249306,25410.703288,95.53354,2
149010208,243.01,PC,APC,11.681,2458356.617596,3.43730925605269,4.31147545730356,15017.9801246727,58.722694,"2,29"
118327550,244.01,CP,CP,10.3475,2458357.364688,7.397215983556253,1.3164962270220637,953.5477499073322,11.878935,"2,29,69"
154618248,245.01,PC,PC,8.5509,2460203.438659,8.7709021,0.926,1107,11,"2,28,29,69"
158623531,246.01,KP,KP,11.2794,2458355.73229,7.8728936787037,3.75995783296396,14639.415532122,157.15222,"2,3,29"
160148385,247.01,KP,KP,11.9116,2458354.319774,3.42525631340766,2.46177615327214,14223.1726719382,139.08589,"2,29,69"
201793781,248.01,PC,CP,8.4642,2460978.928981,5.9910772539032635,3.1710686821463914,389.7611049887614,51.92484246865875,"2,3,29,30,69,96,97"
179985715,249.01,PC,PC,11.2738,2458359.541515,6.61531875224234,2.33458443381212,1341.37202241127,11.296264,"2,29,69"
184240683,250.01,KP,KP,11.5464,2458355.508611,1.62842883309799,2.3682489533563,13798.67014831,202.14264,"2,29,69"
224225541,251.01,CP,CP,9.3258,2458357.305138,4.93772273227235,2.12942536115391,844.819909222512,13.305129,"2,29,69"
237924601,252.01,PC,APC,11.7497,2460041.401591,1.00218525235705,0.500192406308654,2319.99723240392,21.775879,"2,3,11,28,29,30,31,34,38,61,62,64"
322063810,253.01,PC,PC,9.3626,2458355.622789,3.5104148387909,2.00000000001473,308.828598531612,9.053127,"2,29,69"
49687222,254.01,IS,FA,9.8343,2458360.073308,20.186539,1.866565,1006.041833,8.4469795,2
204317710,255.01,KP,KP,13.7426,2459090.083321,2.81264847067326,2.87375221777979,13994.0625365298,24.578865,"2,29"
92226327,256.01,KP,KP,11.2991,2458399.928643,24.73734116,2.06905097692685,6560.492087026,19.97876,"3,30"
92226327,256.02,KP,KP,11.2991,2459141.100488,3.77794175247263,1.47593251726274,3469.45073899104,17.645792,"3,30"
200723869,257.01,CP,CP,7.0286,2459121.270086,18.3877080853847,6.40515299694267,1191.02831919559,39.21195,"3,4,30"
350445771,258.01,EB,FP,11.0932,2458326.804271,3.1901568769397,1.82628672075803,3648.24424555925,48.47039,"1,2,3,4,5,6,7,8,9,10,11,12,13,61,62,63,64,65"
12862099,259.01,KP,KP,12.3993,2458386.578118,2.42382258353343,2.24840146327738,16167.1783696915,36.095585,3
37749396,260.01,CP,CP,8.4991,2458392.294018,13.475847841798752,2.064391330044608,708.946160083929,13.82877,"3,42,70"
63898957,261.01,PC,CP,9.03971,2458383.915624,3.3639253966858997,3.343049531413336,422.0610761192461,11.843994,"3,30"
63898957,261.02,CP,CP,9.03971,2458389.727185,13.0393586213526,4.92183246929998,625.599568734536,10.275119,3
70513361,262.01,CP,CP,8.1345,2460942.112361,11.14527843820667,1.3947705454130455,566.2736450510187,12.805194,"3,30,97"
120916706,263.01,CP,CP,15.6198,2460934.124059,0.5568212477245754,0.9135250958873717,42426.11146585287,24.404608,"3,30,97"
122612091,264.01,KP,KP,10.4614,2460988.072434,2.216743559386217,3.8789471605018893,4239.74844630544,111,"3,4,30,31,97"
159951311,265.01,KP,KP,11.7276,2459169.574874,5.92426613248315,2.88944488847245,11796.3303623979,94.41432,"3,4,30,31"
164767175,266.01,CP,CP,9.45661,2460973.354682,10.751124783434165,2.8581721113281966,586.0959345109092,14.56528168952263,"3,30,97"
164767175,266.02,CP,CP,9.45661,2460986.17995,19.605096603391566,4.1605137935369765,590.7656873914926,10.905440522290695,"3,30,97"
166836920,267.01,KP,KP,8.93,2460988.126499,5.752580381164854,5.232598328082335,5301.799823726225,146.38425716846675,"3,29,30,69,97"
219253008,268.01,PC,PC,10.0733,2460979.011377,5.066180251255082,5.713335952685371,1586.711889026959,142.81031545584506,"3,4,5,30,31,32,97"
220479565,269.01,CP,CP,12.2958,2458381.845549,3.69771670923474,0.930826340882136,4755.67072943792,41.52972,"3,4,5,6,10,13,30,31,32,33,36,63,64,66,67"
259377017,270.01,CP,CP,10.4981,2460982.004741,5.660477325087717,1.6617716161171816,3451.8440418986165,284.1311534168096,"3,4,5,30,32,97"
259377017,270.02,CP,CP,10.4981,2460984.247091,11.37969912165753,2.0489434475769053,2960.9549481846793,198.91463865311042,"3,4,5,30,32,97"
259377017,270.03,CP,CP,10.4981,2460987.858405,3.3601670547055087,1.3266673034451342,976.6940500598345,95.68117928522524,"3,4,5,30,32,97"
259511357,271.01,PC,APC,8.4332,2460984.491087,2.4759869844775677,0.8790370544829371,471.6879849874954,66.59351737934803,"3,4,5,30,31,32,97"
268766053,272.01,KP,KP,11.7617,2459140.875701,3.30984575478706,2.26765357766264,19158.8321816564,107.77688,"3,30"
279740441,273.01,EB,FP,11.481,2458386.095087,0.741859449402693,1.50269578059472,2983.62573173008,16.765955,3
281979481,274.01,EB,FP,10.4929,2459362.157241,0.5417947272272686,1.1716379465651348,537.9244901774216,24.296259,"3,10,11,12,13,33,37,38,39"
373844472,275.01,PC,APC,11.0611,2460041.96466,0.9195617,1.153,9180,412,"1,3,4,5,6,7,8,9,10,11,13,27,28,30,31,33,34,35,36,37,38,61,62,64"
382188882,276.01,EB,FP,10.6559,2459328.579795,4.80009527427101,1.99686813524526,5241.0677476381,161.17955,"3,4,6,7,9,10,11,13,27,28,30,31,32,33,34,36,37,38,39,63,64,65"
439456714,277.01,PC,CP,11.7315,2458385.036312,3.99344182704717,1.96930647255073,5801.89571586399,20.975157,"3,30"
244161191,278.01,PC,PC,13.1672,2458381.910527,0.299039032681341,0.721810345413252,5780.66648237667,15.355602,"3,30,70"
122613513,279.01,PC,PC,10.5012,2459168.429762,11.4707838,3.698,1575,12,"3,4,30"
42054565,280.01,PC,PC,9.9955,2458383.488609,10.1843061384695,1.72931305064769,839.989691481368,7.5270567,"3,30"
38696105,281.01,PC,PC,10.5041,2458381.883169,5.57653635665928,2.31404768365744,642.420697607398,26.159914,"3,11,12,28,29,30,31,32,34,35,36,38,39,62,63,64,65,66,67,68,69"
29781292,282.01,CP,CP,8.9387,2460129.286313,56.0045056484392,10.4337078606574,767.919252708239,43.312225,"1,2,3,4,5,6,7,8,9,10,11,12,13,27,28,29,30,31,33,34,35,36,37,38,39,61,62,63,64,65"
29781292,282.02,IS,FA,8.9387,2459044.82593,31.32312,1.541,385,7,27
29781292,282.03,CP,CP,8.9387,2458355.648726,84.2607644501296,10.9250589902149,440.166061601092,17.34557,"1,2,3,4,5,6,7,8,9,10,11,12,13,27,28,29,30,31,33,34,35,36,37,38,39,61,62,63,64,65"
29781292,282.04,CP,CP,8.9387,2460954.388955,22.890989717603276,2.3187084727637792,226.35189179295259,37.07344013501579,"1,2,3,4,5,6,7,8,9,10,11,12,13,27,28,29,30,31,33,34,35,36,37,38,39,61,62,63,64,65,66,67,68,69,87,88,89,90,93,94,13369,57,97"
382626661,283.01,CP,CP,9.6768,2460940.862484,17.617471587286758,3.635468045479605,659.8868454780778,290.53285714802684,"1,2,3,4,5,6,7,8,9,10,11,12,13,27,28,29,30,31,32,33,34,35,36,37,38,39,61,62,64,65,67,68,69,87,88,89,90,95,96,97"
277103955,284.01,EB,FP,9.2927,2460206.239013,1.3090665,2.844,209,30,"1,3,4,5,6,7,8,10,11,13,27,28,30,31,32,33,34,35,37,38,62,63,65,66,67,68,69"
220459976,285.01,PC,PC,12.1677,2458393.996453,.0,3.459632,2425.505189,7.5875335,"2,3"
150030205,286.01,CP,CP,9.1059,2460980.715227,4.511729450820531,1.790699782184113,306.1299697285752,211.70581079548606,"1,2,3,4,5,7,8,9,10,11,12,13,27,28,29,30,31,32,33,34,35,36,37,38,39,61,62,63,64,65,66,67,68,69,87,88,89,90,93,94,13369,57,97"
150030205,286.02,PC,CP,9.1059,2460706.088118,39.36178493965582,4.535,552,90.74763563377779,"1,2,3,4,5,7,8,9,10,11,12,13,27,28,29,30,31,32,33,34,35,36,37,38,39,61,62,63,64,65,66,67,68,69,87,88,89,90,93"
2758565,287.01,EB,FP,12.3611,2459089.65573,3.781568327083024,2.0137345574284895,15002.165962657204,42.436813,"2,29,69"
47316976,288.01,PC,PC,8.97174,2458364.461822,711.747396305337,6.70756136635153,1566.15411182731,34.83812,"2,28,68"
201292545,289.01,PC,PC,11.4483,2458326.64586,.0,6.463,5520,33,"1,2"
201233610,290.01,EB,FP,12.9528,2459097.43463,21.05271,4.91,21440,51,"2,28,29"
49710555,291.01,EB,FP,12.3035,2459109.092,12.08837,3.106,5990,16,"2,29"
180285396,292.01,PC,PC,13.2806,2459088.963421,10.3688701729557,2.48859189688225,15543.5949112019,21.345016,"2,3,29,69"
355637190,293.01,PC,APC,11.024,2459109.911388,0.8054361,1.06,2980,98,"1,2,28,29"
188570092,294.01,CP,CP,11.3875,2459457.973621,7.327945,2.896,13710,92,"2,42"
327952677,295.01,KP,KP,12.141,2459090.143839,3.396944097608,2.41486867099551,10192.1311580345,65.30301,"2,29,69,70"
382463648,296.01,PC,PC,13.1066,2459062.764146,25.2580074558748,3.7100518532667,8447.17029560151,14.517789,"2,28,29,68,69"
115242351,297.01,EB,FP,13.1099,2459093.605469,5.674832673194568,1.7830000000000001,8390.203821886387,11.041838,"2,29,69"
206686292,298.01,PC,APC,12.7602,2459062.561712,1.32871823316226,1.7017623646289,9179.50741865823,29.699768,"28,68"
156075294,299.01,PC,PC,12.3012,2459092.786742,5.7217123812393,3.77339867559703,5455.58560875949,20.483212,"2,29,69"
166697854,300.01,EB,FP,10.8387,2458354.42965,2.75753,1.376,1071.45,17,2
144301052,301.01,PC,PC,12.0684,2459090.755451,3.74401434756361,2.99497863647347,1773.58449483737,10.574328,"2,29,69"
229111835,302.01,PC,PC,12.9317,2458356.68237,6.70145,1.579,10940,21,2
145750719,303.01,KP,KP,12.0213,2459468.532701,3.5608112,3.389,4890,23,"2,29,42"
262530873,304.01,EB,FP,12.5145,2458356.28606,2.24172,3.989,23700,16,"2,3,29"
102030574,305.01,PC,PC,12.3294,2458364.10083,9.94915,3.968,22920,89,"2,29"
114749636,306.01,KP,KP,11.7607,2459089.500823,4.60274981778029,4.27023341680089,7456.703775585685,66.638115,"2,29,69"
9100874,307.01,EB,FP,13.1198,2459091.687062,6.16683440688974,2.2619245405060537,13145.612134691453,21.72557,"2,29,69"
281710229,308.01,PC,APC,11.7628,2459108.717597,8.3092965,2.201,17010,99,"2,28,29"
228507250,309.01,PC,PC,12.4154,2459092.738679,6.15733002410606,2.7071868073506,12845.0114879968,37.748936,"2,29,69"
175477257,310.01,PC,PC,12.4191,2459090.953132,4.26956745271824,3.70029176304336,8610.38864243436,40.257168,"2,29,69"
434105231,311.01,PC,APC,12.9517,2459448.318374,0.7963207412645589,1.1937665106808164,20952.543373376688,95.35774,"2,29,42,69,92"
180145006,312.01,PC,APC,12.2607,2459090.600097,3.54123103711607,2.4849488535777,5029.73687145404,19.37609,"2,3,29"
9102327,313.01,EB,FP,11.3018,2458354.54332,3.2615,2.233,1652.28,16,2
316769613,314.01,PC,PC,11.1741,2458355.59503,10.18108,3.674,1190,10,"2,29"
66356824,315.01,EB,FP,12.4245,2459109.39216,3.55562,1.838,2610,14,"2,3,29"
8988289,316.01,PC,APC,13.1186,2458365.98759,13.32379,2.561,95718.1,48,2
402319411,317.01,PC,PC,12.9238,2459090.203596,3.32629767967537,2.94392288712629,24223.6280838055,78.41019,"2,29,42,69,70"
206352378,318.01,PC,PC,13.2316,2459065.374875,3.74637647040525,1.95600910711775,18855.6336929167,59.18872,"1,2,28,68,69"
389753172,319.01,PC,APC,12.7464,2459086.530897,0.7135373,0.892,18540,146,"1,2,28"
188593930,320.01,EB,FP,12.3574,2458354.27607,1.46503,1.145,3162.12,15,2
175476629,321.01,EB,FP,12.8509,2458354.27156,1.14057,2.188,5009.01,16,2
198077394,322.01,PC,PC,10.7074,2459089.946422,3.99053299831953,3.45390556645371,3306.40509154368,62.982124,"2,3,4,5,12,29,30,31,32,69"
251852984,323.01,PC,PC,13.3547,2458355.57459,2.77239154333576,1.82233689252042,5882.01943541182,9.44852,"2,29,69"
156002449,324.01,EB,PC,13.4081,2459092.324667,5.284869067171003,4.772549427283615,27277.099088251955,59.74587,"2,29,69"
66413476,325.01,PC,PC,12.004,2458357.72126,4.36907,1.308,3970,20,"2,3,29"
144336525,326.01,PC,APC,11.7549,2459061.896703,0.24732497517558868,0.9139370346688058,2174.1480680257287,18.439947,"2,28,29"
206669860,327.01,PC,PC,13.4573,2459066.81665,10.0550763889805,3.3888241436001,13107.7141417626,16.19822,"2,28,68"
139357541,328.01,PC,PC,12.7703,2459063.3541,4.47816033405173,1.57744263730935,4339.83454478055,12.593698,"28,68,69"
169765334,329.01,PC,CP,10.6929,2459090.797418,5.70428581412041,4.06126395877574,940.986289049615,16.090202,"29,42,69,70"
27966179,330.01,PC,PC,12.8696,2459091.763748,4.27946689459111,2.46413393485057,17011.2798568196,62.723557,"2,29,69"
262531275,331.01,EB,FP,13.0261,2459141.054998,2.4843369,1.154,4450,12,"2,3,29,30"
139285832,332.01,PC,CP,11.5273,2459062.446886,0.77685,1.43,830,15,"1,2,28"
224245334,333.01,PC,CP,11.5166,2459089.918368,3.78523282768119,3.53982975332825,1338.879127814,12.746865,"29,69"
233964642,334.01,PC,APC,9.5498,2460188.713023,17.9160113,1.889,9906,139,"1,2,3,28,29,30,68,69"
41865539,335.01,EB,FP,12.3571,2458354.86627,1.26092,2.718,4825.94,12,2
55452495,336.01,EB,FP,9.9524,2461028.883378,17.707589246879714,2.138326206330264,3894.1636617739664,529.8509904229442,"1,2,3,4,5,7,8,9,10,11,12,13,27,28,29,30,31,32,33,34,35,36,37,38,39,61,62,63,64,65,66,67,68,69,87,88,89,90,93,94,13369,57,97,98"
155986102,337.01,EB,FP,12.0235,2458360.61731,6.87168,3.16,39248.4,26,2
116156517,338.01,KP,KP,11.3151,2459108.86073,5.36777,4.271,6650,18,"2,29"
69838258,339.01,EB,FP,12.0885,2458354.57336,6.73069,3.503,14721.7,61,2
80439101,340.01,PC,PC,12.6435,2459088.695472,14.849971681312,5.98881652102068,53558.5635109338,12.111504,"2,29,69"
33911302,341.01,PC,PC,13.3302,2458355.75117,1.81383,1.113,13170,22,2
415969574,342.01,EB,FP,12.8691,2458362.57199,10.45776,3.148,8773.24,21,2
66497310,343.01,EB,FP,12.4115,2459089.671576,1.7563115764498374,1.8543682780318216,3476.9463158531075,17.089302,"2,29,69"
13023378,344.01,PC,PC,11.9221,2459092.388012,6.06721865125346,3.08034381469386,7468.3938626862,52.88886,"2,29,69"
308208458,345.01,PC,PC,13.5263,2459091.71607,11.2237372087197,3.37193019708916,11270.3887544168,18.012915,"2,29,69"
118327533,346.01,PC,PC,12.7291,2460192.019645,16.56308,2.317,14010,20.49329,"2,29,69"
224271611,347.01,PC,PC,11.2043,2459090.464588,4.040002958951882,1.0528611341505083,1577.5065759941324,10.2358885,"2,29,69"
70785910,348.01,EB,FP,12.2494,2459088.639473,0.49479378788186673,0.944903841930711,2913.5611563980497,19.91589,"2,29,69"
382474101,349.01,EB,FP,10.179,2460184.497818,2.6520851,3.8534061917709916,10671.474329585284,115.518875,"2,29,69"
199731190,350.01,PC,APC,12.3856,2459109.819661,2.5130547,1.796,5050,32,"2,3,29"
228381868,351.01,KP,KP,12.0719,2459091.364241,3.46549525168069,4.16125584917831,5884.19055689619,26.937891,"29,69"
47423120,352.01,PC,APC,11.014,2458356.83006,11.6235,2.783,44708.7,230,2
100099031,353.01,EB,FP,13.4735,2459088.397582,1.2979921009592308,2.529887607278276,10855.655819428943,25.92455,"29,30,69"
100097716,354.01,PC,APC,11.3534,2459140.430589,3.0002084,1.7,8545,21,"2,3,29,30"
183593642,355.01,PC,APC,10.9767,2459088.429624,1.03725865930056,0.98023994226424,1097.76459469662,16.926153,"2,3,29,30,69"
369336146,356.01,PC,PC,13.0524,2459090.758499,5.76943725567924,3.92496056280212,4655.9610934925,14.23374,"2,29,69"
220016044,357.01,EB,FP,10.3987,2459088.390424,0.939966443907959,1.12249199834294,587.936424492942,11.185909,"2,3,29,30"
321982642,358.01,PC,PC,12.8895,2459102.79626,9.10326,1.928,14080,21,"2,29"
80432617,359.01,PC,PC,12.3409,2458360.67423,16.45209,6.461,3320,10,2
13023738,360.01,EB,FP,12.2524,2459104.87232,8.0635,3.396,5180,22,"2,29"
144276942,361.01,PC,APC,11.9699,2459062.236399,1.53516515472807,0.949262763183595,2977.63064947235,11.533315,"28,29"
305048116,362.01,PC,PC,12.5633,2459090.893499,14.2337615300677,2.50708750444659,4283.07436074085,11.876985,"2,29,69"
262530780,363.01,PC,APC,12.9465,2458361.87743,8.22388,1.834,16190,16,"2,3,29"
47425697,364.01,PC,PC,10.4913,2460206.585637,0.4941631,0.916,536,15,"2,29,69"
118586896,365.01,PC,APC,13.2642,2459104.69905,12.11028,3.335,35060,47,"2,29"
251878904,366.01,EB,FP,13.5477,2459088.314332,1.7025848217704769,1.8483509729971783,7466.671982166096,14.001339,"2,29,69"
9033144,367.01,EB,FP,9.74346,2460202.579344,4.7150255,3.302,4566,43,"2,29,69"
77031413,368.01,EB,FP,11.4996,2459110.92156,1.38665,2.238,24680,129,"2,29"
175482273,369.01,PC,PC,9.1692,2459108.378801,5.4640119,2.928,3785,92,"2,29,69"
251855940,370.01,PC,PC,13.5134,2459090.735093,4.04637087525256,3.03835343930422,27706.6329031156,52.734154,"2,29,69"
156016136,371.01,PC,PC,12.6635,2459088.526738,3.48138137236069,2.29068042874827,5175.98369670821,15.29476,"2,29,69"
441075486,372.01,PC,APC,12.0312,2459112.07285,1.1202752,2.095,17470,185,"2,29"
9032368,373.01,O,FP,13.2889,2458355.67942,1.632,1.466,5500,13,2
183675732,374.01,PC,PC,12.9998,2459091.224648,5.48209536150249,4.43757443322174,8403.06764208781,22.11883,"2,29,69"
280097543,375.01,PC,PC,10.4471,2458660.207682,9.45464777661071,10.2947734993238,1354.9261506798,37.925182,"1,2,13,27,28,29,39,66,67,68"
144301273,376.01,PC,PC,12.4502,2459062.452226,2.75098632758932,1.99897898481892,10686.8965191572,58.146,"28,29,69"
139285736,377.01,EB,FP,11.9969,2458326.05107,1.55028,1.571,23529.8,49,2
20892672,378.01,EB,FP,13.105,2458356.50088,3.10926,2.506,5448.84,32,2
220396259,379.01,EB,FP,9.9124,2458355.6259,0.91677,1.337,276.272,26,"2,29"
100014359,380.01,PC,PC,13.5029,2459088.500323,0.5045539217545257,1.0056628913882646,18806.229924787007,51.99991,"29,30,69"
207084429,381.01,EB,FP,7.1995,2458356.07068,4.89577,2.478,360,21,"2,29"
229091748,382.01,EB,FP,12.7226,2458354.59152,0.4568,0.548,3428.7,17,2
167418898,383.01,EB,FP,10.2401,2459367.920446,10.9803025,1.659,2390,64,"1,2,3,4,5,6,7,8,9,11,12,13,28,29,30,31,32,33,34,35,36,37,38,39"
155995204,384.01,EB,FP,13.5281,2458357.58381,9.30734,4.683,42774.4,26,2
300810086,385.01,EB,FP,9.0567,2460853.7988,0.6680062860771792,0.9885107804444765,569.3164896055099,954.9970658666175,"1,2,3,4,5,6,7,8,9,10,11,12,13,28,29,30,31,32,33,34,35,36,38,39,61,62,63,64,65,66,67,68,69,87,88,89,90,93"
238059180,386.01,PC,PC,10.0139,2460932.65798,5.111977761291672,1.6665254879847125,732.971874980349,186.0798387219985,"2,6,7,8,9,12,29,32,33,34,35,39,61,62,66,69,87,88,89,93,96"
92359850,387.01,EB,FP,9.65521,2459167.71222,4.155,2.807,4900,103,"4,31"
422655579,388.01,KP,KP,10.1638,2460985.806844,2.9036857613259768,5.046936880002518,4642.274914797759,177.42409,"4,42,43,70,97"
271900960,389.01,EB,FP,8.2606,2458330.37074,13.45913,3.428,2579.32,13,4
250386181,390.01,EB,FP,9.89377,2459138.72305,1.470258,1.126,2700,31,"4,30"
382391899,391.01,KP,KP,11.0529,2459169.669461,1.95509315621449,1.78762000693986,19634.9908668172,217.93053,"4,31"
328350926,392.01,PC,APC,8.300901,2458411.598258,0.849067358326307,1.09465760460487,4907.24755314562,174.33102,"4,31"
29960109,393.01,EB,FP,11.2003,2458411.66942,2.49221,1.605,1480,12,4
9858404,394.01,EB,APC,8.00006,2458411.26947,0.39149,0.746,578.202,35,"4,31"
38541473,395.01,PC,APC,10.7706,2458415.515103,6.06134411974424,2.57968294197407,15346.1553013579,110.04631,"4,31"
178155732,396.01,CP,CP,5.9053,2460936.89518,5.973912448814195,3.1235464190676647,232.56210271430353,15.300015,"4,30,31,97"
178155732,396.02,PC,CP,5.9053,2459169.27128,3.58529,2.495,180,19,"3,4,30,31"
178155732,396.03,CP,CP,5.9053,2460936.570496,11.230460477075846,3.515423899289063,212.0113442090954,10.666003,"4,30,31,97"
219379012,397.01,EB,FP,10.231,2459168.724537,1.5464949,1.101,930,21,"4,5,6,31"
1129033,398.01,KP,KP,9.62713,2459168.520849,1.36002827981971,2.16527507554805,19427.6944703414,482.2753,"4,31"
219388773,399.01,EB,FP,10.6793,2458412.383444,1.57168192465091,1.96722482179787,743.409727816633,13.741621,"4,5,6"
35857242,400.01,KP,KP,11.3161,2459169.279248,3.6344447,3.871,9230,94,"4,31"
259701242,401.01,EB,FP,8.235,2460984.002776,2.485488701808075,2.564725927769419,190.97081341692308,115.7546617149411,"3,4,5,6,13,30,31,32,33,36,66,90,93,94,97"
120896927,402.01,CP,CP,8.3157,2460984.453442,4.755999519737232,2.4468544447724714,360.5191272181242,38.95981204090131,"3,4,30,97"
120896927,402.02,CP,CP,8.3157,2460974.324328,17.179667273346798,2.1061533442495133,561.3005311889848,33.46721828629029,"3,4,30,97"
257567854,403.01,KP,KP,11.185,2458411.901592,3.532822,3.44312,11283.619423,88.35828,4
166833457,404.01,KP,KP,12.3943,2459168.63923,2.96264019750485,1.90967240797901,27118.3262164584,110.936714,"4,31"
176984236,405.01,EB,FP,10.5683,2459199.325641,1.7560902,1.763,1650,84,"1,2,3,4,5,7,8,9,10,11,12,13,27,28,29,30,31,32"
153065527,406.01,PC,CP,11.2828,2458388.56746,13.1757294345325,2.15702723128186,2479.34771378052,16.977493,"3,4,30,31"
153065527,406.02,PC,CP,11.2828,2458385.38837,6.61491101611225,0.965460471736427,1060.57158192671,7.381627,"3,4,30,31"
349518800,407.01,PC,APC,12.7862,2460015.729011,2.1654694,3.408,4990,78,"1,3,4,5,6,7,8,9,10,11,13,27,28,29,30,31,32,33,34,35,36,37,38,39,62,63"
176778112,408.01,EB,FP,9.6114,2459169.52007,1.33679,1.488,700,23,"4,31"
167754523,409.01,EB,FP,9.1536,2459193.22371,6.7992776,1.58,210,10,"1,2,3,4,5,6,7,8,9,10,11,12,13,27,28,29,30,31,32"
206466531,410.01,EB,FP,10.0081,2459139.77204,1.42744,1.973,450,17,"3,4,30"
100990000,411.01,CP,CP,7.757,2460970.919817,9.573078691323715,3.349035744924665,288.09089303915397,32.683266650338204,"3,4,30,31,97"
100990000,411.02,CP,CP,7.757,2460987.681578,4.040300730939458,2.72486289460028,143.51962451375837,23.815612405012523,"3,4,30,31,97"
7624182,412.01,EB,FP,8.7929,2459199.670069,1.1096992,2.097,620,45,"4,5,31,32"
170634116,413.01,KP,KP,9.6757,2459174.669346,3.66239178108442,3.76696919080192,12253.6582522942,356.4687,"4,5,31,32"
325680697,414.01,EB,FP,9.15779,2459168.84301,1.82488,1.757,2950,72,"4,31"
152476657,415.01,KP,KP,10.5831,2459166.483051,3.61126205809684,3.53774472234664,5684.09441443234,80.28465,"4,5,30,31"
49899799,416.01,EB,FP,8.28222,2459163.41477,7.0114,4.8,8970,179,"4,31"
339733013,417.01,EB,FP,10.0793,2460880.564483,5.6215458442794555,3.528088315592753,981.8831116004437,375.14335828045733,"1,2,3,4,5,6,7,8,9,10,11,12,13,27,29,30,31,33,34,35,36,37,39,61,62,63,64,66,67,68,69,87,88,89,90,93,94"
178284730,418.01,KP,KP,10.3074,2459146.100495,2.23598645523921,1.52543315659562,19058.013742325,236.86826,"4,5,31"
279251651,419.01,EB,FP,10.5886,2458654.122394,0.403842579347559,1.05922177213852,636.633796277764,12.129184,"1,2,3,4,5,6,7,8,9,10,11,12,13,27"
408159788,420.01,EB,FP,10.6152,2459199.050071,2.300698,3.451,780,21,"5,32"
94986319,421.01,CP,CP,9.2711,2459195.308114,16.067522015214,2.61823824440113,2929.65014692961,55.85984,"5,6,32"
94986319,421.02,CP,CP,9.2711,2458441.280669,5.19768583560535,1.88107373114126,437.437604397436,11.869352,"5,6,32"
117979455,422.01,PC,APC,8.96,2458438.292151,0.633337173732163,0.621708929896425,1063.78000269606,9.687072,"5,32"
43647325,423.01,KP,KP,10.4408,2459176.768453,3.16156970080926,3.1425792336791,17482.2328085071,426.45526,"5,32"
117979694,424.01,EB,FP,10.5094,2459199.447226,1.9784257,2.106,720,16,"5,32"
169532369,425.01,EB,FP,11.5781,2458440.31143,3.60364,3.728,6281.32,68,5
189013224,426.01,PC,CP,9.59689,2458438.524066,1.32050371000698,2.01555193258731,469.453748148441,7.5729556,"5,32"
70914192,427.01,EB,APC,10.361,2459199.009699,0.6090253,1.099,6100,170,"5,32"
117979850,428.01,EB,APC,7.82829,2459198.925652,0.6333315,0.404,320,19,"5,32"
259592689,429.01,PC,PC,10.1672,2458439.648711,.0,9.528,7525.67,124,"3,4,5,6,30,31,32,33,36,63,66"
459942762,430.01,EB,FP,8.2482,2458438.83761,0.58644,1.441,443.281,34,5
31374837,431.01,CP,CP,8.1705,2458440.630295,12.4610086397464,3.31957772886794,2078.14259812213,45.231777,"5,6,32"
31374837,431.02,CP,CP,8.1705,2458438.375965,0.490058941306193,1.01233275631189,291.039972203679,28.3464,"5,6,32"
38686737,432.01,EB,FP,12.6038,2458439.97961,2.24704,2.713,18890.4,67,5
188989177,433.01,EB,FP,9.1414,2458438.29916,1.17409,1.701,3680,101,5
78055054,434.01,KP,KP,12.8461,2459198.519993,4.388851647462,3.01840154570759,24964.5478229721,89.87043,"5,6,32"
44647437,435.01,PC,CP,12.9383,2458411.844766,3.35290698241063,2.39067309996364,4205.19610156964,16.897882,"4,5,31"
44745077,436.01,EB,FP,13.0734,2458411.70271,1.8756,0.989,5666.3,16,"4,5"
32499655,437.01,KP,KP,13.5452,2459197.575826,2.74390294216269,1.50316800755108,13852.3979584906,32.695362,"5,6,32,33"
468880077,438.01,PC,PC,9.4464,2458441.048516,5.81235080348536,2.20021303220975,957.574167132572,25.348969,"5,42,43,44,70,71"
13021029,439.01,KP,KP,11.7231,2459175.599762,3.85588998096666,3.9555399273548,9747.60355971291,63.59266,"5,32"
143350972,440.01,EB,FP,7.6818,2458439.13519,1.0817,1.588,341.533,26,5
316916655,441.01,EB,FP,9.19901,2458440.19448,2.87436,1.901,2490.41,65,5
70899085,442.01,CP,CP,10.7329,2459196.115341,4.0520368,1.56051278519465,5512.40331926394,44.85534,"5,32"
117979897,443.01,KP,KP,12.0682,2459174.840517,3.3106692005591,3.70338667821136,9189.73425227065,47.82397,"5,32"
179034327,444.01,PC,CP,9.0567,2458417.605025,17.9635082681689,4.42979578733271,1266.94519003137,9.843916,"4,5,31,32"
14091704,445.01,PC,PC,9.1577,2459199.549231,0.7649571,1.094,1900,45,"5,6,32"
1449640,446.01,EB,APC,11.921,2458440.43161,3.50180229367037,3.91795601972475,16196.1912060109,121.03982,"5,32"
14091633,447.01,EB,APC,8.8695,2459176.31925,5.52927430958881,2.54293496529758,17914.457667339,142.40086,"5,6,32"
1528696,448.01,CP,CP,13.1686,2458438.402842,0.882062425827087,0.575967222552898,11755.4509288482,28.6565,"5,32"
139528693,449.01,KP,KP,11.8282,2459175.58961,2.17517287669693,4.79188062209236,7780.64351961097,44.623333,"5,31,32"
77951245,450.01,PC,APC,12.4258,2459182.487384,10.7148661287126,2.11215841924487,56325.9173744949,72.45309,"5,6,32"
257605131,451.01,CP,CP,10.2666,2458416.634939,16.3648730373237,4.04783015228481,2075.09441176443,14.497905,"4,5,31"
257605131,451.02,CP,CP,10.2666,2458410.999327,1.85866242291198,2.05257967846067,497.668349663653,10.002181,"4,5,31"
257605131,451.03,CP,CP,10.2666,2458411.806253,9.19107915062941,3.05567704479118,940.850021878492,9.849737,"4,5,31"
139733308,452.01,KP,KP,11.9012,2459174.695544,4.76339524215734,3.00782717530846,13160.6298310052,81.83613,"5,32"
452808876,453.01,KP,KP,9.538961,2458438.96587,2.70582,4.968,7500,205,5
153077621,454.01,PC,APC,9.441,2460981.953505,18.08262201562618,2.3867987081868134,8002.785565633415,37.224327,"3,4,30,31,97"
98796344,455.01,CP,CP,8.84294,2459168.295274,5.35877595248221,1.369776439469,2708.4393715462,20.253843,"4,31"
77228304,456.01,EB,FP,15.7298,2458410.95064,0.336826,0.883311,18251.292089,10.402103,"4,5"
89256802,457.01,PC,PC,13.741,2458411.560535,1.17598344924082,0.992833798368707,14881.4796122671,19.41962,"4,31"
64071894,458.01,PC,PC,9.6438,2458414.165631,17.5288346530473,2.1115133195407,1131.50756807923,7.41838,"4,30,31"
38603673,459.01,EB,FP,9.5473,2460986.366561,4.4291257144863945,0.9101310288279592,561.484539506645,149.99373659498949,"1,2,3,4,5,7,8,9,11,12,27,28,29,31,32,34,35,36,37,38,39,61,62,63,64,65,66,67,68,69,88,89,90,93,94,95,96,97"
9804616,460.01,EB,FP,14.1118,2458411.065871,0.516834685451029,0.936413,33190.706911,25.98026,4
4646810,461.01,PC,CP,8.8723,2458416.351956,10.924547796491108,1.8716476761682235,653.5371410106749,10.592442,"4,31"
420049884,462.01,PC,PC,10.6573,2458414.822983,4.10742911381342,3.08440554493834,900.921775257529,17.660145,"4,31,70,71"
176831592,463.01,EB,FP,9.1013,2459169.21814,2.53405,1.944,4070,55,31
398733009,464.01,PC,FP,15.61,2459116.382318,0.8185671730978292,0.9809686986024097,44712.181161099434,10.488189,"4,30"
270380593,465.01,KP,KP,10.7307,2458414.135893,3.83616232983683,2.4128495240371,5357.57749335395,122.74717,"4,31,42,43,70,71"
4616072,466.01,KP,KP,12.8893,2459201.891355,4.18761538150302,3.00702168838434,10906.185708004,38.59756,"6,7,33"
20178111,467.01,EB,FP,10.2767,2459198.7024,1.734422,2.32,1230,31,"6,32"
33521996,468.01,KP,KP,13.3383,2459220.820401,3.32527029011256,2.05381439558946,34741.7763036531,94.981865,"6,32,33"
33692729,469.01,CP,CP,8.7615,2458474.569581,13.6308024056266,4.34265642388421,1179.10333388499,25.067589,"6,33"
37770169,470.01,CP,CP,10.6995,2458474.494915,12.1914558295666,3.31881271330776,2625.05707367915,23.24246,"6,33"
47911178,471.01,KP,KP,9.79059,2459223.302264,3.58570760706554,2.70720654082059,11813.3029259648,231.19725,"6,33"
52280468,472.01,PC,APC,12.3123,2459226.783631,0.5682596,0.755,42540,136,"6,7,33"
52640302,473.01,KP,KP,12.0506,2459229.48943,1.57328484098308,2.42852845218543,16875.790984932,75.57263,"6,7,33,34"
59843967,474.01,KP,KP,12.7632,2459226.05544,2.51672571567235,2.5896099209247,16406.5457432305,46.15443,"6,33"
100608026,475.01,PC,PC,10.8835,2458442.486555,8.26176630022218,2.56633071449768,1418.33089847495,17.709795,"5,6,32,33"
156987351,476.01,PC,PC,8.8742,2460687.473242,3.062978325436687,3.055187129650095,4201.181143139547,113.65973571138818,"6,7,8,33,34,61,87"
170102285,477.01,KP,KP,11.7583,2458470.661116,2.94442730106294,2.44784935941173,20291.3838652227,159.14836,"6,34,61"
172464366,478.01,EB,FP,11.0913,2458470.046418,2.921685,3.17791,17562.44572,79.50801,6
306362738,479.01,KP,KP,10.8164,2459221.888774,2.78173786418568,2.15082366775751,12808.394080069,168.56888,"6,33"
317548889,480.01,CP,CP,6.7799,2458469.562003,6.86595824422574,3.45576104475193,334.014558870257,16.847942,"6,33"
339672028,481.01,CP,CP,9.3935,2460970.45735,10.331162106222147,5.626,4577,157,"3,6,7,9,10,13,27,30,33,34,35,36,37,61,62,63,67,68,69,87,88,89,90,94,95,96,97"
365639282,482.01,EB,FP,13.084,2458472.41279,10.8717,2.943958,14603.37238,11.663487,6
393414358,483.01,KP,KP,10.439,2458469.697072,4.37808065212245,5.39009777089364,7074.39313879733,197.32759,"6,7,32,33"
427348923,484.01,EB,FP,11.6888,2459196.648037,4.728681,4.533,9990,86,"6,32"
427352241,485.01,EB,FP,9.9955,2459198.437811,1.2667147,1.712,1870,49,"6,32"
260708537,486.01,CP,CP,9.36854,2460985.903551,1.7446983660002617,1.088084453161916,160.46426564023056,102.56320837396392,"1,2,3,4,5,6,8,9,10,11,12,13,27,28,29,30,31,32,33,34,35,36,37,38,39,61,62,63,64,65,66,67,68,69,87,88,89,90,93,95,13625,53"
31852980,487.01,PC,PC,9.8542,2460812.797077,24.332184462749996,5.27,486.54608310734704,81.26701913190335,"1,2,3,6,10,13,28,29,30,33,36,37,61,63,64,66,67,68,69,87,88,90,93"
31852980,487.02,PC,PC,9.8542,2460195.585106,7.4144849,3.493,392,19,"1,2,3,6,10,13,28,29,30,33,36,37,61,63,64,66,67,68,69"
452866790,488.01,CP,CP,11.1972,2458492.205829,1.19799956041588,0.96820033955604,1150.31772968271,16.802065,"7,34,61"
455096220,489.01,KP,KP,11.8997,2459250.846246,3.64666120530808,3.9225178129503,8994.57366424846,50.01656,"7,34"
455135327,490.01,KP,KP,9.93908,2458491.915477,2.81060132492775,2.2499254001508,10912.6752582984,280.67996,"7,34,61"
468987719,491.01,KP,KP,12.7656,2460279.866473,3.3326812,3.125,17008,197,"7,34,44,45,46,61,72"
17746821,492.01,KP,KP,11.3155,2458493.164634,3.12201660495001,3.57188644160922,6304.91702549857,161.43471,"7,34,44,45,46,71,72"
19025965,493.01,PC,PC,11.4479,2458493.324506,5.9444410026453,2.30160131070412,2791.42721379976,26.36895,"7,34,44,45,46,71,72"
19519368,494.01,PC,PC,10.0854,2459987.549589,1.7018818,1.551,570,13,"7,34,61"
22529346,495.01,KP,KP,10.056,2459986.21062,1.2749246,2.783,18699,502,"7,33,34,61"
88977253,496.01,PC,APC,12.33,2458492.708311,2.767691,1.876437,22690.263354,68.14428,7
108645766,497.01,EB,FP,13.2312,2458492.914449,2.974175,3.031634,11707.257241,7.1741686,7
121338379,498.01,PC,APC,9.58094,2459228.765582,0.275047829249589,0.525139325455354,703.055422506139,21.02685,"7,34,61"
123702439,499.01,PC,APC,10.1374,2459993.465139,8.5334865,2.369,1756,25,"7,8,34,35,61,62"
134200185,500.01,CP,CP,9.4022,2458468.391033,0.548157295169223,0.942466837009212,226.857353636236,17.792326,"6,7,8,33,34,35,61"
134537478,501.01,KP,KP,10.3887,2459987.847958,1.7100122,1.79,12680,352,"7,33,34,61"
172193428,502.01,PC,APC,10.3773,2458493.778447,2.94126939125399,1.62232594784039,2421.36967534003,28.649582,"6,7,33"
186812530,503.01,CP,CP,9.19813,2460257.183851,3.6773543,1.441,3949,127,"7,34,44,45,46,71"
219164808,504.01,EB,FP,9.6646,2459358.890413,1.6773063,2.352,3910,277,"1,4,5,7,8,11,28,31,32,33,34,38"
268644785,505.01,KP,KP,10.6815,2459299.865444,3.32946492386429,4.01231078871438,10603.986390495,289.72116,"7,9,34,35,36"
274138511,506.01,EB,FP,10.4215,2458492.500001,2.774207,2.393565,693.389889,9.472691,7
348538431,507.01,PC,PC,13.2304,2459963.623366,0.89946770091991,1.20666675437893,58768.353615353,137.94376,"7,34,61"
425206121,508.01,KP,KP,9.654,2459222.78972,4.6117328,4.065,11890,226,"7,33"
453211454,509.01,CP,CP,7.9259,2460269.974997,9.0588209,3.342,875,32,"7,34,46,71,72"
453211454,509.02,CP,CP,7.9259,2460259.048369,21.4003129,5.38474589616623,960.753987733744,24.131968,"7,34,46,71,72"
238086647,510.01,PC,APC,8.4633,2460011.316365,1.3523942,0.512,371,18,"6,7,8,33,34,35,61,62"
440777904,511.01,KP,KP,11.3072,2458491.695717,3.35524440732639,3.7362246483894,11199.926629927,256.77628,"7,33,44,45,46,71,72"
119292328,512.01,PC,CP,8.9767,2458471.218204,7.18873321303685,2.95057521365425,285.257998998963,10.797672,"6,7,33"
119292328,512.02,PC,APC,8.9767,2459201.06601,20.2749388,5.788,410,9,"6,7,33"
431999925,513.01,PC,FP,14.7095,2458492.93007,1.445433,3.684343,16635.28994,7.890174,7
366576758,514.01,KP,KP,13.6674,2458495.842899,11.3909685289739,3.80624669929062,16337.7657791545,32.97257,"7,44,45,46,72"
366622912,515.01,CP,CP,13.7988,2458493.283904,3.11489307594055,2.37213463423086,25980.7010915024,76.21036,"7,34,44,45,46,72"
318937509,516.01,EB,APC,14.114,2458492.649974,1.04855,1.062799,34644.953978,20.462208,7
308307606,517.01,EB,FP,13.2361,2458412.729453,9.88502437905873,2.42343527895289,9891.36817605287,25.435297,"4,7,8,9,61,62,63,64"
264979636,518.01,PC,PC,10.1432,2458495.790236,17.87897,2.124101,976.801579,7.363369,"7,34,71,72"
218795833,519.01,CP,CP,14.4347,2458491.877056,1.26523376763187,1.21210026319974,110215.679507922,145.18329,"7,34,61"
148479278,520.01,PC,PC,9.3777,2458468.652117,0.5236130194615874,2.300452096023372,82.92594005562562,9.067369,"6,7,33,34,61,87"
27649847,521.01,PC,CP,12.4029,2458492.716411,1.54284863301638,1.19588980986732,2154.48557809037,20.505215,"7,34,44,45,46,71,72"
19451711,522.01,V,FA,7.3645,2458491.722787,0.3969687253133949,1.500666566495495,110.71790180070742,9.373083,"7,34,61"
93125144,523.01,PC,FA,9.6833,2458472.959693,9.91102,2.981681,6044.13412,15.278281,6
365690646,524.01,PC,FA,10.094,2458471.143375,12.983175,1.527578,1180.996904,7.579506,6
71512186,525.01,PC,PC,8.7784,2458471.007595,14.8608018601838,6.19326248603688,556.602721207399,10.55869,"6,33"
200593988,526.01,EB,FP,12.3069,2460263.52322,7.678746159140782,3.647922189940127,6458.902955227197,10.220833,"6,72"
148228019,527.01,PC,APC,8.2488,2458470.73838,18.0892102901344,2.56072349649049,5526.71587656677,162.58812,"6,7,33,34"
403693875,528.01,O,FP,13.3675,2458469.695633,3.524869262768182,3.147542434158055,24987.799245567883,194.62040191625633,"6,33,71,72,87"
438490744,529.01,PC,FP,14.1396,2458468.4958,1.665878,4.956738,85643.986097,19.085302,6
387690507,530.01,CP,CP,13.5287,2458470.202595,6.38757391099972,2.56605790197949,23994.2960408419,44.60936,"6,33,44,45,71,72"
302895996,531.01,PC,FP,13.8097,2458468.847149,0.567995,1.408867,5208.552517,9.056893,6
144700903,532.01,CP,CP,12.6785,2458470.580837,2.32663999020569,1.64972840248653,7844.78311984561,34.0331,"6,71,72"
309791156,533.01,PC,PC,10.9621,2458332.697108,19.5715862327011,4.14679637796969,1677.0138378642,43.134304,"1,5,6,7,8,9,10,11,12,13,27,28,29,30,31,32,33,35,36,37,38,39,61,62,63,64,65,66,68,69"
281909674,534.01,KP,KP,14.4266,2458470.81672,4.03504443843292,2.85261627639377,11850.4722606186,10.193945,"6,33"
280210963,535.01,KP,KP,14.7971,2459203.486894,2.82803914988691,2.62159430961908,28860.8258277955,15.43402,"6,33"
234825296,536.01,KP,KP,13.8786,2458473.382195,9.24323029360052,2.40458722408885,10879.9770333065,9.560191,"6,33"
234112540,537.01,KP,KP,13.4831,2459205.316448,4.03790124330741,2.9331124453731,15242.7058564524,21.654839,"6,33"
237751146,538.01,PC,FP,14.1477,2459203.397714,1.66976904090466,2.01053480287211,10665.5505700439,10.02832,33
238004786,539.01,PC,PC,10.5958,2459988.518323,0.309606164048421,1.02989292614104,257.706468535563,21.536808,"2,6,8,9,12,29,32,33,34,35,39,61,62"
200322593,540.01,CP,CP,11.5045,2459175.141647,1.23915336351242,0.488774921389765,2318.65944094854,17.89114,"4,5,6,31,32"
143271144,541.01,PC,APC,14.7117,2459202.495892,1.35340841811146,1.84663324094016,18071.082170373,9.121672,"6,32,33"
49771092,542.01,PC,PC,14.8067,2458469.057251,1.631828231988,1.2668494477595,14067.419379422,10.451094,"6,33"
53593457,543.01,PC,FP,15.0404,2458468.332102,0.530893,1.910177,33453.597195,9.624941,6
50618703,544.01,PC,CP,9.6504,2458469.756983,1.54835416755448,1.20309254441597,926.411103200282,20.608194,"6,32"
37168957,545.01,KP,KP,14.2465,2459203.608483,1.90008624738961,2.30582320966246,25717.008585778,28.292719,"6,33"
36440357,546.01,KP,KP,13.1573,2459211.46641,9.20164964153958,4.43173329634051,13812.3233628416,24.720894,"6,33"
36352297,547.01,KP,KP,13.0501,2459211.478874,1.5089635,2.373,13140,33,"6,33"
42821097,548.01,KP,KP,13.1861,2459205.242785,3.89712026061546,4.82588820686225,6312.74627708141,16.031055,"6,33"
32830028,549.01,PC,FP,14.2321,2458468.344415,0.516278,0.565611,20289.210823,18.210543,6
311183180,550.01,EB,FP,9.1073,2459168.32491,13.24981,3.299,27250,52,"5,31"
311183180,550.02,PC,FP,9.1073,2458447.398548,10.043245,3.099789,21393.227138,85.7181,5
192826603,551.01,KP,KP,13.9143,2459203.149174,2.64730512494267,1.21128096242306,21367.8824901043,35.281853,"5,6,32,33"
44737596,552.01,CP,CP,13.8231,2458413.060435,2.78865403242748,1.89001860895223,26339.9057953059,43.573982,"4,5,31"
161477033,553.01,O,FA,10.0614,2458443.221518,14.058151,3.514627,858.616845,8.819479,5
161477033,553.02,PC,PC,10.0614,2458419.367318,11.9234819437747,3.24105920756604,680.803264298586,10.592394,"4,5,31,32"
161477033,553.03,PC,PC,10.0614,2458416.404536,40.8905116602099,4.44027909514634,945.199396465454,12.289158,"4,5,31,32"
407966340,554.01,PC,CP,6.4386,2458442.61543,7.04916084121811,3.50245307166199,300.522713770487,29.263027,"5,32,43,44,70,71"
407966340,554.02,PC,CP,6.4386,2458438.475888,3.04404408205131,1.35428848023602,82.7350431113129,11.499728,"5,32,43,44,70,71"
170849515,555.01,CP,CP,14.857,2458438.147508,1.94163656751314,1.93213583652636,32945.1347849357,29.584158,"5,31,32"
59003115,556.01,EB,FP,11.3075,2458439.0759,2.294185,2.750763,697.472004,7.231075,5
55488511,557.01,PC,PC,11.6434,2458439.549649,3.34490399270253,1.34083490517831,1399.49505682989,9.153862,"5,31"
207110080,558.01,CP,CP,10.9923,2459133.407241,14.5728985428105,2.56234973603778,4464.43598911239,31.568552,"2,3,29,30"
209459275,559.01,CP,CP,10.5704,2459166.185995,6.9839072,5.076,10050,170,"4,31"
101011575,560.01,CP,CP,8.5925,2459982.845399,6.3980642,2.004,1656,33,"8,34,61"
101011575,560.02,CP,CP,8.5925,2459987.337647,18.8792871,3.262,1199,24,"8,34,61"
377064495,561.01,CP,CP,9.5273,2460273.231624,10.778833,3.416,1130,24,"8,35,45,46,72"
377064495,561.02,CP,CP,9.5273,2460285.469459,0.4465713,1.077,294,21,"8,35,45,46,72"
377064495,561.03,CP,CP,9.5273,2458521.899814,25.7122157303,5.97102278570611,1151.45473800456,10.010626,"8,35,45,46,72"
377064495,561.04,CP,CP,9.5273,2458538.197642,.0,6.6489215651662,914.628173141767,12.304529,"8,35,45,46,72"
413248763,562.01,CP,CP,8.74094,2460011.629018,3.9306027,1.196,1048,29,"8,35,62"
405454160,563.01,PC,PC,10.4397,2458524.13957,731.9380939054,3.74064861947659,3290.07055221807,16.722286,"8,35"
1003831,564.01,CP,CP,10.6701,2458518.203428,1.65114558034976,0.949524728213898,3205.56714366171,36.129078,"8,34,61"
1103432,565.01,PC,APC,12.8283,2459966.215011,3.72716413173295,3.92297202207269,17476.7084817377,29.889038,"8,61"
1133072,566.01,EB,FP,12.625,2458517.531592,0.846542,2.408837,2524.567663,9.50554,8
13349647,567.01,KP,KP,12.212,2458518.50543,1.53736434898399,1.75287788401042,17828.6194881916,182.28227,"8,34,61"
37575651,568.01,PC,FP,8.2866,2458521.909289,9.59719766745206,2.94391524711799,600.581348652505,9.811782,"8,35"
123482865,569.01,CP,CP,9.4727,2459270.500253,6.5562078,2.314,2970,52,"7,8,34,35"
126733133,570.01,EB,FP,10.027,2460774.858936,1.4687098110902312,1.0472884507440068,1567.6508146716783,316.4769334589035,"8,9,35,36,62,63,89,90"
270468559,571.01,KP,KP,11.5598,2458519.462703,4.64184345360601,3.85667721488391,7525.44752304187,145.85832,"8,34,44,45,46,61,72"
289535142,572.01,EB,APC,12.54,2459229.624094,2.3382708901841,2.89594801264094,14693.7520628063,39.667545,"8,34"
296780789,573.01,PC,APC,12.519,2458524.632416,13.5773431105489,1.72452189901622,156034.718416955,249.03172,"8,35,62"
315002523,574.01,KP,KP,12.4257,2459991.488255,3.30239073049626,5.17435987284438,8027.61220244377,51.495106,"8,9,35,62"
386435344,575.01,EB,FP,8.77728,2459977.658863,19.3721050588841,3.085914879874,3219.55946447088,36.139015,34
408310006,576.01,CP,CP,8.86849,2460010.494875,5.4435354,3.5,3219,106,"8,35,62"
410094645,577.01,PC,APC,12.4167,2459277.162004,3.329754,2.862,21380,61,"8,35"
423275733,578.01,KP,KP,12.3368,2459278.251179,2.05286837159852,2.62011277245046,8982.08035620182,32.10086,"8,35"
238061845,579.01,PC,PC,9.6668,2460012.883867,1.6843068,1.567,912,36,"6,8,33,34,35,61,62"
81419525,580.01,PC,PC,9.5518,2460012.427542,1.5498373,2.729,3594,63,"8,9,34,35,61,62"
180987952,581.01,EB,FP,9.5287,2460746.8335,1.3891700475342974,1.5031546017395678,787.5039579427194,254.18250391120117,"8,9,35,61,62,88,89"
287474726,582.01,EB,FP,9.3994,2459230.051423,3.74420073543415,3.50047618655898,803.26278168871,12.870724,"8,34"
131743355,583.01,PC,PC,9.3761,2460002.878449,6.5604227,1.028,4049,69,"7,8,34,35,61,62"
74482749,584.01,EB,FP,9.1103,2460744.737404,1.2622657765960106,1.7829162383734654,3711.7152579403096,41.45829665567856,"8,9,35,36,62,89"
190990336,585.01,PC,APC,8.9544,2460009.617078,5.547255,4.835,11569,212,"8,9,35,62"
131979339,586.01,EB,FP,8.2268,2459986.476263,22.6384642,4.988,4982,93,"7,8,34,35,61"
294090620,587.01,PC,FP,7.81307,2459968.122746,8.0442389870715,5.32893063058348,4937.5053629838,183.05827,"8,34,35,61"
130415266,588.01,PC,PC,7.3123,2459981.725943,39.4718663,6.186,7758,40,"6,8,33,34,35,61"
412961700,589.01,EB,FP,6.725,2459230.346492,2.51838455597415,2.15962059671432,616.02274824989,36.267117,"8,34,61"
270841724,590.01,PC,FP,10.441,2458522.02359,18.90372,9.067,24270,128,8
146261607,591.01,EB,FP,10.1749,2459262.045754,8.4915117,6.035,40640,230,"7,8,34"
196286587,592.01,PC,FP,10.1985,2459974.937344,10.4137962,3.482,1948,25,"7,8,34,61"
128463355,593.01,EB,FP,10.1078,2458493.08509,13.9086,2.987,4760,33,"7,8,34"
146406806,594.01,PC,PC,10.3979,2459237.954551,13.9492616855279,4.58053451599749,7952.41299792561,45.664,"7,8,34,35,61"
287329267,595.01,EB,FP,9.9959,2460976.583516,7.6434423193716885,3.1776881002240938,559.3896079644294,155.86200486999326,"1,2,3,4,5,6,7,8,9,10,11,12,13,27,28,29,30,31,32,33,34,35,36,37,38,39,61,62,63,64,66,67,68,69,87,88,89,90,93,94,13369,57,97"
144956678,596.01,EB,FP,9.9071,2459228.947101,1.51360034493789,2.44006945226305,745.139340540576,11.865457,"7,8,34"
146208651,597.01,PC,FP,9.796,2460735.958212,6.519778102722013,2.63,1290.149755987572,116.14395471298953,"8,9,35,36,62,63,89"
81429971,598.01,EB,FP,10.1356,2459986.020072,3.0432421,3.192,1622,32,"7,8,34,35,61"
145982812,599.01,PC,FP,10.4708,2458518.4693,0.82967,1.755,4744.55,34,8
134396419,600.01,EB,FP,10.2681,2459984.851254,4.3652608,1.976,1362,19,"7,8,34,35,61"
141363913,601.01,PC,PC,9.9223,2460009.873434,3.477756,1.999,1177,27,"8,9,35,61,62"
175176327,602.01,EB,APC,10.0465,2459235.384395,11.09987454798298,2.1987363412090897,4867.125634893009,42.93174,"7,8,34,61"
262746281,603.01,PC,CP,9.74179,2460271.218286,16.1798603,6.495,2249,35,"8,35,45,46,61,72"
145027461,604.01,EB,FP,10.4029,2458492.72655,1.07242,1.996,632.189,20,"7,8"
181304295,605.01,PC,PC,10.4349,2460010.074425,3.3840629,1.578,6449,48,"8,35,61,62"
122262940,606.01,EB,FP,10.2688,2460010.482867,2.0034063,2.661,3372,57,"8,9,10,35,36,37,62"
153651591,607.01,EB,FP,10.5259,2459230.769216,2.14563244308398,2.16800959448492,1438.67469530242,11.071719,"7,8,34"
186547153,608.01,PC,APC,10.1978,2460011.845422,1.1908287,1.834,2040,49,"8,35,61,62"
134404603,609.01,PC,APC,9.836,2460007.604027,4.9699991,1.363,12601,82,"7,8,34,35,61,62"
80275202,610.01,EB,FP,10.4989,2459983.317258,3.6649528,3.245,3865,31,"7,8,34,35,61"
154459165,611.01,EB,FP,10.4259,2459983.664716,3.1471655,3.402,1440,22,"7,8,34,61"
284738182,612.01,PC,PC,10.1939,2459987.158093,0.9136081,1.099,1368,25,"7,8,33,34,61"
77527511,613.01,PC,PC,9.94921,2459279.650943,0.7784962,0.856,1670,43,"8,35"
118021229,614.01,PC,FP,9.947331,2458518.2814,0.88501,1.622,820.279,22,8
190496853,615.01,CP,CP,10.3015,2460010.013606,4.6616079,4.007,11972,191,"8,9,35,62"
145879095,616.01,PC,PC,9.9794,2460035.229242,2.8056739,2.299,3350,64,"8,9,35,36,62,63"
141227133,617.01,PC,FP,10.251,2458518.70004,2.42232,2.873,5696.52,63,8
173640199,618.01,PC,PC,10.1277,2459972.603908,7.7614672,4.156,3110,33,"7,8,34,61"
267527924,619.01,EB,FP,10.1853,2460011.60482,1.8080364,2.892,1264,38,"7,8,34,35,62"
296739893,620.01,CP,CP,10.2139,2458518.004514,5.09880377727698,1.02528216639387,2925.82224334713,32.28497,"8,35,62"
30828562,621.01,PC,APC,8.1327,2459304.418696,3.1123343,2.388,6080,177,"8,9,35,36"
83092282,622.01,CP,CP,8.5615,2460006.078147,6.40252947289262,3.9233956051866,3814.95089452595,199.4987,"8,9,34,35,61,62"
101395259,623.01,EB,FP,10.1913,2458523.943374,7.57467495428118,3.08478661042268,6208.06493046128,95.56752,"8,9,35,62"
399870368,624.01,CP,CP,9.3371,2459197.007544,2.7443216,3.42,10071,199,"5,32,71"
379929661,625.01,CP,CP,9.6129,2459979.75103,4.786958,4.936,8390,96,"7,34,61"
65412605,626.01,CP,CP,9.50712,2459980.873931,4.4010465,4.757,6903,261,"7,33,34,61"
365781372,627.01,PC,FP,10.0267,2458469.22408,1.13889,2.154,5368.19,87,6
281408474,628.01,CP,CP,9.65646,2460685.438633,3.4095469993411656,3.413940537417619,6532.686365754926,75.92439896151718,"6,87"
293853437,629.01,CP,CP,8.69437,2459221.689296,8.7179665,6.143,2420,42,"6,33"
123898871,630.01,PC,APC,9.84786,2459226.360983,4.9091704,4.042,13100,109,"6,33"
97158538,631.01,EB,FP,8.783341,2459229.708439,2.59507471269952,0.792127360412531,665.250277447965,11.98571,"7,33,34"
349790953,632.01,EB,FP,10.3357,2459387.579573,1.5521101,2.699,5430,263,"1,3,4,5,6,7,8,9,10,11,13,27,28,29,30,31,32,33,34,35,36,37,38"
348755723,633.01,PC,FP,13.9036,2458517.809802,4.503645,1.973292,12525.725237,9.939798,8
344926234,634.01,PC,FA,9.1299,2458517.428167,0.49359,1.545897,246.702105,7.43477,8
286132427,635.01,O,FA,8.1075,2458517.43594,0.493379,1.5,194.341058,8.047397,8
146463781,636.01,PC,FP,14.7034,2458517.476816,0.417921,1.843947,41644.893112,9.291737,8
133334108,637.01,PC,PC,8.9454,2460008.594941,2.8579169,3.818,529,30,"7,8,34,35,61,62"
78154865,638.01,O,FA,8.9225,2458517.42793,0.493826,1.162615,310.570859,8.201568,8
82362447,639.01,PC,FP,15.2474,2458517.560677,2.819817,6.611278,183631.033642,12.677918,8
147977348,640.01,CP,CP,10.0367,2459250.338129,5.0037758,3.439,7390,210,"6,7,33,34"
49079670,641.01,PC,APC,9.90377,2459223.641588,1.8930707,1.339,630,19,"6,7,33"
79292541,642.01,PC,PC,9.4247,2459227.230752,2.2786049,1.924,1050,45,"6,7,33"
432008938,643.01,EB,FP,13.7006,2458522.349321,9.653456,4.00937,43088.5649,13.058762,"7,8"
63303499,644.01,EB,FP,10.194,2459202.295987,1.92713275821747,4.55300766211301,585.897862795726,11.259578,"6,7,33,34"
157568289,645.01,EB,FP,10.4091,2459250.993237,1.8361503,4.12,2470,48,"6,7,33,34,87"
238197709,646.01,EB,FP,10.3001,2459184.759271,13.725252177625,3.16941565471253,4945.76793423077,31.775454,"2,3,5,6,9,10,12,13,27,28,29,30,32"
92992033,647.01,PC,PC,10.2339,2458470.60184,4.90765,3.753,810,13,6
78672342,648.01,EB,FP,10.1347,2458471.26899,2.9795357830627474,4.294101832077038,1196.509616316468,57.60886845910986,"6,7,87"
35582553,649.01,PC,PC,10.0461,2459225.989665,0.9370901,1.312,1560,33,"6,7,33"
349373192,650.01,EB,FP,9.7839,2458326.31528,0.76983,2.774,160.192,32,"4,5,6"
72090501,651.01,PC,PC,9.0185,2459226.896187,1.0697877,1.979,3990,31,"6,33"
22221375,652.01,CP,CP,7.3635,2460013.591733,3.9846589,2.146,445,25,"9,35,62"
33153766,653.01,EB,FP,8.5234,2458544.60377,0.68831,1.365,3983.64,23,9
35009898,654.01,PC,CP,12.2255,2458543.433731,1.52756389781336,1.37270548601584,2892.4227935759,25.678757,"9,36,45,46,62,72"
35516889,655.01,KP,KP,11.6044,2459304.062715,0.788838926489372,1.64165389993842,22614.8958862728,357.8107,"9,36,62,63"
36734222,656.01,KP,KP,11.1184,2458543.604633,0.813473271080055,1.26296395605359,25866.834740031,539.76886,"9,35,62"
48103627,657.01,CP,CP,12.4399,2459283.031579,4.56966980334873,3.95361707366471,9861.07939196415,42.40866,"9,35,36"
48476907,658.01,PC,FP,9.5359,2460030.273032,4.7192734,1.301,1557,29,"9,35,36,62,63"
48476908,659.01,PC,PC,10.245,2460030.273214,4.7192771,1.594,2856,28,"9,35,36,62,63"
53189332,660.01,KP,KP,10.99,2458544.650778,9.28970063288851,5.35891550119162,6241.26190640106,101.507034,"9,36,45,46,72"
53735810,661.01,KP,KP,11.248,2458544.170492,4.08604953569308,4.54206070588441,7083.70911880668,111.816475,"9,36,63"
54085154,662.01,EB,FP,8.2046,2460037.452461,1.0014437,1.28,416,26,"9,36,63"
54962195,663.01,PC,CP,11.7602,2458544.387711,2.59890311538331,1.6635706342516,1953.26154652524,15.326795,"9,35,62"
54962195,663.02,PC,CP,11.7602,2458543.405068,4.695598604092814,2.1638720942376337,1969.101716965768,13.220571,"9,35,62"
54962195,663.03,PC,CP,11.7602,2458547.138797,7.1024748585508,2.75426524343566,1317.71576204498,8.827338,"9,35,62"
55092869,664.01,KP,KP,7.3212,2459988.88442,4.73592318960559,7.08196116482889,2338.87455589106,79.11996,"9,62"
73723286,665.01,EB,FP,9.1116,2458547.302488,14.0661090046965,3.47443548249511,16514.048296514,165.70532,"9,63"
82128636,666.01,PC,APC,8.8252,2458521.504167,7.4760688730521,1.5699592020973954,1443.0305626905727,27.53956,"8,9,34,35,61,62"
101955023,667.01,KP,KP,10.8372,2459280.989404,1.6289321997705,0.809275952968085,2512.11924470605,25.76042,"9,10,36"
102195674,668.01,EB,APC,11.3425,2459283.065609,4.37873023118368,3.8275040128084,30199.2684096967,89.1589,"9,36"
124573851,669.01,PC,CP,10.1755,2460013.733784,3.9451359,2.424,841,15,"9,35,62"
147660201,670.01,O,FP,11.1557,2458543.348205,0.579398,1.64214,1324.07712,11.090368,9
151681127,671.01,PC,APC,9.1379,2460021.290156,10.1970284,4.694,16111,242,"9,36,63"
151825527,672.01,PC,CP,11.6739,2458546.478904,3.633583417231769,1.8069693346963769,8668.442048887897,72.58985,"9,10,36,63"
151959065,673.01,EB,FP,11.955,2458551.634917,10.5426253749189,6.21452594779926,16789.8076115548,124.46334,"9,10,36,63"
158588995,674.01,CP,CP,11.8764,2459301.778142,1.97716584192518,1.11041534486808,13877.3059698331,127.449066,"9,10,36,63"
169226822,675.01,KP,KP,9.62959,2458543.942051,4.17806371387911,4.31761092928198,11478.1087015052,310.53128,"9,35,46,62,72"
219187649,676.01,PC,PC,13.4629,2458544.344126,2.15030072321996,1.97747255886521,9260.89730453727,20.831371,"9,63"
280206394,677.01,CP,CP,9.271401,2460030.705344,11.2365977,2.292,9414,198,"9,10,35,36,62,63"
294395926,678.01,PC,PC,10.9162,2458493.024505,11.3298459144625,4.47500927424585,821.128478017902,18.031015,"3,6,7,8,9,13,30,33,34,35,36,61,62,67,69"
308050066,679.01,PC,FP,9.99028,2460004.893282,11.1755425,5.482,7873,121,"9,35,62"
335499997,680.01,PC,APC,8.98207,2459281.007126,0.433569047470839,0.977822749298817,741.943079089652,30.875286,"9,36"
410450228,681.01,EB,FP,10.6845,2458530.6984,15.77850314504366,3.4747271680449927,6885.01124371831,120.5496,"8,9,27,31,34,35,36,37,61,62,63,64,68"
429304876,682.01,CP,CP,9.2231,2460037.259934,6.8392388,4.176,1213,35,"9,36,63"
437248515,683.01,KP,KP,11.4553,2459303.595258,3.40588950341447,2.65829885660345,15490.0795355583,181.18709,"9,36,63"
462162948,684.01,PC,PC,9.8532,2460015.416494,19.8507621,2.249,1766,18,"9,10,36,37,63"
281731203,685.01,KP,KP,9.9623,2460268.402363,11.6332127,5.081,3480,100,"9,35,45,46,72"
339857675,686.01,PC,PC,9.9362,2458492.222242,3.51376091187919,1.75796913099372,333.597671169785,13.30509,"7,8,9,34,35,36,61,62,63"
74534430,687.01,PC,PC,9.8445,2459977.554802,36.299512914018,4.43339226285823,1322.24727455405,13.075341,"8,9,35,36,62,63"
339636032,688.01,EB,FP,8.5885,2459986.414867,6.8787507,2.599,359,24,"3,6,7,8,9,13,30,33,34,35,36,61"
445822015,689.01,EB,FP,10.7014,2458545.05695,1.66402,3.397,7964.45,18,9
101497191,690.01,EB,FP,10.298,2458547.35119,3.64376,3.38,3632.91,29,9
156991337,691.01,EB,FP,10.234,2460684.183192,6.905590826350174,1.7156096991519358,803.7956840319666,39.183634974681084,"6,7,33,61,87"
320417762,692.01,V,FA,9.0188,2458491.74051,1.03604,1.855,250,11,7
458589703,693.01,IS,FA,11.2248,2458506.49374,.0,4.029,9640,28,7
55383975,694.01,EB,FP,11.2595,2458366.772014,48.0511988477664,4.30705740625898,14503.3604877279,202.09285,"1,4,5,6,7,8,9,11,12,13,27,28,29,30,31,32,33,34,35,36,37,38,39,61,62,63,65"
55559618,695.01,PC,PC,10.749,2458346.404484,21.3764236639928,4.76663344930789,786.001974381299,20.838196,"1,2,3,4,5,6,7,8,9,10,11,12,13,27,28,29,30,31,32,33,34,35,36,37,38,61,62,63,64,65,67,68,69"
77156829,696.01,CP,CP,10.4276,2458411.473627,0.860240578952471,0.512434461523044,719.535770786458,13.214655,"4,5,31,32"
77156829,696.02,PC,CP,10.4276,2458411.067517,3.69426040883462,1.12785211360107,832.822592104649,13.202267,"4,5,31,32"
77156829,696.03,CP,CP,10.4276,2458414.562933,4.96520685527644,0.936152358432916,633.058084917184,9.041866,"4,5,31,32"
77253676,697.01,PC,APC,9.3553,2458418.925917,8.60786030434519,3.67986968651137,555.062176581684,13.272943,"4,5,31,32"
141527579,698.01,PC,PC,12.1293,2458328.941861,15.0867737832821,2.12502912945503,1911.92217957546,23.508717,"1,2,3,4,5,7,8,9,10,11,12,13,27,28,29,30,31,32,33,34,35,36,37,38,39,61,62,63,64,65,66,67,68,69"
149302744,699.01,PC,PC,9.8106,2460967.168587,14.801137701439838,3.2784246742129115,316.8331324083552,40.84395874985426,"1,2,3,4,5,6,7,9,10,11,12,13,27,29,30,31,32,33,34,35,36,37,39,61,62,63,64,65,66,67,68,69,87,88,90,93,94,95,96,97"
149302744,699.02,PC,PC,9.8106,2460847.750205,33.633592487237706,5.352,384,19.69253376577633,"1,2,3,4,5,6,7,9,10,11,12,13,27,29,30,31,32,33,34,35,36,37,39,61,62,63,64,65,66,67,68,69,87,88,90,93,94,95"
149302744,699.03,PC,PC,9.8106,2458374.209051,672.636623636504,7.48837686102179,423.126091776163,7.345261,"1,2,3,4,5,6,7,9,10,11,12,13,27,29,30,31,32,33,34,35,36,37,39"
150428135,700.01,CP,CP,10.9102,2459303.157062,16.0511059784547,1.39682285836795,2768.52124178958,39.344032,"1,3,4,5,6,7,8,9,10,11,13,27,28,30,31,33,34,35,36,37,38,61,62,63,64,65,66,68,69"
150428135,700.02,CP,CP,10.9102,2458330.486155,37.4236838274161,3.36501012488391,737.551938715487,13.430718,"1,3,4,5,6,7,8,9,10,11,13,27,28,30,31,33,34,35,36,37,38,61,62,63,64,65,66,68,69"
150428135,700.03,CP,CP,10.9102,2458331.349645,9.97727296315733,2.25836309963842,459.852547907722,13.609558,"1,3,4,5,6,7,8,9,10,11,13,27,28,30,31,33,34,35,36,37,38,61,62,63,64,65,66,68,69"
150428135,700.04,CP,CP,10.9102,2458352.99952,27.8096897573547,2.95588234108949,406.823251656641,7.2197175,"1,3,4,5,6,7,8,9,10,11,13,27,28,30,31,33,34,35,36,37,38,61,62,63,64,65,66,68,69"
219239945,701.01,PC,FP,10.966,2458389.366552,13.697384,4.783848,1061.94658,12.751473,"3,4,5"
237914496,702.01,PC,PC,11.8371,2458326.81595,3.56814098980163,1.45563370498008,906.999354112557,14.556614,"1,2,3,4,7,11,27,29,30,31,34,37,61,62,63,64,65,67,68,69"
237928815,703.01,PC,PC,10.2036,2458356.921235,8.67296825078752,2.95988854428298,724.673215327795,21.131302,"2,4,8,29,30,31,38,62,65,68,69"
237928815,703.02,PC,PC,10.2036,2458370.302728,22.568271144748,4.97455018956856,869.846615991422,12.604867,"2,4,8,29,30,31,38,62,65,68,69"
260004324,704.01,CP,CP,10.1428,2460852.488338,3.8143135562502173,1.4870003141081845,460.8504633001785,134.56538405940896,"1,2,3,4,5,7,8,9,10,11,12,13,27,28,29,30,31,32,33,34,35,36,37,38,39,61,62,64,65,66,67,68,69,87,88,89,93"
391904697,705.01,PC,PC,11.4994,2458352.13367,47.0196372337033,5.86593346959657,1251.74561520907,20.053982,"1,2,3,4,5,6,7,8,9,10,11,12,13,27,28,29,30,31,32,33,34,35,36,37,39,62,63,64,65,66,67,68,69"
219345200,706.01,PC,PC,8.3643,2458434.911525,719.038132676296,5.42440956718737,4851.40923374747,98.32419,"4,5,6,31,32"
167342439,707.01,CP,PC,10.0906,2460879.886381,52.79920330010539,6.119479958707598,541.269602286358,32.53330578662555,"1,2,3,4,5,6,7,8,9,11,12,13,28,29,30,31,32,33,34,35,36,37,38,39,61,62,64,65,66,67,69,87,88,89,93,94,96"
167342439,707.02,PC,PC,10.0906,2458328.766769,17.4757465422298,4.69114182202221,163.268484040862,8.244168,"1,2,3,4,5,6,7,8,9,11,12,13,28,29,30,31,32,33,34,35,36,38,39,61,62,64,65,66,67,69"
391821647,708.01,EB,FP,10.8623,2458327.629889,1.9958369872090747,6.52775441304698,442.08299813572273,66.9925008757717,"1,2,3,4,5,6,8,9,10,11,12,13,27,28,29,30,31,32,33,34,35,36,37,38,39,62,63,64,65,66,68,69,87"
396720998,709.01,PC,APC,13.987,2458392.822001,32.3766006435432,3.88275209972067,52579.8740908455,35.44597,"3,4,5,30,31,32"
396720998,709.02,PC,PC,13.987,2458399.221135,777.051674199127,4.3877266333807,7211.92648864213,7.504179,"3,4,5,30,31,32"
309402106,710.01,EB,FP,8.488401,2458343.942146,216.24584,1.07037289582273,5045.19506811029,33.773872,"1,5,8,9,10,11"
38510224,711.01,PC,PC,11.7481,2458329.915053,18.3841259244733,3.49244786245262,1010.09892216065,15.411959,"1,2,3,4,5,7,8,11,12,28,29,30,31,32,34,35,38,39,61,62,63,64,65,66,67,68,69"
38510224,711.02,PC,PC,11.7481,2458342.537652,35.9432773389046,2.72442611154931,1178.96744298494,10.162376,"1,2,3,4,5,7,8,11,12,28,29,30,31,32,34,35,38,39,61,62,63,64,65,66,67,68,69"
150151262,712.01,CP,CP,9.9059,2460978.080561,9.531380096663016,1.6426425045842592,910.0370282695324,142.65811579435038,"3,4,5,6,7,9,10,11,13,27,29,30,31,32,33,34,36,37,39,61,62,63,64,65,66,67,88,89,90,93,94,97"
150151262,712.02,CP,CP,9.9059,2460807.570093,51.69919052044755,4.371,1339,30,"3,4,5,6,7,9,10,11,13,27,29,30,31,32,33,34,36,37,39,61,62,63,64,65,66,67,88,89,90,93,94,97"
150151262,712.03,IS,FA,9.9059,2458417.120619,53.746482,5.592988,1557.541816,8.504271,"3,4,6,7,9"
150151262,712.04,CP,CP,9.9059,2460082.804195,84.83869,5.194,1020,19,"3,4,5,6,7,9,10,11,13,27,29,30,31,32,33,34,36,37,39,61,62,63,64,65,66,67"
167600516,713.01,PC,PC,10.6925,2458346.710529,35.9993587582566,4.18140108071424,1086.73624968697,26.001986,"1,2,3,4,5,6,7,8,10,11,12,13,27,28,29,30,31,32,33,34,35,36,37,38,39,61,62,63,64,65,66,67,68,69"
167600516,713.02,PC,PC,10.6925,2458325.894696,1.87152088357231,1.02134656929272,255.789133931196,15.014284,"1,2,3,4,5,6,7,8,10,11,12,13,27,28,29,30,31,32,33,34,35,36,37,38,39,61,62,63,64,65,66,67,68,69"
219195044,714.01,PC,PC,11.5436,2458412.826255,4.32393293697599,1.57831265523713,977.222491521717,20.751312,"4,5,6,7,8,11,12,28,31,32,33,34,35,38,61,65,66,67,68,69"
219195044,714.02,PC,PC,11.5436,2458419.10613,10.1775474811488,2.04016550821547,943.287609280136,15.310181,"4,5,6,7,8,11,12,28,31,32,33,34,35,38,61,65,66,67,68,69"
271971130,715.01,PC,CP,13.5308,2458327.552087,19.287957909893205,2.1841643128740964,4773.55088323548,20.484884,"1,2,3,4,5,6,7,8,9,10,11,12,13,27,29,30,31,32,33,34,35,36,37,39,61,62,63,64,65,66,67,68,69"
119081096,716.01,PC,FP,12.4268,2458518.10991,0.83707,2.497,2745.5,17,8
275248683,717.01,EB,FP,11.4407,2458518.26617,0.53079,1.238,1113.07,16,8
150247134,718.01,V,FA,11.4845,2459144.828069,12.8650769,3.979,1070,9,"1,2,3,4,5,6,8,9,10,11,12,13,28,29,30"
184952758,719.01,EB,FP,9.0349,2460007.695053,4.109953,4.641,434,22,"8,35,61,62"
131419878,720.01,EB,FP,8.8154,2458494.08915,3.16043,1.922,203.33,9,"7,8,34"
38571020,721.01,PC,PC,10.1805,2460980.120898,12.287712239813688,4.369897349597028,295.53897595388645,57.743326247390634,"1,2,3,4,5,6,7,8,9,10,11,12,13,27,28,29,30,31,32,33,34,35,37,38,39,61,62,64,65,66,67,68,69,87,88,89,90,93,94,95,13625,53"
38509907,722.01,PC,PC,11.9755,2458339.134431,15.3004891804993,3.19523190969833,1265.28978269122,18.516653,"1,2,3,4,5,7,8,9,10,11,12,27,28,29,30,31,32,34,35,37,38,39,61,62,63,64,65"
177077336,723.01,PC,PC,10.0686,2460986.915959,1.417860900970205,1.4842151828907912,204.37173673705098,146.7705723403822,"2,3,4,5,6,7,8,9,10,12,13,27,28,29,30,31,32,33,34,35,36,37,38,39,61,62,63,64,65,66,67,68,69,87,88,89,90,93,94,95,13625,53"
339961200,724.01,PC,PC,9.7333,2458382.865527,3.21263998771009,0.600698205618983,510.123629626314,15.40013,"3,4,6,7,8,9,10,13,27,30,33,34,36,37,61,62,63,64,67,68,69"
410245915,725.01,EB,FP,10.2658,2459986.360794,0.9889446,1.681,979,26,"8,35,61"
174143743,726.01,PC,FP,10.1007,2458492.31313,0.46132,1.32,220,10,"7,8"
149788158,727.01,PC,PC,11.0002,2459245.51846,4.7244442,0.999,1480,10,"8,34"
149788158,727.02,PC,PC,11.0002,2458518.087839,0.749971114993437,1.05760593737242,441.886663270537,8.536096,"8,34,61"
96097215,728.01,IS,FA,10.5656,2458518.94089,1.60245,0.312,890,9,8
144138509,729.01,IS,FA,10.5568,2458564.817795,.0,2.9940024247928165,1351.8684486928894,12.04952,"9,36,46,63"
11561667,730.01,CP,CP,14.9181,2458543.868539,3.08762973344209,2.23862461062643,40411.8142458553,29.327133,"9,35,62"
34068865,731.01,CP,CP,8.031941,2460013.7131,0.3219233,0.199,204,17,"9,35,36,62"
36724087,732.01,CP,CP,10.5848,2459988.468158,0.768390381110759,1.0241241543017,903.993321409456,12.229575,"9,35,62"
36724087,732.02,CP,CP,10.5848,2459992.612785,12.2534308202424,1.36994903785515,3729.63470906205,10.1567335,"9,35,62"
106402532,733.01,CP,CP,8.8411,2460030.757093,4.8847937,2.51,478,17,"9,36,63"
146846569,734.01,EB,FP,15.173,2458545.448428,4.7535387557656765,1.0905964574576812,225793.1060957756,38.594772,"9,10,36,63"
150271680,735.01,EB,FP,9.5215,2458543.967327,2.593694,3.054429,526.784827,11.244808,9
181804752,736.01,CP,CP,13.5571,2458546.508066,4.98991757887488,1.38196537505452,18931.4105811678,26.609259,"9,36,63"
181804752,736.02,CP,CP,13.5571,2458543.558006,0.947994543578216,0.564662978136318,4200.52889003663,10.809539,"9,36,63"
219189765,737.01,CP,CP,14.7599,2458544.430655,1.73185293964858,1.69196389934225,36359.4301748499,44.193367,"9,36,63"
260304800,738.01,PC,PC,12.7474,2458544.257701,3.44059463556857,2.54413169759634,8647.45273218229,119.29514,"1,2,3,4,5,6,7,8,9,10,11,12,13,27,28,29,31,32,33,34,35,36,37,38,39,61,62,63,64,65,66,68,69"
279425357,739.01,PC,PC,11.6049,2458547.482086,9.01504390204782,1.60020587473257,4800.08536979034,50.423065,"9,10,27,28,29,30,31,32,33,34,35,36,37,38,39,62,63,64,65,66,67,69"
310009611,740.01,PC,PC,9.529,2460036.326522,2.131225,3.006,479,23,"9,10,36,63"
359271092,741.01,PC,CP,7.66874,2460006.41417,7.5768334,2.073,289,12,"9,10,36,37,62"
373424049,742.01,EB,FP,8.6333,2460745.307622,0.9619169928420026,2.378514,363.5801832650744,205.1618766250232,"9,10,35,36,62,63,89"
434486077,743.01,PC,PC,14.3858,2459989.182624,2.22846710545914,1.57089124017213,15402.4299593583,17.991327,"9,36,62"
437242640,744.01,KP,KP,9.7566,2460031.706114,4.3176859,1.822,11283,136,"9,36,63"
444842193,745.01,PC,APC,10.5488,2458544.259371,1.07909283186751,3.80210940853398,572.789890690671,18.43127,"9,10,36,37,63"
167418903,746.01,PC,PC,11.3786,2458599.298747,10.9803113904834,2.03614529108772,8276.21233295139,74.25697,"1,2,3,4,5,6,7,8,9,11,12,13,28,29,30,31,32,33,34,35,36,37,38,39,61,62,64,65,66,67,69"
15445551,747.01,KP,KP,10.349,2458569.66758,1.68279170176108,3.03146657696923,8131.43426106873,89.38298,"10,11,37"
104024556,748.01,KP,KP,10.3182,2460064.168409,2.0219583,2.681,10040,110,"10,37,64"
5868998,749.01,PC,APC,13.9372,2458569.93359,0.63554,1.257326,51164.635251,74.55815,10
14614418,750.01,KP,KP,13.3898,2458569.538097,0.837845275042965,2.15900956439072,21355.7850720915,100.26116,"10,36,63"
14661418,751.01,KP,KP,12.4806,2458570.990969,4.72281595735881,2.1894173969358,22675.3812671286,119.71721,"10,36,63"
61538902,752.01,KP,KP,11.3743,2458573.686954,5.74813229287704,2.66004829714221,12259.4473284012,137.21872,"10,37,63,64"
61988212,753.01,PC,APC,14.3042,2458569.455416,0.555255,1.622036,23416.400387,16.535254,10
72985822,754.01,PC,PC,12.2397,2458572.225589,3.86396812073424,2.0997184611314,7640.76054647057,40.17332,"10,37,64"
73228647,755.01,CP,CP,9.4628,2460066.437431,2.5404679,2.154,572,16,"10,37,64"
73228647,755.02,KP,KP,9.4628,2458576.159251,6.74187956279909,1.37108567990901,450.542064935908,8.289674,"10,37,64"
73649615,756.01,PC,CP,12.5554,2458570.647157,1.23925693308305,1.08604522369357,2917.37145713214,18.560932,"10,11,37,64"
130924120,757.01,PC,CP,9.0498,2460039.192903,17.4682298,3.491,926,18,"10,37,64"
131081852,758.01,EB,FP,9.957501,2458575.745477,13.27359135243401,6.695930944304812,21146.52629389727,253.75632,"10,37,64"
152147232,759.01,PC,APC,11.6713,2459331.163575,4.2135662,2.904,6400,46,"10,36,37"
162362398,760.01,PC,APC,10.6171,2458578.666284,12.3396367619307,6.26590324229891,13386.1311036146,108.47124,"10,36,37"
165317334,761.01,PC,PC,10.9217,2458576.38961,10.5557332233111,2.81635320474013,1505.72215350094,16.076832,"10,37,63,64"
165317334,761.02,PC,PC,10.9217,2458570.007581,1.83208628307646,1.42301427698144,374.099930932353,7.4456773,"10,37,63,64"
178709444,762.01,PC,CP,13.6615,2459329.505631,3.47168080203191,1.38169777280993,30624.6434599132,40.89199,"10,36,37"
178819686,763.01,CP,CP,9.5275,2460046.424157,5.60577479918703,3.02138969745501,701.188231605618,18.749166,"10,37,64"
178819686,763.02,CP,CP,9.5275,2460046.212045,12.2772444237427,3.83988885933216,869.46291818549,15.86392,"10,37,64"
181159386,764.01,PC,APC,11.1689,2458574.583993,5.63166625878689,6.53508256657453,13883.4017678224,138.26785,"10,36,37"
219401954,765.01,IS,FA,9.647,2458570.226021,0.861484,1.293669,286.708078,8.275544,10
219698950,766.01,KP,KP,11.5122,2458570.564724,3.44645291290583,2.46259904549543,16320.7911726026,205.23804,"10,36,63"
229047362,767.01,KP,KP,11.2175,2458572.990673,3.764873,2.759996,22257.118447,155.86082,10
229811538,768.01,PC,APC,12.2864,2459316.29169,11.5294381,4.881,25630,105,"10,37"
248075138,769.01,KP,KP,11.3728,2459332.02995,4.9816784,2.733,18110,137,"10,37"
248111245,770.01,KP,KP,12.3335,2459310.764623,4.63704787370184,4.82383217195436,7765.99732862179,33.603905,"10,11,37"
277634430,771.01,PC,CP,12.0874,2459335.352285,2.32600773508212,0.996086784488788,3279.789131833,22.615362,"10,11,12,37,38"
286864983,772.01,PC,PC,10.8815,2458575.945327,11.0163421104748,3.52357712492123,6918.55579022276,39.05228,"10,37,64"
286864983,772.02,PC,PC,10.8815,2459313.643175,744.20076033013,4.31057963053945,4290.77801255633,17.026077,"10,37,64"
286864983,772.03,PC,PC,10.8815,2458571.75144,2.79123654535156,2.29470266704855,876.841393288818,8.704838,"10,37,64"
286865921,773.01,KP,KP,11.5037,2459329.250355,4.971298,3.283,12130,107,"10,37"
294301883,774.01,KP,KP,11.3473,2458573.614654,4.465630615555316,3.492761825943388,17361.1064237715,185.6015,"10,37,91"
304042899,775.01,PC,FP,9.5369,2459313.56423,12.4458741183019,11.5424587447013,7049.37773919067,34.94298,"10,37"
306996324,776.01,CP,CP,9.73597,2458572.599749,15.6653321885248,2.99377989142734,1317.65304796166,17.159199,"10,37,63"
306996324,776.02,CP,CP,9.73597,2458571.415963,8.24661326950136,2.41209094440725,1071.20678479438,18.458174,"10,37,63"
334305570,777.01,PC,PC,9.3712,2458575.779958,8.30085618626684,4.85015696770649,2683.1006767891,71.55214,"10,37,64"
335630746,778.01,CP,CP,8.69009,2459574.942709,4.6336155,3.557,7660,370,"10,37,46"
374095457,779.01,PC,PC,8.2158,2458543.83064,0.783914853627034,1.64239210212288,918.139643403966,67.59588,"9,10,36,37,63"
398943781,780.01,KP,KP,10.7875,2459329.902022,3.0524018,2.483,22270,323,"10,37"
413376180,781.01,KP,KP,12.7492,2458570.772731,1.35413417418112,2.08128831859655,20039.5506701346,162.17717,"10,36,63"
429358906,782.01,PC,CP,12.2875,2458577.042174,8.02398114683646,1.70827305967871,4010.0577601438,14.5085945,"10,36,63"
451645081,783.01,PC,CP,9.9222,2459312.121241,8.11251468650529,2.03302976253828,1224.91606561376,10.499904,"10,37"
460984940,784.01,PC,CP,8.7537,2460038.66554,2.7970316,2.185,481,22,"10,11,37,38,63"
374829238,785.01,PC,PC,11.5026,2458363.856387,18.628610243557645,30.015619420094904,570.2527990117338,9.695772,"2,3,6,7,9,10,12,13,27,29,30,33,34,36,37,39,61,62,63,64,65"
375059587,786.01,PC,CP,9.8192,2460987.39592,12.669384659044042,4.597212901317469,284.4654829950124,74.77290730978379,"1,2,3,4,5,6,7,9,10,11,12,13,27,28,29,30,31,32,33,34,35,36,37,38,39,61,62,63,64,65,66,67,68,69,87,88,89,90,93,94,13369,57"
375059587,786.02,PC,CP,9.8192,2460932.121376,38.553934433102114,6.143925727743872,290.95372765129656,25.64849986233537,"1,2,3,4,5,6,7,9,10,11,12,13,27,28,29,30,31,32,33,34,35,36,37,38,39,61,62,63,64,65,66,67,68,69,87,88,89,90,93,94,13369,57"
350584963,787.01,PC,PC,9.4799,2458325.898549,2.1263165070945256,2.628512713897592,137.53020965636486,17.665653,"1,2,3,4,5,6,7,8,10,11,12,13,27,28,29,30,31,32,33,34,35,36,37,38,39,61,62,63,64,65,67,68"
349829627,788.01,PC,PC,9.0255,2458329.387247,6.48723622288655,2.59863721969371,112.7687265356,11.965943,"1,3,4,5,6,7,8,9,10,11,13,27,28,29,30,31,32,33,34,35,36,37,38,39,61,62,63,64,65,67,68,69"
300710077,789.01,PC,CP,11.9802,2458329.104549,5.44706477562336,1.58330104654011,862.258699738852,14.739803,"1,2,3,5,6,7,8,9,10,11,12,13,27,28,29,30,31,32,33,35,36,37,38,39,61,62,63,64,65,66,67,69"
300710077,789.02,PC,PC,11.9802,2458334.767805,12.9707041096505,2.26698080584711,1208.78962479241,12.121192,"1,2,3,5,6,7,8,9,10,11,12,13,27,28,29,30,31,32,33,35,36,37,38,39,61,62,63,64,65,66,67,69"
300710077,789.03,PC,PC,11.9802,2458329.979145,8.04323434410059,2.0067184684471,878.93022114544,13.269256,"1,2,3,5,6,7,8,9,10,11,12,13,27,28,29,30,31,32,33,35,36,37,38,39,61,62,63,64,65,66,67,69"
308994098,790.01,PC,PC,8.9914,2458352.487862,199.577907313167,11.8968751264781,1766.61701076993,46.028843,"1,4,8,9,10,11,28,31,34,36,37,38,61,62,64,68,69"
308994098,790.02,PC,PC,8.9914,2458345.441513,41.0175173752646,8.20900126442366,229.284653579096,9.812724,"1,4,8,9,10,11,28,31,34,36,37,38,61,62,64,68,69"
308994098,790.03,PC,PC,8.9914,2460203.621473,.0,17.3550472389461,1628.25003011325,25.358255,"1,4,8,9,10,11,28,31,34,36,37,38,61,62,64,68,69"
306472057,791.01,PC,CP,10.7525,2458427.621432,139.304851230353,12.1948293444387,5057.67762819851,59.601326,"4,5,6,8,9,10,12,13,27,28,29,30,31,32,33,34,35,36,37,38,39,61,62,63,64,65,66,67,68,69"
306472057,791.02,PC,CP,10.7525,2458583.273564,928.045581387,11.576689025693,6356.99446771089,31.67289,"4,5,6,8,9,10,12,13,27,28,29,30,31,32,33,34,35,36,37,38,39,61,62,63,64,65,66,67,68,69"
294780517,792.01,EB,FP,11.7345,2458416.495917,15.6477055442229,1.33606697937492,1515.16894683287,10.254003,"4,5,6,7,8,9,10,11,12,13"
300013921,793.01,EB,FP,10.8578,2459236.957286,54.6616036,2.388,2020,22,"1,2,3,4,5,6,7,8,9,10,11,12,13,28,29,30,31,32,33,34,35,36"
299945285,794.01,PC,PC,10.0176,2458392.47459,52.4072665375743,8.75412248968296,372.462707182235,16.889925,"2,3,4,5,6,7,8,9,10,12,13,27,28,29,30,31,32,33,34,35,36,37,38,39,61,62,63,64,65,66,67,68,69"
278895705,795.01,PC,PC,10.2477,2460921.837777,8.760976217828196,0.9513482495424319,505.996997358862,30.430697888990206,"1,2,3,4,5,6,8,9,10,11,12,13,27,28,29,30,31,32,33,34,35,36,37,38,39,61,62,63,65,66,67,68,69,87,88,89,90,93,94,95,13625,53"
277099925,796.01,V,FA,10.721,2458325.966891,0.808630838484359,3.01902824502589,889.719122173626,19.006979,"1,3,4,6,7,8,9,10,11,12,13,27,28,29,30,31,33,34,36"
271596225,797.01,PC,CP,11.7144,2458326.820677,1.80079353378185,1.18630734832615,622.548207561358,21.547968,"1,2,3,4,5,6,7,8,9,10,11,12,13,27,28,29,30,31,32,33,34,35,36,37,38,39,61,62,63,64,66,67,68,69"
271596225,797.02,PC,PC,11.7144,2458327.416156,4.14000615470571,1.0309174916494,740.345403473382,14.647768,"1,2,3,4,5,6,7,8,9,10,11,12,13,27,28,29,30,31,32,33,34,35,36,37,38,39,61,62,63,64,66,67,68,69"
271596225,797.03,PC,PC,11.7144,2458327.46865,2.73094491160295,1.11183374470404,456.189383551368,11.402601,"1,2,3,4,5,6,7,8,9,10,11,12,13,27,28,29,30,31,32,33,34,35,36,37,38,39,61,62,63,64,66,67,68,69"
260640693,798.01,PC,APC,11.908,2458358.460287,95.2391755068645,1.59926185970348,5934.35822393111,20.097868,"1,4,5,6,7,8,9,10,11,12,13,28,29,30,31,32,33,34,35,36,37,38,39,61,62,63,64,65,66,67,68,69"
255685030,799.01,PC,PC,10.5868,2458439.49915,5.54516606201839,2.22933652256025,439.018568566561,13.385474,"5,6,7,8,12,32,33,34,35,61,66,68,69"
179308757,800.01,PC,APC,12.3323,2458354.979775,0.965730347079937,3.43412187776286,997.370141624649,13.379527,"2,3,4,5,6,7,8,9,10,12,13,27,29,30,31,32,33,34,35,36"
177258735,801.01,PC,PC,7.5412,2460932.758105,0.7757009693013109,1.2010343248909485,44.139923910628056,51.576342996405614,"1,2,3,4,6,7,8,9,10,11,12,13,27,28,29,30,31,32,33,34,36,37,38,39,61,62,63,64,66,67,68,87,88,89,90,93,94,95,96"
167303382,802.01,PC,PC,7.5209,2460854.027434,3.6939120429709593,1.8529227700986293,72.41215032290468,36.06967308019203,"1,2,3,5,6,7,8,9,10,11,12,13,27,28,29,30,32,33,35,36,37,38,39,61,62,63,65,66,67,68,69,88,89,90,93"
143526444,803.01,EB,FP,9.3309,2459974.31761,15.3050693,3.872,770,14,"7,8,34,61"
41227743,804.01,EB,FP,10.714,2458326.243939,1.4188152815023045,4.575428809727892,136.34716075769128,16.122972,"1,2,4,5,6,7,8,10,11,13,27,28,30,31,32,33,34,35,36,37,38,62,63,64,66,67,68,69"
38460940,805.01,PC,PC,13.1018,2459357.993045,4.11776485649483,1.21267504987817,1948.14057831982,12.71026,"1,3,4,5,7,8,11,12,27,28,29,30,31,32,34,35,37,38"
33831980,806.01,PC,PC,11.9763,2458346.013246,21.9166429038876,3.37879775254577,1306.42240905497,18.020077,"1,2,3,5,6,8,9,12,13,27,28,29,32,33,35,36,38,39,61,62,63,64,65,66,67,68,69"
30853470,807.01,PC,PC,11.3042,2458327.653935,5.27025571189486,2.01866757159222,511.614176213532,15.211036,"1,2,3,4,5,6,7,8,10,11,12,13,27,28,29,30,31,32,33,34,35,36,37,38,61,62,64,65,66,67,68"
30122649,808.01,PC,PC,10.0659,2458526.848747,9.73940894242068,3.5625788347404,641.724082151765,10.951617,"8,9,35,36"
149301575,809.01,PC,APC,10.3046,2458340.472565,183.458919,10.764682,645.283132,7.475879,"1,2,3,4,5,6,7,8,9"
388106759,810.01,PC,PC,10.5173,2458332.251515,28.3057041912443,4.82650363393014,357.069213765306,13.929591,"1,2,3,4,5,6,7,8,9,10,11,12,13,27,28,29,30,31,32,33,34,36,37,38,39,61,63,64,65,66,67,68,69"
388106759,810.02,PC,PC,10.5173,2458406.67059,90.8479190542589,11.1179142384387,314.273056393926,10.11102,"1,2,3,4,5,6,7,8,9,10,11,12,13,27,28,29,30,31,32,33,34,36,37,38,39,61,63,64,65,66,67,68,69"
100757807,811.01,PC,PC,10.9339,2459193.531565,25.1760133,4.418,12570,115,"5,6,32,33"
363914762,812.01,PC,PC,10.9582,2459249.58779,13.8665912,6.491,7930,86,"5,6,7,32,33,34"
55525572,813.01,CP,CP,9.8467,2459125.846913,83.896243409579,13.0330846103146,1217.67232447248,28.517313,"4,5,6,8,9,10,11,12,13,27,28,29,30,31,32,33,34,35,36,37,38,39,61,62,63,64,65"
255760319,814.01,EB,FP,8.9944,2458359.73394,7.21048,2.671,250.094,14,"2,5,6,7,8,12,29,32"
102840239,815.01,PC,CP,9.36,2460026.624284,11.1972769,3.061,1301,26,"9,36,63"
102840239,815.02,PC,CP,9.36,2460023.129913,734.4987702,2.529,1004,12,"9,36,63"
175180796,816.01,EB,FP,11.143,2458493.44312,1.55747,2.714,3127.94,29,"7,8"
30312676,817.01,EB,FP,11.3029,2459126.7692,1.10223,2.598,1015,7,"1,2,3,4,5,6,7,8,10,11,12,13,27,28,29,30"
46096489,818.01,KP,KP,10.6481,2458598.072777,3.118536,2.043274,12242.731322,103.52802,11
73717937,819.01,KP,KP,11.7528,2459301.040554,16.2546802,4.74,4950,25,"10,11,37"
111991770,820.01,KP,KP,10.4445,2458599.445086,3.752062,3.680056,9500.430305,107.7432,11
125405602,821.01,IS,FA,11.1825,2458606.784642,13.82330349209304,1.365217,2556.532346,7.192833,"11,12"
127530399,822.01,KP,KP,11.1116,2458602.855939,7.13351486121618,3.13762649030622,18037.5300175467,160.54788,"11,38,65"
127530399,822.02,PC,CP,11.1116,2458597.575673,1.01153358850429,1.62014527868664,640.689278817189,8.900014,"11,38"
158978373,823.01,PC,APC,9.9623,2458609.010777,13.5337578786176,3.55712495426803,2234.85475658454,37.883034,"11,38,65"
193641523,824.01,CP,CP,10.0732,2458597.813432,1.39297212730928,1.07995171593422,1576.07761194621,34.290123,"11,12,38,65"
220029715,825.01,KP,KP,12.4284,2458598.749132,3.18531859906294,2.23969979347327,4917.33789083141,27.773184,"11,37,64"
243200602,826.01,KP,KP,10.491,2460063.00836,11.5509742,3.571,10842,120,"11,37,64"
270507305,827.01,PC,APC,11.5746,2458597.454096,1.22827060851192,2.05541761736001,7013.53982781647,188.97186,"1,4,7,8,11,12,13,27,28,31,34,37,38,39,61,62,64,65,66,67"
271168962,828.01,KP,KP,9.47199,2460043.844612,5.32205050954846,3.88159642073953,6562.77948059019,115.694046,"11,64"
276128561,829.01,PC,PC,10.5623,2459334.53125,3.2877916038872,2.34009946315647,1779.18519781328,18.113161,"11,38"
281924357,830.01,PC,PC,10.9303,2458584.453568,15.0405220596149,2.29816906008921,17981.6903216777,143.27821,"10,11,12,33,36,37,38,39,64,65,66"
307610438,831.01,PC,APC,8.8098,2458597.273868,1.56173569422379,2.13075506037192,4445.08573562617,108.28333,"11,38,65"
350332997,832.01,EB,FP,11.7611,2459357.079526,1.9160221,1.405,2430,58,"1,3,4,5,6,7,10,11,13,27,28,30,31,32,33,34,37,38"
362249359,833.01,CP,CP,10.1461,2458544.120496,1.0418890027079,1.2737667259348,465.38541119533,16.191872,"9,10,11,36,37,63,64"
404340025,834.01,KP,KP,10.7036,2458597.038666,2.67555212374423,3.22773364343497,14340.9908647799,321.52252,"11,37,38,64"
405700729,835.01,PC,PC,10.849,2458600.307433,4.79201526653141,1.49037032676852,2042.54210953255,14.286556,"11,37,38,64"
440887364,836.01,CP,CP,8.6486,2459356.164023,8.5954792,2.47,1140,21,"11,38"
440887364,836.02,CP,CP,8.6486,2459355.705342,3.8167262,1.602,580,17,"11,38"
460205581,837.01,CP,CP,9.9322,2460022.80686,8.3249172,1.406,4535,41,"10,11,37,38,63"
461271719,838.01,EB,FP,8.7823,2458603.195906,7.6246239065786,2.03281273621999,1256.06320592063,26.24138,"11,37,64"
466840711,839.01,KP,KP,14.1491,2458571.553691,2.4855427750558228,2.738574601009513,17549.67975182007,10.350789,"10,11,37,64"
287563610,840.01,KP,KP,13.0546,2459328.560231,3.7993182,2.302,7590,17,"11,37"
238932509,841.01,PC,PC,12.5528,2459353.972698,3.4934316,1.453,14230,133,"1,2,5,6,7,8,11,12,28,31,32,33,34,35,38"
141768070,842.01,PC,PC,12.6264,2458569.617192,2.78638126227973,1.84154638892712,11628.7594511565,190.52057,"1,2,3,4,5,6,7,8,9,10,11,12,13,27,28,29,30,31,32,33,34,35,36,37,38,39,61,62,63,64,65,66,67,68,69"
437333618,843.01,KP,KP,12.472,2458598.424853,4.29864661021436,3.14344829077489,15275.758454677,93.34464,"11,37,64"
380886535,844.01,PC,FP,11.7952,2459451.724033,8.90662508791763,1.96183376529266,2178.833633788,7.5065594,"3,30,42,43"
32283946,845.01,EB,FP,11.7582,2458389.0024,7.06181,5.853,22745.5,127,3
229141709,846.01,PC,FP,11.766,2458363.76296,14.20489,4.924,8761.57,45,3
231289421,847.01,PC,PC,12.0594,2459118.662958,3.20631071743491,2.83623985936789,6909.96095040814,43.022377,"2,3,30,69"
42015200,848.01,EB,FP,11.6818,2458391.66318,9.77742,6.713,6740,48,3
33595516,849.01,PC,CP,11.5485,2458384.01956,0.76566,1.452,1410,17,3
423670610,850.01,PC,APC,11.3488,2458384.40921,10.32103,3.283,58957.4,72,3
40083958,851.01,PC,APC,10.9994,2459141.24058,0.6296,0.309,790,9,"3,30"
29918916,852.01,PC,PC,10.9495,2459138.585219,4.943336,3.147,2010,17,"3,30"
138727432,853.01,PC,PC,10.7598,2459139.838276,6.8646554,4.725,5090,57,"3,30"
160222069,854.01,EB,FP,10.717,2459089.0623,5.8508237320200465,3.445882560150305,876.8239527448388,11.096035,"3,29,30,69"
269558487,855.01,PC,PC,10.6541,2459497.639662,1.8301156,1.018,1110,18,"3,30,42,43"
306338882,856.01,PC,APC,10.3244,2458387.38778,5.4014,1.442,1225.99,12,3
404467699,857.01,KP,KP,10.2676,2459137.830843,3.9080236,3.292,8100,126,"3,30"
198008005,858.01,CP,CP,10.6444,2459088.312108,3.279720612190629,3.579583940919176,11148.420202044288,139.88142,"3,4,29,30,31,69"
150430484,859.01,PC,PC,11.9587,2460935.657384,5.1543264610187665,1.0633819543671144,2522.134687287852,29.320278,"1,2,3,4,5,6,7,8,9,10,11,12,13,27,28,29,30,31,32,33,34,35,36,37,38,39,61,62,63,64,65,66,67,68,69,87,97"
321011127,860.01,PC,PC,11.6704,2459139.444944,6.4535152,2.202,11200,75,"3,4,30"
372913430,861.01,EB,FP,8.3502,2460894.248512,6.7391601,2.537,3040,18,"1,4,5,7,8,9,10,11,27,31,34,35,36,37,61,62,63,64,68,88,89,90,95"
309254930,862.01,PC,PC,8.9904,2459062.548458,3.3102158563415047,2.7252649068091253,5092.4594142763035,173.12677,"28,31,32,35,36,37,38,61,62,63,64,65,68,69"
238898571,863.01,PC,PC,9.954701,2458438.456112,0.525125102653592,1.0447397875032,277.192077899769,10.4341135,"5,6,7,32,33,34,61,68"
231728511,864.01,PC,PC,11.4966,2458411.15307,0.52067099987634,0.570816100211944,626.635513640334,14.267641,"4,5,6,27,31,32,33,37,64,67"
44797824,865.01,PC,APC,9.7976,2458411.586206,0.745578662038763,0.490172409489575,784.689175750192,17.488182,"4,5,31"
381976956,866.01,V,FA,9.0099,2458330.873539,22.338916,3.41223267466144,605.545388674663,7.3012457,"1,2,3,4,5,6"
358460246,867.01,PC,PC,10.4283,2458326.182858,15.4043768049889,4.71203192648252,281.556910579517,13.722465,"1,2,3,4,5,6,7,8,9,10,11,12,13,27,28,29,30,31,32,33,34,35,36,37,38,39,61,63,64,65,68,69"
271596418,868.01,PC,FP,10.7109,2458325.748771,0.556109,1.096708,172.860189,7.987135,"1,2,3,4,5,6"
200807066,869.01,V,FA,8.9043,2458404.072952,26.2588239358169,4.42794773665906,251.01050682096,7.737952,"3,4,30,31"
219229644,870.01,PC,PC,10.7791,2458390.800785,22.0379546514083,2.50616320214489,1208.1077142403,12.581541,"3,4,5,30,31,32"
219344917,871.01,PC,CP,9.7607,2458417.051084,14.3627380327299,3.20437978230036,541.97705062335,12.021679,"4,5,6,31,32"
220459826,872.01,PC,PC,11.8348,2458411.717988,2.23955439271954,1.12285250548147,1152.78495135361,24.14831,"2,3,4,5,6,9,10,12,13,27,29,30,31,32,33,36,37,39,63,64,65,66,67,68,69"
220459826,872.02,PC,PC,11.8348,2458415.298849,4.97277106509116,0.78897817998659,825.537470561335,7.908979,"4,5,6,9,10,12,13,27,29,30,31,32,33,36,37,39,63,64,65,66,67,68,69"
237920046,873.01,PC,CP,12.1249,2458326.224903,5.93120031973402,2.03144865294812,1021.9253752844,13.363984,"1,2,3,4,11,28,29,30,31,34,38,61,62,64,65,68,69"
232025086,874.01,PC,PC,8.7542,2458439.488994,5.904973267238251,3.9528743999270244,200.47969606530222,13.431234,"5,6,7,32,33,34,61"
14165625,875.01,PC,PC,11.3877,2458442.024946,11.020153,3.638535,1076.926754,7.154832,"5,6"
32497972,876.01,PC,PC,11.534,2458457.39545,29.4829022033204,2.36344067388814,2066.50438191444,11.34459,"5,6,32,33"
255704097,877.01,PC,APC,10.6237,2459174.826371,6.01580197427529,1.87752136155108,5341.67963519806,30.12466,"6,7,8,32,33,35"
219380235,878.01,V,FA,10.8239,2459196.628398,3.9773904,2.82,1134,14,"4,5,6,30,31"
37084932,879.01,PC,FP,9.5254,2458470.64431,6.58454,3.395,5500.94,88,6
34077285,880.01,PC,PC,9.2563,2459224.830978,6.3872524,2.608,3510,70,"6,33"
34077285,880.02,PC,CP,9.2563,2460663.874669,2.5735942821356916,2.481006399967966,739.6008282609062,12.548503,"33,87"
34077285,880.03,PC,PC,9.2563,2459220.659691,14.3318853,1.596,990,14,"6,33"
237808867,881.01,PC,FP,9.792,2458468.86467,0.56708,1.253,980,29,6
92013169,882.01,EB,FP,9.73965,2460282.512522,2.3552639,1.033,912,23,"6,33,43,44,45,71,72"
123846039,883.01,PC,PC,9.3722,2459200.686728,10.0577297,3.65,4860,76,"6,33"
167031605,884.01,EB,FP,9.9534,2458468.69741,2.7809,1.803,2990,15,6
25334160,885.01,PC,APC,10.1775,2458471.20029,2.56876,2.767,360.521,9,6
120269103,886.01,EB,FP,8.26522,2459203.108337,20.4276726510281,5.18783270388061,2988.50207764538,55.28208,"6,33"
437984134,887.01,PC,APC,8.16507,2458472.07754,5.77114,2.791,1931.81,32,6
438295981,888.01,PC,FP,9.52621,2458472.15837,3.96643,2.025,828.371,17,6
284288080,889.01,PC,FP,10.8457,2458469.90719,1.83485,2.673,1200,27,"6,7,8,9"
333607525,890.01,PC,APC,10.936,2459226.741148,3.2022978,3.51,41820,65,"6,33"
33690636,891.01,EB,FP,11.0427,2458468.9545,4.99915,5.256,684.271,10,6
66561343,892.01,PC,CP,10.9739,2459219.552074,10.6265837,5.415,7530,79,"6,33"
123958679,893.01,PC,FA,11.4847,2459210.205916,5.6148305,3.829,2300,8,"6,33"
42755801,894.01,EB,FP,9.1672,2459225.901334,4.3433389,4.514,1100,35,"6,33"
250484865,895.01,PC,FP,8.7973,2458468.75811,0.76189,1.904,190,10,6
102283403,896.01,V,FA,9.08959,2458471.13285,3.52985,1.9069999999999998,560,9,6
229384040,897.01,EB,FP,9.11269,2459211.72088,1.2980202,3.007,250,10,"6,33"
124543547,898.01,PC,FP,10.5672,2458487.5,.0,7.352,6000,15,6
177162886,899.01,PC,PC,11.5865,2458544.868477,12.8461943256507,3.11608097049652,8527.33048736182,165.5589,"9,10,11,12,13,27,29,30,31,32,33,34,35,36,37,39,61,62,63,64,65,66,67,68,69"
210873792,900.01,PC,PC,11.9085,2458626.476544,4.849523592590762,3.060243010882441,1558.4108000863912,13.477296,"12,39,65,91"
214361331,901.01,PC,PC,9.6877,2460851.765902,3.2310603046333624,0.993321537998,2817.1225488258397,38.324626087179084,"12,39,66,93"
216935214,902.01,PC,APC,8.957,2458633.240139,18.2592673000657,1.71589218213347,1829.48513907857,17.756294,"12,39,66"
238197638,903.01,PC,PC,11.7874,2460044.048378,7.2766004,4.626,2440,57,"2,3,5,6,9,10,12,13,27,28,29,30,32,33,36,37,61,63,64"
261257684,904.01,CP,CP,10.846,2458626.968411,10.8772748198649,2.68295326929903,1827.21893785382,28.084484,"12,13,27,38,39"
261257684,904.02,CP,CP,10.846,2458630.353329,83.999399068768,4.93176582712929,1856.59127671411,14.180324,"12,13,27,38,39,61,65,66,67"
261867566,905.01,CP,CP,10.5721,2458628.349689,3.73957156086643,2.0436597331202,15256.9023476625,220.35062,"12,38,39,65,66"
298372701,906.01,PC,PC,8.5097,2460094.242152,1.6647888,1.152,1600,47,"12,39,65"
305424003,907.01,CP,CP,9.9444,2460846.152005,4.584910986733534,5.249397432605572,2101.0682794136073,28.746328,"12,39,93"
350153977,908.01,CP,CP,10.6513,2458626.550518,3.18377891634004,2.3252968281453,850.208413323677,23.563166,"1,12,13,27,28,39,66,67,68"
364107753,909.01,EB,FP,7.0514,2460119.573617,3.9043855,3.525,255,19,"12,39,66"
369327947,910.01,CP,CP,10.1508,2460854.162728,2.029107654153224,0.6269874375945825,765.9246838398691,78.54054692488543,"12,13,27,39,66,67,93"
389070884,911.01,PC,APC,7.9771,2460842.577739,8.584180570106597,2.112947585130728,9234.777803715597,87.57525724781203,"12,39,66,93"
406941612,912.01,CP,CP,10.4904,2460855.166066,4.678065931722675,1.5119741726411848,1835.6055249703572,169.48512009987948,"12,13,39,65,66,93"
407126408,913.01,CP,CP,9.6181,2460833.983615,11.099364636971735,3.2107652213758295,1122.5495137957805,84.0299771862177,"12,13,65,66,93"
407126408,913.02,PC,PC,9.6181,2458648.072029,1469.851203856572,5.948510193607245,945.04336312025,10.17575,"12,13,65,66"
153027658,914.01,EB,FP,10.2413,2458384.9247,2.3374921,2.279,760,27,"3,4,30,31"
259389219,915.01,EB,FP,11.2486,2459199.865578,2.3250156,1.775,1130,18,"3,4,5,30,31,32"
348844154,916.01,EB,FP,11.2532,2458343.2066,29.17362,8.075,5558.85,53,4
207237016,917.01,PC,PC,11.2459,2459104.563086,26.4126516686795,3.05113831910956,5967.22434251041,31.442625,"2,3,4,29,30,69"
294869729,918.01,PC,FP,11.2716,2459199.904943,1.1140067,3.072,410,20,"1,2,3,4,5,6,7,8,9,10,11,12,13,27,28,29,30,31"
150167117,919.01,PC,APC,11.1835,2459045.82948,20.0272717054862,2.57857439724212,17515.7129689096,193.29501,"27,28,29,30,31,32,33,34,35,36,38,39,61,62,63,64,65,66,67,68,69"
271722899,920.01,PC,FP,11.191,2458335.23411,19.2998,3.17,1864.78,29,4
278775625,921.01,PC,PC,11.2559,2459036.701454,5.12872650603197,2.06064081076973,809.44725408399,20.004562,"1,2,3,4,5,6,8,9,10,11,12,13,27,28,29,30,31,32,33,34,35,36,37,38,39,61,62,63,65,66,67,68,69"
278199349,922.01,PC,FP,11.499,2458418.21857,9.46516,3.951,10952.3,42,4
301051430,923.01,EB,FP,11.0264,2459117.395284,3.2744665179962,1.54966506682663,918.080314445907,9.946655,"30,31"
382068562,924.01,PC,PC,11.3593,2459045.879938,12.1272702009343,2.03681125901954,19172.4644880773,241.29767,"1,2,3,4,5,6,7,8,9,10,11,12,13,27,28,29,30,31,32,33,34,35,36,37,38,39,61,63,64,65,66,67,68,69"
300599466,925.01,EB,FP,11.3377,2458331.86537,13.17741,2.75,1750,32,"1,2,3,4,5,6,7,8,9,11,12,13"
176796997,926.01,PC,PC,10.5926,2459168.347895,1.7957918,1.666,770,14,"4,31"
261258875,927.01,PC,FP,9.2691,2458327.45003,2.5852,1.963,290,20,"1,4,5,7,8,11,12,13,27,28"
300557619,928.01,EB,FP,11.4124,2458350.32222,30.57908,6.297,12972.8,75,"1,4"
175532955,929.01,PC,PC,11.4337,2459169.679461,5.830149,2.618,1310,13,"3,4,30,31"
100921768,930.01,PC,PC,8.1605,2459165.027663,4.90038,3.506,240,9,"3,4,30,31"
206474443,931.01,PC,PC,11.5458,2459169.291398,3.2452094,2.722,7370,77,"4,31"
260417932,932.01,PC,PC,10.7378,2459068.256452,19.3106015346572,3.78310124969412,1222.99875835029,22.311699,"1,2,4,5,6,7,8,9,11,12,28,29,31,32,33,34,35,36,38,39,61,62,65,66,67,68,69"
260417932,932.02,PC,PC,10.7378,2459380.465927,7.9856481,2.729,460,16,"1,2,4,5,6,7,8,9,11,12,28,29,31,32,33,34,35,36,38,39"
260130483,933.01,PC,PC,10.6361,2458611.742342,88.9350636883315,8.30861971236902,4026.44007491877,67.159645,"11,12,13,27,28,29,30,31,32,33,34,35,36,37,38,39,61,62,64,65,66,67,68,69"
220475245,934.01,PC,PC,12.708,2458625.082479,3.78173832724934,2.40922329390144,18870.72162531,237.5815,"2,3,4,5,6,7,9,10,12,13,27,29,30,31,32,33,36,37,39,63,64,65,66,67,68,69"
260476837,935.01,EB,FP,12.7918,2458327.85012,2.23294,2.032,16930,121,"1,2,3,4,5,6,7,8,9,10,11,12,13,28,29,30"
278198753,936.01,PC,PC,12.6327,2460127.938065,7.93653302586295,1.84868970363145,6995.77273135318,31.660107,"1,3,4,7,10,11,12,13,27,30,31,33,34,37,38,39,61,63,64,65,66,67"
425163745,937.01,EB,FP,10.855,2458438.55668,0.27664,0.72,15669.3,121,5
332660150,938.01,PC,PC,10.8479,2459193.804926,8.8073507,4.264,1700,19,"5,32"
67772767,939.01,PC,PC,10.9335,2459199.364902,7.6107227,4.249,6400,83,"5,32"
248434716,940.01,PC,APC,11.0057,2459199.145034,0.7386689,0.594,1020,19,"5,32"
408137826,941.01,PC,PC,10.9968,2459198.275288,8.5145626,3.78,3260,30,"5,32"
408137826,941.02,PC,PC,10.9968,2461037.455335,.0,7.5,4243.639370788954,30.485008,98
146520535,942.01,PC,CP,11.0462,2458441.57167,4.32765,3.181,1480,11,5
399871011,943.01,PC,PC,11.0412,2458444.27026,12.35611,5.963,8020,62,5
434234955,944.01,EB,FP,11.3818,2459196.69943,6.0588453,4.084,2740,25,"5,32"
167714792,945.01,PC,PC,11.1224,2459199.603438,0.9298045,1.203,720,11,"5,6,32"
219205407,946.01,EB,FP,10.8732,2459356.387875,6.1253092,1.992,39400,276,"1,5,6,7,8,11,28,32,33,34"
262330063,947.01,PC,APC,10.642,2458444.9382,7.31523,1.832,8225,43,5
146438872,948.01,PC,APC,10.5068,2458442.13529,12.7009,3.208,2482.58,17,5
189013222,949.01,O,FP,10.2892,2459199.159811,1.3228701,1.589,720,13,"5,32"
245947683,950.01,PC,FA,10.2098,2458439.35452,1.14288,1.699,2270,9,5
449050247,951.01,EB,FP,10.0938,2458441.2993,2.96845,3.707,17064.8,212,"5,12"
319312479,952.01,PC,PC,10.0716,2459168.2004,1.79011,1.372,430,14,"5,31"
449050248,953.01,EB,FP,9.87405,2458441.29935,2.96844,3.663,13028,209,"5,12"
44792534,954.01,CP,CP,9.77919,2459167.32483,3.68497,4.536,2070,43,"4,5,31"
146467675,955.01,EB,FP,9.70467,2459199.705849,1.6375303,1.606,770,24,"5,32"
146434840,956.01,EB,FP,9.49344,2458445.26599,17.95473,3.139,5962.04,23,5
249067445,957.01,EB,FP,8.95699,2459198.9042,0.8317937,1.875,200,12,"5,32"
92880568,958.01,PC,APC,10.964,2459199.98007,0.5875044,1.344,1680,58,"5,6,32"
279999655,959.01,PC,FP,10.649,2458492.69541,1.54104,1.686,30644.8,145,7
5109298,960.01,EB,FP,10.6698,2459202.960241,1.6187106687918,4.73974904975049,1352.1697972869,10.174758,"7,33"
265077027,961.01,PC,FP,10.6596,2458496.16829,4.79586,2.132,26891.1,84,7
141776043,962.01,PC,FP,11.2295,2458493.35787,4.06269,4.299,4210,66,7
25799609,963.01,PC,PC,10.6412,2459235.097859,11.1178463945943,4.5596639372695,5715.83147705582,44.108593,"7,34,61"
179155220,964.01,PC,FP,10.6659,2458491.88882,0.60274,1.834,16763.6,129,7
179159972,965.01,PC,FP,10.6124,2458491.95227,1.37101,2.379,1561.43,21,7
178367144,966.01,KP,KP,10.5572,2459965.700001,3.40915679219223,3.20678610779358,16294.3969401585,81.03313,"7,34,61"
445586472,967.01,EB,FP,10.5704,2459230.004598,1.73936314934075,3.60690275512823,428.881193933735,8.666388,"7,8,9,10,34"
453209605,968.01,PC,FP,10.5766,2458493.61746,2.80944,3.151,1606.43,20,7
280437559,969.01,PC,CP,10.5424,2459248.377773,1.8237371,1.347,1890,30,"7,34"
174599051,970.01,PC,PC,10.5248,2459229.048399,4.985780839048749,3.6712409625668814,690.3429151124861,10.97214,"7,8,34,61"
177722855,971.01,EB,FP,10.5224,2459225.430047,2.3960724,4.53,680,18,"7,33"
125894957,972.01,EB,FP,10.5484,2458493.15026,2.67425,3.779,1920,24,7
409459226,973.01,EB,FP,10.5816,2458491.82839,1.27997,2.425,790,17,7
333821572,974.01,EB,FP,10.4337,2459985.027628,2.8259491,2.409,2206,29,"7,34,61"
133654092,975.01,EB,FP,10.4527,2458493.1271,1.97353,2.169,867.428,16,7
347098457,976.01,EB,FP,10.4856,2459230.210781,3.15104083676292,2.96573754455354,2025.10727237661,13.123485,"7,34"
268371979,977.01,PC,FP,10.5153,2458492.39581,2.78102,1.657,748.64,10,7
73038411,978.01,PC,PC,10.339,2459977.379099,13.1660135,4.668,5697,39,"7,34,61"
5772442,979.01,PC,FP,10.351,2458492.50181,1.10578,1.87,672.523,20,7
93594834,980.01,EB,FP,10.3138,2459228.778145,1.33875545356474,3.24130877500434,357.244927634155,7.937647,"7,34"
127476180,981.01,EB,FP,10.2957,2460715.502404,1.6038092756614903,2.253,1190.6782951775792,61.49459438077969,"7,61,88"
177126182,982.01,EB,FP,10.3075,2459216.0127,6.3037582,3.757,1700,25,"7,33"
148659924,983.01,EB,FP,10.3437,2459973.559152,7.3816254,4.696,2546,26,"7,34,61"
33091633,984.01,PC,FP,10.2763,2458495.71336,7.52118,6.133,50623.3,103,7
425220920,985.01,PC,FP,10.2462,2458494.52201,8.76905,3.504,14361,43,7
320536216,986.01,EB,FP,10.1796,2460716.58341,0.547669905919751,1.038,2886.4723578166713,1166.1286626291107,"7,34,44,45,46,61,71,72,88"
52548453,987.01,EB,FP,10.1887,2460686.110094,5.214675715212412,4.983063439921734,3754.1506480215685,48.96258264118952,"7,33,87"
113553629,988.01,PC,FP,10.1989,2458491.91542,4.30438,3.037,672.002,10,7
207277638,989.01,PC,APC,10.1094,2460255.030178,3.121181,1.417,571,9,"7,33,71"
88684250,990.01,PC,PC,10.0998,2459981.051319,4.587386,4.36,3321,30,"7,34,61"
7561203,991.01,PC,PC,10.1137,2459987.447924,2.4843225,1.999,1476,24,"7,34,61"
108835813,992.01,PC,FP,10.0813,2458494.06581,4.76516,2.892,647.689,11,7
259353953,993.01,PC,PC,10.0634,2459985.812048,1.4635019,1.518,914,21,"7,34,61"
93963408,994.01,PC,FP,10.0267,2459229.899754,2.39672202661878,3.94531681997894,384.898547354573,9.605016,34
317951248,995.01,PC,FP,10.0781,2458493.5283,3.4438,2.572,7260.75,22,7
142918609,996.01,PC,FP,9.7925,2458494.77797,14.5378,6.826,4040,20,7
341729521,997.01,EB,FP,9.7727,2459230.149086,8.41348556875335,3.55683340369076,17479.60533057,177.73282,"4,7,8,9,10,34"
54390047,998.01,EB,FP,9.6952,2459229.569561,0.94143596330583,1.36069955758889,339.912661787819,9.02753,"7,34"
341186896,999.01,EB,FP,9.6171,2459985.987965,1.5078959,2.759,1839,63,"7,8,9,10,27,34,35,36,37,61"
50365310,1000.01,EB,FP,9.604,2459229.630046,2.17134838715744,2.01721957610162,656.886098860902,12.843955,34
88863718,1001.01,PC,PC,9.42344,2459987.948873,1.9316462,3.166,1286,30,"7,34,61"
124709665,1002.01,EB,FP,9.299501,2459224.687802,1.8675574,1.408,1500,28,"7,33"
106997505,1003.01,EB,FP,9.3003,2458493.3957,2.74323,3.167,383.41,14,7
238597883,1004.01,EB,FP,9.1355,2459987.047262,3.5730141,3.37,755,24,"7,9,34,61"
169904935,1005.01,EB,FP,9.1309,2459985.156855,4.5505945,2.654,3731,69,"7,34,61"
156115721,1006.01,EB,FP,9.2386,2459229.984579,2.50479182514848,4.37975633109929,2270.54021938691,19.892866,"7,8,34"
65212867,1007.01,PC,PC,8.87759,2459247.930695,6.9989206,3.953,2840,44,"7,34"
440801822,1008.01,EB,FP,8.9362,2460258.236122,2.0483755,2.767,483,33,"7,33,44,45,46,71"
107782586,1009.01,PC,PC,8.4331,2459229.230924,1.96002767390881,2.00652570925094,1707.62726926675,37.165833,"7,34,61"
139853601,1010.01,EB,FP,8.45086,2459228.878101,0.680870199603779,2.46345632742384,1507.80068889534,23.648024,"7,34"
114018671,1011.01,CP,PC,8.2388,2460715.898893,2.4705035914424167,2.3513471618693362,273.02720450941865,85.37833521655007,"7,34,61,88"
427508467,1012.01,PC,APC,8.12718,2459252.509595,0.884182,1.621,1890,102,"7,34"
97700520,1013.01,EB,FP,7.6095,2459232.248322,5.42555479046561,3.9637474199894,14939.6342221973,44.632336,"7,34"
96246348,1014.01,EB,FP,7.678,2459985.657041,1.40951841053404,0.948499939586137,2841.51032575625,57.17235,"6,7,33,34,61"
155044736,1015.01,EB,FP,10.7069,2459963.610065,1.37304663334161,2.57085145475503,1301.50653383761,14.037444,"7,8,34,61"
175310067,1016.01,EB,FP,10.6257,2459238.831138,12.6889414936027,7.92010012475084,3232.85278853045,13.069341,34
182943944,1017.01,PC,FP,10.6019,2458518.96536,1.10422,2.37,14177.7,56,8
291555748,1018.01,PC,FP,10.6254,2458492.78078,4.95912,2.509,7440,92,"7,8,9"
341420329,1019.01,PC,PC,10.6348,2459232.446864,5.23410075833135,3.70781393498312,20796.941629329,442.28204,"7,8,9,34,35,36,61,62,63"
140706664,1020.01,PC,FP,10.7173,2458521.29108,3.28892,3.793,10518.9,32,8
143994283,1021.01,PC,FP,10.5551,2458492.90429,1.90879,1.909,618.482,14,8
47384844,1022.01,PC,FA,8.72924,2458547.448,3.09574,4.475,380,9,9
238374636,1023.01,EB,FP,9.697,2459303.303969,1.3214483,3.435,2180,76,"7,8,9,34,35,36"
141482386,1024.01,EB,FP,10.0814,2458339.72276,18.0157,2.524,610,11,"1,2,4,5,6,7,8,9,10,11,12,27,28,29"
297967252,1025.01,EB,FP,5.5324,2460733.686688,9.683790810595978,1.6988586142159303,4965.249651623833,230.45428121708036,"9,10,35,36,62,63,89"
388624270,1026.01,EB,FP,9.9138,2460720.807674,14.26287566348697,6.935049373557349,913.2067173570534,85.1287522711938,"8,9,34,35,36,61,62,63,88,89"
20318757,1027.01,PC,PC,10.2103,2460037.86905,3.2834565,1.537,1558,23,"9,36,63"
20318757,1027.02,PC,PC,10.2103,2460032.53325,11.02875,2.715,1694,17,"9,36,63"
20318757,1027.03,PC,PC,10.2103,2460032.57304,5.0113292,1.024,1210,12,"9,36,63"
447283466,1028.01,PC,FP,7.9059,2458544.48066,1.01606,2.843,240,27,"9,10"
374908020,1029.01,EB,FP,6.841,2458365.89313,36.22214,5.107,7170,285,"2,9"
464296022,1030.01,EB,FP,9.5706,2460054.783937,12.1246519,4.612,7279,60,"9,10,36,37,63,64"
304021498,1031.01,EB,FP,9.7318,2459304.837939,5.652623,3.434,1250,26,"9,10,11,36"
146589986,1032.01,PC,PC,9.7611,2459283.828685,5.66437044019291,3.80873945157072,3491.82329680214,35.9478,"36,63"
149601557,1033.01,EB,FP,10.0163,2460717.39858,29.016164561874014,5.345,1238.3381591998416,229.56775440863996,"1,2,3,4,5,6,7,8,9,10,11,12,13,27,28,30,31,32,33,34,35,36,37,38,61,62,64,65,67,68,69,87,88"
400595342,1034.01,EB,FP,9.8174,2460768.617427,3.640438932521522,2.5339234084187123,476.3077320519501,9.941104,"8,9,35,36,62,63,89,90"
361413119,1035.01,PC,PC,10.1126,2459286.872605,6.07444769856783,2.4954821115409604,5982.521240554256,56.88685,"9,10,36,37"
146172354,1036.01,PC,PC,10.2855,2460037.172273,3.7795212,2.952,2761,37,"9,36,63"
363260203,1037.01,EB,FP,9.0211,2459331.124512,1.2025238,1.991,390,25,"9,11,36,37"
90544017,1038.01,EB,FP,8.7157,2459273.371643,3.2235985,2.159,680,23,"8,9,35"
461867584,1039.01,PC,APC,8.5483,2460031.2166,4.420125,3.956,2466,46,"9,10,36,37,63"
310483807,1040.01,EB,FP,8.3854,2460756.129789,2.55555,1.5659999999999998,397.9246746715108,169.44499665029537,"8,9,10,35,36,37,62,63,64,89"
385624852,1041.01,EB,FP,8.0981,2459261.801216,8.30792,3.228,8350,137,"9,10,35,36"
360286627,1042.01,EB,FP,9.718,2459281.337956,0.7580819680137397,1.8184632298057366,583.9318099819625,13.064218,"9,10,36,37,62"
90448944,1043.01,EB,FP,9.5719,2459985.770425,1.4415577,2.349,507,24,"8,9,35,36,61"
463402815,1044.01,PC,PC,10.0031,2460037.194672,1.0085089,1.642,3051,57,"9,10,36,37,63"
54044474,1045.01,EB,FP,9.6306,2459301.544126,3.7039994,4.277,7590,146,"9,36"
309787037,1046.01,EB,FP,10.0119,2460177.867195,1.3042553,1.706,914,42,"8,9,10,35,36,37,61,62,63,64,68"
370745311,1047.01,PC,FP,10.2355,2458544.79061,0.62627,0.666,1880,41,"9,10,11"
384549882,1048.01,PC,FP,8.802,2458518.376,0.30412,0.748,1330,70,"8,9,10"
16288184,1049.01,KP,KP,11.0657,2458626.801546,2.1805332714448786,2.944374492197401,16399.85846405854,63.037304,"12,39,91"
66818296,1050.01,KP,KP,11.0261,2459355.54563,3.7354838,4.142,17030,227,"12,38"
259863352,1051.01,IS,FA,7.1278,2458657.736625,21.7016689605131,8.26764235406769,211.656732508377,8.58716,13
317060587,1052.01,PC,CP,9.0197,2458332.941229,9.13980396599197,3.09129357089951,358.415780102206,10.624502,"1,13"
112395568,1053.01,EB,FP,8.8849,2458657.999179,5.742625,2.860293,1105.760867,11.805602,13
366989877,1054.01,CP,CP,8.4362,2460122.700139,15.5077855,4.565,513,12,"13,27,67"
320004517,1055.01,CP,CP,8.0888,2458661.062711,17.4713078237805,4.42848186915156,1199.75414831496,43.21312,"13,27,67"
421894914,1056.01,PC,PC,9.6663,2458326.062424,5.30795065970583,3.21585935716581,391.383093422106,13.572738,"1,13,27,67"
323132914,1057.01,PC,PC,9.4091,2458607.350901,51.1701500609708,6.66410484803984,851.454780847764,21.192533,"10,11,12,13,37,38,39,64,65,66"
31553893,1058.01,EB,FP,9.3781,2458663.02242,11.129640621632099,7.053133584174779,974.0000876491406,19.403345,"13,27,67,92"
380783252,1059.01,PC,PC,9.7825,2460852.860658,9.449654213950383,2.2611055373139743,25387.743851249656,190.3794856855839,"13,39,66,93"
101230735,1060.01,PC,APC,9.6652,2460149.536226,2.0685633,0.373,502,11,"13,27,67"
253990973,1061.01,EB,FP,9.7345,2460879.952989,0.5407427179398678,1.0271288812463386,583.9693006881538,49.657603985274505,"13,67,94"
299799658,1062.01,CP,CP,9.478,2460901.447952,4.115052715418582,1.0584261470116147,538.9646334080988,104.26060696294348,"1,13,27,28,66,67,68,93,94,95"
406976746,1063.01,PC,PC,9.0689,2460844.029249,10.066551745563736,2.0209130655274063,862.6763733068797,95.35075715829583,"12,13,39,65,66,93"
79748331,1064.01,CP,CP,10.0059,2458656.668478,6.44386574740406,1.93094488736779,1121.95122750953,13.689148,"13,27,67"
79748331,1064.02,CP,CP,10.0059,2458664.490132,12.2265595188652,2.19043794259355,1206.36932928213,13.444705,"13,27,67"
7088246,1065.01,KP,KP,13.2851,2458654.345755,2.1605155443871817,1.4806955593099969,13774.879461945344,23.74932,"13,67"
201604954,1066.01,KP,KP,11.9707,2458657.832537,4.606184,3.121643,13793.034867,14.814943,13
201642601,1067.01,KP,KP,13.1686,2458656.987874,3.13167354483516,2.45791974336396,14915.6943721624,37.781586,"13,27,67"
6663331,1068.01,KP,KP,13.2887,2458656.633231,3.180362,2.111521,21192.463324,25.185488,13
31858843,1069.01,KP,KP,10.4293,2460147.378764,2.9776446,2.962,13022,191,"13,27,67"
31858844,1070.01,EB,FP,15.7114,2458655.579241,2.97761517335173,3.25697,43218.111683,108.84278,"13,27"
120247528,1071.01,KP,KP,11.5803,2458655.394059,3.5544026006774296,2.0550535294027696,10164.875339582062,71.97041,"13,66"
140830390,1072.01,EB,FP,11.7106,2459211.732146,12.8379689423837,9.84641229425166,10539.0192793982,23.545876,"1,2,3,4,5,6,8,9,10,11,12,13,27,28,29,30,31,33"
158297421,1073.01,CP,CP,13.6699,2459036.472812,3.92280161106811,1.87360069845246,31510.9004906162,30.534128,"13,27"
327301957,1074.01,PC,PC,10.6339,2458662.652685,13.9428704633619,3.75227561609126,1015.39554295357,9.657137,"13,27,67"
351601843,1075.01,CP,CP,11.1186,2458654.249503,0.604739240679989,1.04038470635233,1027.68334785876,16.558659,"13,27,67"
360742636,1076.01,KP,KP,11.2474,2458654.163257,2.54956107674285,2.61733080976542,14921.4021936366,194.39462,"13,27,67"
369960846,1077.01,PC,PC,13.461,2458654.102739,1.60626933707657,1.95613047617311,16725.3019332702,76.68048,"13,27,39,65,66,67"
370133522,1078.01,CP,CP,10.1165,2458654.10332,0.518242460936129,0.856524899839116,831.892042362478,21.303896,"13,27,67"
379240073,1079.01,PC,PC,13.1284,2458656.380357,3.16440749046008,2.05762932371963,5603.46354660417,9.939277,"13,66"
161032923,1080.01,PC,CP,12.7067,2458654.060577,3.96524845539638,1.0112592832945,3680.75444363952,8.871182,"13,66"
253728991,1081.01,PC,PC,11.5247,2460858.623432,2.9840865599028183,2.9051285117180283,6014.0780197225795,33.743603,"13,94"
261108236,1082.01,PC,PC,11.8835,2458626.085696,16.3469052629848,3.58656976820146,2212.42572521007,19.334396,"1,4,8,11,12,13,27,28,31,38,39,61,62,65,66,67"
322270620,1083.01,PC,PC,12.0936,2458627.915974,12.980295277053,2.50344169439583,2407.26086712371,12.420625,"12,13,39,66,67"
380589029,1084.01,KP,KP,12.2851,2458653.973305,1.34849612641642,2.40742609220852,18463.7636681567,192.02113,"13,39,66"
381979901,1085.01,PC,APC,11.6577,2460041.175097,3.2541181,4.341,13620,592,"2,3,4,5,6,7,8,9,10,12,13,27,28,29,30,31,32,33,34,35,36,37,38,39,61,62,63,64"
468148930,1086.01,PC,PC,12.2303,2458655.291499,3.71788284000029,5.5277826541803,4864.84051254593,37.898426,"13,27,66,67"
426077080,1087.01,PC,FP,9.4142,2458630.77194,9.30992,3.464,2220,31,12
343648136,1088.01,PC,FA,10.4613,2458626.38955,1.15395,2.236,1550,8,"12,13"
129319156,1089.01,PC,FP,10.3918,2458643.10264,4.73703,3.902,2410,16,12
361034196,1090.01,PC,FP,10.0196,2458628.96316,2.19296,4.586,4933.74,100,12
193413306,1091.01,PC,PC,9.3529,2459359.55521,1.725841,3.674,2710,35,"11,12,38"
387079085,1092.01,PC,FP,9.0039,2458601.38096,1.1923,3.119,3730,132,"11,12"
382331352,1093.01,PC,FP,10.0067,2458601.33791,11.47606,6.083,3050,24,"11,12"
136274063,1094.01,PC,APC,9.9806,2459360.160536,0.5971314,0.468,910,13,"12,38"
375223080,1095.01,PC,PC,10.4291,2460854.738016,1.4821380067184766,2.1867077619905277,2102.656829869522,131.16418141637064,"10,11,12,37,39,63,64,65,66,87,90,93"
375225453,1096.01,PC,FP,10.11,2459307.93577,0.920952632017001,1.86027353730432,360.880152916071,7.2275467,"10,11,12,37"
360630575,1097.01,CP,CP,8.7215,2459376.410518,9.188506,2.492,460,17,"11,12,38,39"
360630575,1097.02,PC,CP,8.7215,2459344.461827,13.9028390651789,2.12644292688103,647.270103874341,8.821142,"38,39"
383390264,1098.01,CP,CP,8.7581,2458629.909082,10.1826982735026,2.82751087022422,667.47524583808,14.584953,"12,13,27,65,66,67"
290348383,1099.01,PC,CP,7.3661,2460140.220927,6.441006,1.812,914,34,"13,27,67"
318608749,1100.01,EB,FP,10.5135,2459044.494531,20.073158774214,3.84492146164917,1152.96454608192,15.712561,"1,13,27,39,66,67"
271581073,1101.01,EB,FP,10.5891,2459058.79277,2.66903,1.548,3110,54,"13,27"
311890977,1102.01,EB,FP,10.5652,2458627.80423,6.63371,2.122,1555.34,26,13
351603103,1103.01,PC,PC,10.5598,2459037.655526,2.94308,4.073,4490,40,"13,27"
451599528,1104.01,EB,FP,7.5622,2458702.256022,341.2791675905754,7.013249216358265,8583.558465157721,228.82478,"12,13,27,39,66,67"
274151135,1105.01,PC,PC,10.2809,2460847.732013,10.867979777414545,2.4656675095291387,1646.8377504102905,99.49366151202214,"12,13,27,39,65,66,67,93"
384513078,1106.01,PC,PC,10.0717,2458630.71937,11.1149,2.26,900,9,"12,13"
394561119,1107.01,CP,CP,10.0068,2460853.178419,4.078238766496566,4.910413572926652,6667.6920161016715,454.8965300154009,"11,12,13,38,39,65,66,93"
295599256,1108.01,EB,FP,9.941,2461113.073081,7.143952663874908,1.7937092878721064,11592.527380316753,155.24525442538882,"13,39,66,93,100,101"
50309953,1109.01,EB,FP,9.7906,2459083.35168,7.04083,2.979,1580,35,"1,13,27,28"
446549905,1110.01,O,FP,9.6789,2460146.990136,2.4545635,2.321,4248,71,"13,27,67"
412014494,1111.01,EB,FP,9.3871,2460131.889805,11.4756978,0.808,8341,113,"13,27,67"
369864738,1112.01,EB,FP,9.5162,2460879.801151,2.781795572913256,2.2489868302937595,637.6922029216773,213.96054643681043,"12,13,27,38,39,65,66,67,93,94"
290348382,1113.01,O,FP,9.66865,2460140.221205,6.4410082,1.798,7076,35,"13,27,67"
409934330,1114.01,PC,APC,8.1129,2460850.449695,2.488771655318735,2.632,4840.679624332092,210.37494670322937,"13,27,67,93"
379286801,1115.01,PC,APC,10.526,2458658.32747,4.45199,2.109,8483.38,55,13
304100538,1116.01,PC,PC,9.5268,2458325.661906,5.01007081494614,2.0644755737945,409.48122138436,10.715069,"1,13,27,28,67,68"
295541511,1117.01,PC,PC,10.4055,2459386.963814,2.2281625,2.015,630,15,"13,39"
90919952,1118.01,PC,FP,10.5084,2458660.16316,4.13812,3.911,5560,70,13
261369656,1119.01,PC,APC,10.5024,2458666.52199,10.95663,3.588,3830,30,13
143257766,1120.01,EB,FP,10.4063,2458656.45082,1.66226,3.321,6030,96,"13,27"
24094603,1121.01,EB,FP,11.0605,2458658.61052,4.07611,2.062,1454.18,12,13
304774444,1122.01,EB,FP,10.2934,2460115.852574,3.6245513,3.042,1299,16,"13,66"
469782185,1123.01,PC,APC,10.2398,2458658.04087,1.20928,1.886,11883.8,210,13
128790976,1124.01,PC,APC,7.2235,2460149.391758,3.5187707,2.408,5634,130,"13,27,67"
80166433,1125.01,PC,PC,8.0465,2459036.495091,0.772482487094112,1.37449738969763,211.316851916776,14.140281,"13,27,67"
405862830,1126.01,EB,FP,10.3579,2460122.432108,1.6268695,3.231,1502,20,"13,66"
269450900,1127.01,EB,FP,7.3163,2458657.63073,2.32439,4.453,2704.18,88,13
425721385,1128.01,PC,FP,9.7298,2458663.15245,13.5499,1.795,1180,10,13
91576611,1129.01,PC,FP,8.7823,2458659.06927,4.43651,3.365,1520,20,13
254113311,1130.01,CP,CP,10.1429,2460144.137122,8.34998,1.836,16680,129,"13,27,67"
254113311,1130.02,CP,CP,10.1429,2460126.924264,4.06864049280981,1.83737294011667,2650.09500125057,20.636534,"13,27,67"
198213332,1131.01,PC,PC,9.2872,2458711.595435,0.586036569221392,0.809893442150382,410.524155335813,45.565384,"14,15,16,17,18,19,21,22,23,24,25,26,40,41,47,48,49,51,52,53,54,55,56,57,58,59,60,73,74"
267489265,1132.01,EB,FP,9.2293,2460351.800169,1.5502952,2.938,411,29,"14,15,16,54,55,56,74"
69997672,1133.01,PC,FP,9.11458,2458684.2349,1.80709,3.297,450,9,14
122220263,1134.01,EB,FP,9.03609,2460333.437983,18.6922101,7.765,11126,36,"14,40,41,54,74"
154872375,1135.01,CP,CP,9.02855,2458684.152374,8.027729987569712,4.4519305175605,5636.519388294409,193.0671,"14,19,20,26,40,47,53,59,74,79,86"
142276270,1136.01,CP,CP,8.9361,2459612.447691,12.5187279,5.38,2320,30,"14,15,21,22,41,48,75"
142276270,1136.02,CP,CP,8.9361,2460366.026514,6.2586065,3.201,813,25,"14,15,21,22,41,48,75"
142276270,1136.03,CP,CP,8.9361,2459594.183463,26.3208756,4.414,800,18,"14,15,21,22,41,48,75"
142276270,1136.04,CP,CP,8.9361,2458697.755807,18.795546965368,4.34255757593281,470.673196498133,8.330816,"14,15,21,22,41,48"
89389197,1137.01,PC,PC,9.00558,2459770.240602,1.32063557110728,1.6000996094146,1052.42559966858,12.580433,"14,54"
110428269,1138.01,EB,FP,8.90601,2458683.551826,0.6499595032491877,2.0007766286620288,343.33600690114343,25.179935,"14,40,41,54,81"
202563254,1139.01,PC,PC,8.86193,2460549.445856,4.4780798,4.513,1054,25,"14,15,41,54,55"
320525204,1140.01,EB,FP,8.88797,2460637.861679,13.7431084,2.285,5688,283,"14,15,16,17,18,19,20,21,23,24,25,26,40,41,47,48,49,50,51,52,53,54,55,57,58,59,60,73,74,75,76,77,78,80,81,82,83,84,85,86"
159510109,1141.01,EB,FP,8.8523,2460289.874408,16.9487087166685,4.28877668496056,156467.547964289,4904.9927,"14,15,18,19,21,25,26,40,41,73"
284450803,1142.01,EB,FP,8.64028,2460335.937572,3.3686634,3.012,3288,212,"14,15,16,20,23,26,40,41,47,50,53,54,56,57,59,60,73,74"
160268701,1143.01,EB,FP,8.63287,2460352.734057,11.2071839,4.366,3276,133,"14,20,21,40,41,47,53,60,74"
28230919,1144.01,KP,KP,8.5077,2460554.347022,4.8878037,2.184,4279,330,"14,15,41,54,55,56,74,75,76,82"
350995812,1145.01,PC,FP,8.5011,2458685.81643,2.97164,1.534,7350,17,14
21755546,1146.01,EB,FP,8.40386,2459420.415267,0.660178983608815,1.63493692051333,473.093930311242,11.997514,"14,40,41"
288391628,1147.01,EB,FP,8.36544,2460331.315598,10.9278415,2.468,2743,126,"14,18,19,20,21,25,40,41,47,52,53,59,60,73,74"
349827430,1148.01,KP,KP,7.9179,2460361.366521,5.5514888,4.335,9493,276,"14,20,21,40,41,47,48,60,74,75"
117789567,1149.01,PC,APC,7.9172,2459422.308822,2.32014869290073,2.3621468931145078,4816.840242832021,150.89706,"14,41,54,55,81"
16740101,1150.01,KP,KP,7.58204,2458683.457596,1.48109028542409,4.15882908243568,6788.51453882957,355.9918,"14,15,41,55,75"
69679391,1151.01,KP,KP,7.55216,2460337.986375,3.4741012,3.317,15748,1017,"14,40,41,54,74"
237184773,1152.01,O,FA,8.0348,2459392.715052,6.50119111922293,5.54635873065296,4501.34540642207,109.38585,"14,26,40,41"
154840461,1153.01,PC,APC,8.40534,2460472.256051,6.0360758,1.255,987,57,"14,19,20,26,40,47,53,59,60,73,74,79"
459970307,1154.01,PC,CP,9.3188,2460339.328709,21.745537,4.196,659,40,"14,15,16,17,18,19,20,21,22,24,25,26,40,41,47,48,49,50,51,52,53,54,55,56,57,58,59,60,74,75"
161450762,1155.01,PC,FP,9.711,2458683.92594,1.32003,3.175,552.468,24,14
117256577,1156.01,EB,FP,9.7032,2459443.850453,1.6865822,2.429,1770,56,"14,41"
147576037,1157.01,PC,FP,9.6043,2459603.765773,13.0727479,3.044,4080,96,"14,20,21,40,41,47"
379931600,1158.01,EB,FP,9.5967,2459446.175877,2.9258727,4.075,6720,199,"14,40,41"
48188920,1159.01,PC,FP,9.5937,2458683.94707,0.73774,0.636,524.852,10,14
89510024,1160.01,EB,FP,9.577,2459446.146751,2.3664127,2.591,300,13,"14,41,55"
158324245,1161.01,KP,KP,10.2306,2460556.484069,1.7635881,3.092,6650,222,"14,15,26,40,41,53,54,55,74,75,80,82"
13419950,1162.01,PC,PC,9.65306,2460544.815606,7.3166682,3.255,3210,45,"14,15,41,75,81,82"
375542276,1163.01,PC,PC,9.47751,2459441.801256,3.07716123135664,2.69143190741385,4703.28443456327,135.27336,"14,40,41,54"
16102323,1164.01,EB,FP,9.329701,2459822.312844,3.2077145,2.708,9640,95,"14,15,41,55"
458478250,1165.01,KP,KP,9.76703,2460352.823449,2.2552845,2.05,20820,595,"14,15,16,17,21,23,41,47,48,49,50,54,57,74"
138361973,1166.01,EB,FP,9.7604,2460556.103196,1.8824539,2.46,1391,64,"14,40,41,54,55,74,75,81,82"
232967666,1167.01,PC,FP,10.3874,2458689.11633,15.196,1.792,1970,12,19
41330864,1168.01,EB,FP,10.381,2460363.632024,2.1358631,1.559,10325,123,"14,15,41,54,55,75"
302518439,1169.01,PC,PC,10.6405,2460323.760513,6.7075429,2.125,11920,145,"14,20,26,40,47,60,74"
294176967,1170.01,EB,FP,10.349,2460556.995021,1.8296155,2.166,1406,40,"14,15,16,41,54,55,56,75,76,81,82"
101929303,1171.01,EB,FP,10.3075,2460541.381489,11.1876137,3.183,4924,37,"14,54,55,74,75,81,82"
1717732429,1172.01,EB,FP,10.3018,2460634.945689,7.8513949,6.835,22029,167,"14,15,16,19,22,23,25,26,40,41,49,52,53,54,55,56,57,58,59,60,73,74,75,76,79,80,81,82,83,84,85"
232967440,1173.01,CP,CP,10.2938,2460341.784305,7.0643978,2.424,8268,131,"14,15,21,22,41,47,48,74"
154089169,1174.01,PC,CP,10.2549,2460355.403307,8.9534775,2.696,1136,22,"14,15,21,22,41,48,49,74,75"
30329585,1175.01,EB,FP,10.2026,2459437.549479,7.5022708,2.605,1760,27,"14,40,41,74"
230088370,1176.01,PC,PC,10.1772,2458695.361762,14.0077666,5.872749267921701,5924.834967214621,270.91452,"14,15,17,18,19,20,21,22,23,24,25,26,40,41,47,48,49,50,51,52,54,55,56,57,58,59,60,73,74,75,76,77,78,79,80"
169177766,1177.01,EB,FP,10.1617,2460556.672243,1.692892,2.886,1418,51,"14,15,54,55,74,75,81,82"
359496368,1178.01,EB,FP,10.1358,2460646.783967,2.6652007,3.49,819,62,"14,15,18,19,20,21,22,23,24,25,26,40,41,47,48,49,50,51,52,53,54,55,56,57,58,59,60,73,75,76,78,79,80,81,82,83,84,85"
148914726,1179.01,PC,APC,10.1313,2460365.036662,1.2615323,1.039,2841,85,"14,15,21,22,41,48,75"
158002130,1180.01,PC,CP,10.112,2460473.411486,9.6867516,2.512,1669,52,"14,19,20,21,26,40,41,47,48,53,59,60,73,74,75,79"
229510866,1181.01,CP,CP,10.079,2460556.242383,2.1031647,5.059,7142,11,"14,15,17,18,19,20,21,22,23,24,25,26,40,41,47,48,49,50,51,52,53,54,55,56,57,58,59,60,73,74,75,76,77,78,79,81,82"
341544930,1182.01,EB,FP,10.0049,2460386.22206,7.6416041,2.654,6025,108,"14,15,21,22,41,48,49,75,76"
258777137,1183.01,EB,FP,9.9478,2460654.565628,5.9294088,2.933,10226,417,"14,15,16,17,18,19,20,21,22,23,24,25,26,40,41,47,48,49,50,51,53,54,55,56,57,58,59,60,73,74,75,76,77,79,80,82,83,84,85,86"
233087860,1184.01,PC,CP,9.9469,2460558.350441,5.7484439,1.76,1041,56,"14,15,16,17,18,19,20,21,22,24,25,26,40,41,47,48,49,50,51,52,53,54,55,56,57,58,59,60,73,75,76,77,78,79,80,81,82"
83210867,1185.01,EB,FP,9.94025,2460532.182655,1.1967018,1.879,824,32,"14,41,54,55,74,75,81"
289539327,1186.01,EB,FP,9.92402,2460649.2545,11.2464616,7.391,7576,101,"14,16,17,18,19,20,21,22,23,24,25,26,40,41,47,48,49,50,51,52,53,54,55,57,58,60,73,74,75,76,77,78,79,81,82,83,84,85,86"
372757221,1187.01,PC,PC,9.9002,2460310.089156,2.5941968,0.861,907,24,"14,20,21,26,40,41,47,53,60,73"
15247229,1188.01,PC,FP,9.886581,2458687.19253,8.5112,3.486,4172.76,47,14
112026224,1189.01,PC,PC,9.8744,2459441.286476,3.9687994,1.07,1760,19,"14,40,41"
287196418,1190.01,PC,APC,9.80529,2458684.218698,3.694982022576505,4.42930790371344,7178.687342973061,318.9797,"14,16,17,21,26,40,41,47,49,50,51,53,54,55,56,57,58,59,60,73,74,75,76,77,78,80,81,82,83,84,85"
237185205,1191.01,EB,FP,9.7831,2459441.423236,15.7335693,3.288,2540,42,"14,26,40,41"
158276040,1192.01,PC,APC,10.4999,2460524.90576,45.9403293,3.768,14807,93,"14,26,40,41,53,55,74,75,80,81,82"
89643259,1193.01,EB,FP,10.4813,2460337.368138,2.2219839,1.996,4394,41,"14,41,54,55,74"
147950620,1194.01,CP,CP,10.4782,2460367.07216,2.3106428,1.294,6911,124,"14,20,21,40,41,47,48,74,75"
24364065,1195.01,EB,FP,10.4717,2459391.589818,4.050265080941426,3.5296608009544626,691.625816949865,10.1740675,"14,40,74,81"
69068526,1196.01,PC,PC,10.4318,2459785.498161,5.5376617,2.517,5390,59,"14,40,54"
92677094,1197.01,PC,PC,10.4247,2459787.132209,4.5960377,4.744,5000,18,"14,40,54"
203189770,1198.01,KP,KP,10.4219,2460551.040398,3.612771,4.142,11794,187,"14,15,41,55,75"
99869022,1199.01,CP,CP,10.4221,2460360.434669,3.6714717,2.149,4340,96,"14,21,41,48,75"
288185138,1200.01,EB,FP,10.402,2460365.995576,0.8352406,1.043,2065,96,"14,19,21,26,40,41,47,48,52,53,59,60,73,74,75"
29960110,1201.01,CP,CP,10.9473,2458411.670877,2.49197708495188,1.43381409016892,2093.95942014684,17.341845,"4,31"
327017634,1202.01,EB,FP,8.386,2458614.434411,.0,2.726775,878.134108,7.8378444,"11,12"
23434737,1203.01,CP,CP,7.9995,2458553.062116,25.5195306914712,6.68774512927699,558.375863689352,17.002897,"9,10,36,63"
467666275,1204.01,PC,PC,8.004,2458569.940999,1.3812114657147263,2.737219054027781,117.75530827690622,11.841868,"10,11,37,64"
287776397,1205.01,PC,PC,8.3902,2458383.241223,2.39227028059072,9.00534252090447,63.5751409919177,9.076408,"3,6,10,11,12,13,30,33,36,37,39"
308034948,1206.01,PC,FP,8.6014,2458569.713498,0.831542,1.985538,248.969585,10.881971,"10,11"
364393429,1207.01,PC,PC,9.2397,2458325.539664,2.62825531501523,2.09305970724764,75.2858003852234,11.229898,"1,2,3,4,5,6,7,8,9,10,11,12,13,27,28,29,30,31,32,33,34,35,37,38,39,61,62,63,64,65,67,68,69"
273985865,1208.01,PC,PC,10.5924,2458327.476703,3.42394363145001,1.96010233752013,443.639138098296,11.129746,"1,12,13,27,28,39,66,67,68"
273985865,1208.02,PC,PC,10.5924,2458331.120311,10.9830419885588,3.74789868769441,725.172456705044,13.706236,"1,12,13,27,28,39,66,67,68"
273985865,1208.03,PC,PC,10.5924,2458341.801726,17.7264490394487,3.44047185216713,747.772549921805,7.355008,"1,12,13,27,28,39"
30037565,1209.01,PC,PC,9.597,2458337.088331,40.7199388018802,4.24369251459736,355.619391020821,14.941147,"1,2,3,4,5,6,7,8,9,10,11,12,13,27,29,30,31,32,33,34,35,36,37,39,61,62,63,64,65,66,67,68,69"
33878688,1210.01,EB,FP,11.1762,2459187.361317,79.3739596,5.392,1227,100,"1,2,3,5,6,7,8,9,10,11,12,13,27,28,29,30,31,32"
50312495,1211.01,PC,PC,9.8135,2460180.146446,18.1663644,2.464,624,12,"2,13,27,28,29,67,68,69"
389924075,1212.01,PC,PC,10.4016,2458402.036518,105.585089257481,11.6068811411791,462.91163248943,7.122355,"1,2,4,5,6,7,8,9,10,11,12,39"
399144800,1213.01,EB,FP,10.6392,2458576.189436,27.214962165765,3.7190483373615,4731.40462251279,49.73674,"10,11,37,38,64,65"
451606970,1214.01,PC,PC,10.0329,2460821.147336,19.18065687860086,3.716329785566302,615.8668935044719,27.675274003176373,"12,13,27,39,66,67,93"
453260209,1215.01,PC,PC,10.42,2460853.429879,1.2124445774207133,1.033641528035453,284.03329505816794,39.76033955981182,"10,11,12,37,38,39,64,65,66,93"
141527965,1216.01,PC,PC,11.546,2458325.424166,4.55418311586475,7.81469633256373,187.828612757538,10.748336,"1,2,3,4,5,7,8,9,10,11,12,13,27,28,29,30,31,32,33,34,35,36,37,38,39,61,62,63,64,65,66,67,68,69"
248092710,1217.01,PC,PC,9.6517,2458574.940733,41.4856124503181,6.68993682731798,959.752229082511,9.258001,"10,11,37"
294781547,1218.01,PC,PC,10.3869,2460871.03109,13.773945495968611,3.0145451645673695,373.97530529357664,31.663487575868633,"1,2,3,4,6,7,8,9,10,11,12,13,27,28,29,30,31,32,33,34,36,37,38,39,61,62,63,64,65,66,67,68,69,87,88,89,90,93,94"
294981566,1219.01,PC,PC,10.1207,2460906.42004,1.9142693402230322,3.849132843325231,236.61697777443794,101.79128606543523,"1,3,4,5,6,7,8,9,10,11,13,27,28,30,31,32,33,34,35,36,37,38,39,61,62,63,64,65,66,67,68,69,87,88,89,90,93,94,95"
319259194,1220.01,PC,APC,9.5298,2458439.580138,70.3607264582396,1.03254407782581,1353.9678245727,14.077496,"5,8,9,11,12,13,27,28,29,31,32,35,38,39,61,62,63,64,65,66,67,68"
349095149,1221.01,CP,CP,10.0564,2458404.181466,91.6827832276194,9.75048569388035,713.218356855046,17.73272,"1,2,3,4,5,6,7,8,9,10,11,12,13,27,28,29,30,31,32,33,34,35,37,38,39,61,62,63,64,65,66,67,68,69"
374997123,1222.01,PC,PC,10.3014,2458329.466254,10.194499257178,2.26487849862724,317.326114746199,12.791206,"1,2,3,4,5,6,7,9,10,11,12,13,27,29,30,31,32,33,34,35,36,37,39,62,63,64,65,66,67,68,69"
382437043,1223.01,EB,FP,9.3109,2458337.747012,14.6431900156867,2.54834260804878,242.792391937292,10.89704,"1,2,3,4,5,6,7,8,9,10,11,12,13,27,28,29,30,31,32,33,34,35,37,38,39,61,62,63,64,65"
299798795,1224.01,PC,CP,11.556,2458327.705053,4.17826560315297,1.67590401611464,2537.67816018499,18.81182,"1,13,27,28,39,66,67,68"
299798795,1224.02,PC,CP,11.556,2458329.862603,17.9453644920181,3.07400719591409,5480.6848639995,16.267979,"1,13,27,28,39,66,67,68"
150428703,1225.01,PC,PC,11.7582,2458414.082856,13.8963960402975,3.58856053065531,748.533288061156,11.027907,"4,5,6,7,9,10,11,12,13,27,28,29,30,31,32,33,34,36,37,38,39,62,63,64,65,67,68"
150428703,1225.02,PC,PC,11.7582,2458414.548052,8.12131015476004,3.10409453865243,594.644374540225,10.414372,"4,5,6,7,9,10,11,12,13,27,28,29,30,31,32,33,34,36,37,38,39,62,63,64,65,67,68"
177115354,1226.01,PC,PC,11.5514,2458438.458273,3.92878505676442,1.81652707990516,485.976256904032,14.046988,"5,6,7,8,10,13,27,28,29,30,32,33,35,36,37,38,39,61,62,63,65,66,67,68,69"
360156606,1227.01,CP,CP,13.802,2458617.479256,27.3613778368434,4.05864182163197,20690.6684293995,13.578523,"11,12,38,64,65"
300038935,1228.01,CP,CP,9.0963,2460904.701871,29.049680143897646,7.31295722760626,297.06444693308873,102.63961324949261,"1,2,3,4,5,6,7,8,9,10,11,12,13,28,29,30,31,32,33,34,35,36,38,39,61,62,63,64,65,66,67,68,69,87,88,89,90,93,94,95,13625,53"
140760434,1229.01,PC,APC,10.779,2459970.491644,31.8132264129237,11.2567164009311,11479.3755469826,215.36266,"11,12,13,28,29,30,31,32,33,34,35,36,61"
287156968,1230.01,CP,CP,9.6245,2460825.357785,25.057346618423633,6.373302269290084,567.4245524471235,53.360396267792765,"11,12,13,27,38,39,65,66,67,93"
447061717,1231.01,CP,CP,10.2565,2458563.890468,24.245496692,3.37255829635944,6260.67036023302,60.598125,"9,10,36,37,63"
364395234,1232.01,CP,CP,11.7835,2460938.773643,14.254562319115456,4.7250028791627985,7899.693955525235,46.428394,"1,3,4,5,6,7,8,9,10,11,13,27,28,30,31,33,34,35,36,37,38,61,62,63,64,67,68,69,87,97"
260647166,1233.01,CP,CP,8.6522,2459308.481159,14.1758947254494,3.75438268018992,907.132452873569,15.42892,"10,11,37"
260647166,1233.02,CP,CP,8.6522,2459311.402774,19.5901578092393,4.00286096971457,1182.66786413379,19.270168,"10,11,37"
260647166,1233.03,CP,CP,8.6522,2459310.632995,6.20362188553473,3.0109800105516,548.904439934666,18.416348,"10,11,37"
260647166,1233.04,CP,CP,8.6522,2458572.107559,3.79588997084369,2.46028564832258,317.527292830481,10.611289,"10,11,37"
90504905,1234.01,EB,FP,13.7991,2458685.610557,2.268647680504539,5.211214421908537,8734.69375306445,18.538204,"14,40,54,81"
103633434,1235.01,CP,CP,9.91924,2460333.631473,3.4447015,1.912,796,24,"14,20,21,40,41,47,60,74"
120757718,1236.01,KP,KP,11.0248,2459422.690639,3.03007145826677,2.5466671376467,21794.6136956278,327.5781,"14,40,41,53,54"
120960812,1237.01,KP,KP,10.2768,2459781.665928,12.72038,2.401,1070,13,"14,40,41,53,54"
120960812,1237.02,KP,KP,10.2768,2458685.409943,6.23875501334555,3.61785672529817,373.568113846832,9.259248,"14,40,41,53,54"
153951307,1238.01,CP,CP,11.2582,2458684.28731,3.294768919743886,1.748310281586177,1324.0402774187455,24.897747,"14,15,21,22,41,49,74,76"
153951307,1238.02,CP,CP,11.2582,2458684.104681,0.7645806584932745,1.0705699823424166,394.9832005726194,12.527006,"14,15,21,22,41,49,74,76"
154716798,1239.01,CP,PC,10.7192,2459604.095801,12.6396981809105,3.38307016093858,3292.68128637588,27.144175,"14,20,26,40,47,53,59"
158170594,1240.01,KP,KP,13.8046,2459421.32991,1.72085545094936,1.83464091474227,10014.258740094,34.395763,"14,26,40,41,53,55"
159107668,1241.01,PC,PC,11.1634,2459421.236112,4.78025969477922,1.45886577118574,1015.45500425554,14.010956,"14,15,40,41"
198212955,1242.01,PC,PC,11.598,2459664.126568,0.3814849,0.565,570,27,"14,15,16,17,18,19,20,21,22,23,24,25,26,40,41,48,49"
219698776,1243.01,PC,CP,11.1966,2459598.143164,4.65951692268813,0.901182068655105,1725.17062589876,14.432014,"14,20,40,47,53,60"
219850915,1244.01,PC,CP,11.0157,2459913.810947,6.40028074824178,2.15598747353993,1026.6018729023,28.111683,"14,15,16,17,19,20,21,22,23,24,25,26,40,41,47,49,50,51,52,53,54,59"
229781583,1245.01,PC,CP,12.1819,2459764.329317,4.8204512,1.756,1930,20,"14,15,16,17,18,19,20,21,22,23,25,26,40,41,47,48,49,50,51,52"
230127302,1246.01,CP,CP,11.1802,2458688.9567,18.65548152135253,5.383139477407035,1377.3362742200675,33.734093,"14,15,16,17,19,20,21,22,23,24,25,26,40,41,47,49,50,51,52,53,54,55,56,57,58,59,60,73,74,76,77,78,79,80,81,82,83,84,85,86"
230127302,1246.02,CP,CP,11.1802,2459737.587215,4.30745132484352,2.33791957547369,1094.84194953462,35.282627,"14,15,16,17,19,20,21,22,23,24,25,26,40,41,47,49,50,51,52,53,54,55,56,57,58,59,60"
230127302,1246.03,CP,CP,11.1802,2458683.464592,5.904153392689971,3.059469831305324,708.9188497823332,30.236607,"14,15,16,17,19,20,21,22,23,24,25,26,40,41,47,49,50,51,52,53,54,55,56,57,58,59,60,73,74,76,77,78,79,80,81,82,83,84,85,86"
230127302,1246.04,CP,CP,11.1802,2458700.697302,37.9251983365383,3.53452194751861,1370.78885385772,16.44205,"14,15,16,17,19,20,21,22,23,24,25,26,40,41,47,49,50,51,52,53,54,55,56,57,58,59,60"
232540264,1247.01,PC,CP,8.4724,2460311.844914,15.9234883,4.021,493,32,"14,15,16,20,21,22,26,40,41,47,49,53,56,60,74"
232612416,1248.01,PC,CP,11.1153,2458687.1215,4.36015363069142,2.34089090401272,5592.29091829886,213.11763,"14,15,16,17,18,19,20,21,22,23,24,25,26,40,41,47,48,49,50,51,52,53,55,56,58,59"
232976128,1249.01,PC,CP,10.2108,2460342.349121,13.0791581,2.97,1143,20,"14,15,21,22,41,48,49,75"
233059608,1250.01,V,FA,6.895,2458683.642967,1.44150441658437,0.927452380984427,547.317273629585,7.2832127,14
233120979,1251.01,PC,APC,10.6479,2459759.178675,5.9630544,2.951,11000,298,"14,15,16,18,19,20,21,22,23,24,25,26,40,41,48,49,51,52"
233211762,1252.01,PC,PC,12.0623,2459662.042876,1.12197149508784,0.822612107351014,3997.64459160281,64.59633,"14,15,16,17,18,19,21,22,24,25,26,41,47,48,49,51,52,53,54,55"
233684822,1253.01,O,FP,9.89947,2460658.633557,4.6756655,1.914,738,30,"14,15,16,17,18,19,21,22,23,24,25,26,40,41,48,49,51,52,53,54,55,56,57,58,59,60,74,75,76,78,79,80,81,82,83,84,85,86"
236714379,1254.01,PC,APC,10.794,2459716.011222,1.01801139006513,1.13536389329344,2618.9492168263,118.722534,"14,15,16,17,18,20,21,22,23,24,40,41,47,48,49,50,51,53,54,55,56,57,58"
237222864,1255.01,CP,CP,9.1416,2460646.544681,10.288886,1.391,854,50,"14,15,16,17,19,20,21,22,23,24,25,26,40,41,47,49,50,51,52,53,54,55,56,57,58,59,60,73,74,75,77,78,79,80,81,83,84,85,86"
274762761,1256.01,PC,FP,13.5608,2458683.947476,1.03324411383409,3.80178363450511,26111.5081972147,8.785042,"14,15"
278348461,1257.01,KP,KP,9.87463,2459820.977365,5.4526479,3.401,7750,147,"14,41,54,55"
288132261,1258.01,PC,PC,9.13619,2460333.648786,10.2613397,4.855,726,37,"14,20,21,26,40,41,47,48,53,60,73,74"
288735205,1259.01,CP,CP,11.1534,2459764.874089,3.47797762846933,2.51034887489644,27021.693242358,902.9762,"14,17,18,19,20,21,24,25,26,40,41,47,48,50,51,52,53,54,55,58,59,60"
355867695,1260.01,CP,CP,10.8116,2459634.760516,3.12746344589069,1.98126946443944,1331.83692998239,17.032537,"14,21,41,47,48"
355867695,1260.02,CP,CP,10.8116,2458686.119718,7.49316133323679,1.93392950682202,1650.64704966477,15.933478,"14,21,41,47,48"
355867695,1260.03,PC,CP,10.8116,2458879.323459,49.8251659648395,3.87149763824641,2059.40690368267,10.817838,"14,21,41,47,48"
356311210,1261.01,PC,PC,10.6965,2459628.771413,18.0574016082718,3.59217696420656,1198.05721281664,19.749617,"14,17,18,20,21,24,25,26,40,41,47,48,50,51,52,53,54,55,56,57,58,59,60"
365938305,1262.01,PC,CP,9.5966,2460322.358008,20.8774413,3.562,771,21,"14,20,21,40,41,47,48,60,74"
406672232,1263.01,PC,PC,8.5325,2460557.928454,1.0214555,1.252,319,27,"14,41,55,81,82"
416195870,1264.01,PC,PC,10.634,2459765.819264,2.7441672,1.418,5650,190,"14,15,16,17,19,20,22,23,25,26,40,41,47,49,50,52"
424865156,1265.01,KP,KP,10.0274,2460558.800568,2.2047452,3.996,6872,273,"14,15,40,41,54,55,74,75,81,82"
467179528,1266.01,CP,CP,11.0402,2459649.751299,10.8948420981743,2.07193939554612,3168.38535839801,37.82544,"14,15,21,22,41,48,49"
467179528,1266.02,CP,CP,11.0402,2459630.046434,18.8016111099805,1.90935241025175,1686.78810332636,15.856179,"14,15,21,22,41,48,49"
158561566,1267.01,KP,KP,11.636,2459425.412816,6.79009811134125,6.07865762764848,2158.17335676616,29.824783,"14,15,26,40,41,53,54,55"
142394656,1268.01,CP,CP,10.1495,2460359.607231,8.157721,3.788,10273,238,"15,21,22,41,48,49,75"
198241702,1269.01,PC,CP,10.9897,2458686.60881,4.25296414061114,2.57338670962563,758.584999022513,34.025505,"14,15,16,17,18,19,20,21,22,23,24,25,26,40,41,47,48,49,50,51,52,53,54,55,56,57,58,59,60"
198241702,1269.02,PC,PC,10.9897,2459739.097032,9.2378703,2.535,660,13,"14,15,16,17,18,19,20,21,22,23,24,25,26,40,41,47,48,49,50,51,52"
237200747,1270.01,PC,FP,11.463,2459695.445887,14.3034613,3.135,48840,573,"14,15,16,17,18,19,20,21,22,23,24,25,26,40,41,47,48,49,51"
286923464,1271.01,KP,KP,7.4556,2459657.449461,6.1349783,5.661,3860,66,"15,16,22,49"
417948359,1272.01,PC,CP,11.0244,2459661.401357,3.3159772,1.494,2770,35,"15,16,22,49"
445859771,1273.01,PC,CP,10.418,2459684.920137,4.6313014,1.435,4860,11,"15,16,22,23,48,50"
459969957,1274.01,PC,PC,11.8994,2459736.340774,19.3203478,4.215,13910,192,"14,15,17,18,19,20,21,22,23,24,25,26,40,41,47,48,49,50,51,52,54,55"
13499636,1275.01,PC,FA,10.5954,2458714.596964,11.3246821431207,5.97041357430429,1937.58297208206,7.1837444,15
43064903,1276.01,EB,FA,12.5405,2459770.682182,6.26116895033486,2.03691881749237,4005.0228080017,11.06697,"15,41"
153949511,1277.01,IS,FA,9.76775,2458729.542462,.0,4.6,1405.96750707293,9.520958,15
153949511,1277.02,PC,PC,9.76775,2460319.121018,14.8559691,3.711,1127,17,"14,15,21,47,48,74"
163539739,1278.01,CP,CP,11.7819,2459826.540249,14.4751062310922,1.61824838856528,9618.57985337733,23.134491,"15,55,56"
224297258,1279.01,PC,CP,9.99454,2459659.673503,9.61416356821561,3.42718819081728,933.653268853792,18.387505,"15,21,22,41,48,49"
230017324,1280.01,PC,PC,10.6355,2458691.302548,9.692639245720294,3.0182304324685614,1838.2370548108781,51.13625,"14,15,16,17,18,19,20,21,23,24,25,26,40,41,47,48,49,50,51,52"
232971294,1281.01,PC,CP,9.6635,2460351.314066,6.390888,3.766,435,16,"14,15,20,22,40,41,47,74"
236445129,1282.01,KP,KP,11.4373,2459445.892853,0.968992717542034,2.54963090157357,13532.9710157306,210.73773,"15,41,55"
266593143,1283.01,KP,KP,9.7525,2460539.055031,10.338505,4.242,18162,275,"15,55,56,82"
267561446,1284.01,PC,FP,12.5313,2458711.815604,1.283251,2.012261,1961.318203,11.733728,"15,16"
274662200,1285.01,EB,FP,10.9313,2458712.357228,1.2292558221552399,1.6084720692869148,1194.4742437923055,29.538675,"15,16,55,76,82,83"
277507814,1286.01,PC,APC,10.1653,2458711.52959,0.616695299121633,0.9984078293839356,929.8378447583381,68.78714,"15,16,55,56,57,75,76,77,82,83,84"
352764091,1287.01,PC,PC,8.593,2459828.256927,9.60011256163921,4.98828568473415,380.419379646118,20.399652,"15,16,17,18,24,48,55,56,57,58"
365733349,1288.01,CP,CP,9.93119,2460445.649979,2.6998294,2.208,2798,99,"15,16,17,18,24,56,57,58,76,77,78"
408203470,1289.01,PC,FP,12.9984,2458711.410631,0.581321957121083,1.32611770331108,3206.60100155666,8.015348,15
417676622,1290.01,KP,KP,9.50898,2460551.373546,5.3987355,3.127,352,20,"14,15,40,41,54,55,74,75,80,81,82"
198186769,1291.01,PC,PC,10.8722,2459734.427241,7.16199,7.668,800,31,"14,15,16,17,18,19,20,21,22,23,24,25,26,40,41,47,48,49,50,51,52,53,54,55,59"
199688472,1292.01,EB,FP,9.84566,2460351.142333,1.4412175,1.666,12927,586,"14,15,16,17,18,19,20,21,22,23,25,26,40,41,47,48,49,50,51,52,53,54,55,56,57,58,59,60,73,74"
202504234,1293.01,PC,PC,10.8605,2459689.485255,1.6849938,0.916,990,25,"14,15,16,21,22,23,41,48,50"
219015370,1294.01,PC,CP,10.9458,2459663.161776,3.9152737,2.562,3350,91,"14,15,16,20,21,22,40,41,47,48,49"
219852584,1295.01,PC,CP,10.7973,2459913.379043,3.19688379720634,3.75336974536129,7958.98065603973,363.3126,"14,15,16,17,18,19,20,21,22,23,24,25,26,40,41,47,48,49,50,51,52,53,54,55"
219854185,1296.01,CP,CP,10.8041,2458930.755684,3.944371177866278,4.842757471578607,6663.619198463417,470.65027,"14,15,16,17,18,19,20,22,23,24,25,26,40,47,48,49,50,52,53,54,55,56,57,58,59,60,73,74,75,76,77,78,79,80,81,82,83,84,85,86"
229536616,1297.01,PC,FP,10.9873,2458686.93866,3.93034,3.667,9724.58,140,15
237104103,1298.01,CP,CP,10.9585,2459764.419877,4.53713613061262,4.0421550482811,4199.75587538028,169.72237,"14,15,16,17,18,19,20,21,22,23,24,25,26,40,41,47,48,49,50,51,52,53,54,55,56,57,59,60"
258777134,1299.01,EB,FP,10.451,2459599.130762,5.929405,3.719,16410,381,"14,15,16,17,18,19,20,21,22,23,24,25,26,40,41,47"
293687315,1300.01,KP,KP,9.823,2460419.967332,2.8716983,4.668,8568,179,"15,16,22,23,48,50,75,77"
356867115,1301.01,PC,CP,10.5216,2459710.294209,6.09640744087736,2.3632965070759,1142.48917449077,32.207333,"14,15,16,17,18,19,20,21,23,24,25,26,40,41,47,48,49,50,51,53,54,55,56,57,58,60"
356867115,1301.02,PC,PC,10.5216,2458999.462385,.0,8.05557091784835,2143.37122665314,7.658764,"14,15,16,17,18,19,20,21,23,24,25,26,40,41,47,48,49,50"
441797803,1302.01,PC,PC,10.6724,2459738.402777,5.6666168,3.604,9780,333,"14,15,16,17,18,19,21,22,24,25,41,47,48,49,50,51,52"
185405474,1303.01,PC,FP,9.87278,2458684.13635,1.56029,2.751,1690,43,"14,15"
186000935,1304.01,EB,FP,9.76577,2460552.790682,8.8735214,4.059,1949,44,"14,15,41,54,56,75,81,82"
232679662,1305.01,EB,FP,10.3018,2460650.647652,7.8513774,6.699,21571,173,"14,15,16,19,22,23,25,26,40,41,49,52,53,54,55,56,57,58,59,60,73,74,75,76,79,80,81,82,83,84,85,86"
233735068,1306.01,EB,FP,10.0194,2459852.045455,7.6869063,4.652,4500,218,"14,15,16,17,18,19,20,21,22,23,24,25,26,40,41,47,48,49,50,51,52,53,54,55,56"
236815160,1307.01,PC,APC,10.7967,2459391.543865,2.534623169981408,2.4058382701080934,5119.247324691692,234.3749,"14,15,16,17,18,19,20,21,22,23,24,25,26,40,41,47,48,49,50,51,52,53,54,55,56,57,58,59,60,73,74,75,76,77,78,79,80,81,82,83,13112,50,86"
277014266,1308.01,PC,FP,10.6168,2459446.290468,1.3797091,2.352,1320,43,"14,15,16,41"
287190564,1309.01,PC,FP,10.6229,2458684.76284,1.49861,2.871,2188.61,36,15
294179389,1310.01,O,FP,10.5742,2459797.430671,2.67941292046765,2.994683536375042,7467.997866254617,156.5425,"14,15,16,55,75,76,81,82,83"
378159598,1311.01,PC,APC,10.5819,2459392.643721,6.140714555925152,2.368970127486506,9589.55435863098,183.4583,"15,40,41,54,55,74,75,81,82"
405904232,1312.01,EB,FP,10.1098,2459430.354996,11.076508089784403,4.942178345990159,4741.301706992707,173.50876,"14,15,16,41,54,55,56,75,76,81,82,83"
11111899,1313.01,EB,FP,9.6996,2460557.800973,0.6193401,1.514,1853,55,"14,15,41,54,55,75,81,82"
136848581,1314.01,EB,FP,9.90482,2460365.8222,2.6400663,3.368,1328,31,"15,16,55,56,75"
137284119,1315.01,EB,FP,9.14819,2460584.18067,2.571698,3.032,1173,52,"15,16,55,56,75,76,82,83"
15565627,1316.01,PC,FP,10.3332,2458684.06072,3.80509,3.347,1280,16,"14,15"
165523947,1317.01,EB,FP,10.2918,2458711.85776,2.99041,3.952,1290,11,15
167092385,1318.01,PC,PC,10.151,2460557.056579,4.9865029,2.441,1341,21,"15,55,56,75,76,82"
167098530,1319.01,EB,FP,9.3213,2459823.85374,0.890967,1.784,1100,23,"15,55"
167403519,1320.01,PC,PC,10.334,2460556.464958,3.9729429,3.653,4558,39,"15,55,56,75,76,82"
195199644,1321.01,PC,FP,10.0849,2458712.25971,1.19888,1.558,1169.03,17,15
240450679,1322.01,PC,APC,10.0819,2458711.44969,3.37644,1.437,5791.2,33,15
256886630,1323.01,EB,FP,8.26618,2458713.20059,2.03905,2.26,430,11,"15,16"
266688542,1324.01,EB,FP,10.1894,2460389.230214,2.9424142,4.073,1400,30,"15,16,56,76"
274942910,1325.01,EB,FP,9.9809,2460393.552555,1.0793011,2.196,1562,46,"15,16,56,76"
275111900,1326.01,EB,FP,8.6746,2459823.091016,8.0428575,9.504,18730,17,"15,16,55,56"
312083267,1327.01,PC,APC,8.38189,2459423.338103,3.9392205512152536,1.999478076214002,1216.7147907362619,63.174583,"14,15,41,54,55,75,81,82"
330332501,1328.01,PC,FP,10.3599,2459819.789519,4.0157492,2.706,1150,15,"15,16,55"
345996087,1329.01,EB,FP,10.2835,2460368.702804,2.0219700171366246,4.960219362749066,1062.765457697386,23.942781,"15,76,83"
357457104,1330.01,EB,FP,9.521,2459852.148977,1.748054,2.122,670,18,"15,16,55,56"
387664866,1331.01,EB,FP,9.08409,2460369.418962,2.6551877625207094,4.037005490333568,1086.3110363446006,23.424751,"15,76,83"
387664868,1332.01,PC,FP,10.8823,2458712.51369,2.65688,2.615,1959.88,10,15
395171208,1333.01,CP,CP,9.03527,2459847.968306,4.7201912,4.416,6710,162,"15,16,56"
42123111,1334.01,PC,FP,9.5526,2458686.4671,4.03349,2.684,1530,15,"14,15"
89759617,1335.01,EB,FP,10.4806,2460556.814746,3.3295346,3.79,5004,46,"14,15,41,54,55,74,75,81,82"
92783821,1336.01,PC,FP,10.2115,2459442.068334,3.8615978,1.678,1020,14,"14,15,41"
160708862,1337.01,KP,KP,9.8787,2460087.939719,3.3448312,3.322,13626,130,"11,38,65"
260128333,1338.01,CP,CP,11.4881,2459238.21949,95.174,11.6316864122452,2600.06160504333,11.846099,"4,5,6,7,8,9,10,11,12,27,28,29,30,31,32,34,35,36,37,38,39"
269701147,1339.01,CP,CP,8.2929,2460651.26694,8.8803281,2.71,1238,84,"15,16,17,18,19,21,22,24,25,41,48,49,51,52,55,56,59,60,73,75,76,77,78,79,82,83,85,86"
269701147,1339.02,CP,CP,8.2929,2460612.35145,28.580474,4.513997730297906,1081.3969430248926,81.75448,"15,16,17,18,19,21,22,24,25,41,48,49,51,52,55,56,59,60,73,75,76,77,78,79,82,83,85,86"
269701147,1339.03,CP,CP,8.2929,2460661.127783,38.3511223,5.912019262870903,1029.091726144485,38,"15,16,17,18,19,21,22,24,25,41,48,49,51,52,55,56,59,60,73,75,76,77,78,79,82"
233681149,1340.01,EB,FP,10.8037,2458683.690471,8.586550895639057,4.673929324875559,1754.773183619425,81.97091,"14,15,16,17,18,19,21,22,24,25,26,40,41,47,48,49,51,52,53,54,55,56,57,58,59,60,74,75,76,78,79,80,82,83,84,85,86"
233390838,1341.01,EB,FP,9.53591,2459820.572994,6.4474918,2.643,9270,231,"14,15,16,17,41,55,57"
256621916,1342.01,EB,FP,10.4243,2460352.578093,1.4136455,1.448,2427,72,"14,15,16,24,41,54,55,57,74"
358631536,1343.01,EB,FP,10.0062,2460552.940939,3.4040139,4.837,935,34,"15,16,55,56,75,76,82"
1400770435,1344.01,EB,FP,8.88797,2460637.867682,13.7432169,2.73,5046,237,"14,15,16,17,18,19,20,21,23,24,25,26,40,41,47,48,49,50,51,52,53,54,55,57,58,59,60,73,74,75,76,77,78,80,81,82,83,84,85,86"
160487753,1345.01,PC,PC,10.8049,2458715.45948,8.47134,6.989,540,9,"15,16,19"
219852882,1346.01,PC,CP,10.7261,2459766.224945,5.50255772450521,3.17110076667725,844.7022675774,16.889906,"14,15,16,17,18,19,20,21,22,23,24,25,26,40,41,47,48,49,50,51,52,53,54"
219852882,1346.02,PC,CP,10.7261,2459741.887113,1.76225372590622,0.877971078587436,733.555082176944,14.216063,"14,15,16,17,18,19,20,21,22,23,24,25,26,40,41,47,48,49,50,51,52,53,54"
229747848,1347.01,PC,CP,10.7157,2459664.026959,0.847421801745099,0.875876445310838,424.393284831207,24.57215,"14,15,16,17,19,20,21,22,23,24,25,26,40,41,47,49,50,51,52,53,54,55,56,57,58,59,60"
229747848,1347.02,PC,CP,10.7157,2459656.582609,4.84204381617427,2.41056484817336,318.663839224601,8.874897,"14,15,16,17,19,20,21,22,23,24,25,26,40,41,47,49,50,51,52,53,54,55,56,57,58,59,60"
229770036,1348.01,EB,FP,10.6666,2458684.50279,2.140349836931907,2.7414131622434215,435.3645005333761,36.010677,"14,15,16,17,19,20,21,22,23,24,25,26,40,41,47,49,50,51,52,53,54,55,56,57,58,59,60,84,85,86"
272635712,1349.01,PC,APC,9.34822,2458693.57405,12.71672,2.529,388.126,9,16
233953967,1350.01,PC,PC,10.3589,2459851.288394,5.5402372,7.713,2710,34,"14,15,16,41,55,56"
1718201850,1351.01,PC,APC,10.3267,2460654.56565,5.9294089,2.928,14536,419,"14,15,16,17,18,19,20,21,22,23,24,25,26,40,41,47,48,49,50,51,53,54,55,56,57,58,59,60,73,74,75,76,77,79,80,82,83,84,85,86"
336740528,1352.01,PC,APC,10.4209,2460604.777484,5.2958813,2.882,5100,61,"16,17,24,83,84"
279177746,1353.01,EB,FP,10.1503,2460551.553803,4.4350025,2.252,2085,31,"15,16,55,56,75,76,82"
365683032,1354.01,EB,FP,8.78822,2460556.601695,1.4287976,2.93,1768,40,"15,16,56,75,76,82"
372264750,1355.01,PC,CP,8.65269,2459853.582179,2.17027250858943,2.14178532478465,5156.7735358688,186.95218,"16,17,18,24,57,58"
277566483,1356.01,PC,PC,8.9468,2459849.242233,24.2544697,17.486,8802,202,"15,16,55,56,57"
357972447,1357.01,EB,FP,10.2193,2460393.796914,0.33759,1.351,529,18,"15,16,55,56,75,76"
275501623,1358.01,EB,FP,8.63701,2458739.59911,1.67346,2.54,390,25,"16,17,24"
416624606,1359.01,EB,FP,10.2732,2459821.804188,2.5152549,2.386,1870,48,"15,16,41,55"
330468175,1360.01,PC,FP,10.0146,2458739.28,0.70902,2.49,570,19,"15,16"
277447970,1361.01,PC,PC,10.2202,2460608.708763,2.237462,2.991,4281,54,"15,16,56,57,76,77,83,84"
395142888,1362.01,PC,PC,9.7736,2460422.958913,1.9173816,1.466,664,18,"16,17,24,57,77"
230017325,1363.01,O,FP,10.3843,2460649.216907,9.6926509,2.819,1393,43,"14,15,16,17,18,19,20,21,23,24,25,26,40,41,47,48,49,50,51,52,53,54,55,56,57,58,59,60,73,74,75,76,77,78,79,80,81,82,83,84,13368,56"
26880783,1364.01,PC,PC,9.2118,2460530.034744,1.7753644,2.034,878,69,"16,40,54,55,56,74,75,76,81,82"
367099243,1365.01,EB,FP,10.4849,2460421.898853,1.8286961,3.37,7283,126,"16,17,18,19,24,25,52,57,58,59,73,77"
120602501,1366.01,EB,FP,8.48216,2459830.772785,14.8626982035114,3.32505015900045,8264.21939186854,169.92651,"16,56"
129539786,1367.01,EB,FP,9.24102,2459850.248203,2.0881134,2.307,730,28,"16,56"
136971594,1368.01,PC,FP,9.1384,2458711.81369,1.25562,2.304,290,10,"15,16"
155005217,1369.01,PC,FP,10.4216,2459867.206961,7.6047417,5.23,1200,24,"16,56,57"
155114483,1370.01,EB,FP,9.25068,2459877.368408,5.2651271,2.463,3450,93,"16,17,57"
162130054,1371.01,PC,APC,9.948,2459828.494058,5.009523532246167,2.8316961079561143,9323.741084317578,129.18011,"15,16,56,83"
164150539,1372.01,O,FP,10.3126,2459850.543759,6.1600888,1.67,1120,14,"16,56"
176899385,1373.01,KP,KP,9.995771,2460605.038813,3.8529998,3.225,8913,236,"16,17,57,84"
190430205,1374.01,EB,FP,9.8261,2458712.06866,1.06884,2.512,470,11,"15,16"
190442486,1375.01,EB,FP,10.4568,2459850.13104,5.4561177,3.1,1360,17,"15,16,56"
190743990,1376.01,EB,FP,10.2566,2460582.487167,1.7380504,1.496,956,11,"15,16,56,76,83"
240613164,1377.01,PC,FP,10.1441,2458712.05324,1.99143,4.136,16745.8,65,16
249812036,1378.01,EB,FP,9.624,2460561.395306,5.7785318,2.348,4990,81,"16,17,56,57,76,77,83"
252490659,1379.01,PC,APC,10.3842,2459871.438619,1132.02446857086,4.119,18121.2,33,"16,57"
274170255,1380.01,EB,FP,9.32845,2458712.04951,1.41072,2.623,500,14,"15,16"
275722992,1381.01,PC,PC,10.379,2460552.174345,6.5601782,4.058,2474,34,"15,16,55,56,75,76,82"
276360911,1382.01,PC,FA,9.62426,2458738.89623,0.44482,1.058,1610,11,"16,17"
313506357,1383.01,EB,FP,9.5621,2459880.029372,1.532703,2.698,1250,47,"16,17,57"
328167090,1384.01,EB,FP,10.0009,2459880.756663,0.7131492,2.428,450,26,"16,17,56,57"
329864959,1385.01,EB,FP,8.437,2458739.968805,4.522878085862466,5.3451648724692795,25701.80527797591,332.1655,"16,17,56,57,76,77,83,84"
343019899,1386.01,CP,CP,10.0618,2460561.017924,25.8386422,5.209,1806,25,"16,17,56,57,76,77,83,84"
343442463,1387.01,PC,FP,8.95861,2458739.5222,0.78381,1.443,426.099,18,16
346338552,1388.01,KP,KP,9.76031,2460606.436882,4.4652986,2.502,14440,215,"16,56,57,83,84"
353038705,1389.01,PC,PC,9.957501,2459851.063533,3.062624,1.767,580,14,"15,16,56"
365389353,1390.01,EB,FP,10.3093,2460605.160178,2.6380089,3.55,1683,37,"15,16,56,57,76,77,83"
389182138,1391.01,EB,FP,10.4602,2460610.162144,2.7260173,2.703,1165,16,"16,17,57,77,84"
416987878,1392.01,PC,FP,10.399,2458712.7665,2.86876,2.422,1030,12,"15,16"
430528566,1393.01,EB,FP,10.1993,2460405.442909,0.5590256,0.688,660,15,"16,17,56,57,76"
431156009,1394.01,EB,FP,9.44275,2460403.663304,2.958148,3.769,980,28,"16,17,57,76"
468472950,1395.01,EB,FP,10.1277,2459797.368986,0.9872436219483917,1.4987493061807586,334.8457360647524,17.025497,"15,16,55,56,76,82,83"
468845640,1396.01,EB,FP,10.3217,2460370.248605,3.9914877074324124,5.445259517618452,2009.4240538777678,29.570356,"16,17,76,77,83"
64553698,1397.01,EB,FP,10.1799,2458965.050909,8.6795072,3.628,10160,128,"16,17,24,57"
66445643,1398.01,PC,APC,8.6291,2459830.893828,6.556015576835642,3.547729217937456,860.9545481945298,44.981373,"16,17,56,57,76,77,83,84"
66783360,1399.01,PC,FP,10.2107,2459881.30632,1.3812787,2.4,1573,30,"16,17,57"
258801269,1400.01,PC,FP,10.938,2458689.02568,5.48923,3.29,910,19,"14,15,16,17,18,19"
259126549,1401.01,EB,FP,10.9828,2459658.948928,7.3845072,4.531,25160,686,"14,15,16,18,19,20,21,22,23,24,25,26,40,41,47,48,49"
259129875,1402.01,PC,FP,10.5896,2458684.09715,0.43889,0.947,650,27,"14,15,16,17,18,19"
328750515,1403.01,EB,FP,10.7387,2459825.344785,2.33596224707241,6.01656841700047,3066.24927491273,11.78653,"16,17,56"
352239069,1404.01,PC,PC,10.9425,2459908.512546,6.8674054,3.488,779,23,"14,15,16,17,20,23,24,26,40,41,47,50,53,54,55,56,57,58"
352239069,1404.02,PC,PC,10.9425,2459908.522961,14.431887,3.265,1687,30,"14,15,16,17,20,23,24,26,40,41,47,50,53,54,55,56,57,58"
387834907,1405.01,EB,FP,8.4239,2458739.88011,12.64001,6.893,9458.38,75,"16,17"
231736113,1406.01,PC,CP,11.4266,2459218.231402,10.5739824,4.04,5460,51,"4,5,6,31,32,33"
69747919,1407.01,KP,KP,7.7275,2459085.39112,9.97833192740438,4.22817105879977,179.224845640238,8.511921,"2,28"
364186197,1408.01,CP,CP,8.82374,2460661.181674,4.4247042,1.318,2447,132,"16,17,18,19,24,25,52,57,58,59,73,76,77,78,79,84,85,86"
364186197,1408.02,CP,KP,8.82374,2460479.047419,2.2222094,2.461,87,9,"16,17,18,19,24,25,52,57,58,59,73,76,77,78,79"
115771549,1409.01,PC,APC,8.3764,2458740.047157,4.718286622397837,4.565954743337642,2789.0710017978563,127.25435,"16,56,83"
199444169,1410.01,PC,CP,10.1917,2459850.737058,1.2168732,0.86,1240,23,"16,56"
116483514,1411.01,CP,CP,9.1043,2460447.085367,1.4520486,1.339,393,20,"16,23,24,50,51,77,78"
116483734,1412.01,PC,APC,11.0997,2459714.075511,4.731977,0.361,3470,25,"16,23,24,50,51"
119700084,1413.01,PC,PC,10.1188,2459829.698976,6.11821285129936,0.667144093941722,1805.1895772547,9.082013,"16,56"
125442121,1414.01,PC,APC,11.029,2458739.342467,3.019625426596553,3.904285505747408,11317.71060671417,43.681633,"16,57,84"
148782377,1415.01,PC,PC,8.39816,2458745.710132,14.420489610653885,5.173761900058924,1061.4991495778816,24.004503,"16,23,50,77"
158025009,1416.01,CP,CP,9.0739,2460423.263435,1.0697621,1.356,376,15,"16,23,50,77"
164173105,1417.01,CP,CP,8.51017,2459827.0017,3.0726433986671284,2.2602485036149504,10471.494969708894,60.761208,"16,56"
224600500,1418.01,V,FA,6.76754,2458684.277966,0.6763235099057,4.91645896917736,30.1617976927031,14.117514,"14,15,16,17,18,19,20,21,22,23,24,25,26,40,41,47,48,49,50"
311035838,1419.01,KP,KP,10.7164,2459661.5681,2.8997405,1.849,13760,191,"16,22,49"
321857016,1420.01,PC,CP,11.2287,2459830.458192,6.95611336692387,3.36280033167644,15989.2311010423,124.317764,"16,24,56"
329277372,1421.01,EB,FP,10.5998,2458739.765728,2.8879375457653076,3.6532988745011643,23524.685157178457,188.67172,"16,17,56,57,76,83,84"
333473672,1422.01,CP,CP,10.1308,2459864.063759,13.001789009595,4.48473217259691,1339.58376636582,16.339954,"16,17,57"
333473672,1422.02,CP,PC,10.1308,2460588.265245,.0,2.133640899160825,1149.0506851875077,9.323209,"16,17,57,84"
346418409,1423.01,EB,FP,10.9243,2458740.960089,2.7563940624080074,3.31009357191565,2670.2144473413096,47.891712,"16,56,57,83"
418959198,1424.01,EB,FP,10.5152,2458740.528888,4.8962769154803265,1.7911892586005496,1119.400291761658,17.32693,"16,56,83"
350132371,1425.01,PC,APC,9.25755,2458739.132423,1.0318262987269038,1.089278232169826,5232.586663431535,323.32245,"16,17,18,24,57,58,77,78,84,85"
128501004,1426.01,PC,FP,9.76952,2458739.0012,0.78999,1.153,5750,54,16
2041563029,1427.01,PC,FP,10.0526,2458747.00971,12.80758,3.596,27112.7,123,16
377304435,1428.01,PC,FP,10.8475,2458691.56061,11.35626,6.047,2190,21,"14,15,16,19"
138968089,1429.01,PC,FP,11.6459,2458711.558151,0.64125576252515,1.11610815676246,1029.53483332511,7.2701707,15
293954617,1430.01,CP,CP,8.3879,2460549.311109,7.4341456,2.424,701,45,"14,15,16,41,54,55,56,75,76,81,82"
375506058,1431.01,CP,CP,7.79824,2460554.58625,2.650232,2.03,6449,615,"15,16,55,56,57,76,77,82"
256783784,1432.01,PC,CP,9.4653,2459851.690817,6.1095756,2.441,510,12,"15,16,56"
13684720,1433.01,PC,APC,12.4647,2458695.010937,12.43797704361194,1.7109529918019701,107230.42200682044,108.19856,"14,15,41,55,75,81,82"
138588540,1434.01,PC,PC,8.0621,2458703.408327,29.871852972519793,4.696053457029553,712.5668187148589,13.851771,"14,15,21,41,48,75"
153976959,1435.01,PC,CP,9.9802,2458683.431524,0.685817831603683,1.3936362938914417,148.22775824476574,10.692328,"14,15,41,48,49,75,76"
154383539,1436.01,PC,PC,11.0906,2459690.565813,0.867588348400582,1.38149534569689,321.48409325254,10.646988,"15,16,22,23,49,50"
198356533,1437.01,CP,CP,8.69378,2460660.183368,18.840891,5.765,331,37,"14,15,16,17,18,19,20,21,22,23,24,25,26,40,41,47,48,49,50,51,52,53,54,55,56,57,58,59,60,73,74,75,76,77,78,79,80,81,82,83,13112,50"
229650439,1438.01,PC,CP,10.3237,2460641.839847,5.1396666,0.8991981095838988,769.599682397961,23,"14,15,16,17,18,19,20,21,23,24,25,26,40,41,47,48,49,50,51,53,54,55,56,57,58,60,73,74,75,76,78,79,80,81,83,84,85"
229650439,1438.02,PC,CP,10.3237,2460632.101735,9.4280902,1.377,799,19,"14,15,16,17,18,19,20,21,23,24,25,26,40,41,47,48,49,50,51,53,54,55,56,57,58,60,73,74,75,76,78,79,80,81,83,84,85"
232982558,1439.01,CP,CP,9.98671,2460638.545561,27.6438617,5.321,560,27,"14,15,16,17,18,19,20,21,22,23,24,25,26,40,41,47,48,49,50,51,52,53,54,55,56,57,58,59,60,73,74,75,76,77,78,79,80,81,82,83,13112,50,86"
233617847,1440.01,PC,PC,9.80972,2459956.401035,15.5174519,5.322,434,19,"14,15,16,17,18,20,21,23,24,25,26,40,41,47,48,49,50,51,52,53,54,55,57,58,59,60"
233617847,1440.02,PC,PC,9.80972,2459656.057163,4.62742058605696,4.65825734044037,152.414292428404,9.551655,"14,15,16,17,18,20,21,23,24,25,26,40,41,47,48,49,50,51,52,53,54,55,57,58,59,60"
233951353,1441.01,PC,CP,9.48477,2460418.661942,22.092974,5.813,435,15,"14,15,16,17,41,55,57,75,76,77"
235683377,1442.01,CP,CP,12.4934,2458683.45243,0.4090674830756468,0.5976165322595179,1283.4807228623188,30.293798,"14,15,16,17,18,19,20,21,22,23,24,25,26,40,41,47,48,49,50,51,52,53,54,55,56,57,58,59,60,73,74,75,76,77,78,79,80,81,82,83,13112,50,86"
237232044,1443.01,CP,CP,9.9377,2460623.584541,23.5407467,4.025,956,32,"14,16,17,18,19,20,23,24,25,26,40,47,49,50,52,53,54,57,58,59,60,73,74,76,77,78,79,80,84,85,86"
258514800,1444.01,CP,CP,10.1522,2458711.369295,0.4702718938030589,1.3258819093846521,209.4931300412404,27.898087,"15,16,17,18,19,22,24,25,26,49,52,56,57,58,59,60,73,76,77,78"
259172391,1445.01,PC,PC,10.6074,2459767.018169,9.8130697,3.91,630,19,"14,15,16,17,18,19,20,21,22,23,25,26,40,41,47,48,49,50,51,52"
259172391,1445.02,PC,PC,10.6074,2459740.829189,4.7842093,2.947,390,10,"14,15,16,17,18,19,20,21,22,23,25,26,40,41,47,48,49,50,51,52"
294471966,1446.01,PC,PC,10.7502,2458689.364498,6.3170656618624,2.44669540600278,688.33759770555,12.026308,"14,15,16,41,54,55"
294471966,1446.02,PC,PC,10.7502,2458685.433408,4.50573867941481,1.88567497968259,428.745645466759,8.001607,"14,15,16,41,54,55,56"
298073824,1447.01,V,FA,8.1033,2458684.362799,1.22730790636151,4.81147532773832,66.4147778539726,10.11756,"14,15,20,21,40,41,47,48,60"
343628284,1448.01,PC,CP,13.1717,2459857.185608,8.09708185596449,3.12785200022151,4723.07243764194,7.6244526,"15,16,57"
356158613,1449.01,PC,PC,10.745,2458691.62405,21.388589632479476,3.1490549695134007,1693.1154384069598,17.7345,"14,15,41,54,55,74,75,81,82"
356158613,1449.02,PC,PC,10.745,2458683.580594,2.36918487736744,1.68403743137054,699.311340204027,11.532655,"14,15,41,54,55"
377293776,1450.01,PC,CP,10.0306,2459662.335574,2.04392678076552,1.00893699022404,465.192987490552,23.923962,"14,15,16,17,19,20,21,22,23,24,25,26,40,41,47,49,50,51,52,53,54,55"
417931607,1451.01,PC,CP,8.9989,2460348.107581,16.5379864,2.796,608,17,"14,15,21,22,41,48,75"
420112589,1452.01,CP,CP,12.295,2458691.53976,11.061903711612063,1.6821650384748734,3396.311134434555,29.51107,"14,15,16,17,19,20,21,22,23,24,25,26,40,41,47,49,50,51,52,54,55,56,57,58,59,60,73,74,75,76,77,78,79,80,81,82,83,84,85,86"
198390247,1453.01,PC,CP,10.1426,2460660.40937,6.5886877,1.678,852,38,"14,15,16,17,19,20,21,22,23,24,25,26,40,41,47,49,50,51,52,53,54,56,57,59,60,73,74,75,76,77,78,79,80,81,82,83,84,85,86"
198390247,1453.02,PC,CP,10.1426,2460583.434908,4.3135263,1.874,274,15,"14,15,16,17,19,20,21,22,23,24,25,26,40,41,47,49,50,51,52,53,54,56,57,59,60,73,74,75,76,77,78,79,80,81,82,83"
294179385,1454.01,PC,PC,11.1612,2459422.313181,2.6794124905879038,2.978085874178714,13486.404823660541,196.88539,"14,15,16,41,54,55,56,75,76,81,82,83"
387259626,1455.01,PC,APC,10.1543,2460656.395911,3.6231364,2.385,17749,412,"15,16,17,18,24,25,52,56,58,75,76,77,78,83,85,86"
199376584,1456.01,CP,CP,8.0417,2460544.753267,18.712253,6.475,6066,204,"14,15,41,55,75,81,82"
176860064,1457.01,PC,APC,7.1145,2460602.885963,6.3768174,2.752,2760,78,"17,57,84"
191284318,1458.01,KP,KP,10.374,2460610.063622,2.7759678,3.074,13613,210,"17,57,84"
16920150,1459.01,PC,FA,10.1583,2458765.545981,9.15593402361673,3.14120217238704,908.241256215217,7.5956173,17
17005768,1460.01,PC,FP,9.9176,2458765.265116,6.84249829503256,3.30793782872049,8029.88030502311,70.072266,"17,57"
44631965,1461.01,PC,APC,11.3805,2458767.31752,3.5685944915848897,2.6185972486022844,20260.874380459183,103.003685,"17,85"
188768068,1462.01,CP,CP,5.8961,2460338.523071,2.1779407,2.098,110,33,"17,20,24,25,26,40,47,50,51,53,54,57,60,74"
190998418,1463.01,KP,KP,12.0401,2459856.144266,2.87910228613891,2.74976833578452,11426.6170088394,43.08094,"17,57"
229944666,1464.01,PC,PC,10.8597,2459643.724417,11.3125265509726,2.59430073602259,861.72658779597,22.278955,"14,15,16,17,18,19,20,21,22,23,24,25,26,40,41,47,48,49,50,51,52,53,54,55,56,57,58,60"
236887394,1465.01,KP,KP,11.8478,2459717.423096,1.4200248,1.431,23730,424,"15,16,17,18,21,24,25,41,48,51,55"
237086564,1466.01,PC,PC,11.0278,2459823.877249,1.8718991,1.475,920,15,"15,17,24,55"
240968774,1467.01,PC,CP,10.5977,2458766.989118,5.97113566694453,1.54786707055186,1437.108602693,12.412292,"17,18,58"
243185500,1468.01,PC,CP,10.8858,2459450.356025,15.5324384891986,1.76407174720282,2937.49532135865,19.714228,"17,42,43"
243185500,1468.02,PC,CP,10.8858,2459448.308156,1.88053101731743,1.19116842909093,1214.00665931907,15.640335,"17,42,43"
283722336,1469.01,KP,KP,4.6278,2460606.251961,3.0929386,0.8776501691871845,254.23190246352183,28.916368,"17,24,57,77,84"
283722336,1469.02,KP,KP,4.6278,2460599.497252,6.7650398,1.421,269,35,"17,24,57,77,84"
284441182,1470.01,PC,CP,11.4752,2459883.443614,2.52728224243905,1.26586097030192,1847.4872235657,7.901595,"17,18,24,58"
306263608,1471.01,CP,CP,8.5725,2460221.503439,20.7724316,5.508,1415,35,"17,42,43,70"
306263608,1471.02,CP,CP,8.5725,2459462.51672,52.5637056215207,6.5,1193,24,"17,42,43,70"
306263608,1471.03,PC,PC,8.5725,2458766.440843,5.440961486588517,3.052312041981548,149.8833432129653,8.625461,"17,42,43,70,71,85"
306263608,1471.04,PC,PC,8.5725,2458788.859795,30.72009341816842,1.5905571631882545,371.53287682496887,7.2630715,"17,42,43,70,71,85"
306955329,1472.01,PC,CP,10.5508,2459885.568784,6.36341055157919,2.69230204489141,2368.69520266162,20.85026,"17,57,58"
352413427,1473.01,CP,CP,8.297,2460608.852345,5.2544884,2.898,567,18,"17,57,84"
427654774,1474.01,PC,FP,14.1431,2458765.042474,5.222621,4.6936290484816,15867.9920175369,8.069622,"17,18"
431514478,1475.01,PC,PC,8.77994,2458767.618296,8.49535132634527,0.906055458598115,718.486944789073,8.222785,17
432549364,1476.01,KP,KP,10.2242,2460610.036941,1.2174936,2.57,6969,135,"17,57,84"
240681314,1477.01,KP,KP,10.6496,2459855.931978,2.73248092340943,2.21393408356751,9548.28060119954,84.82118,"17,57"
409794137,1478.01,CP,CP,10.2042,2459982.236347,10.1802014,4.613,11500,118,"7,8,34,61"
421308357,1479.01,EB,FP,10.364,2460319.940069,16.6828999,1.804,2054,63,"14,15,16,17,19,20,22,23,24,26,40,41,47,49,50,53,54,55,56,57,58,59,60,73,74"
335483600,1480.01,EB,FP,8.7514,2459855.711367,3.35405297209971,1.89841512336212,6389.17127956446,65.08279,"16,17,57,58"
197650870,1481.01,EB,FP,10.3209,2460422.845579,2.1853174,1.656,1168,24,"16,17,56,57,76,77"
252616865,1482.01,PC,PC,10.0687,2459872.298444,5.7121916,4.775,7555,145,"16,17,57,77"
452803785,1483.01,EB,FP,10.4935,2459844.552858,5.0037857,4.154,1950,23,"16,17,56"
67309890,1484.01,EB,FP,10.2108,2460422.616427,1.1623941,1.266,1099,25,"16,17,57,77"
377191482,1485.01,PC,FA,8.8052,2459673.206852,2.9551881,1.361,230,9,"14,15,16,17,19,20,21,22,23,24,25,26,40,41,47,49"
233541860,1486.01,EB,FP,9.9592,2459635.536646,0.2666485,1.075,230,35,"14,15,16,17,18,19,20,21,22,23,24,25,26,40,41,47,48"
459978312,1487.01,IS,FA,5.28906,2458684.88739,23.28798,3.462,120,8,"14,15,16,17,18,19"
198457103,1488.01,V,FA,8.07023,2458683.442832,0.472105418556428,1.69955146412342,45.218513157096,14.797877,"14,15,16,17,18,19,20,21,22,23,24,26,40,41,47,48,49,50,51,52,53,54,55"
219751469,1489.01,PC,FA,8.2285,2458690.04921,6.98301,3.472,270,8,"14,15,16,17,18,19"
283474780,1490.01,PC,APC,8.39511,2458765.91435,3.9943,4.876,550,9,17
53875855,1491.01,PC,PC,10.3996,2459873.774209,4.4902667,2.758,2513,24,"17,57"
354594208,1492.01,PC,FP,9.76119,2458765.22813,0.86673,1.089,662.925,9,17
15692883,1493.01,CP,CP,9.7116,2460602.632371,5.147905,5.405,3710,23,"17,57,84"
411608801,1494.01,CP,CP,10.3002,2459856.416547,5.02679955085562,2.75404398713115,6358.00607016155,80.41539,"17,42,57"
431148743,1495.01,EB,FP,8.706101,2459879.808473,2.6277641,2.997,490,27,"16,17,56,57"
384045439,1496.01,PC,FP,10.0478,2458743.87066,10.82661,6.877,5890,39,"16,17"
371673488,1497.01,EB,FP,9.95717,2460422.205821,0.8165295,2.294,468,23,"17,24,57,77"
316402246,1498.01,EB,FP,9.6788,2459836.924148,1.4014167,3.661,2730,113,"15,16,17,56,57"
414870287,1499.01,PC,FP,7.8165,2458740.8589,4.95898,1.831,230.232,10,"16,17"
377420580,1500.01,EB,FP,10.1871,2460422.256983,1.4147363,2.429,990,26,"17,24,57,77"
329145325,1501.01,EB,FP,10.4089,2459882.024875,1.077774,2.682,2680,49,"16,17,24,56,57"
410528770,1502.01,EB,FP,10.4824,2459847.780759,2.7536237,2.39,1460,37,"16,17,24,56"
428065977,1503.01,EB,FP,10.2347,2459881.652761,1.6534102,3.102,600,16,"16,17,57"
326114850,1504.01,EB,FP,9.98645,2460406.048311,1.2456423,1.354,691,22,"16,17,56,57,76"
331034236,1505.01,EB,FP,9.27116,2459826.907985,3.42725489399743,5.90839271685218,569.46770990948,12.627819,"16,17,56,57"
64836837,1506.01,EB,FP,9.8115,2460423.070964,10.9115374,3.269,1039,16,"16,17,57,77"
430677414,1507.01,EB,FP,8.41718,2458738.927839,0.46741048843717636,1.5010692847735547,277.22224093981475,16.116896,"16,17,56,57,76,77,83"
415741431,1508.01,PC,FP,10.471,2459878.866866,2.1575124,2.236,550,11,"16,17,24,57"
272828463,1509.01,EB,FP,9.42218,2460423.100949,1.577609,1.646,1055,33,"17,18,24,57,58,77"
377739433,1510.01,EB,FP,10.1975,2458764.82522,1.23852,3.138,440,14,"17,18"
376682699,1511.01,EB,FP,10.381,2460422.249162,1.1025238,2.321,2919,68,"17,18,24,25,57,58,77"
434718964,1512.01,EB,FP,10.262,2459854.931268,1.59722602032646,5.37217218514805,3834.12606206956,15.772523,"17,18,57,58"
269509393,1513.01,PC,FP,10.2866,2458764.84417,1.76589,3.807,730,14,17
270238522,1514.01,EB,FP,7.5586,2458765.47636,1.36991,4.156,1170,20,"17,18"
470709084,1515.01,EB,FP,10.4433,2458768.56858,3.66505,2.346,910,16,"17,18,24"
376637093,1516.01,CP,CP,10.377,2460449.201388,2.0560153,2.773,17453,484,"17,18,24,25,57,58,77,78"
455962313,1517.01,EB,FP,9.599,2460418.994282,2.25505,3.034,658,30,"17,18,24,57,58,77"
427761355,1518.01,CP,CP,8.75127,2459854.41458,1.90260596148192,2.36536933853578,8984.98972711091,365.49207,"17,18,57,58"
272049972,1519.01,EB,FP,10.1914,2458981.242084,1.0960111,3.167,2150,50,"17,18,24,57"
269238073,1520.01,EB,FP,9.68805,2459853.914046,6.14640669380515,4.627922571492751,697.9331157374338,16.864822,"17,18,24,57,58,77,78,84,85"
366074069,1521.01,O,FP,9.78876,2459905.397712,4.1812866,4.394,4280,52,"17,18,24,25,58"
367102581,1522.01,EB,FP,9.39575,2459739.798591,2.9798592,2.737,580,31,"17,18,19,20,24,25,26,52"
387413037,1523.01,PC,FP,10.3197,2458738.95028,6.72694,2.649,1070,13,"16,17,18,19"
314338017,1524.01,EB,FP,9.1325,2459837.025075,10.9554897,6.772,370,13,"15,16,17,56"
276380902,1525.01,EB,FP,10.3202,2460421.693989,0.6171788,1.433,519,19,"15,16,17,41,55,56,57,75,77"
313761775,1526.01,EB,FP,9.693811,2460421.872558,1.5309799,1.37,654,21,"15,17,56,76,77"
202375913,1527.01,PC,PC,9.6968,2460600.889284,5.0625809,3.69,2884,38,"17,57,84"
285543785,1528.01,PC,APC,9.716,2459885.284263,9.9385371,3.9821296107777,8146.539464793035,90,"17,18,24,58,78,85"
312259170,1529.01,PC,FP,10.4049,2458764.94054,0.8229,2.068,2660,61,"17,18"
312469860,1530.01,PC,FP,9.9475,2458764.79362,0.50261,1.127,1120,31,"17,18"
312678993,1531.01,PC,APC,8.3593,2459882.497022,0.517520353372638,1.04336671790082,1347.96555703395,22.974854,"17,18,58"
327579226,1532.01,PC,PC,10.1786,2460446.002489,8.905407,2.71,6702,89,"17,18,24,57,58,77,78"
345143460,1533.01,PC,CP,10.1128,2460446.421805,3.6458046,1.828,1168,23,"17,24,57,77,78"
345143460,1533.02,PC,PC,10.1128,2460442.544963,8.0637954,0.804,2301,17,"17,24,57,77,78"
354600221,1534.01,PC,FP,9.867621,2458764.81698,1.41853,2.728,560,13,"17,18"
420288086,1535.01,EB,FP,10.4397,2459906.577796,6.5344463,2.774,3240,51,"17,18,24,58"
445137888,1536.01,EB,FP,10.3654,2459882.951315,2.01365303367417,2.12149074006696,822.89742515972,10.465393,"17,18,58"
173612049,1537.01,PC,PC,10.473,2459874.874599,6.4902646,2.545,1080,16,"16,17,57"
177244357,1538.01,PC,PC,9.8931,2458768.84707,6.54692,4.589,2400,10,17
252636888,1539.01,EB,FP,10.4116,2459880.28094,2.590266,4.378,700,18,"16,17,57"
318746829,1540.01,EB,FP,10.4234,2460421.233495,5.2273176,3.572,2856,31,"17,24,57,77"
319068154,1541.01,EB,FP,9.7436,2460423.401581,3.7983639,1.594,3194,40,"17,24,57,77"
367607434,1542.01,IS,FA,8.40348,2458744.44353,8.2916,3.361,470,9,"16,17"
431585347,1543.01,PC,FP,10.06,2458766.20793,5.13664,4.45,930,11,17
455791689,1544.01,PC,PC,10.4143,2460609.88165,1.2918334,1.429,1224,29,"16,17,57,83,84"
127425841,1545.01,EB,FP,9.83204,2459880.31948,1.5166573,1.607,1590,40,"17,57"
194203348,1546.01,PC,PC,9.87731,2458764.83324,1.13345,1.894,490,9,17
409520860,1547.01,PC,FP,10.3973,2458765.11416,0.71933,1.474,478.823,10,17
440100539,1548.01,PC,FA,8.7282,2458769.32363,12.6017,4.835,800,10,17
191146556,1549.01,EB,FP,10.3959,2459881.330991,2.5798051,3.413,5740,80,"17,57"
241065596,1550.01,PC,FP,10.2936,2459907.94901,1.6256942,1.988,1720,26,"17,18,58"
288348498,1551.01,PC,PC,9.967,2458765.11138,1.67546,1.202,1250,13,17
326919774,1552.01,PC,FP,8.19,2458771.77219,7.57193,2.656,420,11,"17,18"
327341626,1553.01,PC,APC,10.3478,2460633.005956,5.9382163,2.244,6171,62.3757,"17,18,58,85"
299158887,1554.01,KP,KP,11.0579,2459444.896746,9.43415890796681,2.8505348174715,4001.92493502686,32.31501,"14,15,40,41,53,54,55"
441732151,1555.01,EB,FP,10.1688,2458712.08879,2.09989,0.908,27336.4,77,"15,16,17,18,19"
405794804,1556.01,EB,FP,9.79455,2458740.21873,1.44127,2.605,2750,90,"16,17,18,24,56,57"
320506985,1557.01,EB,FP,10.4925,2458765.31897,1.08697,1.967,860,11,"17,18"
117322779,1558.01,PC,FP,10.485,2458791.07301,0.68601,1.614,910,21,18
241040309,1559.01,PC,PC,10.3978,2459904.889359,3.4648951,1.046,1339,15,"17,18,58"
241076290,1560.01,PC,PC,10.1942,2459882.378835,0.258000647136198,0.535135600336654,812.731032463306,16.15648,"18,58"
245462406,1561.01,PC,FP,10.2948,2458791.81704,2.27456,3.32,1020,16,18
249862365,1562.01,PC,FP,9.10226,2458791.5299,0.98999,2.05,420,13,18
249945230,1563.01,PC,PC,9.4397,2458805.455547,1098.2258586,6.121,4496,57,"18,58"
250724252,1564.01,PC,APC,10.2845,2460635.87017,0.5596691,1.478,4538,68,"18,58,85"
251384275,1565.01,PC,PC,9.2085,2459907.730268,1099.25603849035,5.661,2970,36,"18,58"
256414077,1566.01,PC,FP,10.5907,2458793.38207,3.01106,3.073,1617.22,18,18
259151170,1567.01,PC,FP,10.374,2458808.52242,.0,4.149,54500,295,18
284050395,1568.01,PC,FP,9.74734,2458765.47569,1.35932,2.831,2840,72,"17,18"
285666479,1569.01,PC,FP,10.424,2458791.98363,1.71614,2.038,681.449,13,18
285674856,1570.01,PC,FP,9.4883,2458790.81038,1.74626,3.88,1110,12,18
285677945,1571.01,PC,FP,10.2353,2458791.56106,1.2427,1.563,663.745,11,18
292321872,1572.01,PC,FP,10.4562,2458794.15217,8.66698,6.104,9854.3,41,18
302773669,1573.01,KP,KP,7.6353,2460463.952965,21.216464,3.045,6499,277,"18,19,25,52,59,73,79"
307111282,1574.01,PC,FP,10.2978,2458804.60057,.0,9.597,7440,47,"17,18"
316254876,1575.01,EB,FP,10.3775,2459935.126364,2.4611008,3.13,1795,28,"18,19,59"
327011842,1576.01,EB,FP,9.7828,2459883.095482,0.784012054267496,0.9812068508192101,304.62070099742965,8.577595,"17,18,58,85"
332154944,1577.01,PC,FP,9.60027,2458791.36882,0.99837,1.632,2730,82,18
348135793,1578.01,PC,FP,10.1042,2458791.58678,1.97741,6.549,5470,68,18
354400186,1579.01,PC,FP,9.7745,2458794.28172,9.07768,2.78,19171.9,71,18
354469661,1580.01,CP,KP,9.17925,2460633.665722,4.7947749,4.799,6864,263,"18,58,85"
370759867,1581.01,PC,FP,9.76978,2458810.30671,.0,4.23,8410,45,18
374400599,1582.01,PC,FP,10.0188,2460649.11744,1.8932775,3.118,3415,56,"18,25,52,58,85"
403256331,1583.01,PC,FP,9.5425,2458765.82123,3.77188,2.923,450,11,"17,18"
418987806,1584.01,PC,FP,9.27904,2460633.085787,0.88654,1.679,870,32,"18,24,58,78,85"
444415148,1585.01,PC,FP,8.9676,2458764.8746,1.83641,2.222,470,11,"17,18"
445144327,1586.01,PC,PC,10.4396,2458765.67889,1.80794,2.17,540,9,"17,18"
458914949,1587.01,EB,FP,10.2543,2459924.681114,12.5343031,4.572,1517,20,"18,19,58,59"
50120414,1588.01,PC,PC,8.951,2459932.266567,3.581083,3.454,760,22,"18,58,59"
52041724,1589.01,EB,FP,9.87542,2458942.422274,35.4028219,4.221,12666,53,"18,24,25,78"
71854745,1590.01,PC,FP,10.2146,2458793.51014,3.10315,3.535,1760.07,11,18
82010657,1591.01,PC,FP,9.64805,2458807.93693,.0,8.06,3010,37,"18,19"
186599508,1592.01,PC,FP,9.76636,2458794.89641,5.63180736609691,3.45530922990191,1186.14818725504,11.390572,18
192372961,1593.01,PC,FP,9.1222,2458792.29644,2.06313,2.157,600,9,18
201154493,1594.01,PC,FP,9.7479,2458792.1989,1.51233,2.59,640,12,18
385105624,1595.01,PC,FP,10.4511,2460662.169629,1.7498117,1.641,2549,40,"18,58,86"
431899140,1596.01,O,FP,10.0888,2459928.934925,1.9734615,3.69,1295,19,"18,59"
68152139,1597.01,PC,FP,10.1342,2458792.46525,0.73772,1.057,980,17,18
67418624,1598.01,PC,PC,8.6344,2459908.034555,1.1020719,0.864,580,30,"18,58"
129979528,1599.01,KP,KP,7.87611,2459883.198788,1.21983821253186,2.83418044250338,12160.10960429,89.686646,"18,58"
187029841,1600.01,PC,FP,9.66027,2459909.805131,0.361112,0.756,710,31,18
139375960,1601.01,PC,CP,10.1035,2458793.27728,5.33155,6.191,4220,77,18
129991079,1602.01,PC,FA,10.4375,2458792.50412,6.15952,3.834,1230,9,18
73448352,1603.01,KP,KP,10.1868,2460630.419608,4.7321735,2.589,8121,86,"18,58,85"
118301361,1604.01,PC,FP,9.08054,2458793.39828,3.46608,4.403,1620,31,18
101037590,1605.01,PC,CP,9.62924,2459896.132645,8.7094632,3.027,4510,76,"18,58"
125735470,1606.01,PC,APC,9.08995,2460228.527139,4.7126743,1.061,1941,44,"18,42,43,44,70"
26433869,1607.01,EB,FP,8.4107,2459471.339568,1.0357235,1.366,480,18,"18,42"
138017750,1608.01,EB,FP,7.42812,2458792.455854,2.4727494357866444,2.413069838606602,2960.944007560337,117.70739,"18,58,85"
229951289,1609.01,PC,FA,10.2572,2458692.73536,13.3118,4.492,750,9,"14,15,16,17,18,19"
219776325,1610.01,PC,PC,10.3727,2460556.667508,2.5287981,1.286,387,22,"14,15,16,17,18,19,20,21,22,23,24,25,26,40,41,47,48,49,50,51,52,53,54,55,56,57,59,60,73,74,75,76,77,78,79,80,81,82"
264678534,1611.01,CP,CP,7.5825,2460643.486453,16.2016817,2.792,885,56,"18,19,20,25,26,40,52,53,58,59,60,73,78,79,85,86"
268403451,1612.01,KP,KP,10.0521,2460334.805905,2.8641388,2.417,9597,382,"18,19,20,25,26,40,47,52,53,59,60,73,74"
272625214,1613.01,EB,FP,10.4641,2458979.490719,5.2469991,3.45,1180,16,"17,18,24,57"
317397615,1614.01,EB,FP,10.2351,2460479.137922,0.7438074,1.377,633,31,"17,18,19,24,25,52,58,59,78,79"
317507345,1615.01,EB,FP,9.68708,2460473.279498,3.9401791,1.991,13317,203,"18,19,24,25,52,58,59,73,78,79"
322054600,1616.01,PC,PC,10.4505,2460449.28819,1.3433022,0.662,1052,21,"17,18,24,25,57,58,77,78"
322202434,1617.01,EB,FP,10.2505,2460420.948154,1.4013505,1.562,1532,47,"16,17,18,24,25,57,58,77"
376838000,1618.01,PC,FP,9.9272,2458765.05965,2.1679,1.39,560,11,"17,18"
377144784,1619.01,EB,FP,10.0552,2460447.12743,2.3866952,2.654,586,34,"17,18,24,57,58,77,78"
378291076,1620.01,PC,PC,9.53523,2460422.2511,1.5982014,2.254,296,17,"17,18,24,57,58,77"
387260717,1621.01,PC,PC,9.97595,2459659.579362,6.453624,3.582,200,7,"16,17,18,19,22,24,25,49"
388076005,1622.01,EB,FP,9.39435,2459880.690181,1.7126115,3.128,340,27,"16,18,24,25,56,57"
407394748,1623.01,EB,FP,9.5287,2460311.882875,0.7522775,1.073,1301,79,"18,19,24,25,52,58,59,73"
461387302,1624.01,EB,FP,10.2763,2460630.611572,5.8089284,5.137,1111,29,"17,18,24,25,58,78,85"
470852531,1625.01,PC,FP,10.2918,2458765.53404,1.49446,2.114,890,19,"17,18"
157586003,1626.01,KP,KP,12.0545,2459391.184996,3.33261886913099,3.56200655566395,8310.50661615291,87.40124,"26,40,53,54"
424435940,1627.01,KP,KP,11.2311,2459393.375248,5.0172146023149,3.73633007478987,14236.9594002568,215.28627,"25,26,40,52,53,54"
284475976,1628.01,KP,KP,11.1541,2459825.459527,2.14363640030623,3.15393487302238,9203.75527432507,257.01456,"23,26,40,41,53,54,55,56"
310003988,1629.01,KP,KP,11.191,2459686.204782,4.5421594,4.294,9760,97,"16,23,24,50"
317597583,1630.01,PC,CP,8.9943,2460654.567185,12.0557353,1.959,807,26,"17,18,19,24,25,52,58,59,78,79,85,86"
29054413,1631.01,PC,APC,10.4289,2458795.511502,15.2521891769035,1.34635140108067,871.25274456616,7.141052,"18,44"
51024887,1632.01,PC,FP,14.9885,2458797.344998,8.24918714462144,4.98078465701191,117724.028261351,16.019594,18
165551882,1633.01,IS,FA,12.5441,2458798.104217,12.158280380607051,2.140683669314827,3430.776263763434,7.3275914,18
201186294,1634.01,PC,CP,11.0136,2458791.515001,0.989330011005163,1.03576145099967,1519.66958700741,10.747845,18
230086768,1635.01,EB,FP,13.4447,2458736.130762,34.9270482759269,2.75469070470889,110264.939209381,144.2733,"15,16,17,18,19,20,21,22,23"
269892793,1636.01,EB,FP,11.9056,2459882.483425,1.77292394746986,1.82556706899891,26694.379742841,148.43646,"18,58"
286355915,1637.01,EB,FP,10.6479,2458793.115209,4.076682089033624,4.391005288234182,10462.780472839651,156.48659,"18,58,85"
312862941,1638.01,PC,PC,12.1312,2459908.44105,0.915062301311702,0.666272846396489,4304.93222240706,17.75692,"17,18,58"
348673213,1639.01,PC,FP,12.974,2458791.468047,0.901465043293428,2.55621546285242,3156.56582644838,8.927408,18
396562848,1640.01,CP,CP,11.0548,2458792.602222,1.9495414808353082,0.8314686217357151,1984.0370619844875,36.783863,"18,19,25,26,52,53,59,73,79,86"
422923265,1641.01,PC,PC,9.616,2459906.863602,1.8646725,1.028,570,16,"18,58"
229940491,1642.01,PC,APC,11.1169,2458699.060807,37.45905258759024,2.9417045249171396,6301.137793425146,94.90044,"14,15,16,17,18,20,21,22,23,24,25,26,40,41,47,48,49,50,51,52,53,54,55,57,58,59,60,74,75,76,77,78,79,80,81,82,84,85,86"
298647682,1643.01,PC,PC,8.6628,2459815.953155,20.0795217156577,1.21865544417303,1065.53557065685,21.899092,"14,15,18,21,24,25,26,40,41,48,51,52,54,55,58,59,60"
22843856,1644.01,EB,FP,9.8203,2459521.618633,1.8497201,1.757,5750,107,"18,42,43,44"
184679932,1645.01,EB,FP,9.25319,2458791.425546,2.17214162392028,2.74808232874544,17864.5520776003,219.95511,18
387527558,1646.01,IS,FA,13.0367,2458794.103356,3.6239090118,2.65680115643423,26979.8210455556,13.211304,18
154927364,1647.01,EB,FP,10.249,2460334.944097,6.9744232,2.124,9189,163,"14,19,20,21,26,40,41,47,53,59,60,73,74"
376353509,1648.01,PC,CP,9.5831,2460467.880926,7.3315684,1.287,893,15,"18,19,25,52,59,79"
116608612,1649.01,PC,FP,9.17041,2460310.718475,3.4557863,2.164,6423,200,"19,43,44,45,59,73"
122485078,1650.01,PC,FP,10.0106,2458822.09874,9.1505,2.986,1370,13,"18,19"
138168780,1651.01,KP,KP,9.88278,2460474.181987,3.7649949,2.642,14735,396,"19,20,26,40,53,59,60,73,79"
154867950,1652.01,EB,FP,8.68013,2458870.514344,0.6664881693846669,1.38,233.1038386580442,36.486958,"14,19,20,21,26,40,41,47,53,59,60,74,79"
156724719,1653.01,PC,PC,9.353,2460658.881015,10.9568722,3.469,4643,65,"19,59,73,86"
258829450,1654.01,PC,PC,10.1556,2460556.910025,1.8347892,2.414,242,22,"14,15,16,17,18,19,20,21,22,24,25,26,40,41,47,48,49,50,51,52,53,54,55,56,57,58,59,60,73,74,75,76,77,79,80,81,82"
266500992,1655.01,PC,PC,10.3309,2460662.313228,3.2786617,2.631,1101,19,"19,59,86"
267694283,1656.01,PC,APC,8.54941,2459935.313412,1112.7562924,9.386,6669,126,"18,19,59"
27677846,1657.01,EB,FP,9.5668,2459936.359525,5.6309047,3.877,1683,24,"18,19,59"
286561122,1658.01,PC,FP,10.2674,2459910.5579,0.680343277777045,2.06741640327177,565.575422308829,10.149446,"18,19,59"
288631580,1659.01,PC,CP,9.56906,2459757.356321,5.87755477968584,2.90276407796453,412.288133672293,12.683007,"14,18,19,20,24,25,26,40,41,47,52,53,58,59,60"
288631580,1659.02,PC,PC,9.56906,2459907.339882,3.3985674,2.197,171,10,"14,18,19,20,24,25,26,40,41,47,52,53,58"
311121985,1660.01,EB,FP,9.00007,2460309.854705,1.3561596,2.504,482,19,"19,59,73"
312122956,1661.01,PC,FP,10.1283,2459547.065465,2.0492064,3.417,1030,38,"19,43,44,45"
339538183,1662.01,EB,FP,9.7053,2459935.390685,2.6093167,1.175,1984,49,"18,19,20,59"
353367071,1663.01,PC,FP,9.84095,2458819.39874,2.37532,2.957,1940,24,"18,19"
353782445,1664.01,PC,PC,9.17708,2460653.815299,11.835079,2.094,336,22,"14,15,16,17,18,19,20,21,22,23,24,25,26,40,41,47,48,49,51,52,53,54,55,56,57,58,59,73,74,75,77,78,79,80,81,82,83,84,85,86"
354006740,1665.01,PC,FP,6.4018,2458819.00417,1.76406,3.086,870,34,"18,19"
368536386,1666.01,PC,FP,10.3693,2458818.74012,1.69433,2.169,650,10,"18,19"
409183335,1667.01,PC,FP,9.7229,2458818.22815,3.32125,4.304,5760,86,"18,19"
417705690,1668.01,EB,FP,10.0233,2460311.61688,2.363311,3.294,1121,34,"19,24,25,52,58,59,73"
428679607,1669.01,CP,CP,9.52906,2460660.823683,2.6800536,1.758,456,24,"19,20,25,26,52,53,59,60,73,79,86"
441739020,1670.01,CP,CP,9.4682,2460503.136603,40.7501028,4.873,6026,178,"14,15,16,18,19,20,21,22,23,24,25,26,40,41,47,48,49,50,51,52,53,55,56,57,58,59,60,73,74,75,76,77,78,79,80,81,82"
441739020,1670.02,CP,CP,9.4682,2460468.361028,10.9836724,2.636,315,16,"14,15,16,18,19,20,21,22,23,24,25,26,40,41,47,48,49,50,51,52,53,55,56,57,58,59,60,73,74,75,76,77,78,79"
441739020,1670.03,PC,PC,9.4682,2458822.920646,123.0507510250211,9.192809809746457,432.53818173991857,11.151026,"15,16,18,19,20,21,22,23,24,25,26,40,41,47,48,49,50,51,52,53,55,56,57,58,59,60,73,74,75,76,77,78,79,80,81,82,83,84,85,86"
459903429,1671.01,PC,FA,8.71289,2458821.04876,8.13664,2.084,840,9,"18,19"
468828873,1672.01,EB,FP,10.045,2459957.440794,3.8954139,2.832,911,21,"18,19,20,59,60"
470315428,1673.01,PC,FP,10.2851,2458818.19746,1.08625,2.534,1110,17,"18,19"
73104318,1674.01,PC,FP,9.46925,2458822.59324,7.45494,3.465,2280,19,"18,19"
81831095,1675.01,PC,PC,9.9944,2459935.218205,3.133084,1.237,1192,19,"18,19,58,59"
8400842,1676.01,KP,KP,9.441,2460657.382557,3.1915257,2.756,8587,202,"19,59,73,86"
87090944,1677.01,PC,PC,10.1089,2459910.373493,0.643580709863076,0.665932152850396,876.680779366343,13.187748,"19,59"
96291218,1678.01,EB,FP,10.3614,2459917.090821,13.7058173,2.597,5788,54,"19,43,44,59,71"
9837861,1679.01,EB,FP,9.9021,2460312.310541,0.6565741,1.908,423,16,"19,73"
259168516,1680.01,PC,CP,13.3081,2459657.394071,4.80265608124775,1.16586476629033,4358.11576778206,26.47739,"14,15,16,17,18,19,20,21,22,23,24,25,26,40,41,47,48,49,50,51,52,53,54,55,56,57,58,59"
321041369,1681.01,PC,PC,10.4445,2460309.854007,1.5379237,0.766,1135,15,"19,59,73"
367366318,1682.01,KP,KP,8.14847,2460662.485202,2.7347651,3.205,9209,592,"19,43,44,45,59,71,73,86"
58542531,1683.01,PC,CP,9.794,2458816.411524,3.05752396361381,1.37905031364343,1117.96381748624,26.179253,"19,43,44,70,71"
85031598,1684.01,PC,PC,7.3543,2460662.089606,1.1549925,0.911,739,43,"19,59,73,86"
28900646,1685.01,CP,CP,11.1117,2458816.218935,0.6691445196560234,0.9934291356555158,993.4985333662771,20.200811,"19,59,86"
102672709,1686.01,PC,PC,9.86671,2458818.59873,6.7053949406900575,3.8459320623613547,575.2056581514302,12.503076,"19,59,73"
103448870,1687.01,PC,PC,9.83739,2458816.843505,10.2596321705401,1.82348908005539,1080.92131650721,11.165363,"19,25,26,52,53"
121966220,1688.01,PC,FP,10.8001,2459914.901064,6.71719125367884,7.50372079004548,9138.71507095074,91.46608,"19,59"
198384408,1689.01,V,FA,6.3196,2458823.255936,9.12381011959331,5.1188391119771,283.324086990691,8.011808,19
267574918,1690.01,CP,CP,16.338,2459419.987351,1.40793693333245,0.306353056989598,484643.744138852,25.483854,"14,15,19,22,26,40,41,49,53,54,55,56,59"
268334473,1691.01,CP,CP,9.52636,2460458.306487,16.7368995,4.561,989,39,"19,20,25,26,40,47,52,53,59,60,73,79"
288636342,1692.01,PC,PC,10.741,2459725.018258,17.7286607938036,6.44278678935885,1086.46181394313,29.940884,"14,15,17,18,19,20,21,23,24,25,26,40,41,47,48,50,51,52,53,54,55,57,58,59,60"
288636342,1692.02,PC,PC,10.741,2459717.485849,32.2079697882339,7.51995801343607,2409.29431573856,45.034405,"14,15,17,18,19,20,21,23,24,25,26,40,41,47,48,50,51,52,53,54,55,57,58,59,60"
353475866,1693.01,CP,CP,10.6714,2458817.684965,1.76669200948258,1.41966821621713,830.508297273804,16.687923,"19,43,44,45,72"
396740648,1694.01,PC,CP,10.7424,2458843.657627,3.77012960886973,2.85120563457313,4361.18010817049,26.865028,"19,20"
422756130,1695.01,CP,CP,11.0294,2458791.519293,3.1342948669961315,1.2161892260001956,1204.333335199153,27.176575,"18,19,24,25,52,58,59,78,79,85,86"
470381900,1696.01,CP,CP,13.9664,2459911.832125,2.50052909832679,0.880986494659664,12579.350475778,7.788581,"19,59"
1884091865,1697.01,PC,PC,11.1744,2459755.174741,10.716524,3.075,1280,27,"14,15,16,17,18,19,20,21,22,23,24,25,26,40,41,47,48,49,50,51,52"
190223929,1698.01,PC,PC,11.1018,2458847.69726,17.04198,1.578,3520,13,20
22705558,1699.01,PC,PC,10.8756,2459606.910667,4.54700553104027,2.38292297329643,813.737072479186,8.185801,"20,47,60"
23650642,1700.01,PC,FP,10.8219,2458843.38029,1.12355,1.611,1020,12,20
274215536,1701.01,PC,PC,10.9263,2459937.389746,1.33417383441493,1.3470884162760317,2283.6562849366123,32.321785,"20,60,73"
371210825,1702.01,PC,FP,10.9894,2458842.74962,0.40312,0.853,1000,11,20
453387619,1703.01,PC,PC,10.6414,2459605.526737,1.20161049762591,0.649836642235431,2414.87911883065,26.397255,"20,47,60"
95129101,1704.01,PC,FP,10.8508,2459575.195833,3.929983,2.153,2270,29,"20,44,45,46"
137500798,1705.01,EB,FP,10.3042,2460328.287633,13.2054538,4.875,644,19,"19,20,26,40,47,53,59,60,73,74"
230377505,1706.01,PC,PC,10.486,2460654.274794,4.5156072,2.628,449,25,"14,15,16,17,18,19,20,21,22,23,24,25,26,40,41,47,49,50,51,52,53,54,56,57,58,59,60,73,74,76,78,79,80,81,83,84,85,86"
230377505,1706.02,PC,PC,10.486,2460660.042173,7.4057777,2.778,325,13,"14,15,16,17,18,19,20,21,22,23,24,25,26,40,41,47,49,50,51,52,53,54,56,57,58,59,60,73,74,76,78,79,80,81,83,84,85,86"
240148934,1707.01,EB,FP,10.3135,2458843.26677,2.02365,2.585,1710,15,20
241173474,1708.01,PC,APC,10.388,2458853.1211,11.44192,3.841,5510,47,20
29119552,1709.01,PC,PC,10.2061,2459597.198308,7.6288424,3.311,10850,157,"20,47,60"
445805961,1710.01,CP,CP,8.9134,2460439.666809,24.2833782,5.132,2844,71,"19,20,26,40,53,59,60,73,79"
461662295,1711.01,PC,FP,9.92871,2458844.85466,10.2558,5.088,5740,66,20
67926921,1712.01,PC,FP,9.9841,2459606.849596,3.566276,4.197,3870,54,"20,47"
15863518,1713.01,PC,PC,10.618,2458842.70969,0.557256453479509,0.567130431804011,1198.72124170657,16.33464,"20,60"
239154970,1714.01,KP,KP,10.7131,2459603.425538,3.4744763,4.258,12920,267,"20,44,45,46,47"
142090065,1715.01,EB,FP,9.01249,2458816.934645,2.8269456223206273,1.137097624981032,967.6020801177021,45.979664,"19,20,25,26,40,52,53,59,60,79,86"
14336130,1716.01,PC,CP,8.82897,2460298.678071,8.082354,3.284,559,22,"20,47,60,73"
149833117,1717.01,PC,PC,9.52339,2460310.509106,4.052389,2.169,8976,59,"20,47,60,73"
257241363,1718.01,PC,PC,8.2558,2460278.309588,5.5870396,2.745,1907,109,"20,44,45,46,47,60,71,72"
293617835,1719.01,PC,PC,7.7649,2460337.550728,2.7552586,1.17,338,16,"20,21,47,74"
356473034,1720.01,KP,KP,10.4467,2459957.574412,2.6158597,2.517,13363,172,"20,47,60"
51234631,1721.01,KP,KP,10.1653,2460339.400472,4.1250429,4.454,8804,125,"20,47,60,74"
85242435,1722.01,PC,PC,9.52682,2460323.319677,9.6052235,3.628,1437,27,"20,47,60,74"
71431780,1723.01,PC,CP,9.09942,2460307.768558,13.7270395,4.007,901,24,"20,26,47,73"
81212286,1724.01,PC,FP,12.507,2458843.027821,0.685080805288586,1.05658868353125,2675.71766622605,7.6018205,20
86396382,1725.01,KP,KP,11.0967,2458842.997159,1.09143044695785,3.05123003899773,15377.7920503756,577.34955,"20,43,44,45,71,72"
130181866,1726.01,CP,CP,6.2683,2458845.373051,7.10793404397391,3.44083304466962,501.605824206663,28.820536,"20,44,45,46,47,72"
130181866,1726.02,CP,CP,6.2683,2459583.637103,20.5438153321812,4.05379193159982,799.381713281805,25.08834,"20,44,45,46,47,72"
241225337,1727.01,PC,PC,9.75149,2458842.784934,1.83087816125574,1.57649055046841,464.571365702851,7.910985,"20,60"
285048486,1728.01,CP,CP,10.7921,2459604.399093,3.4913952,1.763,5400,68,"20,47"
298666530,1729.01,EB,FP,18.3324,2458738.738252,0.5732797249602617,0.5003468989543889,192007.95979999262,18.064816,"16,17,18,19,20,21,22,23,24,25,26,40,41,47,48,49,50,51,52,53,55,56,57,58,59,60,73,75,77,78,80,82,83,84,85,86"
318022259,1730.01,PC,CP,10.3595,2459952.635271,6.2262315,2.239,1488,16,"20,47,60"
318022259,1730.02,PC,CP,10.3595,2459961.132517,2.1555232,1.445,742,12,"20,47,60"
318022259,1730.03,PC,CP,10.3595,2459598.372283,12.5739572,2.722,2170,12,"20,47,60"
371234684,1731.01,KP,KP,11.7946,2459603.86508,3.9228042,3.205,13970,103,"20,47"
470987100,1732.01,PC,PC,11.3266,2459601.239901,4.11922311925856,2.18416745681967,1236.5042452328,12.32325,"20,47,60"
53427308,1733.01,PC,FP,10.379,2458844.7654,5.80322,1.569,1710,13,20
224596152,1734.01,PC,PC,10.2713,2458688.866362,28.8745077780318,4.48497652469351,584.508913288429,18.608006,"14,15,16,17,18,19,20,22,23,24,25,26,40,41,47,48,49,50,52,53,54,55,56,57,58,59,60"
365673804,1735.01,PC,PC,8.3412,2460395.941454,10.3857602,3.101,380,21,"15,16,17,18,24,56,57,58,76,77"
408618999,1736.01,CP,CP,8.3302,2460660.093314,7.0731057,3.819,439,28,"18,19,25,52,58,59,79,86"
233009109,1737.01,PC,PC,8.57502,2460653.042568,14.4479828,6.353,218,30,"15,16,17,18,19,20,21,22,23,24,25,26,40,41,47,48,49,50,51,52,53,54,55,56,57,58,59,60,73,74,75,76,77,78,80,82,83,84,85,86"
104208182,1738.01,PC,PC,12.4851,2458792.656633,3.69858165052609,1.54742050728208,3061.82384449818,9.83872,"18,19,59"
159418353,1739.01,PC,CP,9.812,2460661.435023,8.3033493,1.705,571,14,"14,19,20,21,25,26,40,41,47,48,52,53,59,73,74,75,79,86"
174041208,1740.01,PC,PC,10.4274,2458741.058614,19.4284190322106,3.57271543464574,850.412788256018,8.218374,"16,17"
198206613,1741.01,PC,PC,10.5783,2459852.091929,10.9406641,2.175,440,11,"14,15,16,17,18,19,20,21,22,23,24,25,26,40,41,47,48,49,50,51,52,53,54,55,56"
219857012,1742.01,PC,CP,8.2865,2460660.830697,21.2690422,5.893,350,39,"15,16,17,18,19,20,21,22,23,24,25,26,40,47,48,49,50,51,52,53,54,55,56,58,59,60,73,74,75,76,77,78,79,80,81,82,83,85,86"
219860288,1743.01,PC,CP,12.4251,2459660.494212,4.2660553,0.69,1700,11,"15,16,17,18,19,20,21,22,23,24,25,26,40,41,47,48,49"
229455001,1744.01,PC,CP,9.01932,2460623.320439,22.3417286,2.582,472,25,"14,15,16,17,18,19,20,21,23,25,26,40,41,47,48,49,50,51,53,54,55,56,57,58,59,60,73,74,75,76,77,80,81,82,83,84,85,86"
232635922,1745.01,PC,PC,12.7963,2459653.478364,5.9848710165382,2.2695614064723,2583.77882624411,16.766644,"14,15,16,18,19,22,25,26,40,41,48,49,52,53,55,56,57,58,59,60"
232650365,1746.01,PC,PC,11.9589,2458684.784378,2.52533226920333,0.989828985433435,1258.57185593081,10.498972,"14,15,16,19,22,25,26,40,41,49"
232650365,1746.02,PC,PC,11.9589,2459660.640991,3.87768154096526,1.02975423446246,1077.91055073842,10.7988615,"14,15,16,19,22,25,26,40,41,49,52,53,54,55,56,57,58,59,60"
233071822,1747.01,PC,PC,10.4302,2460657.306569,2.7546548,0.561,394,15,"14,15,16,17,18,19,20,21,22,23,24,25,40,41,47,48,49,50,51,52,54,55,56,58,59,60,75,76,77,78,79,81,82,83,85,86"
233071926,1748.01,PC,PC,10.5657,2459662.449114,1.83186225535088,1.42111718364683,403.121972580815,18.16277,"14,15,16,17,18,19,20,21,22,23,24,25,40,41,47,48,49,50,51,52,54,55,56,58,59,60"
233602827,1749.01,CP,CP,12.2574,2459763.323055,4.48913668477699,1.88333766515746,1271.18670232623,21.233028,"14,15,16,17,18,19,20,21,23,24,25,26,40,41,47,48,49,50,51,52,53,54,55,57,58,59,60"
233602827,1749.02,CP,CP,12.2574,2458688.778881,9.044698155937667,1.84936443746978,1679.412125199862,24.106592,"14,15,16,17,18,19,20,21,23,24,25,26,40,41,47,48,49,50,51,52,53,54,55,57,58,59,60,74,77,78,79,80,81,82,84,85,86"
233602827,1749.03,CP,KP,12.2574,2458684.359912,2.388891090082206,0.9919146120898215,555.1710561015888,11.85438,"14,15,16,17,18,19,20,21,23,24,25,26,40,41,47,48,49,50,51,52,53,54,55,57,58,59,60,74,77,78,79,80,81,82,84,85,86"
237099296,1750.01,PC,PC,11.7077,2459663.822557,11.3373613975694,2.86113193631509,1194.04516172424,23.582283,"14,16,17,18,19,20,21,22,23,24,25,26,40,41,47,48,49,50,51,52,53,54,55,56,57,58,59,60"
287080092,1751.01,CP,CP,8.80616,2460607.061003,37.4685042,7.685,429,33,"15,16,17,18,19,20,21,22,23,24,25,26,40,41,47,48,49,50,51,52,53,54,55,56,57,58,59,74,75,76,77,78,79,81,82,83,84,85"
287139872,1752.01,PC,CP,12.7463,2459662.731174,0.935189077550389,0.769464937792613,1150.28711558521,19.779213,"14,15,16,17,18,19,20,21,22,23,24,25,26,40,41,47,48,49,50,51,52,53,55,56,57,58,59,60"
287139872,1752.02,PC,CP,12.7463,2458704.636574,32.7135406170529,5.07546697500936,1469.25987877351,9.142073,"14,15,16,17,18,19,20,21,22,23,24,25,26,40,41,47,48,49,50,51,52,53,55,56,57,58,59,60"
289580577,1753.01,PC,CP,11.2078,2459653.733754,5.38462389660919,3.26172961705255,630.690131349834,23.091486,"14,15,16,18,19,20,21,22,23,24,25,26,40,41,47,48,49,50,51,52,53,54,55,56,58,59,60"
332477926,1754.01,PC,PC,11.7229,2459662.802223,16.2143216884247,3.83952494493376,1553.70643385554,20.657053,"14,15,16,17,18,19,20,21,23,24,25,26,40,41,47,48,49,50,51,52,53,54,55,57,58,59,60"
356978132,1755.01,PC,APC,9.90051,2458718.901711,60.18509718042622,2.5961923198642944,4526.828294853856,92.614555,"14,15,16,17,18,19,20,21,22,24,25,26,40,41,47,48,49,50,51,52,53,54,55,56,58,59,60,73,74,75,76,77,78,79,80,81,82,83,85,86"
364074068,1756.01,PC,PC,12.0948,2458764.851874,2.78301136608212,1.74062950244565,916.264070077732,13.553055,"17,18,19,24,40,50,52,53,57,58,59,60"
367753709,1757.01,PC,PC,11.2906,2459633.261116,2.12568697665264,1.46496640757542,570.68588278482,16.531008,"14,15,18,19,20,21,22,24,25,26,40,41,47,48,51,52,53,55,58,59,60"
367753709,1757.02,PC,PC,11.2906,2458685.759866,5.00971134077727,0.945710652095698,560.415962062173,8.224073,"14,15,18,19,20,21,22,24,25,26,40,41,47,48,51,52,53,55,58,59,60"
367858035,1758.01,CP,CP,10.0907,2460421.696841,20.7051499,3.348,1822,31,"18,19,24,25,52,58,59,78"
408636441,1759.01,CP,CP,9.92838,2460404.266149,18.8500438,3.407,2610,43,"16,17,24,56,57,58,76,77"
408636441,1759.02,PC,PC,9.92838,2460632.547184,.0,4.429019831746615,912.9305536629575,8.953303,"16,17,24,56,57,58,76,77,78,85"
420112587,1760.01,O,FP,12.4989,2458691.540405,11.061898692829399,1.713347004661754,3996.6230725787227,29.168592,"14,15,16,17,19,20,21,22,23,24,25,26,40,41,47,49,50,51,52,54,55,56,57,58,59,60,73,74,75,76,77,78,79,80,81,82,83,84,85,86"
424391516,1761.01,PC,PC,10.5951,2459714.913736,11.5922513199797,3.48689466298574,373.162557312991,13.062716,"14,15,16,17,18,19,20,21,23,24,25,26,40,41,47,48,49,50,51,53,54,55,56,57,58,60"
435680451,1762.01,PC,PC,10.5949,2458810.921261,24.1412289941159,3.06976496565349,1612.77954256261,9.9471655,"18,19,52,58,59"
441739871,1763.01,PC,PC,12.8123,2458684.788007,3.7978720127906,1.06369762546447,1501.08250275808,13.279371,"14,15,16,17,18,19,20,21,22,23,24,25,26,41,47,48,49,51,52,53,54,55,56,57,58,59,60"
1551345500,1764.01,PC,PC,11.2018,2459744.020242,47.3860753,1.81,19550,91,"14,15,16,17,18,19,20,21,22,23,24,25,26,40,41,47,48,49,51,52"
272672133,1765.01,PC,PC,11.7176,2459690.102516,3.493958,1.961,3650,77,"14,15,16,17,20,21,22,23,40,41,47,48,49,50,54"
67666096,1766.01,KP,KP,9.43351,2459635.207263,2.7033942,2.927,10340,222,"21,48"
8767448,1767.01,KP,KP,9.98111,2458892.510627,4.3532339,3.869,10270,144,"21,48"
137906197,1768.01,PC,CP,9.91008,2460331.444718,7.3377236,4.243,795,11,"21,48,74"
287225295,1769.01,PC,APC,9.4819,2460338.470141,0.6097554,0.416,670,19,"21,47,74"
457138169,1770.01,PC,FP,9.22437,2459605.893177,1.09245357642221,1.22457849262174,874.580103977764,22.716997,"21,47"
252479260,1771.01,KP,KP,9.007,2460362.105227,3.2122302,2.653,14429,340,"21,48,75"
85293053,1772.01,PC,CP,9.3523,2459628.849872,8.05422072638224,3.02871611944131,706.816530691621,12.536335,"21,48"
85293053,1772.02,PC,PC,9.3523,2459618.707643,.0,5.34897486317528,2162.84493126748,23.54239,48
332064670,1773.01,KP,KP,5.2058,2458870.692828,0.736546250262761,1.57322083504225,384.673312070301,112.25481,"21,44,46,72"
4897275,1774.01,PC,CP,7.6474,2458872.341155,16.710042174913,5.40046516776682,615.287363110693,11.938421,"21,48"
9348006,1775.01,PC,CP,10.9184,2459635.364326,10.2405483,3.538,9950,68,"21,48"
21535395,1776.01,PC,CP,7.6586,2458871.488566,2.8009914707958,1.49853987456756,204.855332544592,7.390294,21
29191624,1777.01,PC,CP,8.737001,2459635.116524,14.6503935,2.08,330,7,"21,48"
39699648,1778.01,PC,CP,8.4594,2458875.997532,6.527388413746004,3.1190657488041773,415.4308910227752,13.132321,"21,47"
67646988,1779.01,KP,KP,12.4368,2459633.119867,1.8817191,1.236,99270,111,"21,48"
99834717,1780.01,KP,KP,12.212,2459632.745042,1.7063264,1.359,10980,57,"14,21,41,47,48"
137881699,1781.01,KP,KP,12.5119,2459633.496924,2.9720774,4.41,6440,28,"21,48"
160045097,1782.01,PC,CP,11.3069,2459635.737444,4.9877056237819,2.27691074222847,1192.33981983428,16.066872,"14,20,21,22,40,41,47,48,53,60"
160045097,1782.02,PC,CP,11.3069,2459632.816808,1.82902939880296,1.66790977219127,704.849393302529,15.420817,"14,20,21,22,40,41,47,48,53,60"
160045097,1782.03,PC,PC,11.3069,2459625.059505,18.7559764648518,2.55507050354788,1506.81833100173,9.890216,"14,15,20,21,22,40,41,47,48,53,60"
229938290,1783.01,PC,PC,9.2742,2458871.091166,1.41986588683862,1.30584973473734,465.210620481054,8.185986,21
241196395,1784.01,PC,APC,9.61433,2459633.75904,2.0937563,0.433,1250,14,"21,48"
230386259,1785.01,PC,PC,9.6746,2459944.890087,11.0023133,5.305,298,21,"14,15,16,17,18,20,21,23,24,25,26,40,41,47,48,49,50,51,52,53,54,55,57,58,59,60"
86280613,1786.01,EB,FP,9.5173,2460325.905001,9.573548,2.036,2788,45,"20,21,47,74"
372730331,1787.01,PC,PC,10.3774,2459627.995561,8.7046669,2.58,9660,103,"21,48"
450327768,1788.01,PC,FP,10.1883,2458875.04671,5.34326,1.426,6980,70,21
172518755,1789.01,CP,CP,9.1824,2460279.071213,3.2087149,1.639,1960,53,"21,44,45,46,48,72"
310981412,1790.01,PC,FA,10.2728,2458684.16048,9.62517,3.725,540,9,"14,20,21"
233684293,1791.01,V,FA,9.05769,2459755.574206,48.4808217,8.081,110,9,"14,15,16,17,18,19,20,21,22,23,25,26,40,41,47,48,49,50,51,52"
29191596,1792.01,PC,PC,8.676,2459629.386516,8.8164887,3.895,170,6,"21,48"
304142124,1793.01,CP,CP,7.8436,2460017.429225,55.087,5.709,2509,82,"10,36,37,63"
286916251,1794.01,CP,CP,9.69924,2458715.310896,8.765546848738802,4.026446324635594,572.6986983344385,17.502567,"15,16,22,23,49,76"
135083444,1795.01,PC,FP,10.0721,2458899.610227,2.79179110271932,1.46642535066697,1018.97714334739,9.643813,22
138819293,1796.01,KP,KP,8.40346,2459639.963332,2.64388561055203,0.968928896407807,6404.70514713927,99.782776,"22,49"
368435330,1797.01,PC,CP,8.6259,2459631.901476,3.6451549,2.055,780,25,"22,48"
368435330,1797.02,PC,CP,8.6259,2459635.926283,1.0376109,1.588,210,11,"22,48"
198153540,1798.01,CP,CP,10.5191,2458741.600395,8.021473489493966,3.20876521681066,882.3089290897226,14.288963,"16,22,23,49,50,76,77"
198153540,1798.02,CP,CP,10.5191,2458739.074846,0.4378083364617078,1.1404290914974526,290.88561840835814,16.89989,"16,22,23,49,50,76,77"
8967242,1799.01,PC,CP,8.3662,2458904.815773,7.09385304707861,2.51076259145931,284.238113501594,7.147946,22
17993892,1800.01,KP,KP,11.1065,2459632.338336,4.1244833,3.567,9590,131,"22,48"
119584412,1801.01,PC,CP,9.85623,2459648.619735,10.6439385,2.713,1240,12,"22,49"
138762614,1802.01,PC,PC,11.1341,2458904.154502,16.7961107288908,3.49893024815855,1816.27559846148,8.492437,22
144401492,1803.01,PC,PC,11.1476,2459659.055645,12.8858629,2.098,3170,18,"22,49"
144401492,1803.02,PC,PC,11.1476,2459659.815411,6.2932111,2.188,1810,13,"22,49"
148679712,1804.01,PC,PC,10.1345,2460364.133409,4.9246365,2.756,803,13,"22,48,75"
165763244,1805.01,PC,PC,10.7939,2458757.207853,24.051045317207873,3.3687329139845485,1194.9103543511933,15.386597,"16,22,49,50,51,76,77,78"
166648874,1806.01,PC,CP,12.6196,2458909.543414,15.1512050879928,2.34381656278598,4955.30429195561,8.752779,"22,48"
166648874,1806.02,PC,CP,12.6196,2458905.228249,8.19607576215462,1.48832265858591,4699.53444717405,7.978372,"22,48"
166648874,1806.03,PC,CP,12.6196,2458899.698659,0.501903071830712,0.947042252878761,1536.56831347408,7.1534896,"22,48"
180695581,1807.01,CP,CP,9.0363,2459664.070547,0.54937,0.883,370,17,"22,23,49"
307734817,1808.01,O,FP,11.6735,2458900.910995,2.1075001246516,1.90934832052075,4256.17430078416,19.646215,22
347329162,1809.01,KP,KP,11.5384,2459659.915254,4.6170519,3.555,12210,109,"22,49"
373693175,1810.01,KP,KP,11.6281,2459662.70189,1.3273482,2.083,18850,248,"22,49"
376524552,1811.01,CP,CP,11.1237,2459661.050292,3.7130701,1.654,19610,170,"22,49"
207425167,1812.01,PC,PC,11.6463,2458924.593048,.0,7.30275666282744,9219.89784287343,43.356834,22
207425167,1812.02,PC,PC,11.6463,2458902.48287,11.6098181580488,3.56237047285699,1391.57954554085,13.273963,"22,23,25,49,50,51,52,56,58"
207425167,1812.03,PC,PC,11.6463,2458909.510365,48.33202231625,5.37369038021716,4780.0505500921,18.081045,"22,23,25,49,50,51,52"
377290815,1813.01,PC,FP,9.91892,2458684.12719,0.798,0.679,190,10,"14,15,16,17,22"
160440924,1814.01,PC,PC,10.8247,2459653.488784,6.36846268332472,6.34801494075779,461.250669068446,14.952918,"14,15,19,20,21,22,25,26,40,41,47,48,49,52,53,59,60"
233720539,1815.01,EB,FP,10.8946,2460559.904763,2.555332,5.14,6550,194,"14,15,16,17,18,19,20,22,23,24,25,26,40,47,48,49,50,52,57,73,74,75,76,77,78,79,80,81,83"
237108272,1816.01,IS,FA,9.303001,2458688.28857,22.7873,5.334,410,9,22
285094173,1817.01,PC,PC,10.4966,2459645.227114,13.398372414199885,2.2302110686548566,1329.4475111166528,10.641045,"22,49,76"
330799746,1818.01,PC,PC,10.9901,2459639.827662,5.511511364619423,4.737974270013638,3342.807005433475,31.225416,"22,49,76"
341815767,1819.01,PC,FA,8.98018,2458685.5559,3.09374,2.451,150,9,22
393831507,1820.01,PC,CP,10.5268,2459661.328325,4.860673,2.632,6140,77,"22,49"
82308728,1821.01,KP,KP,6.9859,2459664.085255,9.4893231,2.757,940,26,"22,49"
9392421,1822.01,PC,APC,10.7184,2459623.129601,9.6136615,5.292,7000,67,"22,48"
142381532,1823.01,PC,CP,9.7722,2460345.348566,38.8135498,5.944,9593,137,"14,15,21,22,41,48,49,75"
142387023,1824.01,PC,CP,8.9754,2460362.103539,22.8085719,3.847,977,30,"15,21,22,41,48,49,75"
229750058,1825.01,PC,PC,11.7204,2459752.123396,10.1824299,2.788,10610,171,"14,15,17,18,19,20,21,22,23,24,25,26,40,41,47,48,49,50,51,52,53,54,55"
229400092,1826.01,CP,CP,11.2086,2459761.726499,4.14198051011935,2.38096543806476,10130.9411803801,278.4561,"14,15,16,17,18,20,21,22,23,24,25,26,40,41,47,48,49,50,51,52,53,54,55,57,58,59,60"
390651552,1827.01,CP,CP,8.8223,2459691.149337,1.46711903473069,1.00693130800535,1550.63236799172,34.38628,"23,50"
232982938,1828.01,PC,CP,11.1315,2459918.438376,9.0941239,4.389,2570,71,"14,15,16,17,18,19,20,21,22,23,24,25,26,40,41,47,48,49,50,51,52,59"
235905185,1829.01,PC,PC,12.8784,2459775.884516,6.2895835,3.044,24300,167,"14,17,18,19,20,21,23,24,25,26,40,41,47,50,51,52,53,54"
20182165,1830.01,EB,FP,7.0166,2459680.305818,9.7815625,3.736,20040,143,"23,24,50"
27194429,1831.01,PC,APC,7.43229,2459665.464633,0.555324438209709,0.833665819853507,353.704517509702,14.107591,"23,50"
307956397,1832.01,PC,PC,12.9233,2459765.040315,4.1508569,2.19,8700,73,"14,15,16,17,18,19,20,21,22,23,24,25,26,40,41,47,48,49,51,52"
61098812,1833.01,KP,KP,9.87229,2459684.730994,3.69359967416772,4.46618496292979,8580.43189049065,191.73415,"23,46,50"
71612483,1834.01,PC,APC,11.4951,2459689.763585,1.2164402,1.847,15450,167,"23,49,50"
347332255,1835.01,PC,PC,7.6621,2458932.763635,5.64195983597199,3.08715015408809,543.838847968583,8.795427,23
347332255,1835.02,PC,PC,7.6621,2458937.873023,.0,3.945449758252,886.483823714136,7.8712387,23
207468071,1836.01,CP,CP,9.29416,2458933.167227,20.380782374175926,6.659014872085886,2371.5221505203585,88.6438,"16,23,24,25,49,50,51,52,56,76,77,78,79"
207468071,1836.02,EB,FP,9.29416,2458929.518012,1.77275810301063,1.76503300713252,217.29042151571755,17.838047,"16,23,24,25,49,50,51,52,56,76,77,78,79,83,86"
144441148,1837.01,PC,FP,8.70842,2458931.250769,5.81822387671979,1.19436576366652,1069.57099162997,10.557839,23
162689341,1838.01,KP,KP,12.423,2459717.232201,2.17470623850458,2.84611104593092,11173.1929564224,96.36039,"23,24,25,50,51"
381714186,1839.01,PC,CP,10.2173,2459690.241643,1.42380665982722,1.50095845538354,721.045857132951,13.531481,"23,46,50"
165987272,1840.01,KP,KP,9.8469,2459658.642419,7.8456075,5.892,7020,131,"23,49"
168699373,1841.01,KP,KP,12.4474,2459688.443452,4.3011975,2.982,22050,139,"16,23,49,50"
404505029,1842.01,CP,CP,9.26733,2459680.103432,9.5739531,4.172,3170,58,"23,50"
258871793,1843.01,EB,FP,12.6445,2458931.120263,9.146835533280864,4.519466218274092,8769.524022129272,100.10306,"23,24,25,26,40,41,47,48,49,50,51,52,53,54,55,73,74,76,77,79,80,81,82,83,84,85,86"
198108326,1844.01,KP,KP,11.7551,2459685.398095,3.2130578,2.169,22530,211,"16,23,49,50"
272758199,1845.01,PC,PC,12.889,2459666.132177,3.66100257104256,2.60474151067902,18701.4218317459,183.5606,"14,15,16,17,19,20,21,22,23,26,40,41,47,49,50,52,53,54,56,57,60"
198385543,1846.01,PC,CP,11.8467,2459884.349803,3.93067462792567,1.43051415609098,1637.19842694826,19.41492,"17,20,23,24,25,26,40,47,50,51,52,53,54,58"
54002556,1847.01,KP,KP,11.6235,2459099.821541,35.4557945,3.867,9890,19,"3,30"
54002556,1847.02,PC,PC,11.6235,2459130.150082,12.7645811,2.132,3000,1000,"3,30"
219824469,1848.01,PC,FP,10.5038,2459661.07431,5.4809161,5.031,2770,21,"16,22,23,49"
23740089,1849.01,PC,APC,10.4985,2460412.030494,9.862756,2.323,4278,21,"23,49,50,76,77"
149577217,1850.01,PC,APC,10.626,2458931.03559,7.39143,1.252,5880,39,23
378976682,1851.01,PC,APC,13.1369,2459688.751118,6.0179742,1.278,13910,9,"23,50"
219728669,1852.01,PC,PC,13.4891,2459690.342687,2.3601883,2.455,21460,28,"23,50"
73540072,1853.01,PC,CP,11.3719,2459690.743436,1.2436239,1.211,1790,18,"23,50"
157225097,1854.01,PC,PC,13.0383,2459667.101712,2.52673526406798,2.26543625053991,17543.8769120108,21.138418,"23,50"
81247740,1855.01,PC,CP,10.6503,2459690.637842,1.3641482,0.952,7820,106,"23,50"
224313733,1856.01,EB,FP,10.9374,2459517.338757,197.0336254,7.338,11900,12,"15,16,17,22,23,24,49,50,51"
180652891,1857.01,PC,APC,9.2427,2459663.219189,0.7759895,1.135,2450,89,"23,49"
424733642,1858.01,PC,PC,12.8777,2459691.122281,2.0912089,1.144,20760,54,"23,50"
229742722,1859.01,CP,CP,9.93689,2460503.687053,63.4839358,5.457,5357,118,"14,15,16,17,18,19,20,22,23,25,26,40,41,47,48,49,50,52,53,54,55,56,57,59,60,73,74,75,76,77,78,79,80,81,82"
202426247,1860.01,CP,CP,7.7885,2460367.147621,1.0662082,1.142,151,19,"14,15,16,21,22,23,41,48,49,50,75"
323295479,1861.01,PC,PC,9.9486,2460782.962341,742.512660117,6.503665197311136,8950.639754671709,186.85353389472195,"11,12,13,38,39,65,66,67,93"
321668398,1862.01,CP,CP,11.5429,2459768.446771,5.64421124174708,2.98099602274391,4136.20100626448,64.643135,"14,17,20,21,24,25,26,40,41,47,50,51,52,53,54,57,58,60"
356919658,1863.01,EB,FP,11.2542,2458956.286083,1.426076600931543,1.9053349051610917,1921.5379507006933,82.10675,"20,24,25,26,40,41,47,48,49,50,51,52,53,54,55,73,74,75,76,77,78,79,80,81,82,83,85,86"
229791084,1864.01,KP,KP,12.2856,2459766.543741,1.6453265,2.59,19310,465,"14,15,16,17,18,19,20,21,22,23,24,25,26,40,41,47,48,49,50,51,52"
207425203,1865.01,PC,APC,11.871,2458956.920972,1.2238901960342365,1.2763535603297789,1206.8923557786538,33.07134,"15,16,17,23,24,25,49,50,51,52,56,58,76,77,78,79,82,83,85"
400430915,1866.01,PC,PC,12.6557,2459797.900124,2.18630947984743,3.95769150918251,2983.55258228263,20.042763,"20,40,41,47,50,54,55"
400476523,1867.01,EB,FP,12.2339,2459407.121941,18.10612600810125,4.332936938444808,9135.612297315713,83.94993,"20,40,41,47,50,54,55,73,74,75,76,77,81,82,83,84,85"
230087585,1868.01,PC,PC,12.6053,2459940.409366,8.82635791612815,3.43185906483748,5877.74804001497,48.30618,"14,16,17,18,19,20,21,22,23,24,25,26,40,41,47,48,49,51,52,53,54,55,60"
299780329,1869.01,PC,PC,10.9679,2459362.742783,1.60243874712251,1.00900137662734,1372.60169046599,17.802126,"1,13,28,39"
230375747,1870.01,PC,PC,12.8079,2459694.209214,2.76339168970877,3.50616628111821,12405.1873298543,145.06374,"24,25,26,40,41,47,48,49,50,51,52,53,54,55"
233503636,1871.01,EB,FP,11.5906,2458958.280912,3.405849283154669,1.879691284207119,752.3935149306665,15.462682,"14,15,16,18,19,20,21,22,24,25,26,40,41,47,48,49,51,52,53,54,55,73,74,75,76,77,79,80,81,82,83,85,86"
229490898,1872.01,PC,PC,11.9414,2459765.196316,2.2349708,2.016,3870,36,"14,15,16,17,18,19,20,21,22,23,24,25,26,40,41,47,48,49,50,51,52,53,54,55"
328933398,1873.01,PC,PC,10.7447,2459753.685026,24.9341884,4.964,1390,16,"14,19,20,21,26,40,41,47,52"
328933398,1873.02,PC,PC,10.7447,2458848.638767,900.193098724326,6.3963069164098,1344.48848818584,10.98663,"20,21,40,41,47,52,53,59,60"
328933398,1873.03,PC,PC,10.7447,2459583.708287,7.00568049251826,3.31821249026891,766.894461991216,18.992094,"20,21,40,41,47,52,53,59,60"
232641326,1874.01,PC,APC,11.5816,2458970.653372,17.86843275882854,5.663324368603962,11028.19022850085,116.09258,"24,25,26,40,41,47,48,49,50,51,52,53,54,55,56,57,58,59,60,73,74,75,76,77,78,79,80,81,82,83,84,85,86"
233047097,1875.01,PC,PC,12.9417,2459857.086857,11.3091849,1.713,11960,37,"14,15,16,17,18,19,20,21,22,23,24,25,26,40,41,47,48,50,51,52"
233078665,1876.01,PC,PC,12.8182,2459945.349797,6.4827646827791,2.29303592239289,4140.83294828344,38.61821,"24,25,26,40,41,47,48,49,50,51,52,53,54,55,56,57,58,59,60"
233497719,1877.01,EB,FP,12.8746,2460534.067363,3.801591,2.752,18950,162,"14,15,16,18,19,20,21,22,24,25,26,40,41,47,48,49,51,52,73,74,75,76,78,79,80,81,82"
219762508,1878.01,PC,PC,12.9737,2459911.907728,3.2351012718965,0.964592157812367,3974.23191279391,24.670567,"14,15,16,17,18,19,20,22,23,24,25,26,40,41,47,48,49,50,52,53,54,55,56,57,58,59"
243335710,1879.01,PC,PC,12.9935,2459703.289921,13.7045951306737,5.85354119963955,10116.0470111224,48.77545,"14,15,16,17,18,19,20,21,22,23,24,25,26,40,41,47,48,49,50,51,52,53,54,55,59"
359357695,1880.01,PC,PC,13.0614,2459333.898275,1.7263781210827944,1.787458173313179,10118.353972026833,32.20526,"11,12,38,39"
59859387,1881.01,EB,FP,10.2761,2459987.207387,1.1203828,1.665,1901,47,"7,8,33,35,61"
396368313,1882.01,PC,PC,11.2394,2459334.446718,3.08988355292512,1.78988681395477,5784.37351689367,66.06125,"11,12,38,39,65,66"
348755728,1883.01,PC,CP,13.3462,2459256.846553,4.50638380838065,2.03920068346347,12522.9613661697,17.854677,"8,35,61"
219879302,1884.01,PC,PC,12.6183,2458928.3396,6.78227805016519,2.64604512433046,10143.245025488,108.17261,"14,16,17,18,19,20,21,22,23,24,25,26,40,41,47,48,49,50,51,52,53,54,55,56,57,58,59,60"
258510872,1885.01,PC,CP,11.9742,2459736.999544,6.5440665,3.777,6060,69,"15,16,17,18,21,22,24,25,48,51,52"
403136415,1886.01,PC,PC,13.0934,2459062.639615,2.51284831360378,2.55360626519877,18573.9655628724,63.978558,"1,28,68"
229586455,1887.01,PC,PC,12.2415,2459884.269522,2.20015834819389,1.75644860690806,1295.59854425505,26.391085,"14,15,16,17,18,19,20,21,22,23,24,25,26,40,41,47,48,49,50,51,52,53,54,55,56,57,58,59,60"
459997997,1888.01,EB,FP,10.4748,2459328.032732,5.547485,5.412,3350,23,"10,11,36"
139771134,1889.01,PC,APC,12.5093,2459036.732943,0.913449513075635,0.967423644360183,4262.07486887452,29.775667,"1,27,28,67,68"
288636599,1890.01,PC,PC,11.6819,2459884.073661,19.9676936259445,6.28049300228676,6084.34354251442,51,"14,17,18,19,20,21,24,25,26,40,41,47,48,50,51,52,53,54,55,58"
139198430,1891.01,PC,APC,9.3059,2460176.504188,15.3617729,1.745,3321,49,"1,28,68"
63698669,1892.01,PC,PC,9.9312,2458364.629487,1837.88973129423,5.12315423550358,784.587933564345,12.635269,"2,29,69"
264544388,1893.01,PC,PC,8.43389,2458824.861486,.0,16.2000200807119,560.400439318114,8.327036,"17,18,19"
280865159,1894.01,PC,PC,10.7519,2458387.072971,739.238983206357,19.1259714101349,3106.76756328863,27.631193,"1,3,4,5,6,7,8,10,11,12,13,27,28,30,31,32,33,34,35,36,37,38,61,62,63,64,65,66,67,68"
384159646,1895.01,PC,PC,9.7556,2459362.934319,748.073941620923,5.06520326924783,4627.3105593122,40.682007,"12,13,39"
174302697,1896.01,PC,PC,8.88374,2458743.727014,.0,16.104628186997,2816.52241847934,35.01022,"16,17"
420645189,1897.01,EB,FP,10.1374,2459000.999918,48.534039473,6.661,62170,295,"19,25,26,52"
420645189,1897.02,EB,FP,10.1374,2458837.476698,48.533862575,6.137,4730,33,"19,25,26,52"
91987762,1898.01,CP,CP,7.4098,2459531.564033,45.5221455560606,4.38393920742717,3028.54532793479,95.79935,"21,45,46,48,72"
172370679,1899.01,CP,CP,12.5826,2458711.959967,29.09023727744343,4.617609972337914,34180.74272055675,108.88339,"14,15,41,54,55,75,81,82"
178879588,1900.01,KP,KP,13.2554,2459145.468004,3.05662771115638,2.39263753754447,12517.5203529171,30.356386,"31,32"
19684256,1901.01,KP,KP,13.1758,2459278.312088,1.3666563,1.967,21070,76,"8,9,35"
272212970,1902.01,KP,KP,13.174,2459332.042845,1.6091845,1.63,13450,40,"10,37"
77156657,1903.01,KP,KP,11.8831,2459196.572151,3.8404319,5.242,3580,29,"4,5,31,32"
272213425,1904.01,KP,KP,11.1138,2459327.622593,4.3247708,4.267,6380,17,"10,37"
429302040,1905.01,KP,KP,10.418,2458574.14194,5.72226,2.648,25549,288,10
308098254,1906.01,KP,KP,11.5688,2459299.07674,9.6246665,4.297,10230,66,"9,36"
453789494,1907.01,KP,KP,10.7316,2459354.693899,5.4774433,5.277,9010,220,"11,37,38"
37718056,1908.01,KP,KP,11.7083,2458384.09392,3.65688,3.542,7040,9,3
232038798,1909.01,KP,KP,11.3187,2459252.138447,4.1536624,1.702,12310,140,"6,7,32,33,34"
437261733,1910.01,KP,KP,13.2958,2459296.222791,5.4161129,3.385,14310,26,"9,36"
44745133,1911.01,KP,KP,12.5757,2459166.297772,7.8181434,4.98,3650,15,"4,5,31"
50712784,1912.01,KP,KP,10.5579,2459249.035676,5.4053583,4.859,6770,74,"7,34"
53458803,1913.01,KP,KP,11.8656,2459252.258036,3.34890381843444,3.35462982188189,10987.1747675208,54.78575,"6,7,33,34"
53750200,1914.01,KP,KP,12.2309,2459232.244495,4.19334220896773,1.82209959611083,4804.15726602902,22.313007,"6,7,33,34"
98283926,1915.01,KP,KP,13.1472,2459253.248463,2.29203483324914,3.181250652858,10585.2906021171,32.916973,"7,33,34"
98545929,1916.01,KP,KP,12.4539,2459251.405758,1.88823101642076,3.66938935313672,4358.32608746206,19.96574,"7,33,34,61"
339522221,1917.01,KP,KP,12.0457,2458655.29768,1.82069,3.049,12340,83,13
308425348,1918.01,EB,FP,12.2876,2458571.7908,3.39829,2.634,4340,9,"10,11"
102192004,1919.01,KP,KP,11.3287,2459328.761216,4.2337078,2.008,7690,60,"10,11,37"
363851359,1920.01,KP,KP,13.2755,2459331.95356,2.5441537,2.128,6780,1000,"11,37"
112099249,1921.01,KP,KP,12.1577,2458604.17084,5.17958,4.524,7620,20,11
112604564,1922.01,KP,KP,12.3213,2459233.316814,4.5768651482226,3.55927947011861,10869.4903086084,16.512323,"7,34"
114299824,1923.01,KP,KP,12.9264,2459229.337707,4.204207807731861,2.124,12080,26.426039,"7,34,61"
371443216,1924.01,KP,KP,8.0552,2459358.688506,2.8240691,3.808,8970,591,"10,11,36,38"
118956453,1925.01,KP,KP,11.9397,2459279.602393,2.3447752,1.814,15340,97,"8,35"
143143769,1926.01,KP,KP,12.3686,2459175.372553,1.3372349230815,1.70260976467707,1226.67605562449,9.910095,"6,32,33"
14344979,1927.01,KP,KP,12.3353,2459255.860453,4.11177308955965,2.15756476230473,22017.8853537156,112.168434,"35,45,46,72"
207077681,1928.01,KP,KP,12.3119,2459061.944577,2.27857495182227,2.15982499501818,13638.9588751358,29.033724,28
157266693,1929.01,KP,KP,13.1648,2459329.357403,3.8537616,3.392,18650,73,"10,36,37"
160578764,1930.01,KP,KP,12.1014,2459355.488108,2.8786641,2.207,8710,45,"11,38"
162922904,1931.01,KP,KP,12.0233,2459331.431765,3.8186276,4.282,3240,26,"10,36,37"
386259537,1932.01,KP,KP,11.3299,2459228.937203,5.61077370946175,6.33848342972248,6651.68991692491,20.09366,"7,8,34"
172598832,1933.01,KP,KP,12.941,2459201.975798,3.26331647416721,5.28143373910057,5011.57250272436,12.848363,33
125739286,1934.01,KP,KP,10.5288,2459351.553003,4.5111234,4.525,11170,176,"11,38"
176685457,1935.01,KP,KP,12.2682,2459272.947539,4.4352884,1.89,6410,23,"8,35"
178289267,1936.01,KP,KP,11.7076,2459167.711102,2.3506186,2.369,15940,160,"4,5,31"
268301217,1937.01,PC,CP,12.4933,2459989.041517,0.9466787,1.09,16490,110,"7,9,34,35,36,61,62"
128449971,1938.01,PC,APC,10.7347,2459346.073496,12.7060865895739,2.47825231932992,5160.20208990974,10.585723,"11,38,65"
325172035,1939.01,PC,FP,8.2376,2459308.612847,2.89702019618578,4.15023360632483,3080.92393082621,39.63694,"10,11,37"
7413227,1940.01,PC,APC,9.46381,2459335.645193,3.41586675557478,1.9196262166874487,2841.7825532302595,51.4248,"11,38,64"
167009792,1941.01,EB,FP,8.5122,2460932.531044,1.1330519701151485,1.3601919361480794,104.30439485385993,47.37417934473471,"1,2,3,4,5,7,8,10,11,12,13,27,28,29,30,31,32,33,34,35,37,38,39,61,63,64,65,66,67,69,87,88,90,93,94,96"
308919449,1942.01,EB,FP,9.8146,2460012.02774,1.6563738,1.741,246,19,"1,2,4,5,8,9,10,11,12,28,29,31,32,34,35,36,37,38,61,62"
382980571,1943.01,PC,PC,10.1598,2460091.697304,1.742573,1.962,947,21,"11,37,38,64,65"
461080504,1944.01,PC,FP,10.9572,2459285.44868,6.09884706393276,5.40881803874551,8857.72841475846,14.772681,"10,11,36"
357536526,1945.01,PC,FP,10.6707,2458545.66094,1.57363,2.558,710,22,"9,10,11"
127315102,1946.01,EB,FP,8.4672,2459338.849888,10.8458712,3.379,3120,53,"11,38"
460140752,1947.01,EB,FP,8.9301,2460066.821944,12.0077462,2.818,2921,53,"10,11,36,37,63,64"
31268146,1948.01,EB,FP,10.1302,2460013.457382,3.6473383151473,4.45728466819045,162.764257708942,16.040323,"1,2,4,5,6,7,8,9,10,11,12,27,28,29,30,31,32,34,35,36,37,38,39,61,62,63,64,65"
334125713,1949.01,PC,PC,9.4306,2459331.900044,4.6211026,3.882,11700,17,"10,11,37"
327663613,1950.01,EB,FP,8.4215,2458599.56984,1.41144,2.509,414.379,17,"1,2,3,4,5,6,7,8,9,10,11"
356590734,1951.01,PC,PC,9.8722,2459362.084735,4.82940600405631,2.6761871714201,8222.98370026162,206.61983,"11,39,64,65,66"
394509844,1952.01,PC,FP,10.5,2458599.31398,6.89132,5.369,5940,82,11
242536549,1953.01,EB,FP,9.5187,2459359.132432,0.6923563,0.803,810,25,"11,38"
466113537,1954.01,PC,PC,8.9718,2460015.194354,4.9064174957841,6.54169747320912,1704.65767519502,17.264967,"10,11,63,64"
166184426,1955.01,PC,FP,11.1825,2458600.45092,16.3152,1.992,2500,13,11
334911765,1956.01,PC,FP,10.4877,2458600.59694,0.88958,1.844,1240,13,11
302659412,1957.01,EB,FP,9.4845,2460083.974882,14.5187891,2.897,429,10,"9,10,11,36,38,63,64,65"
356747847,1958.01,PC,PC,9.9055,2460830.632824,14.64838498862992,1.759288013614787,1294.1932774044687,35.843389218835796,"11,12,38,64,65,66,93"
400323948,1959.01,EB,FP,11.0897,2459336.010178,3.22428082457996,4.31000768353036,868.621441418607,9.158857,"11,37,38"
318828309,1960.01,PC,PC,9.1962,2459330.051424,5.3418199,4.99,330,11,"10,11,37"
179319057,1961.01,PC,PC,10.0032,2459352.079496,6.7018963,1.874,950,12,"11,38"
141663464,1962.01,PC,FP,7.185,2458601.34368,1.76447,2.749,2640,55,11
190271688,1963.01,EB,FP,10.163,2459341.024374,12.653466413328816,4.098207676351213,27095.43994902824,224.4959,"11,38,65"
242083025,1964.01,PC,FP,10.7892,2459307.492086,0.646698774476465,1.0248899270251688,1063.700888016126,18.561583,"11,37,64"
295354126,1965.01,EB,FP,8.177301,2459357.403106,2.2778177,3.212,880,43,"11,12,38"
242120884,1966.01,PC,PC,9.0492,2459334.47608,0.622725708774479,1.01100420396955,565.941083696645,23.248587,"11,38,64"
320079492,1967.01,PC,APC,9.9666,2459307.334625,0.4262222958530929,0.511169238506514,835.579730561869,21.80589,"11,37,38"
210445631,1968.01,PC,APC,10.52,2458601.95696,3.97195,4.297,7670,73,11
293708935,1969.01,PC,FP,8.5941,2458597.350807,2.68559148108602,2.04911873395611,488.240178785328,9.359,11
162695785,1970.01,PC,PC,11.0048,2459308.323706,2.55996665143006,2.9695871315864544,11049.75946623627,187.23108,"11,37,38,64"
253132689,1971.01,EB,FP,10.3345,2460062.383323,3.217824,1.735,1288,23,"11,37,38,64"
267414551,1972.01,PC,PC,9.7472,2458571.46158,4.7631,1.838,850,9,"10,11"
47617161,1973.01,PC,PC,10.7565,2459335.074889,3.9194855529563855,2.3461464937055916,5155.233596245408,57.397125,"11,38,65"
295562522,1974.01,PC,APC,10.5833,2459354.324182,5.438218,1.675,7830,37,"10,11,37,38"
467281353,1975.01,PC,FP,10.2081,2459332.170832,2.8319354,3.21,780,18,"10,11,37"
329888006,1976.01,PC,APC,8.8681,2459360.021406,7.6943096,8.903,7400,105,"11,38"
383531859,1977.01,EB,FP,9.5918,2459352.185799,17.0614756,3.384,2730,27,"11,38"
458856474,1978.01,EB,FP,5.666,2460751.695956,6.081043046196433,4.8182489544612945,15384.17171226183,22.714664,"10,11,36,90"
458857720,1979.01,PC,FP,9.8678,2458571.79697,1.30924,2.535,3370,34,"10,11"
127793615,1980.01,PC,FP,10.9805,2458604.91156,9.27898,6.514,9020,56,11
378613125,1981.01,PC,PC,10.001,2460063.136243,2.4763492,3.593,593,13,"10,11,63,64"
437329044,1982.01,PC,PC,10.1919,2459323.825798,17.1725007,5.016,3610,34,"11,37"
89535068,1983.01,EB,FP,10.3349,2459288.09218,6.11109450729485,4.25663178803618,1098.15267195855,18,"10,35,36"
162246865,1984.01,EB,FP,10.361,2459331.916143,0.5646193,1.295,510,23,"10,36,37"
469212332,1985.01,PC,APC,9.9681,2460027.634922,30.7864669,3.466,8750,87,"9,10,36,37,63"
468997317,1986.01,EB,APC,8.135,2459256.974533,7.50438291556428,4.89677710519152,12479.717683201,22.283772,"9,10,35,36"
349088467,1987.01,PC,APC,9.62418,2459283.07354,2.5861562074344797,1.8304478412326342,2218.2234098599884,58.38377,"10,36,46,63,90,91"
161156159,1988.01,EB,FP,10.1854,2460064.293216,2.2818488,3.973,1483,33,"10,11,37,64"
324395151,1989.01,PC,FP,10.2581,2459309.575644,3.45514790437396,5.74447040435466,5191.72600144186,30.213356,"10,37"
457939414,1990.01,PC,FP,10.1574,2459281.710853,3.78995239619699,5.52684011419759,4345.43734321077,12.181036,"10,36"
82707763,1991.01,EB,FP,10.1405,2460065.075037,6.6570835,5.285,7164,175,"10,37,63,64"
147340931,1992.01,O,FP,10.5287,2459331.540551,4.3114812,3.505,6360,106,"9,10,36"
453464017,1993.01,EB,FP,10.248,2459352.660686,3.9416903,2.537,12840,78,"10,11,12,37,38"
445903569,1994.01,PC,CP,10.2396,2460032.218521,4.0337201,3.48,2868,41,"9,10,36,62,63"
299023386,1995.01,PC,PC,9.8153,2459327.827796,3.1056464,1.772,800,14,"9,10,35,37"
275384718,1996.01,PC,FP,10.2372,2458576.4335,7.72433,8.03,7120,63,10
142378043,1997.01,PC,PC,9.8916,2460038.14653,1.8359766,1.062,1073,22,"10,37,63"
429295277,1998.01,PC,FP,10.186,2458572.20786,1.10833,2.288,1060,22,10
447206604,1999.01,PC,APC,10.4109,2460033.285881,7.2133579,2.345,8814,91,"9,10,36,63"
371188886,2000.01,CP,CP,10.3579,2460086.660775,9.1270519,3.549,4568,83,"9,10,11,36,37,38,63,64,65"
371188886,2000.02,CP,CP,10.3579,2460038.819877,3.098367,1.963,496,12,"9,10,11,36,37,38,63"
118084044,2001.01,PC,PC,8.9578,2459256.141134,2.7435213250068,1.8047048338411011,1518.9012847335919,35.524143,"8,9,10,35,36,37,61,62,63"
356453768,2002.01,EB,FP,10.4879,2460011.151332,2.3330349,3.005,2795,45,"9,10,35,36,37,62"
58463434,2003.01,PC,PC,9.6569,2458579.36532,.0,3.529,3860,29,10
439610306,2004.01,PC,FP,9.0607,2458545.26565,1.79988,3.518,180,11,10
147660886,2005.01,PC,PC,9.4916,2459293.9977,17.305792317706473,4.172976747789032,2807.066873985767,27.938858,"10,63"
41173048,2006.01,V,FA,9.2225,2459194.004177,6.40938,2.356,280,13,"1,2,3,4,5,6,7,8,10,11,12,13,27,28,30,31"
219466784,2007.01,PC,PC,10.199,2458872.68991,.0,9.16540675024466,912.27629225308,9.195684,"14,20,21,22"
70887357,2008.01,EB,FP,8.64807,2458454.33261,723.834500848934,7.38294601566422,3119.2983692711,67.21428,"5,32"
243187830,2009.01,PC,PC,7.3551,2458783.768755,1071.08984480293,2.17341336153742,865.169437955287,13.903928,"17,57"
26547036,2010.01,PC,CP,9.26693,2459846.977285,1134.67239633331,8.68446227886302,11679.2159463996,129.00015,"14,15,16,56"
136916387,2011.01,KP,KP,5.0494,2458631.767617,11.5778362083528,3.87724990074814,217.399491764389,15.475518,"12,38,65"
136916387,2011.02,KP,KP,5.0494,2458650.89757,27.5920717535465,3.27430158295071,555.335292924246,36.951767,"12,38,65"
136916387,2011.03,KP,KP,5.0494,2460081.126376,.0,3.53413535393091,195.197293888749,19.23275,"12,38,65"
138294130,2012.01,KP,KP,10.6506,2459716.992394,3.0565259,4.145,8800,159,"24,50,51"
188589164,2013.01,CP,CP,10.2705,2458956.396322,2.61627687236315,1.13489302282895,1120.60141844857,14.412579,"24,25"
198588220,2014.01,KP,KP,9.63331,2460497.317355,4.8099755,6.696,6965,52,"24,26,51,52,53,78,79,80"
368287008,2015.01,PC,CP,12.8387,2459712.928909,3.3491408,1.207,7210,10,"24,51"
219508169,2016.01,PC,PC,10.408,2460470.798919,6.8161105,2.718,1377,20,"24,25,51,52,78,79"
219508169,2016.02,PC,PC,10.408,2460477.432216,2.4590369,1.862,1179,23,"24,25,51,52,78,79"
219508169,2016.03,PC,PC,10.408,2459735.445738,25.3369848,3.214,1330,10,"24,25,51,52"
357416482,2017.01,EB,FP,8.2057,2460434.940249,5.49826,2.04,12929,159,"24,51,78"
357501308,2018.01,CP,CP,8.962,2458958.257962,7.43557089552366,2.34503210226433,1310.68031564617,18.09982,"24,51"
159781361,2019.01,CP,CP,9.6087,2460431.584231,15.3468182,6.425,665,14,"16,23,24,50,77,78"
39903405,2020.01,KP,KP,8.27468,2460477.275907,5.633477,4.132,5651,231,"24,25,51,52,78,79"
236312126,2021.01,KP,KP,10.5484,2459713.291648,3.9415041,2.866,21330,193,"24,25,51"
11996814,2022.01,PC,FP,11.6484,2458790.849435,0.448734913893695,2.87578965472215,3572.03280317624,20.763273,"18,24,25"
16884216,2023.01,PC,APC,8.5049,2458964.128568,11.1900485650944,2.97415066820208,567.79899387325,7.313857,24
255930614,2024.01,KP,KP,7.6262,2460476.023499,2.8758831,3.14,3152,227,"24,25,51,52,78,79"
394050135,2025.01,CP,CP,10.9461,2459391.184052,8.872088644961796,3.5832065872950603,6114.596932448413,136.7155,"14,18,19,20,24,25,26,40,47,52,53,58,59,60,74,78,79,81,85,86"
407059875,2026.01,PC,PC,10.5782,2459904.708769,7.1925327,2.551,1180,14,"17,18,24,25,58"
335996558,2027.01,PC,FP,10.5027,2458739.50775,1.46329,2.431,750,24,24
336456596,2028.01,PC,FP,10.9141,2458739.62994,0.77871,1.458,670,16,24
445254275,2029.01,PC,FP,10.9415,2458767.19721,2.57134,3.824,920,17,24
422656370,2030.01,PC,APC,10.8489,2459854.362491,1.3254452290799286,1.412869748051154,3413.195505871451,74.547676,"17,18,24,25,57,58,77,78,84,85"
470127886,2031.01,PC,PC,10.7609,2459886.04634,5.71560747457573,4.05847974884111,12240.9298817259,117.25658,"24,52,53,58"
470159478,2032.01,PC,APC,10.9293,2459890.629461,17.009683058729102,2.36378191557546,6380.783931785741,53.86516,"18,19,24,25,26,53,58,59,60,73,78,79,85,86"
53617134,2033.01,PC,PC,9.46221,2459886.4891,18.8243063,4.397,1915,26,"18,24,25,58,78"
427279997,2034.01,PC,FP,10.5682,2458768.72753,2.89453,3.327,550,9,24
53709089,2035.01,PC,PC,9.1196,2458793.50485,8.51226,3.068,620,9,24
368320811,2036.01,PC,PC,8.97913,2460449.232339,1.261045,1.246,384,11,"24,51,78"
405559035,2037.01,PC,PC,10.67,2459639.813076,11.151666779780795,4.623,580,10,"16,22,23,24,49,50,51,77,78"
405559035,2037.02,PC,PC,10.67,2459637.780899,5.547093701856258,3.43509989964586,550.6948043984903,10.281764,"49,50,51,77,78"
235937532,2038.01,PC,APC,10.5352,2459390.935838,3.732128579952163,5.680483508105979,3435.54956801814,110.66786,"18,20,24,25,26,40,47,52,53,58,59,60,73,74,78,79,85,86"
237071229,2039.01,PC,PC,10.4719,2460539.786844,11.2479927,3.142,1277,26,"15,17,24,55,56,57,58,75,76,77,82"
427730490,2040.01,PC,PC,10.8407,2459740.365261,3.8608551,2.571,14670,250,"17,18,24,25,52"
54364414,2041.01,PC,FP,10.4608,2458792.09451,1.37477,1.601,960,21,25
269424395,2042.01,PC,FP,10.9518,2458768.14945,2.41872,2.685,1160,13,24
346929661,2043.01,PC,PC,10.1976,2460428.035206,12.0135752,4.274,1171,19,"17,18,24,57,58,77,78"
270333769,2044.01,EB,FP,10.4887,2460418.367886,4.1207509,2.158,973,17,"17,18,24,57,58,77"
347013211,2045.01,PC,PC,10.7799,2459873.067934,9.07763,5.928,5912,32,"17,24,57"
468574941,2046.01,CP,CP,10.996,2459882.348171,1.49714467191895,2.40241593646533,16266.2491957707,211.67122,"24,58"
363761216,2047.01,EB,FP,10.4708,2460651.832302,7.4072602,3.019,14765,111,"24,25,52,58,78,85,86"
159873822,2048.01,PC,CP,10.7545,2459704.448013,13.7905315,3.301,1140,15,"16,23,24,50,51"
314835525,2049.01,PC,PC,10.6568,2458768.86655,5.30329,3.707,1200,11,24
316468545,2050.01,PC,PC,9.70362,2460427.434017,13.5970194,2.781,604,15,"16,17,18,24,56,57,58,76,77,78"
375850439,2051.01,PC,PC,10.6234,2459854.289501,1.16333254424128,1.7800568817111,384.956681526635,10.114332,"24,57,58"
1100766816,2052.01,PC,FP,10.0943,2458957.04205,1.62263,1.555,1630,18,24
315755496,2053.01,EB,FP,10.5008,2459394.643317,4.27808,1.95762054062335,1096.60135421076,8.290148,"24,40"
378355116,2054.01,EB,FP,10.7633,2459875.429386,3.5684459,2.934,939,14,"17,18,24,57"
322062001,2055.01,PC,APC,10.6526,2459876.086576,4.6981739,2.36,7417,79,"17,18,24,25,57"
396356111,2056.01,PC,APC,7.3307,2458771.6773,10.2207,3.848,300,9,24
229888286,2057.01,PC,PC,10.7165,2459668.434278,5.598633670777159,5.389249790830207,2541.1751725831414,26.86759,"24,50,51,77,78"
326732851,2058.01,PC,FP,10.5365,2458766.42257,1.51567,2.281,750,18,24
403308915,2059.01,EB,FP,10.1731,2459878.778991,3.7543552,1.878,470,11,"17,24,57"
285542903,2060.01,EB,FP,9.8722,2460448.014024,2.2657506,3.419,388,13,"17,18,24,58,78"
327577308,2061.01,PC,FP,10.636,2458766.42545,1.45655,1.51,580,9,24
373785851,2062.01,PC,FP,10.155,2458795.9996,4.04163,1.719,3100,21,25
334811204,2063.01,PC,PC,10.3499,2458743.99764,21.07626,2.124,1890,11,24
115524421,2064.01,KP,KP,11.5906,2459735.852814,8.8036803,2.997,8360,51,"24,25,26,51,52"
356710041,2065.01,PC,APC,9.0024,2458932.291437,.0,12.5551811643326,1341.13095085062,22.965487,"23,49"
141663460,2066.01,PC,FP,8.522,2458601.34368,1.76442,2.749,8800,54,11
147951030,2067.01,PC,PC,10.4547,2460366.21096,8.8128067,2.325,787,12,"14,20,21,41,47,48,60,74,75"
417931300,2068.01,CP,CP,11.1806,2458683.416826,7.769088748267731,2.6251446616721834,1416.7912077079095,11.394531,"14,15,21,22,41,48,75"
198187049,2069.01,PC,PC,7.9726,2458688.473496,5.92142287655623,2.46062077246702,140.42859212602,13.088792,"14,15,16,17,18,19,21,22,24,25,40,41,47,48,49,50,51,52,53,54,55,56,57,58,59"
233182695,2070.01,PC,PC,9.74428,2458684.428217,6.3839246648077514,1.5808908624164832,358.74649718107986,13.919775,"14,15,16,21,22,41,47,48,49,74,76"
198360694,2071.01,PC,PC,11.04,2459659.620814,5.67393360151783,2.80741563479525,641.277923491799,21.806568,"14,15,17,18,19,20,21,22,23,24,25,26,40,41,47,48,49,50,51,52,53,54,55,56,57,58,59,60"
900715901,2072.01,PC,PC,11.6434,2459635.550895,3.167981,1.352,970,11,"14,20,21,40,41,47,48"
441642457,2073.01,PC,PC,9.45253,2458745.519019,53.1991438907095,6.20242254828116,591.460283470932,11.210143,"15,16,22,23,48,49"
158075010,2074.01,PC,PC,8.38689,2458754.149159,177.58305122878,4.79014425829153,456.090823416951,7.168755,"16,23"
23814735,2075.01,PC,PC,11.1345,2459690.292318,4.79816944690219,2.14251232585188,1051.0675882311,9.001688,"16,23,50"
27491137,2076.01,CP,CP,8.3745,2459675.695029,10.356359551487,3.48149331250979,923.942126996727,12.489726,"16,23,50"
27491137,2076.02,CP,CP,8.3745,2459675.93251,35.1257472,2.839,2066,32,"16,23,50"
27491137,2076.03,CP,CP,8.3745,2459673.364369,21.0153047,4.315,2072,47,"16,23,50"
230075227,2077.01,PC,PC,9.7807,2460348.12211,6.1155829,1.941,322,18,"14,16,17,18,19,20,21,22,23,24,25,26,40,41,47,48,49,50,51,52,53,54,55,56,57,58,59,60,73,74"
159244568,2078.01,PC,FA,11.0372,2458820.249587,6.27724777675108,1.53250135757547,910.521553643765,7.383831,"19,21"
224298134,2079.01,PC,PC,10.8515,2458711.967129,1.492317938123963,1.1558314098495237,669.718260032219,13.025794,"15,22,41,48,75"
224298134,2079.02,PC,PC,10.8515,2458720.556268,9.317411310501795,1.7011801005681355,1790.5546209465717,12.518544,"15,22,41,48,75"
367739494,2080.01,PC,PC,11.4547,2458689.532084,63.5809449009002,3.65613579982385,1446.50296444428,9.453484,"14,15,19,20,21,25,26,40,41,47,48,52,53,55,59,60"
321669174,2081.01,CP,CP,11.642,2459757.444606,10.5054361713606,2.48504008962755,1320.60162530262,18.799452,"14,17,20,21,24,25,26,40,41,47,50,52,53,54,57,58,60"
321669174,2081.02,PC,PC,11.642,2458686.97695,5.109656149006509,1.3726829490612849,533.2320714995282,10.961237,"14,17,20,21,24,25,26,40,41,47,50,52,53,54,57,58,60,73,74,77,78,79,80,81,84,85"
160039081,2082.01,PC,PC,7.8206,2460444.153514,30.2004765,4.517,520,18,"16,23,24,25,49,50,51,76,78"
233633993,2083.01,PC,PC,11.8737,2458695.867578,17.9696390475004,4.23881699764121,1231.03815181483,17.456623,"14,15,16,17,19,20,21,22,23,24,25,26,40,41,47,49,50,51,52,53,54,55,56,57,58,59,60"
441738827,2084.01,CP,CP,13.3257,2458741.070395,6.078474808284731,1.9914771321787865,2760.2986460227853,21.9414,"16,19,20,21,22,23,25,26,48,49,50,51,52,53,54,55,56,57,58,59,60,73,75,76,77,78,80,81,82,83,84,85,86"
441738827,2084.02,EB,FP,13.3257,2458745.40878,8.148521808406587,3.2801446127670646,3057.832383450446,21.81458,"16,19,20,21,22,23,25,26,48,49,50,51,52,53,54,55,56,57,58,59,60,73,75,76,77,78,80,81,82,83,84,85,86"
103633672,2085.01,PC,PC,9.8499,2458850.32085,.0,6.79404145358295,1885.16090898336,10.278564,"14,20,21,40,41,47,60"
230387153,2086.01,PC,PC,11.316,2459772.489982,41.7540004,4.491,820,9,"14,15,17,18,19,20,21,22,23,24,25,26,40,41,47,48,49,50,51,52,53,54,55,56"
230387153,2086.02,PC,PC,11.316,2459662.482575,20.2616549832581,2.96851969690156,612.948546817462,10.653077,"14,15,17,18,19,20,21,22,23,24,25,26,40,41,47,48,49,50,51,52,53,54,55,56,57,58,59"
219462190,2087.01,PC,PC,10.0537,2458709.129054,.0,16.0960466048946,548.082764971041,7.394593,"14,15,20,21,22"
441765914,2088.01,PC,CP,10.8812,2459517.9957,124.729870031257,7.29676916485988,1781.91600236247,26.024107,"14,15,16,17,18,19,20,21,22,24,25,26,40,41,47,48,49,50,51,52,53,54,55,56,57,58,59,60"
341815197,2089.01,PC,PC,11.5509,2459790.282263,49.9950015,5.109,1080,12,"14,15,17,18,20,21,23,24,25,26,40,41,47,48,50,51,52,53,54,55,56"
233721037,2090.01,PC,PC,8.80613,2458715.333688,230.922119983671,15.8602661043912,284.924743401068,7.8939776,"14,15,16,17,19,20,21,22,23,24,25,26,40,41,47,49,50,51,52,53,54,56,57,58,59,60"
219778329,2091.01,PC,PC,8.1529,2458742.87474,177.21888710776,5.55906448783259,294.429628036174,7.953704,"14,15,16,17,18,19,20,21,22,23,25,26,40,41"
393965778,2092.01,PC,PC,10.6375,2458740.668245,4.303264160073913,2.573723190161022,710.7656808119846,13.737502,"16,23,49,50,76,77"
402898317,2093.01,PC,CP,10.6699,2458751.624048,53.8108713039137,4.26550985477146,965.169662054076,13.02713,"15,16,17,18,19,20,22,23,24,25,40,48,49,50,52,53,55,56,57,58,59,60"
356016119,2094.01,PC,PC,12.2669,2458691.319362,18.793174918788,1.09889001841312,1844.6985474303,9.127365,"14,15,16,17,19,20,21,22,23,24,25,26,40,47,49,50,51,52,53,54,55,56,57,58,59,60"
235678745,2095.01,CP,CP,11.0788,2458692.799727,17.664866001981,2.7644951091684,736.392512219585,13.924033,"14,15,16,17,18,19,20,21,22,23,24,26,40,41,47,48,49,50,51,52,53,54,55,56,57,58,59,60"
235678745,2095.02,CP,CP,11.0788,2458704.29023,28.1722500657948,3.39834484972115,950.56536228892,15.934014,"14,15,16,17,18,19,20,21,22,23,24,26,40,41,47,48,49,50,51,52,53,54,55,56,57,58,59,60"
235678745,2095.03,PC,PC,11.0788,2458725.095593,57.686901917061114,4.079556761894011,616.6350144939381,11.475232,"14,15,16,17,18,19,20,21,22,23,24,26,40,41,47,48,49,50,51,52,53,54,55,56,57,58,59,60,73,74,75,76,77,78,79,80,81,83,84,85"
142748283,2096.01,PC,CP,13.4764,2459601.846172,3.11907156163725,1.15859744654094,2964.58289114435,8.965935,"14,20,21,40,41,47,53,60"
142748283,2096.02,PC,CP,13.4764,2458687.53823,6.38782015732006,1.4551850733439,5857.01647044482,15.516945,"14,20,21,40,41,47,53,60"
279982557,2097.01,EB,FP,11.6685,2458712.386403,1.789117725178543,1.7788577082245902,384.10923892323086,14.525232,"15,16,17,18,19,20,21,22,24,40,41,47,48,49,50,51,52,53,54,55,84,85,86"
356700488,2098.01,PC,PC,8.20773,2458756.674319,.0,12.4131425608423,230.838701374898,8.0356455,"14,16,17,18,19,20,21,22,23,24,25,26,40,41,47,48,49,50"
230386397,2099.01,EB,FP,11.2011,2459626.670376,19.5078657,4.603,1770,16,"14,15,16,17,18,20,21,22,23,24,25,26,40,41,47,48,49"
219436394,2100.01,PC,PC,10.8676,2459605.640236,23.6573994144733,2.3087779898223,1180.93505671199,13.246354,"14,15,20,21,26,40,41,47,48,53,60"
165527918,2101.01,PC,PC,10.6397,2458690.4168,9.07532712811804,3.61568416525418,586.917269932672,23.738602,"14,17,18,20,21,23,24,25,26,40,41,47,48,50,51,52,53,54,55,56,57,58,59,60"
289590465,2102.01,PC,PC,11.4106,2458687.583784,6.70602377486723,1.67823649094399,542.93658078826,11.08393,"14,15,17,18,19,20,21,22,23,24,25,26,40,41,47,48,49,50,51,52,53,54,55,57,58,60"
289590465,2102.02,PC,PC,11.4106,2459958.470839,.0,3.33947037169552,1474.53408250762,8.127895,"14,15,17,18,19,20,21,22,23,24,25,26,40,41,47,48,49,50,51,52,53,54,55,57,58,60"
160491359,2103.01,PC,PC,10.3366,2459663.746739,2.66207276935833,1.72350543132081,220.999421346124,11.092349,"14,15,16,17,19,20,22,23,25,26,40,47,48,49,50,52,53,54"
160491359,2103.02,PC,PC,10.3366,2458697.682402,20.2926467815124,3.7402567280783,319.939519910182,7.6152134,"14,15,16,17,19,20,22,23,25,26,40,47,48,49,50,52,53,54,56,59,60"
367630162,2104.01,PC,PC,10.0556,2460336.160755,3.2723118,1.815,464,15,"14,19,20,26,40,47,53,73,74"
367630162,2104.02,PC,PC,10.0556,2460329.870632,5.904369,2.653,351,9,"14,19,20,26,40,47,53,73,74"
367630162,2104.03,PC,PC,10.0556,2460335.884786,15.1808746,2.808,689,10,"14,19,20,26,40,47,53,73,74"
367630162,2104.04,PC,PC,10.0556,2460336.943627,1.9803146,1.66,306,11,"14,19,20,26,40,47,53,73,74"
367630162,2104.05,PC,PC,10.0556,2458687.794321,9.56110995932098,3.01281106417084,381.556763958528,8.336283,"14,19,20,26,40,47"
156199502,2105.01,PC,PC,9.8565,2459422.272665,15.9152686047112,1.13931109060336,652.557424821711,8.521751,"14,19,21,26,41,53,60"
393911494,2106.01,PC,FP,9.85649,2458899.861702,0.633259258492003,0.862201140572389,1191.45971951723,22.733013,"22,23"
446549906,2107.01,PC,CP,11.3819,2458654.61467,2.45457,2.39,19250,64,"13,27"
347538174,2108.01,PC,APC,10.223,2459698.971706,6.802646185857878,2.9266235113021444,16385.47666010851,96.35316,"25,51,52,78,79"
392476080,2109.01,CP,CP,9.78569,2459718.73095,0.6724742290573411,1.9474930508495683,6741.984829253881,156.56297,"25,52,79"
394029948,2110.01,IS,FA,9.69902,2458687.55509,32.76639,6.089,500,9,25
356235833,2111.01,EB,FP,9.1597,2460479.42095,1.2680452,1.027,538,17,"25,26,52,79"
427320001,2112.01,PC,PC,7.1776,2459729.804553,14.0120582207748,5.93486325620767,751.52030562109,14.043275,"52,57,58"
427320001,2112.02,PC,PC,7.1776,2459856.006624,155.8237,10.6418460259721,1164.40060915192,15.823791,"52,57"
1400212743,2113.01,PC,FP,10.5163,2458984.22398,5.24612,4.194,1030,9,25
9828416,2114.01,PC,CP,9.8251,2460476.661598,6.2099619,4.49,4090,76,"25,26,52,53,79"
54464870,2115.01,EB,FP,8.29254,2460447.794803,3.6944323,4.915,312,21,"18,24,25,58,78"
422838133,2116.01,EB,FP,9.68129,2460644.06098,5.3089937,5.876,531,29,"18,19,24,25,52,58,59,78,79,85"
279212407,2117.01,EB,FP,9.98272,2458971.41863,28.6620782,4.351,2600,19,"18,24,25,52"
17416749,2118.01,PC,FP,8.63532,2458956.56894,2.34483,1.417,370,11,25
236387002,2119.01,CP,CP,10.3978,2460442.055186,7.2008611,2.03,50063,159,"24,25,51,52,78"
389900760,2120.01,PC,CP,12.8233,2458795.822874,5.79981888817589,1.01437401085988,8567.33902229268,13.711875,"18,24,25,52"
88996391,2121.01,PC,APC,11.9441,2459718.98744,2.319565383747797,2.0259085783473747,19508.69535763733,95.33814,"25,26,52,53"
311408969,2122.01,KP,KP,12.658,2459767.525934,3.58522837273409,3.01972240538067,16909.2285380144,87.39749,"25,26,52,53"
105840719,2123.01,PC,PC,9.5373,2458990.815776,10.308851387651774,3.8012835598391357,2122.245998021617,18.794245,"25,51"
159742538,2124.01,KP,KP,11.1116,2459767.927156,3.5539283440893,3.63413878980795,9368.38877042408,180.8058,"25,26,40,52,53"
116242971,2125.01,KP,KP,10.1213,2460505.171214,5.0316347,5.265,4912,61,"25,26,40,52,53,79,80"
116264089,2126.01,KP,KP,11.7213,2459391.063502,1.30618801690067,1.41777456339178,24746.2794438472,329.90997,"25,26,40,52,53"
21744120,2127.01,KP,KP,11.733,2458983.744992,5.50806821746442,2.63999947014186,21584.7573167274,112.98463,"25,26"
21832928,2128.01,PC,CP,6.6813,2458987.266354,16.3413889020981,5.37644805048291,372.097061819257,15.422834,"25,26,52"
101721385,2129.01,KP,KP,9.54417,2459762.100336,4.627664,2.306,6190,161,"25,26,52,53"
320798691,2130.01,KP,KP,11.0269,2459010.827728,5.00526050340238,4.90576462284046,7641.40409804106,99.076416,"26,40,53"
27848472,2131.01,KP,KP,10.1058,2460338.136034,1.8468345,2.565,13237,391,"26,40,53,54,74"
358516596,2132.01,KP,KP,10.2025,2459391.154184,3.24404536626308,3.6774272145435,15011.9381968929,118.58496,"26,40,53,54"
39200363,2133.01,PC,PC,10.8571,2458985.882828,3.82665866538661,2.0605848173056,1181.81542962279,11.508222,"25,26,52,53"
75878355,2134.01,CP,CP,7.7945,2460496.590963,9.2292078,2.817,1606,111,"26,40,52,53,54,74,79,80"
75878355,2134.02,PC,CP,7.7945,2460485.79438,95.8531625,5.024,5975,54,"26,40,52,53,54,74,79,80"
76419763,2135.01,KP,KP,11.3998,2459414.394742,2.78847226599223,2.94624639999892,14467.6854046062,214.61458,"26,40,53,54"
336128819,2136.01,PC,CP,11.7371,2459394.593726,7.85190820404635,1.63187259568172,3873.95914916701,14.27448,"26,40"
23059280,2137.01,PC,APC,12.2186,2459011.027941,14.150257255906878,3.854368155846862,40979.43501397761,166.6112,"26,40,53,74,80"
336267424,2138.01,EB,FP,12.5466,2458684.221959,1.48218448305313,2.59568271772436,16269.256279263,168.65538,"14,26,40,41,53,54"
308172249,2139.01,KP,KP,12.4197,2459768.65359,1.4013784006976,1.70427147488646,19735.2001266552,107.293,"26,52,53"
399860444,2140.01,KP,KP,10.854,2459012.510963,2.47061141800205,1.7944860211758,14310.7159757664,260.52148,"26,40,41,54,55"
287256467,2141.01,CP,CP,8.8975,2460453.432236,18.2616878,3.434,971,23,"25,26,52,79"
44313455,2142.01,PC,PC,11.0768,2459014.835542,9.30043505367734,2.3510062230233,1595.20886273715,9.754269,"26,53"
103195323,2143.01,PC,PC,10.1041,2460470.992666,5.5899401,5.032,3840,29,"25,26,52,53,59,73,79"
428988981,2144.01,PC,PC,9.90667,2460584.029269,37.3415931,5.351,766,18,"18,19,24,25,26,52,58,59,73,78,79,85"
88992642,2145.01,CP,CP,8.55942,2460470.361827,10.2611329,7.369,1900,65,"25,26,40,52,53,79"
158916431,2146.01,EB,FP,9.9094,2459765.039868,5.8924856,3.134,4530,60,"26,40,52,53"
341630071,2147.01,PC,CP,10.7047,2459599.176807,26.204978226299,5.86353229514866,5593.18217841149,58.936455,"14,19,20,26,40,47,53,60"
233569098,2148.01,EB,FP,10.6746,2458693.42328,23.48522,3.546,6020,53,"23,24,26"
1716467085,2149.01,PC,PC,10.1099,2460367.227586,0.5842495,0.559,1041,48,"14,26,40,41,53,54,55,74,75"
230267547,2150.01,EB,FP,10.4288,2459768.269102,2.2263798,2.863,1270,25,"26,52,53"
23389848,2151.01,PC,FP,10.142,2459014.36854,15.64643,7.75,6010,43,26
395393265,2152.01,CP,CP,10.7053,2459883.441283,3.3773562123786456,3.7006948226242704,7477.564103919421,182.98056,"26,58,59,73,78,79,85,86"
406855039,2153.01,EB,FP,9.54581,2459391.951972,2.71808350809971,6.184292171672,329.172820500964,12.856501,"14,15,16,17,18,19,20,21,23,24,25,26,40,41,47,48,49,50,51,53,54,55"
428787891,2154.01,CP,CP,10.6611,2459393.342659,3.8240816891435987,2.5136633680786544,10103.797895724576,240.4045,"19,20,25,26,40,52,53,59,60,79,86"
461591646,2155.01,PC,CP,10.9939,2459913.983994,3.7246883,3.078,3320,64,"18,19,20,25,26,52,59"
258402425,2156.01,EB,FP,9.87437,2459011.05035,0.67554,0.922,680,11,26
298495970,2157.01,EB,FP,10.7033,2459747.260446,8.424924107374787,2.5216257950792222,19846.16981812731,117.02374,"25,26,53,79"
342642208,2158.01,PC,CP,10.1669,2459758.586312,8.6007557,3.304,5090,62,"26,40,53"
270515566,2159.01,PC,APC,10.8595,2459394.063416,10.050958388627754,6.375947292389315,9532.868402101456,151.51059,"25,26,40,51,52,53,78,79,80"
284477310,2160.01,PC,PC,10.6071,2459688.464287,2.2390502,1.64,490,15,"14,15,16,20,23,26,40,41,47,50"
366563452,2161.01,EB,FP,9.5998,2459767.160908,1.5873866,1.51,110,11,"17,18,19,20,23,24,25,26,40,47,50,52,53"
284564230,2162.01,EB,FP,10.2182,2460656.816106,12.9773004,4.391,997,37,"14,15,16,17,20,23,24,26,40,41,47,49,50,53,54,55,56,57,58,59,60,73,74,75,76,77,80,81,82,83,84,85,86"
43429656,2163.01,PC,PC,10.235,2460474.956612,5.2132496,3.765,750,13,"25,26,52,53,79"
49967354,2164.01,PC,FP,10.879,2459010.86112,1.09333,1.975,1250,12,26
73560357,2165.01,PC,APC,10.8207,2459391.045928,0.9499984703183287,2.629665235797905,3859.7519330480045,92.483574,"26,40,53,54,80"
233680651,2166.01,PC,PC,10.0788,2460555.594031,5.1354577,3.716,353,28,"14,15,16,17,18,19,20,21,22,23,24,25,26,40,41,47,48,49,50,51,52,53,54,55,56,57,58,59,73,74,75,76,77,78,79,80,81,82"
160162987,2167.01,EB,FP,10.7791,2459441.746048,23.0531698,1.228,2940,21,"14,19,20,21,25,26,40,41"
364075352,2168.01,EB,FP,10.9591,2458772.93351,37.83633,5.713,8240,68,"23,24,26"
8516795,2169.01,PC,PC,10.5527,2459773.747945,8.2148505,3.839,3140,31,"26,40,54"
154741689,2170.01,PC,PC,10.4679,2460469.2444,9.2786686,4.577,527,18,"19,20,25,26,40,47,52,53,59,60,73,74,79"
75656058,2171.01,PC,FA,10.8181,2459011.83317,1.78166,2.765,8160,22,26
76197937,2172.01,PC,FA,10.8642,2459011.82925,1.78252,2.729,1920,12,26
293567206,2173.01,EB,FP,10.4929,2460311.597247,0.6856225,0.751,723,23,"25,26,40,47,52,59,60,73"
159815224,2174.01,PC,PC,10.5817,2459765.95946,2.9601848,2.014,960,20,"25,26,40,52"
405717754,2175.01,KP,KP,12.9614,2459770.377734,4.43797265828439,4.71766241292582,16222.5125043494,84.43825,"14,15,26,40,41,53,54,55"
123495874,2176.01,KP,KP,12.9934,2459776.680872,7.89142712367569,4.26531558746947,9822.00024864521,35.838375,"14,26,40,41,54,55"
123233041,2177.01,KP,KP,13.1448,2459445.304166,3.52247509699986,3.28049551896563,8602.32564504174,35.53251,"14,40,41,53,54"
164892194,2178.01,KP,KP,13.4633,2459392.686784,3.02411095068699,2.72096566506627,7558.64110862614,27.73197,"40,41,53,55"
237913194,2179.01,PC,CP,11.4864,2459062.422964,15.1689722976844,2.06333154787083,7818.54755818349,30.090694,"1,2,28,29"
298663873,2180.01,CP,CP,8.56854,2459611.445537,260.174006087125,24.0527094589958,4747.95959199948,86.9722,"14,15,16,18,19,20,21,22,23,24,25,26,40,41,48,49,50,51,52,53,54,55,56,57,58,59,60"
233068569,2181.01,PC,PC,12.1625,2459843.189547,8.379057,2.899,2930,40,"14,15,16,17,18,19,20,21,22,23,24,25,40,41,47,48,49,50,51,52,54,55,56"
268823307,2182.01,KP,KP,12.7655,2459444.706868,3.5484480742597,4.51230254066009,7022.00568907223,30.353336,"14,15,41,54,55"
1715469662,2183.01,PC,PC,8.0348,2459789.284328,6.5011256,5.442,4370,118,"14,26,40,41,53,54"
176956893,2184.01,CP,CP,11.4057,2459036.618741,6.906786841151312,6.685067421519024,1751.7778571866397,50.79602,"1,2,4,5,6,7,8,9,10,11,12,27,28,29,31,32,34,35,36,37,38,39,61,62,64,65,66,67,68,69,87"
355096431,2185.01,PC,PC,12.7421,2459036.889768,7.2147717511923,4.01477537114538,8580.18368011449,17.265121,27
238171173,2186.01,PC,PC,13.0654,2459040.677411,4.47692198132627,2.97192103404467,9095.88291771163,33.393623,"27,28,67,68"
270472265,2187.01,PC,PC,13.0769,2460016.915327,2.7492277,1.688,11250,91,"1,4,7,8,10,11,12,13,27,28,31,34,37,39,61,62,63"
260797169,2188.01,PC,PC,13.0943,2459037.586804,3.73505095359745,2.42939736258371,8964.02390730941,34.86245,"27,28,67,68"
270342589,2189.01,PC,PC,13.458,2459037.695286,4.4343276899594,2.89607942665988,13087.3233044749,43.87869,"27,28,66,67,68"
389421473,2190.01,PC,PC,12.5965,2459041.219803,5.31607043601077,4.35265949736118,14202.6126293217,41.12231,"27,67"
262471759,2191.01,PC,PC,12.8641,2459037.349685,4.01153937452335,2.26864825616384,14587.5117968913,24.630314,27
277890574,2192.01,PC,PC,12.5625,2459039.462278,6.26434417045185,3.82025957183135,10552.2490654263,65.95893,"27,28,67,68"
401604346,2193.01,PC,CP,11.3996,2459037.564542,2.12236725100755,1.58553648293112,8056.33402519391,30.193857,27
271478281,2194.01,CP,CP,7.4259,2460141.982191,15.3419095,2.736,683,19,"27,67"
24695044,2195.01,PC,PC,10.9916,2459039.461004,4.16451397110436,2.05791968349148,7675.77050053564,128.19563,"27,28,29,67,68,69"
372172128,2196.01,PC,CP,11.3643,2459036.508778,1.19539683680827,1.57522930513264,1127.23445635958,7.2414308,27
389352124,2197.01,KP,KP,9.0532,2460901.706541,4.954648657375356,3.8239678313001253,6745.244314015423,124.22329146653809,"27,67,94,95"
100566492,2198.01,KP,KP,11.117,2459040.905327,4.9549631089896,5.95651744682186,8236.25668013868,39.513443,27
369455629,2199.01,KP,KP,11.4513,2459038.510574,3.3771113715336,2.45080293392771,4515.155077012,22.106583,27
142105158,2200.01,PC,PC,12.3181,2459384.869876,2.9360281,2.118,6790,124,"1,2,3,4,6,7,8,9,10,11,12,13,27,28,29,30,31,32,33,34,36,37,38"
219306934,2201.01,PC,PC,10.2001,2460150.788041,1.3477642,1.112,762,14,"27,67"
358107516,2202.01,CP,CP,12.173,2459041.912359,11.9124941865364,3.75208689917221,19304.2778014467,90.05328,"27,28,29,36,39,62,63"
355600246,2203.01,PC,APC,12.3775,2459038.655122,3.05630996854852,3.07083723109567,17308.3639677753,55.824924,"27,28"
467971286,2204.01,KP,KP,13.191,2459037.141234,2.22505138138042,2.3678870525181,13144.5900549739,22.531944,27
260298958,2205.01,PC,FP,15.0804,2459036.525582,0.88914831054054,1.1970992381886394,44722.58909944373,80.64614,"27,28,29,31,35,36,37,38,39,61,62,63,64,65"
381856447,2206.01,KP,KP,10.7218,2459037.77354,1.76901210452915,1.01729533190574,10110.2139841288,63.949917,27
90850770,2207.01,CP,CP,10.9651,2459043.770189,8.00048904123634,4.670689462798731,4606.741968510903,35.61424,"27,67"
38680052,2208.01,EB,FP,15.7438,2459036.443185,0.6743497717337342,0.8232009096553906,95188.55119042545,108.77569,"27,28,29,31,35,36,37,38,39,61,62,63,64,65,66,67,68,69"
271806353,2209.01,PC,PC,13.3304,2459362.84393,3.43911519812222,3.36158910605822,12391.7493401925,64.68536,"1,3,4,6,7,10,11,12,13,27,30,31,33,34,37,38,39"
317089588,2210.01,PC,PC,13.4669,2459042.902673,12.7846809204303,4.85337842907793,19658.0816662409,45.74093,"27,66,67"
212253390,2211.01,PC,CP,9.2551,2459038.102648,3.09268584419493,2.2149194705345456,272.6778327716284,11.263023,"27,67,92"
280803917,2212.01,PC,PC,12.4235,2459039.726913,5.12938553688559,2.89395974965098,9414.75479382428,75.11341,"1,2,3,27,28,29,30,67,68,69"
406318573,2213.01,PC,PC,13.2598,2459036.45897,5.17928198135919,2.63206553005019,5746.96512792252,18.404406,"27,28,67,68"
272236017,2214.01,PC,PC,12.6562,2460041.314701,2.4156482,2.837,3550,67,"1,2,3,4,5,6,7,8,9,10,11,12,13,27,28,29,30,32,33,34,35,36,37,38,61,62,63,64"
425561347,2215.01,PC,PC,9.977,2459040.86632,5.7772122377363,2.56341002502253,1470.38212611216,11.416555,"27,67"
39018923,2216.01,PC,PC,12.0253,2459037.730148,5.68074123010948,4.10938968424037,1892.96923018426,16.720987,"27,29,67,69"
234330672,2217.01,PC,PC,12.8172,2459039.604534,3.8300358542173,4.17449851127008,7753.40835357592,41.65326,"27,29,67,69"
348995212,2218.01,PC,APC,11.5547,2460014.455131,0.3456911,0.648,2800,156,"1,2,3,4,5,6,7,8,10,11,12,13,27,28,29,30,31,32,33,34,35,36,37,38,61,62,63"
278138619,2219.01,PC,PC,12.9901,2460074.804023,10.168872190536,4.38841079783234,7366.33976099065,38.69671,"1,3,4,6,7,10,11,13,27,28,30,31,33,34,37,38,39,61,64,65"
150437346,2220.01,PC,PC,11.6659,2459363.006828,1.39265494226559,2.00052692575754,7098.45357856095,194.9596,"27,28,30,31,33,34,35,36,37,38,39,61,62,63,64,65"
441420236,2221.01,CP,CP,6.755,2459041.281746,8.453677658218298,3.573800574459999,2872.28875253504,22.71253,27
306510653,2222.01,PC,PC,12.7427,2460933.69782,2.2456860314362737,3.333102676826682,12629.566285409233,260.70764,"1,2,3,4,5,6,7,8,9,10,11,12,13,27,28,29,30,31,32,33,34,35,36,37,38,39,61,62,63,64,65,66,68,69,87,88,89,90,93,95,13625,53"
273695332,2223.01,PC,PC,12.0599,2459365.146877,6.93096567369197,5.29214484821393,6887.42003943256,40.39721,"27,28,39"
388198242,2224.01,PC,PC,11.9987,2459988.772614,0.505510515897485,0.648232028256928,2269.19913698528,28.75093,"1,2,5,12,13,27,28,29,32,35,62"
271891552,2225.01,PC,PC,13.3639,2460015.034505,3.5775562,3.531,4060,40,"1,2,3,4,5,6,7,8,9,10,11,12,13,27,28,29,30,31,32,33,34,35,36,37,38,62,63"
403135192,2226.01,PC,PC,9.6968,2460906.366341,0.9017673139027603,0.7433701562920556,975.3080299517181,41,"1,27,28,67,68,95"
405425498,2227.01,PC,APC,10.0106,2460903.805387,4.221777648280811,2.673150083201548,525.1944159263278,80.58497126965197,"1,27,28,67,68,94,95"
405425498,2227.02,PC,APC,10.0106,2458335.051334,11.5472008617581,1.03261073502076,663.441152622321,7.181579,"1,27,28,67,68"
61733521,2228.01,PC,FP,10.8911,2458655.87771,3.36296,2.594,750,9,"13,27"
143410850,2229.01,PC,PC,10.6658,2458660.25609,4.98668,2.267,860,9,"13,27"
129432342,2230.01,PC,FP,10.9198,2459037.29826,1.79217,1.797,1710,19,27
100504381,2231.01,O,FA,8.565,2460143.110815,5.46278,1.274,2982,45,"27,67"
439444938,2232.01,PC,PC,8.776,2459046.54248,11.45959,0.956,650,10,27
421455387,2233.01,PC,APC,10.9896,2460127.292119,2.50876,1.2523065120921468,5830.060232484735,18,"13,27,67"
271491157,2234.01,PC,APC,10.7837,2459036.73041,2.91615,1.481,2280,24,27
267093376,2235.01,PC,APC,10.8988,2460108.680976,17.14012,1.176,2180,15,"1,2,13,27,28,29,66,67,68,69"
394722182,2236.01,PC,CP,10.8673,2459389.337457,3.5315897,2.689,7230,156,"12,13,27,39"
389238529,2237.01,PC,FP,10.9987,2459036.5003,0.49642,0.572,1000,13,27
231077395,2238.01,PC,CP,10.7188,2459965.35036,3.3904897,2.878,260,14,"1,2,3,4,5,6,7,9,10,11,12,13,27,28,29,30,31,32,33,34,35,36,37,38,61,62,63,64,65"
388130235,2239.01,EB,FP,10.7891,2459323.834757,92.1950921,4.206,3760,31,"1,3,4,5,6,7,8,9,10,11,13,27,28,29,30,31,32,33,34,35,36"
98494121,2240.01,PC,FP,10.9931,2458659.34688,3.06555,2.483,2920,34,"13,27"
96973930,2241.01,PC,PC,10.1738,2458657.36252,3.3243,2.337,1150,12,"13,27"
92562123,2242.01,PC,PC,9.9279,2459041.75877,6.53144,5.713,700,9,27
1990842033,2243.01,PC,APC,10.8068,2459040.094,5.41418,4.428,7850,81,27
1989628303,2244.01,PC,PC,9.1984,2459039.62778,5.46377,1.036,4010,40,27
278415929,2245.01,PC,CP,10.8366,2459389.180943,3.7981107,3.914,750,22,"7,11,12,13,27,38,39"
349786918,2246.01,EB,FP,9.9676,2460772.168476,2.966338873534049,4.348678656377018,192.36914348954866,101.96820557074115,"1,2,3,4,5,6,7,8,9,10,11,12,13,27,28,29,30,31,32,33,34,35,36,37,38,39,61,62,63,64,65,66,67,68,69,87,88,89,90"
376168473,2247.01,PC,FA,10.787,2459040.0943,5.41402,4.418,7780,82,27
179580045,2248.01,PC,PC,10.4653,2460077.706461,62.1624516,4.319,3710,32,"1,2,3,5,6,7,8,9,10,11,12,13,27,28,29,30,32,33,35,36,37,38,39,61,62,63,64,65,66,67,68,69"
152714791,2249.01,EB,FP,10.3486,2460880.701522,0.636677040573393,1.3087445666014512,641.1378613434937,71.93303433484917,"27,67,92,94"
264303333,2250.01,EB,FP,10.1583,2460367.057256,0.8153098,1.373,189,15,"14,15,16,17,18,19,21,22,23,24,25,26,40,41,47,48,49,50,51,52,53,54,55,56,58,59,60,73,74,75"
229715760,2251.01,PC,PC,12.7778,2459945.371277,11.574356091506,6.04937634831291,14285.1321998018,111.67042,"14,15,16,17,19,20,21,22,23,24,25,26,40,41,47,49,50,51,52,53,54,55,60"
233066156,2252.01,PC,PC,10.8841,2458844.736633,12.3796490097452,3.33145431614631,711.269143662203,17.599758,"14,15,16,17,18,19,20,21,22,23,24,25,40,41,47,48,49,50,51,52,54,55,56,58,59,60"
367855829,2253.01,IS,FA,9.9558,2458714.619721,85.4244796256553,3.66584646818105,1134.22330281424,7.7823987,"14,15,16,17,18,19,20,21,23,24"
233688779,2254.01,PC,PC,9.34244,2460539.925232,26.4579842,3.372,397,17,"14,15,16,17,18,19,20,21,22,23,24,25,26,40,41,47,48,49,50,51,52,53,55,56,57,59,60,73,75,76,77,78,79,80,81,82"
265146266,2255.01,PC,PC,12.0836,2459727.117395,11.9526103,2.74,9860,9,"17,18,19,24,25,26,52"
262880065,2256.01,PC,PC,10.446,2458938.822446,13.963192913511962,4.524502656155189,812.9002243508058,9.720272,"23,24,50,77"
198485881,2257.01,CP,CP,12.9672,2459606.202888,35.1896444375252,3.32540287554037,4524.93539249194,12.875071,"14,20,21,26,40,41,47,48"
219821826,2258.01,EB,FP,12.2169,2459659.732563,9.6799809,1.806,15870,137,"14,15,16,17,18,20,21,23,24,25,26,40,41,47,48,49"
219501568,2259.01,PC,PC,7.97758,2458961.789439,16.5899262763607,2.1573674888578,642.436948253893,15.79513,"24,25,51,52"
232568235,2260.01,CP,CP,9.75874,2460423.375669,0.3524597,0.578,305,18,"23,24,25,50,52,77"
229787062,2261.01,PC,PC,12.4841,2458983.8672,1.90114521638404,1.61285656367045,1640.95672617898,21.798933,"14,15,16,17,18,19,20,22,23,25,26,40,41,47,48,49,50,52,53,54,55,56,57,59,60"
165530380,2262.01,PC,PC,10.4267,2458684.016321,1.493734216967645,2.119745508136123,172.19982882940323,16.575636,"14,15,16,17,18,19,20,21,23,24,25,26,40,41,47,48,49,50,51,52,53,54,55,56,57,58,59,60,73,75,76,77,78"
159400561,2263.01,PC,PC,9.7115,2458708.384365,.0,14.9235889453141,357.728963194586,7.5361633,"14,19,20,21,25,26,40,41"
235943205,2264.01,PC,PC,10.5653,2458827.02652,121.334290754359,6.18615994213074,1830.53693114284,24.805489,"17,18,19,20,23,24,25,26,40,47,50,53,54,57,58,59,60"
310231275,2265.01,PC,PC,9.1021,2458956.331721,0.829408439616925,0.558328913470858,254.612752900568,7.2714396,"24,25"
8348911,2266.01,PC,CP,13.5042,2458957.9252,2.32634296639119,1.21950508802238,4153.61444356599,7.8007135,"24,25,51,52"
459837008,2267.01,PC,CP,12.2591,2458816.152459,3.49504222192781,1.03113421004655,2004.42690296487,10.658578,"19,20,25,26,40,52,53,59,60"
459837008,2267.02,PC,PC,12.2591,2458817.092481,2.03443663362686,0.958247972347508,1142.09942655216,7.8030243,"19,20,25,26,40,52,53,59,60"
459837008,2267.03,PC,CP,12.2591,2458818.073212,2.28910266826545,0.834403242400092,1384.62285500587,7.2280383,"19,20,25,26,40,52,53,59,60"
20203297,2268.01,PC,PC,10.1338,2458932.627916,7.15660245111388,1.21897502401115,674.558689675869,7.4447846,"23,24"
441798995,2269.01,PC,FA,11.9521,2458683.350647,1.42060361110023,1.64832425633829,448.01018366977,9.335167,"14,15,16,17,18,19,20,21,22,23"
441798995,2269.02,PC,PC,11.9521,2458684.773717,2.841157638995229,1.5317918031160356,567.83773729684,18.188086,"14,15,16,17,18,19,20,21,22,23,24,25,26,40,41,47,48,49,50,51,52,53,54,55,56,57,58,59,60,73,74,75,76,77,78,79,80,81,82,83,13112,50,86"
441798995,2269.03,PC,PC,11.9521,2458686.456214,10.4029110825691,1.37217309973759,824.185118510164,9.171828,"14,15,16,17,18,19,20,21,22,23,24,25,26,40,41,47,48,49,50,51,52,53,54,55,56,57,58,59,60"
198178505,2270.01,PC,PC,7.7293,2458962.984125,.0,4.62887114175973,261.965642831056,8.170687,"14,15,16,17,18,19,21,22,24,25"
258389327,2271.01,PC,APC,11.8248,2458957.320501,26.545681267799356,2.629799749156313,9362.300770451617,95.805695,"14,15,16,17,18,19,20,21,22,23,24,25,26,40,41,47,48,49,50,51,52"
265460043,2272.01,PC,APC,8.1526,2458773.807867,32.8236817374048,15.2373739927495,368.550014236897,7.9996424,"17,18"
142117976,2273.01,PC,PC,8.75584,2458845.707797,46.5710978116565,6.18325592593167,328.353148109316,8.04699,"19,20,25,26,40,52,53,59,60"
289164482,2274.01,PC,CP,10.3543,2458685.367259,2.67961636447417,0.902894785886715,827.542368701215,13.241739,"14,26,40,53,54"
289164482,2274.02,PC,PC,10.3543,2460337.873035,1.1188024,1.119,427,11,"14,26,40,53,54,74"
272679240,2275.01,PC,PC,11.4208,2458684.152198,20.1546939441831,1.32447540400053,1039.49771030632,8.875109,"14,15,16,17,20,21,22,23,26,40,41,47,48,49,50,54,56,57,60"
198456933,2276.01,PC,PC,8.9072,2458725.707722,76.8663962192284,6.77530346099823,341.557849176565,12.533266,"14,15,16,17,18,19,20,21,22,23,24,25,26,40,41,47,48,49,50,51,52,53,54,55,56,57,58,59,60"
288516853,2277.01,PC,PC,7.98614,2458998.981604,.0,12.4042036096937,178.921350609252,7.309889,"14,19,20,21,24,25,26"
243313296,2278.01,PC,PC,12.4199,2459690.583683,1.4663344,0.447,920,7,"14,15,16,20,23,26,40,41,49,50"
115623434,2279.01,PC,PC,10.2455,2460473.945213,3.1434463,1.501,803,19,"24,25,26,51,52,53,78,79"
115583726,2280.01,PC,PC,8.44143,2458959.940081,18.6016753935511,2.36908958104615,559.993248857986,9.289213,"24,25,26"
264171144,2281.01,PC,PC,9.13648,2458765.860515,210.668358011183,10.386557552307,342.596640442026,7.3769965,"14,15,16,17,18,19,21,22,24,25,26,40"
237211410,2282.01,PC,PC,9.29735,2458691.469822,12.552076555844,6.82681927036279,202.08689522276,11.07492,"14,15,16,17,18,19,20,21,22,23,24,25,26,41,47,48,49,50,51,52,53,54,56,57,58,59,60"
198211976,2283.01,V,FA,11.2076,2458683.724447,0.401858632647585,1.57797528478627,111.364801081043,7.217795,"14,15,16,17,18,19,20,21,22,23,24,25,26,40,41,47,48,49,50,51,52,53,54,55,56,57,58,59,60"
115446313,2284.01,EB,FP,9.88372,2460471.356355,4.9707023,2.586,487,13,"24,25,26,51,52,78,79"
329148988,2285.01,CP,CP,11.3078,2458747.184629,27.267201584602,2.4164838811884,1154.32788845401,7.194226,"16,17,24,56,57"
329148988,2285.02,PC,PC,11.3078,2458747.636001,9.673204627114675,1.2860601764173436,817.332942575991,8.481324,"16,17,24,56,57,76,77,83,84"
237201858,2286.01,PC,PC,9.85236,2458811.504844,179.403171245581,10.7569967732681,618.578090452979,13.672215,"14,15,16,17,18,19,20,21,22,23,24,25,40,41,47,48,49,50,52,54,55,56,57,58,59,60"
160077104,2287.01,PC,CP,8.5709,2458688.985794,11.8120707353106,3.33241620579108,189.027556003009,10.473131,"14,19,20,25,26,40,47,52,53"
462615350,2288.01,PC,PC,12.709,2458740.42419,8.917221145137,2.64267665266064,2147.08169118261,17.781296,"16,24,25,40,41,47,48,49,50,51,52,53,55,56,57,58,59,60"
82452140,2289.01,PC,PC,10.0011,2458964.279078,63.3954500376275,5.12959544247304,851.869475901182,10.755769,"24,26,51,52"
321688498,2290.01,PC,PC,11.1079,2458764.986586,0.386219721665312,0.912244479920314,437.638120122016,10.763916,"17,18,24,25,57,58"
236934937,2291.01,PC,PC,11.9959,2459620.204224,9.40587695355499,1.55603223206225,1425.93301811034,11.860927,"15,16,17,18,21,24,25,41,48,51,52,55,56,57,58,59"
236934268,2292.01,PC,PC,10.8746,2459704.906266,7.0767314,2.444,630,11,"15,16,17,18,21,24,25,41,48,51"
71347873,2293.01,PC,CP,11.814,2459600.314533,6.06833180313888,1.9825707034461,1742.73323852595,13.326022,"20,26,40,47,53,60"
284361752,2294.01,PC,PC,9.78288,2458691.694075,340.387731103326,9.23188771561827,718.377461905415,8.799598,"14,15,16,26,40"
48018596,2295.01,PC,PC,9.00772,2458713.454918,60.06632,2.409,990,15,"15,26,41,53,54,55,75,79,80,81,82"
165554103,2296.01,PC,PC,10.4431,2458720.261652,139.263228550495,15.5650548549002,403.268803512683,7.160923,"14,15,16,17,18,19,20,21,22,23,24,25,26,40,41"
233500935,2297.01,PC,PC,11.6702,2459623.756729,22.048774974215,3.80871670590311,540.692855381225,8.487281,"14,15,16,17,18,19,20,21,22,23,24,25,26,40,41,48,49,50,51,52,53,54,55,56,58,59,60"
229608594,2298.01,PC,PC,11.1919,2458960.029434,.0,7.64124694186521,1990.12639143764,11.159412,"14,15,16,17,18,19,20,21,22,23,24,25,26,41,47,48,50,51,52,53,54,55"
362220495,2299.01,O,FA,9.863,2458798.44781,165.003158311622,5.05459029803895,2976.5490435137,8.110816,"14,17,18,20,21,24,25,26,40,41,47,50"
280031353,2300.01,PC,PC,11.8231,2459445.193065,4.85666563854993,2.58588103804501,1163.84160881007,16.596962,"15,16,24,25,40,41,47,48,49,50,51,52,53,54,55,56,57,58,59,60"
280031353,2300.02,PC,PC,11.8231,2459646.961969,15.4432661360726,3.84930750575022,4652.01955599392,46.882263,"15,16,24,25,40,41,47,48,49,50,51,52,53,54,55,56,57,58,59,60"
280031353,2300.03,PC,PC,11.8231,2459398.739519,.0,17.0708834620078,8209.2875403782,18.970545,"15,16,24,25,40,41,47,48,49,50,51,52,53,54,55"
283829553,2301.01,PC,PC,8.36872,2460414.841007,6.0541622,4.592,255,16,"16,23,24,49,50,51,76,77"
144000801,2302.01,PC,APC,11.0075,2459063.140785,1.31038317126745,1.62402164794649,3904.28247407562,21.139233,28
197959526,2303.01,PC,FP,11.8199,2459061.885478,0.719629069762069,1.47474603479654,4971.14565946034,8.877765,28
70420766,2304.01,PC,PC,10.2356,2459063.308262,9.40705151466345,2.67153906447164,967.762668472791,12.054005,"28,68"
232079930,2305.01,PC,APC,12.8483,2459062.290253,0.918902041812105,1.7819549925471,6718.84929087396,11.786521,"28,29"
147284470,2306.01,PC,PC,13.3456,2459064.314222,2.99057446855419,2.09416814774317,11083.8941210776,25.62094,"28,68"
270219048,2307.01,PC,PC,12.2294,2459062.612091,2.68200609465495,1.82388787732638,8514.96654853397,37.17722,"28,68"
234489976,2308.01,PC,PC,12.2397,2459063.02134,3.86865999070258,2.31014427808577,8058.07716114745,55.02876,"28,29,68,69"
328012209,2309.01,PC,PC,10.0596,2459044.333033,20.2656358195482,6.41720068247962,802.305338391742,13.538321,"27,28,67,68"
38467100,2310.01,PC,PC,12.9565,2459357.895903,2.9432073,2.501,12560,116,"1,2,3,4,5,8,11,28,29,30,31,32,35,38"
25139786,2311.01,PC,APC,12.0892,2459062.770201,1.59337716445375,1.77325692629219,7842.02214410692,15.2446,28
147425389,2312.01,PC,PC,12.526,2459063.37533,3.18568674788958,3.1050114653897,7776.68277859424,36.116165,"28,68"
325468685,2313.01,PC,PC,11.449,2459063.002235,1.89053041157317,1.23478306510803,3550.5585146982,26.999704,"28,67,68"
355446093,2314.01,PC,PC,11.7493,2459063.240033,15.9375459619767,4.53953353916856,4172.29248271361,14.881924,28
302333151,2315.01,PC,APC,11.0675,2459062.373149,1.440707017712051,1.8086851558240968,4514.403992462804,44.8252,"28,68"
61980227,2316.01,PC,FP,12.0516,2459064.594292,3.09589846346997,1.85846839217872,10354.9916952077,21.442627,28
274599700,2317.01,PC,FP,11.8831,2459002.081234,.0,8.44945405412093,6007.87030211941,14.481249,"24,25,26"
88840705,2318.01,PC,APC,8.6512,2459026.647613,.0,4.68330421945285,2749.20993667792,24.665766,"25,26"
349488688,2319.01,CP,CP,8.40302,2459002.765265,.0,6.11200581430503,855.583603591493,20.599634,"25,52"
349488688,2319.02,CP,KP,8.40302,2458994.287456,11.6207543996685,5.6290583658816,486.009037465984,11.243392,"25,52"
207501148,2320.01,PC,FP,9.85317,2459007.727293,.0,4.48753352554742,4111.22348264073,31.371407,25
138126035,2321.01,PC,PC,9.84325,2458954.324139,716.3497402,3.612,867,9,"23,50"
300812741,2322.01,CP,CP,10.0534,2460918.394748,20.225591018633107,2.154158943705113,601.2513427709811,96.28831422980576,"1,2,3,5,6,7,8,9,10,11,12,13,27,28,29,30,31,32,33,35,36,37,38,39,61,62,63,65,66,67,68,69,87,88,89,90,93,94,96"
300812741,2322.02,CP,CP,10.0534,2460838.878801,11.307167365170999,2.73939984252926,284.860782413499,38.93647586213039,"1,2,3,5,6,7,8,9,10,11,12,13,27,28,29,30,31,32,33,35,36,37,38,39,61,62,63,65,66,67,68,69,87,88,89,90,93"
293527670,2323.01,PC,FP,10.3338,2459086.60982,0.98656,0.724,390,12,"1,13,27,28"
69819610,2324.01,PC,PC,9.14425,2460933.032738,1.0371671871499426,2.8975229778583147,273.60303391196385,51.38442952213104,"28,68,96"
152800085,2325.01,PC,APC,9.5103,2460155.146047,4.26991,1.509,2240,12,"2,28,68"
175456679,2326.01,PC,PC,9.456,2460201.334015,58.9970907,5.722,2725,31,"2,28,29,69"
177308364,2327.01,PC,PC,9.4088,2458396.537731,82.7899762995719,5.84758467222454,1017.85441723507,13.865488,"1,2,3,4,5,6,7,8,9,10,11,12,13,27,28,29,30,31,32,33,34,35,36,37,38,39,61,62,63,64,65,66,67,68,69"
394287035,2328.01,PC,CP,11.584,2459356.607647,17.1019622,3.357,11430,75,"1,13,27,28,39"
238920875,2329.01,PC,PC,11.7944,2459966.265304,6.5346715,3.304,6370,26,"1,5,6,7,8,11,28,32,34,35,38,61,65,68"
180991313,2330.01,KP,KP,11.8699,2459329.30801,2.2088214,2.544,7770,99,"10,36,37"
168751223,2331.01,PC,PC,13.3666,2459167.334911,4.7150942,2.436,7460,14,"4,5,31"
286000547,2332.01,PC,PC,12.2015,2459273.75932,7.4972297,3.589,14480,64,"8,35"
358579111,2333.01,PC,PC,12.3462,2459169.298095,14.2197641,6.416,2390,16,"2,3,4,29,30,31"
200743403,2334.01,PC,PC,12.1385,2459169.12445,7.9980831,3.047,3960,28,"3,4,30,31"
160003961,2335.01,PC,APC,12.1323,2459169.502915,1.4492052,1.104,1200,22,"3,4,30,31"
88902249,2336.01,PC,CP,10.1757,2460083.976548,7.7119842,4.058,3176,28,"11,38,65"
230001847,2337.01,CP,CP,11.2347,2459769.981102,2.9942630371248,6.91723089826936,1120.64923566406,31.459772,"14,15,16,17,18,19,20,21,22,23,24,25,26,40,41,47,48,49,50,51,52,54,55,56,57,58,60"
24358417,2338.01,PC,CP,11.7024,2459183.68068,22.6539607,3.468,11530,55,"5,6,32"
279514271,2339.01,PC,PC,11.9507,2459964.335411,9.7728388,7.49077716764858,2279.7003176249,27.037735,"2,3,6,7,8,9,12,13,29,30,32,33,34,35,36,61,62,63,66,67,68,69"
29959761,2340.01,PC,FP,11.8012,2459169.749893,1.6471574,1.033,3880,40,"4,31"
100267480,2341.01,PC,FP,12.722,2458681.75145,0.87741,0.472,12050,23,13
100589632,2342.01,PC,FP,11.1581,2459221.101551,3.9471567,1.699,1880,27,"5,6,32,33"
166834768,2343.01,PC,PC,12.2539,2459169.676986,3.2553185,2.061,1920,14,"4,31"
311179742,2344.01,PC,PC,12.2766,2459380.743164,8.3129806,4.171,2680,12,"12,13,39"
91555165,2345.01,PC,CP,10.3759,2459116.731575,1.05261565408191,1.5288415014373,358.507606433633,9.283612,"30,31"
91555165,2345.02,PC,CP,10.3759,2459120.29967,42.1289893255497,4.61305234392815,961.655866980806,9.432722,"30,31"
317483660,2346.01,PC,PC,11.5584,2459224.055885,3.3311975,3.705,12390,135,"6,33"
301343785,2347.01,PC,APC,11.6751,2459169.738716,1.1736318,1.397,1470,17,"4,31"
317019074,2348.01,PC,PC,11.6884,2459225.439688,1.2043785,1.047,1170,15,"6,32,33"
405452527,2349.01,PC,APC,11.8929,2459997.913355,11.5738497,6.656,18730,99,"8,35,62"
47601197,2350.01,PC,PC,10.6477,2458476.588785,8.6251769,2.704,1690,29,6
47601197,2350.02,PC,PC,10.6477,2458480.358848,4.8714085,2.643,1180,11,6
290036495,2351.01,PC,APC,12.1103,2459552.675285,5.252480850559924,2.0606876010400486,22612.29439432564,80.29353,"10,37,46,90,91"
32925763,2352.01,PC,PC,11.0863,2459226.279737,1.6804461,1.099,2020,35,"6,32,33"
177079323,2353.01,PC,PC,11.895,2458544.487802,5.75179694783204,3.04896233682421,701.572887677763,10.992896,"1,2,3,4,5,6,7,8,9,11,12,13,27,28,29,31,32,33,34,35,36,37,38,61,62,63,64,65,66,67,68,69"
219766989,2354.01,EB,FP,11.9951,2459332.152874,0.5109902,0.709,2720,33,"10,37"
124515764,2355.01,PC,PC,11.7959,2459332.174614,1.2709769,2.335,1400,22,"10,37"
30947715,2356.01,PC,PC,11.7118,2458489.40504,3.66275,3.096,970,11,6
124206468,2357.01,PC,PC,11.4586,2459329.732281,7.0924883,2.869,5540,41,"10,37"
124095888,2358.01,PC,FP,11.5137,2459331.195756,1.1258127,0.374,1440,13,"10,37"
436102447,2359.01,PC,PC,11.0331,2458486.39266,5.1858,7.191,4550,59,6
31656385,2360.01,EB,FP,11.9961,2459073.99562,22.84518,7.215,9210,44,28
204671232,2361.01,PC,PC,11.9196,2458595.20891,8.71546,3.934,12010,41,10
302924206,2362.01,PC,PC,12.3715,2460157.921115,6.9444047,2.70560728346946,5264.92807351869,15.353693,"1,3,28,29,30,68,69"
445456888,2363.01,PC,PC,12.1046,2459968.015542,5.5436298,3.879,5400,42,"7,8,9,33,34,35,36,61,62"
39414571,2364.01,PC,CP,11.5521,2459227.044447,4.0197555,2.688,9750,92,"6,33"
344085117,2365.01,PC,FP,11.9732,2459962.920417,0.659752,0.6731473813120182,1138.1047916223013,10.544479,"6,7,8,33,35,61,62,87"
39218269,2366.01,PC,APC,11.8402,2459224.966718,17.1869882,3.845,3130,16,"6,33"
441159680,2367.01,PC,PC,12.3193,2459084.78676,5.74984,3.734,17690,33,28
401125028,2368.01,PC,CP,11.6955,2459990.646884,5.1750108,2.0076562272815206,13020.075325042153,70.38418,"8,9,35,36,62,63"
220068921,2369.01,PC,PC,12.1227,2460989.763421,3.3651586,3.558722371905481,7858.288522908485,35,"6,32,98"
347357977,2370.01,PC,PC,11.4878,2459262.512418,12.6826724,3.827,2490,13,"8,34,35"
432132155,2371.01,PC,PC,12.2036,2459275.495126,4.8984239,3.752,9930,39,"8,35"
189620016,2372.01,EB,FP,12.2186,2460718.288102,1.1793395,1.262,4010,20,"8,35,62,89"
332558858,2373.01,PC,CP,12.5882,2459168.5071,13.3368173,4.384,8210,30,"5,31"
439366538,2374.01,CP,CP,11.2057,2459064.195632,4.313591705794025,2.3769581366523034,11271.858652653262,12.999095,"28,92"
164150537,2375.01,PC,PC,12.6389,2459850.541356,6.1600755,1.808,18930,23,"16,56"
326522874,2376.01,PC,PC,12.7119,2459091.168424,3.18219694310204,3.06766393852414,3746.6638385596,15.8832245,"29,69"
146165619,2377.01,PC,APC,14.1858,2459088.7876,1.6766685626912416,1.1189151299623543,33350.887734947435,46.618896,"29,42,92"
231063955,2378.01,PC,PC,13.3921,2459090.745961,3.49727687585447,2.09880247063924,17834.0824111127,49.550385,"29,30,69"
201177276,2379.01,PC,CP,13.6521,2459062.464298,5.46938875417453,1.80767808652456,32411.8559890023,53.481907,"28,29,68,69"
176220787,2380.01,KP,KP,9.4834,2459092.524257,5.21536178778205,5.58957210922901,5205.83473380903,123.854225,"29,42,70"
39080923,2381.01,PC,PC,12.3643,2459039.751951,5.04511880660568,1.85498626675458,13949.1155643024,53.406853,"27,28,29,68,69"
2760219,2382.01,PC,PC,11.4408,2459089.606813,4.66120249660893,2.14085487632056,5135.66572528581,30.170488,"29,69"
20897611,2383.01,PC,APC,10.459,2460927.102808,3.1353643361628465,1.2230703100692701,8607.413644032387,47.20083449326971,"2,29,69,96"
382602147,2384.01,PC,CP,13.3147,2459062.34163,2.13570257297007,1.91164565757521,29272.6184889905,140.2617,"28,29,68,69"
231850364,2385.01,PC,PC,13.5445,2459063.974699,3.15812880619724,2.39519406164423,16867.3851716986,53.247078,"28,29,68,69"
32487566,2386.01,KP,KP,10.5853,2459090.383107,2.75673948742882,2.38085647366309,9248.47599177457,85.956696,29
237885040,2387.01,PC,APC,11.8933,2459063.229447,5.66010975408214,1.53774734746934,8427.67788781973,25.583002,"28,29"
382625239,2388.01,PC,PC,8.115,2458355.267785,1.34427244459883,4.67773473592548,44.3806696145612,10.3266945,"2,3,4,5,27,28,29,30,31,32,33,34,35,37,38,39,61,62,63,64,65"
89544985,2389.01,PC,PC,13.3922,2459089.046683,2.33724227226616,1.4487310837914,11568.4008531274,24.747555,"29,69"
369965258,2390.01,PC,PC,11.3641,2459063.928335,2.11928655873725,1.50611521168226,1701.28181415317,22.02125,"28,29,68,69"
299897516,2391.01,PC,PC,12.937,2460913.868065,7.836984182862345,6.807719796402656,14532.948612103624,56.54193,"28,29,68,69,96"
149349867,2392.01,PC,PC,10.3998,2460977.121495,5.912356513519777,4.78326701654443,402.9090728732009,115.84032590503674,"1,2,3,5,6,7,8,9,10,12,13,27,28,29,30,32,33,35,36,37,38,39,61,63,64,66,67,68,69,87,88,90,93,94,95,96,97"
149349867,2392.02,PC,PC,10.3998,2460984.946786,3.4072162493047204,3.858377620814908,289.0451375112903,96.50183367275274,"1,2,3,5,6,7,8,9,10,12,13,27,28,29,30,32,33,35,36,37,38,39,61,63,64,66,67,68,69,87,88,90,93,94,95,96,97"
149349867,2392.03,PC,CP,10.3998,2459038.613755,9.16964977160216,4.92279510196653,186.194466944153,8.344449,"1,2,3,5,6,7,8,9,10,12,13,27,28,29,30,32,33,35,36,37,38,39,61,63,64,66,67,68,69"
231071138,2393.01,PC,PC,12.0585,2459128.42966,18.84184,3.184,5970,27,"2,3,29,30"
144297844,2394.01,PC,PC,11.9522,2459551.890828,3.4978002232523107,2.1386760945329404,2039.5610029738261,11.772899,"9,36,46,90,91"
144124187,2395.01,PC,PC,11.7622,2460014.603848,7.86867619514664,4.02281112067089,10335.9861660326,48.41124,"9,63,72"
333734769,2396.01,PC,APC,11.4944,2459303.511289,1.5099302,1.329,2230,18,"9,36"
306337838,2397.01,PC,PC,12.0749,2459136.96686,6.00327,3.947,4920,26,"3,30"
322807675,2398.01,PC,PC,11.6701,2459285.441427,19.4061437,1.961,11150,54,"9,36"
219701535,2399.01,PC,PC,11.738,2459302.317644,5.4681892,1.814,4290,23,"9,36"
260849386,2400.01,PC,FP,10.7961,2458568.22176,1.0339,1.404,520,12,"7,8,9"
11521555,2401.01,PC,PC,9.0982,2460012.073961,5.8681984,3.651,2639,57,"8,9,35,62"
1525480,2402.01,PC,PC,12.2668,2459276.117338,5.5094951,2.892,7700,34,"9,35"
293435336,2403.01,KP,KP,9.02706,2460985.484461,1.8098811293497352,3.7636624066186646,13033.561270092658,534.0521,"30,42,43,70,97"
142087638,2404.01,PC,PC,11.1464,2458509.255951,20.362741018424,4.58902376169862,1126.87824730359,25.193754,"7,28,29,30,31,33,34,35,36,37,38,39,61,62,63,64,65,66,67,68,69"
142087638,2404.02,EB,FP,11.1464,2458558.995549,74.60689649434026,4.887407126763615,2304.7237253190006,21.481884,"7,28,29,30,31,33,34,35,36,37,38,39,61,62,63,64,65,66,67,68,69"
142087638,2404.03,EB,FP,11.1464,2458512.163146,74.60651924297976,3.675816673737751,2377.6887561206754,16.169827,"7,28,29,30,31,33,34,35,36,37,38,39,61,62,63,64,65,66,67,68,69"
231297123,2405.01,PC,PC,12.5515,2459117.319524,1.97925726724432,1.68735155850254,2235.66409412057,10.996093,"30,69"
212957629,2406.01,CP,CP,14.3109,2459115.976073,3.07668346844733,1.24917514298097,18848.5607395234,18.487597,"30,42,43,70"
153078576,2407.01,PC,CP,12.5264,2459116.620626,2.7029186753149,1.69986420703329,5132.67828342072,20.76344,"3,4,30,31"
67630845,2408.01,PC,PC,11.9205,2459128.296253,9.4636148,3.061,5050,20,"3,30"
321068176,2409.01,PC,FA,11.2711,2459121.065867,12.9696927164963,1.11290721093666,4085.68453831023,13.134512,30
248391319,2410.01,PC,APC,12.2478,2459497.629903,0.7988525,0.831,1700,15,"3,30,42,43"
10837041,2411.01,CP,CP,10.4238,2460987.464436,0.7827074550330908,1.0403705642601775,526.8676749515395,30.836186726735065,"3,30,97"
10837041,2411.02,PC,PC,10.4238,2460968.503799,13.051211536126672,2.7857834934475347,1504.030956382478,35.97527815622763,"3,30,97"
10837041,2411.03,PC,PC,10.4238,2460972.243371,19.88898922787425,3.3452591036555566,1931.1636544220726,32.24904427398764,"3,30,97"
684936227,2412.01,PC,FA,11.9755,2459134.75391,15.29859,3.214,1187,1000,29
206498307,2413.01,PC,FP,11.3882,2459066.937927,13.4190392345475,5.92218818360371,4668.53686954056,9.303594,28
237320326,2414.01,KP,KP,12.003,2459062.739359,1.77711087925076,1.56695283657592,14073.5021162789,34.547817,28
161223358,2415.01,EB,FP,14.9333,2459062.019708,0.5153654217720032,1.000000000000186,37197.88578707393,31.026503,"28,68"
237922465,2416.01,PC,CP,12.4333,2459352.544159,8.2754608,3.755,6510,33,"2,3,4,8,11,28,29,30,31,38"
49617263,2417.01,PC,FP,10.2589,2459139.2966,4.83266,2.308,830,9,"3,30"
65347776,2418.01,EB,FP,10.9166,2459133.37121,25.86696,4.923,2240,11,"3,4,30"
358248442,2419.01,PC,PC,10.4354,2460169.793147,18.8812961,5.943,915,17,"2,3,4,29,30,31,69"
268532343,2420.01,PC,CP,10.8285,2459136.26698,5.84259,3.747,2670,21,"3,30"
70524163,2421.01,PC,CP,10.6918,2459139.61885,4.3474,4.684,3520,52,"3,30"
29919341,2422.01,PC,APC,9.4843,2459131.39396,18.23603,4.91,3090,24,"3,30"
197807043,2423.01,PC,PC,9.5137,2459097.062,.0,4.208,12640,152,"2,4,29,30,31"
313891529,2424.01,PC,FP,10.2845,2459092.273962,12.3750536935672,6.61661810808518,4155.61048250863,43.270164,29
248387177,2425.01,PC,PC,11.2415,2459436.979806,50.6939885,4.068,11200,43,"3,30,42,43,70"
97486178,2426.01,PC,CP,9.97008,2459168.00914,4.08165,2.691,460,10,31
142937186,2427.01,PC,CP,9.0138,2459169.61994,1.30613,0.634,560,15,31
274193763,2428.01,PC,APC,9.966,2459168.03367,7.57017,0.916,1500,18,31
420051632,2429.01,PC,PC,9.4752,2458410.991988,7.084649186194501,3.1023280064706444,591.5301151037514,15.489386,"4,31,70"
23170835,2430.01,PC,PC,10.3682,2459168.8759,1.10071,0.909,680,12,31
258804746,2431.01,PC,CP,9.5209,2460258.868869,0.224195,0.292,540,45,"31,42,43,70,71"
347553438,2432.01,PC,PC,10.1849,2459168.25205,1.82738,1.491,870,9,31
405763009,2433.01,PC,PC,12.0349,2458746.356236,.0,2.86865834730481,3377.16025868677,7.770456,"14,15,16,41"
155001079,2434.01,PC,APC,9.06657,2458739.680875,1.3805990301475457,1.004339903878488,349.73416012203234,10.327077,"16,17,57,83,84"
298164705,2435.01,PC,PC,10.5142,2458743.374055,.0,5.0482027294868,1840.11967822887,8.56589,"15,16"
154568734,2436.01,PC,PC,8.55595,2458722.393707,.0,8.73026894512439,367.823341927884,10.636549,"14,15,21,40,41,47,48"
251094370,2437.01,PC,PC,11.2571,2459147.885503,5.1660126889228,3.01966000777545,1263.53263050097,8.409164,31
686072378,2438.01,PC,FP,16.2463,2459175.406024,1.94260032314713,1.020674321877,504062.379922048,56.03001,"31,32"
274194927,2439.01,PC,PC,11.2212,2459152.817497,14.361478873089,4.09649944006472,2859.75777134714,16.087576,31
129839175,2440.01,PC,APC,11.0529,2459144.977997,0.646157091483488,1.19638220908773,6290.62113888373,35.667366,31
219175972,2441.01,PC,CP,12.8332,2458335.504214,12.8900899311885,2.54132288314916,3520.69711040168,16.044466,"1,5,7,11,28,31,32,33,34,38,61,65,68"
219175972,2441.02,PC,PC,12.8332,2458325.908591,5.55148569021324,2.01869268398232,1282.32278991626,7.887797,"1,5,7,11,28,31,32,33,34"
168871868,2442.01,EB,FP,11.402,2459183.305376,17.1217196,6.507,131000,294,"4,5,31,32"
318753380,2443.01,PC,CP,8.2969,2459148.098617,15.6692322098987,4.56285298177157,1393.38148015132,26.667023,31
29959760,2444.01,PC,APC,13.6732,2459145.041127,1.64738872642782,1.3242991003046,32325.7685305953,16.69659,31
439867639,2445.01,PC,CP,13.1292,2458411.217326,0.371133443173804,0.491818661398675,2322.62181508321,9.401387,"4,31"
142868621,2446.01,PC,PC,10.208,2458418.91465,18.6858620467112,5.48439999860532,1215.95298863347,8.18483,"4,31"
1167538,2447.01,PC,CP,10.0127,2459168.988935,.0,8.291,8735,37,"5,31,32"
231721005,2448.01,O,FP,10.0039,2460121.423199,9.0182016,3.08,492,19,"3,4,6,7,10,13,27,30,31,32,33,34,37,64,65,66"
231721005,2448.02,PC,PC,10.0039,2460966.234013,19.757918013119127,3.226215285289934,456.59668070708454,42.31992038411846,"3,4,6,7,10,13,27,30,31,32,33,34,37,64,65,66,67,87,93,94,95,97"
170729775,2449.01,PC,CP,9.8999,2459186.901539,16.6542431,7.792,10168,74,"4,5,31,32"
408114363,2450.01,PC,PC,11.4894,2459179.177363,17.8832414144624,4.34209315880805,6750.48787822684,29.821081,32
4294779,2451.01,PC,FP,15.8552,2459174.475148,0.343889185962649,0.969606906244014,24850.3953804569,7.7705545,32
219208037,2452.01,EB,FP,11.1925,2459229.062884,0.977680523622344,0.765739728123979,965.317519177823,8.106384,"32,33,34"
59128183,2453.01,PC,PC,12.4223,2458441.995227,4.44142754515861,1.39344097392137,3375.81832765759,12.849735,"5,32,43,44,71"
67782629,2454.01,PC,PC,10.7047,2459174.855266,8.50636868265066,2.8291905313501,968.273425292679,7.3439903,"5,32"
434260570,2455.01,PC,PC,12.986,2459177.19495,4.72048898787499,1.83163156626574,47110.5706380272,94.224266,"5,32,43,44,70,71"
311271011,2456.01,PC,PC,9.588,2459178.894556,.0,1.85223071369561,1219.81070944545,7.675151,32
117799904,2457.01,PC,PC,10.8749,2459175.255066,14.1993537532126,2.56296656892901,1859.15715034922,8.544865,32
449197831,2458.01,PC,CP,8.71008,2459177.402573,3.73696893919192,1.99174218472419,310.497808806371,8.751414,32
192790476,2459.01,PC,CP,9.3951,2458452.334564,19.1047019158395,3.25167283263727,1906.05962452689,17.074867,"5,6,32,33"
454224694,2460.01,PC,APC,11.3357,2459174.385712,0.515460975114944,0.850251194154548,1462.42423092094,12.84038,32
411839167,2461.01,KP,KP,10.8243,2459175.327301,6.18026138745213,4.18302055694384,5383.84583726595,87.07604,"32,43,44,71"
248434780,2462.01,PC,APC,11.7884,2459183.651187,12.8643168035823,4.77783450689067,6907.97549821836,17.386969,32
452375478,2463.01,PC,PC,9.0318,2459179.182044,10.6079444641655,12.7030565059054,1233.93910660284,15.215448,"32,33"
32949762,2464.01,KP,KP,12.3352,2459222.681031,3.7684981,2.727,19800,105,"6,32,33"
146523262,2465.01,PC,PC,10.2994,2459174.839411,3.75920503924659,2.99617116269086,892.113572374418,11.337412,32
293612446,2466.01,KP,KP,12.0364,2459493.9445,2.6266983,4.087,10650,94,"5,32,43,71"
71013298,2467.01,PC,PC,10.2712,2458438.600908,1.75566155975583,1.34910320754364,444.087948118545,9.671964,"5,32"
31114545,2468.01,EB,FP,10.3598,2459196.87342,24.4232697,3.788,1920,22,"5,6,32"
117843067,2469.01,PC,FP,10.6749,2459198.809559,2.3767548,3.225,7940,18,32
298981199,2470.01,PC,PC,10.0632,2459199.511667,7.1853092,2.347,800,11,"5,32"
298981199,2470.02,PC,PC,10.0632,2460998.074621,15.505836326451279,3.575749709473614,1150.894301094496,10.791021,98
71088556,2471.01,PC,PC,10.4723,2459194.286421,6.5857043,2.777,1420,20,"5,32"
248650906,2472.01,PC,PC,8.94848,2459198.852539,.0,6.71,390,9,"5,32"
399868187,2473.01,PC,PC,10.5347,2459199.202773,1.2311781,2.756,3562,18,"5,32"
449257028,2474.01,PC,PC,7.82622,2459197.576453,4.278752,4.11,220,9,32
373453507,2475.01,PC,FP,10.7302,2459197.39928,15.7925628,2.823,1190,10,"5,32"
43868600,2476.01,PC,APC,10.1263,2459196.637234,3.8865992,2.909,590,12,"5,32"
412054152,2477.01,PC,FP,10.2422,2460218.772868,34.7769296,5.598,1383,13,"32,43,44,45,71"
262435954,2478.01,PC,PC,10.6827,2459174.685986,2.64739164988521,2.85952216800248,568.299416312746,9.532369,32
167661160,2479.01,PC,PC,9.354,2458442.074601,36.838242873162,4.94628429005835,965.164948179765,18.077396,"5,6,32"
1449756,2480.01,PC,FP,10.8256,2459199.593066,11.3543085,3.414,2190,21,"5,32"
262258341,2481.01,PC,PC,10.6675,2459193.255797,11.994832,3.374,1260,10,"5,32"
117938087,2482.01,PC,PC,9.6254,2459187.828181,14.9315582,4.729,590,9,"5,32"
219151731,2483.01,EB,FP,10.1217,2459249.973749,1.4853364,1.302,650,27,"5,6,7,32,33,34"
68035559,2484.01,PC,PC,10.8945,2459686.111638,8.3272872,2.517,2970,20,"23,50"
328934463,2485.01,PC,CP,10.9687,2459658.812257,11.2347982,6.217,4780,24,"23,50"
369376388,2486.01,PC,PC,11.1869,2459167.655279,1.5411764,1.535,1510,22,"4,5,31"
394346745,2487.01,PC,PC,12.8466,2459382.603668,3.4024655,3.141,14990,99,"1,12,13,27,28,39"
139251123,2488.01,PC,PC,10.6292,2459066.14339,10.7668398355297,4.24398425666338,1933.6811005368,19.266142,"28,68"
279327604,2489.01,PC,APC,11.2451,2459062.945311,1.42695100862602,1.33678632884154,2881.7106387159,14.413239,28
77437543,2490.01,PC,PC,11.2759,2459180.691467,.0,7.47473703967924,4407.57353051663,33.01424,32
80567842,2491.01,PC,APC,11.0233,2459205.124526,5.92777000494769,2.55999541981439,12984.5364661418,61.44919,33
282498590,2492.01,PC,FP,11.6749,2459222.255014,10.1004307,4.977,13680,103,"6,33"
123664207,2493.01,PC,PC,11.433,2459225.823327,.0,2.0935301101182,1704.33137052737,7.1225553,33
282576340,2494.01,PC,PC,10.7202,2459210.732023,8.3761316,1.976,9060,73,"6,33"
282576340,2494.02,PC,PC,10.7202,2459224.849091,2.4087648,1.881,590,8,"6,33"
33091590,2495.01,PC,PC,12.2285,2459208.384505,7.79538495313736,1.69415729398313,2783.9129229208,7.411049,33
160328683,2496.01,PC,PC,14.1969,2459175.520632,1.57468281072073,1.92864063906853,77503.5100765719,47.27529,"32,33"
97568467,2497.01,CP,CP,9.14112,2459205.098381,10.655694026032,7.82363216943283,2103.65787592459,45.151714,"6,33,45,72"
263179590,2498.01,CP,CP,10.844,2459204.417815,3.73823810637544,2.97520797554519,1316.46227565507,13.466908,"33,71"
67196573,2499.01,PC,APC,10.7996,2459226.410197,2.5574812,1.053,1860,28,"6,33"
206785987,2500.01,PC,PC,11.619,2459225.954047,2.955314,3.031,6470,32,33
134471108,2501.01,PC,PC,11.6751,2459203.653227,5.32629217828526,2.25852277684235,1501.68741011304,11.684048,"6,7,8,33,34,61"
52689469,2502.01,KP,KP,13.6373,2459202.042637,3.14138245312697,4.43612260038194,5433.03487257123,14.388655,"33,34"
124778445,2503.01,KP,KP,13.9819,2459203.395868,1.67515675725508,2.27181939901218,17781.0520005207,24.296297,33
206906112,2504.01,PC,PC,10.6358,2459212.614454,13.5853506415519,4.70390199883429,3149.57950088607,26.405294,"33,71,72"
443127052,2505.01,PC,PC,10.7015,2459222.132135,2.8972041,1.958,640,9,"6,33"
393298446,2506.01,PC,APC,9.9257,2459211.074562,14.9695925,5.832,430,11,"7,32,33"
354519019,2507.01,PC,PC,9.4951,2458444.78902,17.3051475676313,3.49763163686997,657.112843667621,11.085043,"5,6,32,33"
147430118,2508.01,PC,FP,10.3559,2459226.246477,1.6951056,3.238,370,14,"6,7,33"
143282930,2509.01,PC,APC,10.7088,2459224.689855,1.5339665,2.128,470,10,"6,33"
170103435,2510.01,EB,FP,10.0879,2459984.552667,1.9785151,1.282,500,14,"6,7,8,33,34,61"
124702477,2511.01,PC,FP,10.9539,2459226.722059,0.7951534,0.912,1920,26,"7,33"
124491883,2512.01,PC,PC,9.22605,2459226.885867,2.3933087,5.507,150,9,"6,33"
59842822,2513.01,PC,PC,10.0509,2459225.861283,2.5577037,2.577,530,12,"6,33"
317134140,2514.01,PC,PC,10.667,2459215.084143,6.3951381,4.047,510,9,"6,32,33"
123627908,2515.01,PC,FP,10.1083,2459227.261848,5.9016526,2.417,2450,29,33
295947393,2516.01,PC,APC,9.9552,2459252.875826,5.4927168,7.906,5290,27,"7,33"
48178229,2517.01,EB,FP,10.0386,2459225.683785,2.6788253,2.49,350,12,"6,7,33"
96925186,2518.01,PC,PC,10.2282,2459976.018757,6.8979432,3.401,550,12,"6,7,33,34,61"
47720259,2519.01,PC,PC,10.2807,2460687.147019,6.955124172032086,1.9167061452065615,755.187228693555,22.859574452697238,"6,33,87"
177414713,2520.01,PC,PC,9.859901,2459225.974236,2.0944084,4.133,320,9,"7,33"
72556406,2521.01,PC,APC,10.8218,2459227.249446,5.563087,4.533,2520,23,"6,33"
148883384,2522.01,PC,PC,9.1239,2459223.890954,2.0988541,4.365,350,11,"7,33"
443213925,2523.01,PC,PC,10.1424,2459225.084837,4.6410823,2.849,660,11,"6,33"
169249234,2524.01,CP,CP,12.1772,2459527.431854,7.18580291998416,4.25426131795531,11192.4995247112,76.88544,"45,46,62,72"
149601126,2525.01,CP,CP,13.4006,2459174.013303,23.3418535686557,6.41293725854338,6473.60215096858,20.780209,"1,3,4,5,6,7,8,9,10,11,13,27,28,30,31,32,33,34,35,36,37,38,39,61,62,64,65"
149601126,2525.02,CP,CP,13.4006,2459074.030906,49.2445598765684,6.58071454399793,15606.4614866523,33.65235,"27,28,30,31,32,33,34,35,36,37,38,39,61,62,64,65"
380836882,2526.01,PC,PC,11.0586,2459381.86834,8.011385,5.197,7890,93,"13,39"
126572546,2527.01,PC,PC,11.1673,2459989.812252,2.3018922,3.706,1260,18,"8,9,35,36"
83154030,2528.01,PC,PC,12.9363,2459331.4467,11.7248927,5.928,8540,14,"10,37"
269333648,2529.01,CP,CP,10.6693,2460734.735653,64.5947,8.943,4240,41,"7,8,9,89"
52059926,2530.01,PC,PC,12.7296,2458350.181,.0,4.646,21624,27,"1,2,28,29"
262843259,2531.01,PC,PC,12.4329,2460158.3149,8.1484094,3.16858699654103,13497.6071224474,55.67417,"2,3,4,28,29,30,31,68,69"
20579360,2532.01,PC,PC,12.646,2459311.204445,16.7224532,4.223,11640,33,"10,37"
418012030,2533.01,PC,PC,11.6417,2459682.185785,6.6857865,2.896,6690,19,"23,50"
219332978,2534.01,PC,PC,10.8209,2458346.575296,.0,8.475,5180,25,"1,28"
204698337,2535.01,PC,PC,12.7024,2458576.764481,16.4452725,3.038,11810,17,10
20299658,2536.01,PC,PC,12.7022,2459191.600297,31.9919594977179,8.82399567736413,13054.0547158853,39.440716,"5,6,32,33"
399967279,2537.01,PC,CP,12.0294,2459475.467243,94.0997954107861,4.87384418805011,20525.120110696,68.164986,"5,42,43,44,70,71"
443115574,2538.01,PC,PC,10.597,2459226.24224,2.9103781,3.606,1480,19,"6,33"
201508515,2539.01,PC,PC,11.5606,2459202.613025,0.985586044150403,1.52854816276702,1343.33877615233,11.704261,33
354518617,2540.01,PC,CP,8.2731,2458480.943804,12.7187254998559,3.15825622516159,1144.17890728516,12.962988,"6,33"
354518617,2540.02,PC,APC,8.2731,2459223.145597,22.0819969,3.073,1019,22,"6,33"
31054498,2541.01,PC,PC,9.9048,2459199.006353,1.4118418,2.702,520,25,"5,6,32"
431971818,2542.01,PC,PC,14.9801,2459963.882685,4.11339283351431,2.76707682334978,24315.2652877616,8.446813,"34,61"
270604417,2543.01,CP,CP,10.8165,2459233.347042,7.54275088638434,6.44819138906856,3098.30666554528,45.81989,"8,34,61"
341419787,2544.01,EB,FP,10.7607,2459230.852582,21.06899349047507,3.7404026879959265,3392.770074616217,33.00356,"34,36,61,62,63"
149845414,2545.01,PC,CP,8.90594,2458522.513973,7.99403671773964,4.27104702738063,404.619438144213,11.495177,"8,34"
388089437,2546.01,PC,APC,11.8215,2459578.592429,2.1811989,0.428,2300,18,"7,34,44,45,46"
444013020,2547.01,KP,KP,11.302,2459228.794258,2.31142033564241,2.7479752849351,14975.1986738966,340.48663,"34,44,45,46,61,72"
350293646,2548.01,KP,KP,10.0471,2459985.304174,8.5234958,2.444,18942,190,"34,61"
350293646,2548.02,PC,CP,10.0471,2459985.331564,1.4468993,0.779,549,9,"34,61"
80711765,2549.01,PC,PC,11.732,2459230.288533,4.85805009831501,5.74056986686931,11067.0819039462,70.350334,"7,8,34,35,61,62"
294500964,2550.01,EB,FP,10.7757,2459966.572012,9.07025308892934,1.9063646539146,3806.1953377544,24.927946,"7,34,44,45,46,61"
6276559,2551.01,PC,PC,11.7664,2459244.80572,5.436841,2.335,2660,10,"7,34"
31515092,2552.01,PC,PC,11.8762,2459230.693395,2.37011194725775,1.82156434613294,2049.02634577615,9.969498,"34,61"
238542895,2553.01,PC,PC,11.8225,2459232.131956,8.384806661831044,4.518128338389846,11925.641755193212,67.25061,"7,8,9,34,35,36"
144043410,2554.01,PC,FP,10.5484,2459230.661673,6.26365006546498,5.36399911518071,7043.27848106574,13.564744,"8,34"
155491828,2555.01,PC,FP,11.1169,2459233.496293,16.0475029,3.334,13630,27,"7,8,34"
468981993,2556.01,PC,APC,10.7003,2459966.962573,8.01493233360304,4.61983742940425,4426.46891177938,48.22628,"7,34,44,45,46,61"
269400980,2557.01,PC,PC,11.2047,2459238.558507,9.830230932781298,4.0164673777043784,5116.722044036076,40.275116,"7,9,34,35,61"
283307274,2558.01,PC,PC,11.6919,2459233.127609,17.785915224089244,4.252071792676907,6535.866427630669,34.75753,"8,34,35"
441453629,2559.01,PC,PC,13.1141,2459060.081876,4.2002507,2.627,25670,34,"1,27"
441155146,2560.01,PC,PC,13.5328,2458348.918997,3.5511203,2.634,19660,15,1
422385684,2561.01,PC,PC,12.1504,2459852.046181,2.7754004,3.142,8510,57,"16,17,18,24,56"
420177051,2562.01,PC,PC,12.5945,2459770.738717,4.0483695,2.896,12060,125,"14,17,18,19,20,21,23,24,25,26,40,41,47,50,51,52,54"
387409975,2563.01,PC,PC,13.3848,2459828.802298,5.0182311,2.301,16210,43,"16,17,18,19,22,24,25,49,52,56"
334482103,2564.01,PC,PC,12.4683,2459501.939674,3.725723704053223,2.3816199945670036,8787.479553730796,45.79348,"7,34,44,45,46"
321086563,2565.01,PC,PC,12.3642,2459966.257472,3.97044571500736,3.77930439071233,3689.47813634232,12.22194,"7,34,61"
284679064,2566.01,PC,PC,13.0599,2459609.378383,4.21024246353249,2.9567546690166466,9271.062812238782,36.418804,"15,22,48,49,75,76"
258920431,2567.01,CP,CP,11.7489,2459390.75286,5.9839451,5.38865130410061,3826.43755012773,66.49358,"14,15,16,17,18,19,20,21,22,23,24,25,26,40,41,47,48,49,50,51,52,53,54,55,56,57,58,59,60"
257067559,2568.01,PC,PC,12.104,2459251.583946,3.4843271,3.522,10320,12,"7,34"
248655556,2569.01,PC,PC,11.1769,2459174.659675,13.1147744,4.318,3890,18,"5,32"
239816546,2570.01,CP,CP,11.9775,2459500.741002,2.98876544175608,2.98472466309113,15493.9490406626,165.2702,"19,43,44,45,59,71,72"
239638934,2571.01,PC,FP,10.5284,2458760.818232,6.0027375,4.164,6100,80,"15,16"
234489133,2572.01,PC,PC,13.258,2459247.433122,3.5985851,4.015,6710,13,"7,34"
160037058,2573.01,PC,PC,13.1657,2459080.877819,4.5815438,3.367,19550,45,"1,28"
159332859,2574.01,PC,PC,12.881,2459760.398697,4.4817684,2.186,21180,146,"14,15,19,20,21,25,26,40,41,48,52"
142784687,2575.01,PC,PC,13.152,2459603.650328,3.17112066665232,3.62765750698556,8504.68058670075,34.87225,"14,20,21,40,41,47,60"
115453244,2576.01,PC,PC,12.2323,2459544.238408,3.8229149,3.171,11780,81,"19,43,44,45"
112316665,2577.01,PC,PC,11.5955,2459252.521548,3.7494409,2.452,4860,32,"7,34"
104986789,2578.01,PC,PC,10.5863,2459911.4801,3.45800184153865,2.62317189870029,10218.2558379607,83.409,"19,59"
103751498,2579.01,KP,KP,10.9101,2459600.117319,3.7146478,3.835,12620,310,"14,20,21,40,41,47"
102713734,2580.01,PC,CP,10.8064,2458839.453257,3.397862,4.502,9960,121,"19,59"
37862966,2581.01,PC,PC,12.9754,2459192.543648,3.5838508,3.085,12480,55,"5,32"
21279791,2582.01,PC,PC,12.4848,2459772.286216,3.0183134,2.78,8960,66,"14,25,26,40,41,52,53,54"
7548817,2583.01,PC,CP,12.0453,2459735.896093,4.52074,4.175,8520,62,"14,25,26,40,52"
458641144,2584.01,PC,PC,12.731,2459245.2948,4.6965638,3.056,12380,25,"7,34"
62530991,2585.01,EB,FP,9.8961,2459986.942214,4.0266483,2.312,754,13,"8,34,61"
458647887,2586.01,PC,PC,10.505,2459242.410211,9.5835608,2.405,1150,9,"7,34"
68007716,2587.01,PC,CP,10.9657,2459244.752232,5.4566563,3.783,4160,44,"7,34"
284418751,2588.01,PC,PC,10.6713,2459962.850922,3.587158,1.23,3120,33,"7,8,33,34,35,61"
157698565,2589.01,CP,CP,10.7211,2459973.640012,61.6277,6.401,8878,22,"7,33,34,61"
234832821,2590.01,PC,PC,9.47351,2459226.458235,0.7460577,1.754,240,10,"6,33"
229285649,2591.01,PC,FP,10.7669,2459544.881796,8.493027,3.733,20750,190,"6,33,45"
284122875,2592.01,PC,PC,10.871,2459226.215173,3.4559382,4.21,2840,24,"7,33"
258983679,2593.01,PC,PC,10.3513,2459226.380017,1.4711386,1.677,839,9,33
229167359,2594.01,PC,PC,10.2626,2459227.018066,2.682814,0.987,1080,13,"6,33"
151284882,2595.01,PC,APC,10.7212,2459547.608503,3.817421,2.47,1000,19,"6,33,43,44,45"
37089434,2596.01,PC,APC,10.9058,2459220.286778,16.2709828,1.835,5870,34,"6,33"
220139435,2597.01,PC,PC,9.536,2459221.281298,3.6039259,3.737,940,21,"6,33"
12036590,2598.01,PC,FP,10.9766,2459226.801169,5.73436,1.146,17740,24,"6,33"
235333495,2599.01,PC,PC,10.9402,2459219.625683,4.1554362,6.088,1020,13,"6,33"
234160911,2600.01,PC,PC,10.276,2459216.749879,5.3376282,2.143,2060,18,"6,33"
456844391,2601.01,PC,PC,10.8943,2459246.20878,6.0210332,2.211,7500,31,34
191928543,2602.01,PC,APC,11.83,2459991.062533,7.23406401676843,6.02056829945774,10621.8735536158,34.788364,"35,62"
176772671,2603.01,EB,FP,13.8995,2460719.073071,1.3326579267147995,1.5960594832427546,37285.60907754623,46.25219,"35,62,89"
189625051,2604.01,KP,KP,12.487,2460720.074783,4.908881919044641,5.560735670334136,5548.827962655232,27.944164,"35,62"
146776480,2605.01,PC,APC,10.4767,2459978.593736,20.6006151,1.47162881946009,12106.6702220666,53.09645,"8,34,35,61,62"
355800238,2606.01,PC,PC,11.7785,2459330.683649,1.4509175,1.123,7270,89,"8,9,10,35,36,37"
149539158,2607.01,PC,FA,9.1251,2459256.970786,2.23387856670085,3.04000012539752,318.921143617464,7.5957136,35
269850928,2608.01,PC,PC,13.2247,2459965.829329,4.72466496081221,4.30829241986889,6163.28893142094,23.491531,"27,35,38,39,61"
308883808,2609.01,PC,APC,11.4514,2459988.5342,1.16451408067578,1.64822100459828,1828.51198172105,11.722958,"35,62"
268914377,2610.01,EB,FP,15.8953,2459229.716478,2.153895941085061,2.177694334769634,96363.09266037476,17.857132,"34,35"
234282389,2611.01,PC,FA,13.5294,2458352.484922,0.7320175,2.577,4520,16,1
149572298,2612.01,PC,PC,13.2303,2459379.018087,13.3572104,4.947,29950,187,"1,3,4,5,6,7,8,9,10,11,13,27,28,29,30,31,33,34,35,36,37,38"
52315301,2613.01,PC,PC,13.1488,2460155.218217,15.2010859493248,8.24670715255037,35221.1348038505,102.84951,"1,28,29,68,69"
263075864,2614.01,PC,PC,11.457,2459037.589401,4.81032136139075,3.19965885294315,16651.5399250046,87.529594,"27,28,68"
38965512,2615.01,PC,PC,13.2052,2460156.176169,2.2687617,2.83454202229628,13217.8124266418,45.05776,"1,2,28,29,68,69"
273850708,2616.01,PC,PC,13.426,2460154.915572,1.8531628,2.019,34220,122,"1,2,3,28,29,68,69"
260537454,2617.01,PC,PC,13.1982,2460935.687846,6.3187442,3.504,28370,215,"1,2,3,4,5,6,7,8,9,10,11,12,13,28,29,30,31,32,33,34,35,36,38,97"
231076038,2618.01,EB,FP,12.0635,2459382.783301,8.2500143,3.317,2250,35,"1,2,3,4,5,6,7,8,9,10,11,12,13,27,28,29,30,31,33,34,35,36,37,38"
31943299,2619.01,PC,PC,13.2834,2459331.034865,12.4724734,3.649,23020,105,"1,2,3,6,7,10,13,27,28,29,30,33,36,37"
394346647,2620.01,PC,PC,12.9873,2459370.156605,10.3558635,3.548,18740,71,"1,12,13,27,28,39"
388202128,2621.01,PC,PC,13.4394,2459387.772477,2.4125012,1.209,10860,32,"1,12,13,27,39"
382259755,2622.01,PC,PC,13.5093,2459199.804071,1.2207037,2.186,25580,185,"1,2,3,4,6,7,8,9,10,11,12,13,32"
403288821,2623.01,PC,FP,12.4978,2459085.611785,0.5474737,1.789,1430,15,"1,27,28"
349410350,2624.01,PC,PC,13.4354,2459964.874737,3.0235362,2.332582426653442,25787.482501047514,149.41843,"1,2,3,4,5,6,7,8,9,10,11,12,13,27,28,29,30,31,32,33,34,35,36,37,38,61,62,63,64,65,66,67,68,97,98"
308396509,2625.01,EB,FP,13.2317,2459963.148107,2.1481182,3.9313069078205816,22124.544386381218,142.12738,"1,2,4,5,7,8,9,10,11,12,27,28,31,32,34,35,36,37,38,61,62,63,64,65,68,69"
300604770,2626.01,PC,PC,12.6082,2459963.894598,3.45627666072495,2.36138155108635,20448.8800177496,171.76874,"1,2,3,4,5,6,7,8,9,11,12,13,27,28,29,30,31,32,33,34,35,36,37,38,61,62,63,64,65,66,67,68,69"
262829328,2627.01,PC,PC,13.4702,2460882.402484,1.0649771,1.5097493780205566,16307.5548796493,37.9661,"1,28,68,95"
260541432,2628.01,PC,PC,13.3024,2459387.884973,0.8715953,1.271,6610,86,"1,2,3,4,5,6,7,8,9,10,11,12,13,27,28,29,30,31,32,33,34,35,36,37,38"
259901731,2629.01,PC,PC,13.1508,2460134.412089,11.4856846,4.63217832575569,11370.1513146882,30.940943,"1,2,3,27,28,29,67,68,69"
391900348,2630.01,PC,PC,11.786,2460070.810197,9.7130596,1.661,3540,49,"1,2,3,4,5,6,7,8,9,10,11,12,13,28,29,30,31,32,33,34,35,36,38,61,62,63,64,65"
140067837,2631.01,PC,PC,12.4487,2459065.405366,6.63143573884952,2.54316941171488,10550.9077715578,27.683233,"1,28,68"
231703293,2632.01,PC,FP,12.4537,2459085.547175,0.907105,1.711,1430,17,"1,27,28"
386131764,2633.01,PC,PC,11.6886,2459229.361575,18.1960490983542,4.85964774012341,2203.32453088524,11.503249,34
318812447,2634.01,PC,PC,10.9648,2459147.133574,.0,4.88978049802339,2801.22475880757,20.800468,"31,70,71"
358557578,2635.01,PC,PC,11.2581,2459287.993926,7.4547813172717,7.16816846687571,2508.58628360461,21.29304,"9,36,62,63"
119925436,2636.01,PC,PC,10.9786,2459280.998023,3.10549011766991,4.807909236797221,6155.77509780049,134.15678,"10,36,37,63,64"
349408306,2637.01,PC,APC,15.8445,2460014.399459,0.152075994962404,0.500000000000013,105147.465567032,53.869637,"27,28,29,30,31,32,33,34,35,36,38,39,61,62,63,64"
458342769,2638.01,PC,PC,11.1671,2459282.149063,3.929934391848882,1.2628875080713093,2252.035491667283,17.092484,"36,37,63,64"
98753307,2639.01,PC,PC,14.3693,2458584.385994,15.3281168841797,4.11380539285581,30096.5339932265,14.242225,"10,36,46"
135036669,2640.01,PC,PC,15.709,2459307.40102,0.911220601723553,2.00308200483758,71047.5639651294,12.526064,"36,37"
162802770,2641.01,CP,CP,11.1897,2459283.404103,4.88096396158047,1.61203620434866,3385.55268564115,26.88035,"36,37,63"
448589187,2642.01,KP,KP,12.3077,2459304.823271,3.0652926,2.606,11240,61,"9,36"
152852327,2643.01,KP,KP,11.0295,2459562.250418,9.1720535,7.169,580,8,"36,46"
385332171,2644.01,PC,APC,10.9206,2459300.317115,9.74397439850972,1.97643954469521,6711.05905664892,24.31497,"10,36"
372818426,2645.01,PC,PC,12.3956,2460014.422616,1.4436706,2.134,43370,723,"2,3,4,5,9,12,29,30,31,32,39"
349966879,2646.01,PC,APC,13.1875,2460933.755183,0.3125737,0.526,4540,74,"1,2,3,4,5,6,7,8,9,10,11,12,13,27,28,29,30,31,32,33,34,35,36,61,62,63,64,65,66,67,68,69,87,88,89,93,94,95,96,97,14137"
234527228,2647.01,PC,PC,13.5231,2460155.040725,0.513609637999368,0.787388225992836,3098.80491115179,10.606177,"1,2,68,69"
231833236,2648.01,PC,PC,13.3316,2460157.433427,4.77375103271402,1.71070744289841,11156.3496197589,20.617126,"1,2,28,29,68,69"
230980206,2649.01,PC,PC,12.4752,2458377.753706,3.375591,3.489,11630,61,2
453100296,2650.01,PC,PC,13.4404,2459964.818691,2.229735,2.04444501309331,6708.44411455215,39.601856,"1,2,3,4,5,6,7,8,9,10,11,12,13,28,29,30,31,32,33,34,35,36,37,38,61,62,63,64,65,66,67,68,69"
29830212,2651.01,EB,FP,13.3994,2459349.974976,7.3164282,2.235,37130,212,"1,2,3,4,5,6,7,8,9,10,11,12,13,27,28,30,31,32,33,34,35,36,37,38"
372852036,2652.01,PC,PC,13.3074,2459963.693795,2.484912,1.686,7950,48,"1,2,3,4,5,6,7,9,10,11,12,13,27,28,29,30,31,32,33,34,36,37,38"
149394317,2653.01,PC,APC,12.208,2460934.300658,0.9270535098519717,1.011,1640,40,"1,2,3,5,6,7,8,9,10,11,12,13,27,28,29,30,32,33,35,36,37,38,61,63,64,87,88,90,93,94,95,96,97"
200805484,2654.01,PC,PC,13.0725,2459168.071986,2.967599,1.688,10410,46,"3,4,30,31"
166851829,2655.01,PC,PC,13.2854,2459132.354491,4.7277153,2.5,4000,13,"2,3,29,30"
231065398,2656.01,PC,PC,13.5011,2458392.685508,7.7898378,3.095,11390,25,"2,3"
160004025,2657.01,PC,PC,13.4765,2459164.312459,2.7985528,2.459,12220,41,"3,4,30,31"
31634579,2658.01,PC,PC,13.4228,2460135.330861,8.8759249,3.83664168202652,25757.0688202601,49.13372,"1,2,3,27,28,67,68,69"
147456499,2659.01,PC,PC,12.7331,2459140.202044,1.2558789,1.795,22260,92,"3,30"
372817671,2660.01,PC,PC,12.1651,2460936.704349,5.0183771,2.999197544590832,2790.6279856055203,25,"3,4,5,30,31,32,66,93,97,98"
144125079,2661.01,PC,PC,13.0533,2459168.639577,3.6257584,2.814,10450,47,"3,4,30,31"
423672208,2662.01,PC,PC,13.4675,2458401.914156,3.790687,2.958,15240,31,3
423666115,2663.01,PC,APC,12.7147,2459140.932852,0.58228,0.691,3170,21,"3,30"
277871306,2664.01,EB,FP,10.1483,2460277.924101,3.9602774,0.884,6193,77,"35,45,46,62,72"
186936449,2665.01,PC,PC,10.3716,2460009.765012,2.8456505,2.556,2681,37,"8,35,62"
170889511,2666.01,PC,APC,6.9887,2459259.141383,.0,1.445,22040,235,35
348684813,2667.01,O,FP,9.6732,2459976.896634,7.7517472,3.761,861,16,"8,35,61"
192076548,2668.01,PC,PC,10.1782,2459279.678391,1.1159326,1.013,840,17,"8,9,35"
348835438,2669.01,CP,CP,9.9917,2459985.604157,6.203496,5.715,810,18,"8,35,61"
190721237,2670.01,PC,PC,9.5986,2459994.198115,12.9281222839238,3.98509891865327,4105.17052532,15.569556,"8,35,62"
190081497,2671.01,EB,FP,10.3364,2459991.730295,3.1630387,4.661,1130,15,"8,35,61,62"
129372561,2672.01,PC,APC,10.6734,2460698.460263,10.7189647,3.9269423927987153,7404.305981366055,17.695745,"7,34,88"
1018843,2673.01,PC,PC,8.8448,2460011.626285,1.9126596,2.178,372,25,"8,34,35,61,62"
434496663,2674.01,PC,APC,10.185,2459291.690613,7.2972359,0.827,3780,32,"9,36"
179033846,2675.01,PC,FP,11.7919,2459197.208589,1.476869,1.451,2670,43,"4,5,31,32"
420016507,2676.01,PC,PC,12.7082,2459168.078836,3.4082154,3.901,10060,30,"4,31"
398736713,2677.01,PC,APC,10.8489,2458429.573362,6.4967452,1.8,4930,30,4
354517490,2678.01,PC,PC,13.4391,2459221.389847,3.4523955,1.624,13260,40,"4,5,6,31,33"
323295908,2679.01,PC,PC,12.4453,2459169.162947,3.8539027,2.906,14520,95,"4,30,31"
219366908,2680.01,PC,FP,12.653,2459199.016708,0.6293198,1.129,3730,51,"4,5,6,31,32"
209408136,2681.01,PC,PC,12.1692,2459164.002226,3.1292868,1.545,7430,50,"4,30,31"
200803270,2682.01,PC,PC,12.6795,2459139.377363,2.5981987,1.412,14260,62,"3,4,30"
200320748,2683.01,PC,PC,12.4435,2459197.662315,1.5292851,1.167,2800,18,"4,6,31,32"
161568891,2684.01,PC,PC,13.2964,2459195.18388,2.4756487,2.461,4370,1000,"4,5,6,31,32"
161479081,2685.01,PC,PC,13.322,2459197.748783,3.4711465,1.606,10070,32,"4,5,31,32"
159989004,2686.01,PC,PC,12.9852,2459169.865852,3.5746058,1.153,6040,17,"4,31"
155993822,2687.01,PC,PC,12.4052,2459164.974049,4.0944492,4.233,5890,27,"4,31"
98728690,2688.01,PC,PC,11.3437,2459165.769957,2.1415519,2.989,1060,11,"4,31"
92363023,2689.01,PC,PC,12.6443,2459164.871015,3.4180406,2.242,5200,21,"4,31"
92359852,2690.01,PC,PC,10.732,2459167.712302,4.1549988,2.873,13830,109,"4,31"
71345362,2691.01,PC,PC,12.5728,2459167.794838,3.8821916,3.126,2670,13,"4,31"
38399060,2692.01,PC,PC,13.3717,2459163.769215,3.6506781,2.79,20370,49,"4,31"
30016082,2693.01,PC,PC,13.3201,2459167.861473,1.3225635,1.683,13750,40,"4,31"
146467673,2694.01,PC,APC,12.575,2459198.068832,1.6375324,1.665,11120,25,"5,32"
140284353,2695.01,PC,APC,13.0494,2459226.435976,0.5566811,0.473,3250,26,"5,6,32,33"
139445621,2696.01,PC,PC,12.4762,2459199.897242,6.409365,1.707,11300,42,"5,6,32"
139445453,2697.01,PC,PC,13.1506,2459199.867115,4.3169755,4.523,4670,20,"5,6,32"
100683605,2698.01,PC,PC,13.3713,2459223.847344,3.270563,1.682,9670,31,"5,6,32,33"
77958378,2699.01,PC,PC,13.0583,2459198.336939,5.8259928,2.442,12800,38,"5,6,32"
56096837,2700.01,PC,PC,12.0698,2459196.570296,4.6636858,2.604,11110,61,"5,32"
44791617,2701.01,PC,PC,12.5257,2459166.358806,2.169466,1.653,1780,9,"4,5,31"
43604949,2702.01,PC,PC,13.0115,2459196.429516,1.9422802,2.768,8140,34,"5,32"
43475220,2703.01,PC,PC,13.3652,2459193.235438,6.1735306,3.163,12950,27,"5,32"
32677675,2704.01,PC,PC,12.7063,2459225.757456,3.6364993,3.509,16700,131,"5,6,32,33"
169448771,2705.01,PC,PC,12.6139,2459165.598824,18.010652,4.952,4580,14,"5,32"
457202957,2706.01,PC,PC,13.4046,2458461.885377,1.8851834,1.428,5450,9,5
455036659,2707.01,CP,KP,12.1569,2459194.067914,4.007232,4.78,10360,74,"5,32"
452810327,2708.01,PC,FP,12.5398,2459197.357111,2.3540172,2.36,6660,27,"5,32"
452810326,2709.01,PC,PC,13.0639,2459197.356321,2.3540163,2.416,10020,28,"5,32"
408231638,2710.01,PC,PC,13.3942,2459196.318036,10.7448417,3.298,38070,75,"5,6,32"
396896334,2711.01,PC,PC,13.0719,2459190.700563,5.7604868,3.08,14580,36,"5,32"
362026280,2712.01,PC,PC,13.0933,2459195.831917,3.078479,2.424,5780,18,"5,32"
332660287,2713.01,PC,FP,12.483,2459197.326471,1.2434016,0.939,4070,28,"5,32"
332534326,2714.01,PC,CP,12.7979,2459168.948798,2.4993895,2.99,10610,44,"5,31"
311239796,2715.01,PC,PC,13.0115,2459515.126171,4.9640641,4.908,4910,22,"5,32,43,44"
284859630,2716.01,PC,PC,12.3425,2459194.254825,7.5420435,3.854,7720,33,"5,32"
269077474,2717.01,PC,FP,12.8212,2459197.192883,1.3164901,1.389,3580,15,"5,32"
248655096,2718.01,PC,PC,13.5252,2459196.564554,2.7625084,2.037,16160,41,"5,32"
176314383,2719.01,PC,CP,12.0676,2459197.636818,3.3759446,3.538,1270,10,"5,32"
169448297,2720.01,PC,PC,12.4742,2459199.697082,2.1473577,2.706,2300,17,"5,32"
167714124,2721.01,PC,PC,12.8482,2459222.321706,4.162733,3.319,12870,75,"5,6,32,33"
153725446,2722.01,PC,PC,11.1522,2459199.496171,0.708548,0.845,800,17,"4,5,31,32"
152477897,2723.01,PC,PC,13.3164,2459165.376298,3.3843865,3.845,10730,29,"4,5,31"
119290630,2724.01,PC,PC,13.1901,2459227.337401,1.4875055,1.874,44400,199,"6,7,33"
100780304,2725.01,PC,APC,12.058,2459227.295588,0.1846924,0.386,1390,26,"6,32,33"
100589633,2726.01,PC,PC,13.4034,2459221.101893,3.9471513,1.993,16080,32,"5,6,32,33"
51830822,2727.01,PC,PC,13.0537,2459227.430602,0.6711626,1.168,2330,14,"6,7,33"
42763678,2728.01,PC,FP,12.7993,2459227.292219,1.7246234,1.979,11820,37,"6,33"
39724477,2729.01,PC,PC,12.263,2459211.895505,4.0350169,2.108,25420,100,"6,33"
37240067,2730.01,PC,PC,13.4848,2459212.952234,2.5082498,1.393,16210,17,"6,33"
34729329,2731.01,PC,PC,9.92029,2459227.225976,0.9953936,2.238,280,13,"6,33"
34466256,2732.01,PC,FP,12.0195,2459198.602275,0.7029205,1.325,2480,38,"6,32"
34266522,2733.01,PC,PC,13.2843,2459222.295382,3.7170532,3.751,7220,17,"6,33"
21505121,2734.01,PC,PC,12.6746,2459219.30652,4.5879078,3.464,2040,13,"5,6,32,33"
20069685,2735.01,PC,PC,12.95,2459226.43746,1.9663653,1.637,29670,75,"5,6,32,33"
91869778,2736.01,PC,FP,10.9521,2460235.294959,3.4771921,2.002,3250,23,"6,33,43,44,45,71,72"
445946478,2737.01,PC,PC,12.5745,2459549.813277,3.3328544,6.488,2300,19,"6,33,44,45"
445145355,2738.01,PC,PC,13.5607,2458487.027945,1.5174038,1.635,14220,26,6
319473643,2739.01,PC,PC,11.9013,2459965.536406,3.1474843,0.913,5640,30,"6,7,8,32,33,61"
301281965,2740.01,PC,APC,13.2633,2459212.462934,0.5348968,0.504,6240,12,"6,33"
283303192,2741.01,PC,PC,11.7299,2459210.246781,2.9884191,3.575,12890,83,"6,33"
282102605,2742.01,PC,PC,13.5917,2458489.737849,1.2541679,2.294,11170,14,6
280212554,2743.01,PC,FP,13.3574,2459212.045265,1.1472535,1.789,4090,10,"6,33"
279989567,2744.01,PC,FP,11.4746,2459226.18852,0.787177,1.515,1350,18,"6,33"
237770757,2745.01,PC,APC,11.9685,2459211.945554,1.7932884,3.299,16170,102,"6,33"
237736186,2746.01,PC,PC,11.9063,2459209.392384,4.9208778,3.888,5680,19,"6,33"
237632488,2747.01,PC,APC,12.8494,2459212.781596,0.5209929,1.101,8570,32,"6,33"
237552878,2748.01,PC,PC,12.8401,2459205.662435,4.7838171,2.035,10210,16,"6,33"
235448190,2749.01,PC,PC,11.3789,2459225.835075,6.9724832,5.156,4110,16,"6,33"
235300016,2750.01,PC,PC,11.8145,2459223.251021,6.8204309,3.723,12560,59,"6,33"
231157209,2751.01,PC,PC,13.4603,2459219.086064,7.4710819,2.511,24880,23,"6,33"
170367033,2752.01,PC,PC,13.1606,2459248.958026,4.9197461,3.023,10380,28,"6,7,8,33,34"
168191686,2753.01,PC,PC,13.4585,2459224.244649,1.6281719,2.128,12020,29,"6,33"
148233571,2754.01,PC,FP,12.2082,2459226.37606,0.9422588,1.46,1060,13,"6,7,33"
148004811,2755.01,PC,PC,13.2899,2459225.436514,3.3187528,1.96,6490,18,"6,7,33"
147437399,2756.01,PC,APC,12.2592,2459224.754225,1.5622382,1.676,3230,9,"6,7,33"
147125706,2757.01,PC,PC,12.6603,2459221.43807,3.4813976,2.694,21800,84,"6,7,33"
147034452,2758.01,PC,PC,13.1915,2459222.921639,4.5302876,2.713,22840,58,"6,7,33"
134315574,2759.01,EB,FP,13.205,2459963.61295,1.5971584,3.429,5070,29,"6,8,33,61"
130611752,2760.01,EB,FP,12.8004,2459963.18538,0.4405893,1.075,1850,18,"6,7,8,33,61"
96736412,2761.01,PC,PC,13.2221,2459219.398202,6.1214801,3.861,17560,43,"6,33"
79431527,2762.01,PC,APC,12.4325,2459220.661425,3.9072351,3.366,14650,49,"6,7,33"
78441371,2763.01,PC,PC,11.996,2459221.156105,3.9980153,3.793,5420,43,"6,7,33"
53122063,2764.01,PC,PC,12.6918,2459224.72084,2.276734,1.832,3620,20,"6,7,33"
52976395,2765.01,PC,PC,12.1304,2459226.689311,1.0191022,1.228,2230,21,"6,7,33"
284288093,2766.01,PC,APC,11.7351,2459301.36904,7.2748135,3.779,15010,151,"6,7,8,9,33,34,35,36"
48806546,2767.01,PC,PC,11.1649,2459227.247759,0.934057,1.318,620,10,"6,7,33"
443556801,2768.01,PC,CP,11.3676,2459225.646634,1.5080197,1.032,1790,15,"6,33"
443534757,2769.01,PC,PC,13.4832,2459224.451567,3.08858,2.214,17060,21,"6,33"
438057373,2770.01,PC,PC,13.2389,2459541.3175,4.5697688,3.369,9780,29,"6,33,43,44,45"
437893926,2771.01,PC,FP,12.4432,2459548.185346,3.8454384,4.736,4590,27,"6,33,43,44,45"
435934762,2772.01,PC,PC,12.8662,2459199.30433,2.8504334,3.768,23800,77,"6,32"
420962989,2773.01,PC,APC,12.993,2459199.858678,0.5993364,1.024,2180,15,"5,6,32"
388934707,2774.01,PC,PC,12.627,2459192.072276,4.4430866,1.787,8800,28,"6,32"
36574157,2775.01,PC,FP,12.9127,2459210.630135,3.7804749,3.615,22150,24,"6,33"
35636165,2776.01,PC,PC,13.3684,2459224.383812,3.4590552,3.001,8820,19,"6,7,33"
35483319,2777.01,PC,PC,13.3742,2459225.1723,1.9297769,1.701,4540,14,"6,7,33"
332860211,2778.01,PC,PC,12.3409,2459198.536737,4.4445101,2.737,16730,88,"6,32"
319735319,2779.01,PC,FP,12.4889,2459224.225903,2.9038027,3.511,5860,26,"6,33"
317546777,2780.01,PC,PC,12.8475,2459217.923867,4.9062135,1.671,7400,18,"6,33"
317417916,2781.01,PC,PC,12.9395,2459226.428052,2.7636665,1.279,6370,17,"6,33"
306903715,2782.01,PC,PC,13.3612,2460234.255467,4.86808047780448,4.76303517011939,39314.8791769608,75.0042,"6,33,71,72"
302976834,2783.01,PC,PC,12.373,2459547.674708,2.3044132,3.102,20290,143,"6,43,44,45"
302766000,2784.01,PC,FP,12.428,2459550.344183,0.2573207,0.629,1330,16,"6,43,44,45"
300204369,2785.01,PC,PC,13.099,2459221.348058,11.5054399,2.459,15910,40,"5,6,7,32,33"
281987399,2786.01,PC,PC,13.3318,2459219.995187,3.7576217,4.483,7680,20,"6,33"
270677031,2787.01,PC,PC,13.425,2460042.218733,4.3217658,5.515,2640,21,"1,4,5,6,7,8,11,27,28,31,32,33,34,37,38,64"
255756918,2788.01,PC,PC,13.4177,2459251.646067,4.0646554,2.813,7700,21,"6,7,8,32,33,34"
251209368,2789.01,PC,FP,13.0632,2459209.022223,3.0071496,4.461,3310,9,"6,33"
247518629,2790.01,PC,PC,12.273,2459547.210084,2.3341583,3.553,10070,70,"6,43,44,45"
237406657,2791.01,PC,PC,12.7587,2458515.618118,3.7482756,4.989,5010,26,"6,7"
237362186,2792.01,PC,PC,12.3337,2459213.998862,7.1185659,1.734,3920,14,"6,7,33"
235077268,2793.01,PC,PC,13.2886,2459227.071677,0.3559702,0.523,2320,22,"5,6,7,32,33"
232139628,2794.01,PC,PC,13.0577,2459222.329758,4.7654865,4.43,6120,18,"6,33"
232052748,2795.01,PC,PC,13.4809,2459225.009211,3.6337247,1.763,15330,40,"6,7,32,33"
220076110,2796.01,PC,CP,11.916,2459189.97794,4.808498,1.405,11010,55,"6,32"
206897186,2797.01,PC,PC,13.194,2459225.127962,4.2380604,3.385,13070,25,"6,33"
160347548,2798.01,PC,PC,12.8054,2459221.167853,3.994474,4.436,14090,60,"6,32,33"
156887426,2799.01,PC,PC,13.1811,2459227.328418,1.4367914,2.178,23180,116,"6,7,33"
147804034,2800.01,PC,PC,12.18,2459218.177975,7.7538288,3.454,6560,40,"6,7,33"
140287227,2801.01,PC,PC,13.4242,2459221.426139,5.4139736,2.952,8400,26,"5,6,32,33"
139444326,2802.01,PC,PC,11.526,2459195.405441,3.5266608,2.105,1320,16,"5,6,32"
124379043,2803.01,PC,CP,12.0753,2459227.308665,1.962292,2.935,20910,124,"6,33"
44764338,2804.01,PC,PC,8.9118,2459991.190122,4.8033954,0.906245072736348,867.136334907486,13.245033,"9,35,36,62,63"
5024743,2805.01,EB,FP,10.1015,2459990.141393,12.4498835,5.45,1827,25,"8,9,35,36,62"
193220940,2806.01,PC,PC,10.0524,2459298.619279,11.4045112,3.947,760,11,"9,36"
11936042,2807.01,PC,PC,9.6854,2460009.04565,3.9919157,2.938,535,17,"9,35,36,62"
192988021,2808.01,PC,PC,9.9139,2460000.058846,9.4453763,2.659,863,16,"9,35,36,62"
45655786,2809.01,PC,PC,10.9095,2459989.98865,3.16608488341056,2.69222871395671,5175.03206857826,61.31363,"9,35,36,62,63"
80682484,2810.01,PC,PC,9.0397,2460024.286607,8.4035706,3.906,490,17,"10,36,37,63"
78775584,2811.01,PC,FP,10.7217,2459302.160259,5.5553784,2.256,1050,12,"9,35,36"
105801221,2812.01,PC,FP,9.6913,2459302.065555,3.0750728,2.219,510,9,"9,36"
133427311,2813.01,PC,PC,12.4783,2459965.212727,4.5654898,2.3029331967236,8572.20241283338,17.514479,"7,8,34,61,62"
268187322,2814.01,PC,PC,11.1664,2459964.94392,5.47933497043227,4.70098959671449,9196.3437964037,80.735,"7,8,9,34,61,62"
306663205,2815.01,PC,PC,13.2181,2459220.937894,3.4044402,1.895,7190,13,"7,33"
131581522,2816.01,EB,FP,13.2864,2459964.260816,3.059168,4.992,7610,18,"7,8,34,61"
285526706,2817.01,PC,PC,12.1234,2459247.298936,6.2804387,3.263,10240,34,"7,8,34"
151483286,2818.01,PC,CP,11.3944,2459245.632019,4.0397189,3.655,15110,79,"7,8,34"
387275908,2819.01,PC,APC,11.6805,2460236.732778,4.3905982803126795,2.379265814367912,8720.930410479257,54.07513,"7,33,44,45,46,71,72"
130948731,2820.01,PC,PC,13.2795,2459970.526577,13.3454770871986,3.13548495869526,24630.3857090384,42.50011,"7,8,34,61,62"
281489322,2821.01,PC,PC,12.9152,2459251.944079,0.2856701,0.297,1990,12,"7,8,33,34"
130349701,2822.01,PC,PC,12.8504,2459248.445126,2.8798613,4.111,4820,15,"7,8,34"
271035369,2823.01,PC,PC,12.1195,2459244.237438,4.7962078,3.328,21130,58,"7,8,34"
128135100,2824.01,PC,PC,13.0931,2459963.59828,2.2087864,4.045,4710,10,"7,34,61"
268496304,2825.01,PC,PC,13.0215,2459245.075624,5.9492615,4.304,7490,12,"7,8,9,34"
123462119,2826.01,PC,PC,12.8565,2459224.572139,1.9275568,2.621,39070,111,"6,7,33"
440775339,2827.01,PC,PC,11.1865,2459572.199906,5.3393042,2.965,2610,34,"7,33,44,45,46"
268042363,2828.01,EB,FP,12.9858,2459990.605838,4.6141256,1.566,4920,12,"7,9,34,35,36,61,62"
114103134,2829.01,EB,FP,11.6079,2459963.68315,1.14687078451485,1.39654773542937,2762.62759792871,14.13361,"7,34,61"
307456716,2830.01,PC,APC,11.8365,2459251.243306,4.2555436,5.058,2410,10,"7,8,34"
259165246,2831.01,PC,PC,12.0778,2459251.16632,2.6926692,3.101,4150,12,"7,34"
107340585,2832.01,PC,PC,12.9674,2459251.837973,2.6889686,2.677,10930,11,"7,34"
238335094,2833.01,PC,PC,13.0718,2459967.203114,4.3897272,3.234,6550,20,"7,8,9,34,61"
238335094,2833.02,PC,PC,13.0718,2459964.103479,1.89475638704282,2.10942876863614,4246.85739029895,10.069963,61
156172268,2834.01,PC,PC,11.288,2459245.466695,4.6391531,3.239,14100,24,"7,8,34"
98286422,2835.01,EB,FP,13.1057,2459252.308895,2.9646096,2.232,27860,10,"7,33,34"
144628120,2836.01,PC,PC,11.4675,2459251.668032,3.2379325,3.112,8340,46,"7,8,34"
238020894,2837.01,PC,APC,13.5012,2459963.650509,0.860246683373966,1.53140928140785,14559.4590958634,18.597986,"6,7,8,61"
81231810,2838.01,PC,FP,12.9,2459223.264644,5.4521068,4.702,8170,25,"7,33"
182470056,2839.01,PC,FP,12.9604,2459252.298703,0.879268,1.529,4550,13,"7,8,34"
178577607,2840.01,PC,PC,12.9159,2459212.235792,1.532427,2.351,29020,105,"7,33"
79930628,2841.01,PC,PC,12.6313,2459964.500359,2.1663502,4.258,5930,15,"7,8,34,61"
178162579,2842.01,PC,CP,12.0327,2459225.449603,3.5514016,2.207,8480,34,"7,33"
79030066,2843.01,PC,PC,13.4949,2459224.597973,1.8882882,2.714,18080,44,"6,7,33"
387342052,2844.01,PC,CP,11.5829,2459574.31635,3.5524144,2.784,2060,29,"7,33,44,45,46"
177612321,2845.01,PC,FP,13.2863,2459223.653303,3.145502,2.411,6190,12,"7,33"
66151343,2846.01,PC,FP,13.3693,2459248.642948,2.6792695,2.56,10530,21,"7,33,34"
175604949,2847.01,PC,PC,12.2224,2459250.187809,2.648845,2.131,16770,86,"7,8,34"
285524410,2848.01,EB,FP,11.422,2459964.898137,3.02442221717177,5.36807870503302,267015.522457355,26.79407,"7,8,34,61,62"
61687533,2849.01,PC,PC,13.2877,2459208.275086,2.9510628,3.404,9480,17,"7,33"
453105377,2850.01,PC,PC,10.7599,2459222.134753,6.6329154,0.598,3190,23,"5,7,33"
174206540,2851.01,PC,PC,13.0923,2459247.745314,4.8257226,4.145,7650,14,"7,8,34"
52869977,2852.01,PC,PC,13.3947,2459253.167438,0.400777,0.886,2000,12,"6,7,33,34"
173818213,2853.01,PC,PC,13.4546,2459966.276658,3.2923881,1.427,26840,35,"7,8,34,61"
50989813,2854.01,PC,PC,12.5461,2459227.231333,0.9008643,1.419,2530,13,"7,33"
437156845,2855.01,PC,FP,12.7325,2459246.599677,3.4906402,1.586,4580,1000,"7,8,34"
172630205,2856.01,PC,FP,12.6989,2459226.23093,0.599092,1.232,1290,10,"6,7,33"
419148828,2857.01,PC,APC,12.4644,2459962.905816,0.621603115386493,1.15707157706685,2344.62497578753,8.440942,"7,8,34,61"
47587394,2858.01,PC,PC,13.3606,2459225.080496,2.4181961,1.814,4150,11,"6,7,33"
157655504,2859.01,PC,PC,12.9395,2459253.079498,3.9589903,3.5,13190,59,"6,7,33,34"
419029830,2860.01,PC,PC,13.4746,2459245.824803,4.1849602,2.233,27260,23,"7,8,34"
157572174,2861.01,PC,PC,13.0316,2459967.674019,6.62699706228714,3.9371246113468,5104.95887711229,10.758942,"6,7,33,34,61"
231937059,2862.01,PC,PC,13.0436,2459243.08619,11.4874782,4.063,16360,40,"5,7,32,34"
412257781,2863.01,PC,FP,12.7797,2459253.364143,1.1894812,3.047,4130,12,"7,34"
157011920,2864.01,PC,PC,12.818,2459963.053193,0.4777885,1.039,2690,21,"6,7,33,34,61"
231337271,2865.01,PC,PC,12.685,2459226.716429,0.451685,0.262,1660,10,"6,7,33"
409896170,2866.01,PC,PC,13.2495,2459251.0301,1.5728416,1.947,21020,31,"7,8,34"
156949982,2867.01,PC,PC,13.4861,2459965.827646,5.6392638,4.436,7320,13,"6,7,33,34,61"
147857396,2868.01,PC,PC,12.9702,2459222.277749,9.3803217,4.508,8600,28,"6,7,33"
409264172,2869.01,PC,PC,12.9451,2459249.109041,1.7198076,1.861,10890,16,"7,33,34"
14709225,2870.01,PC,PC,12.5266,2459577.909729,5.7655904,1.757,7910,31,"7,33,44,45,46"
155807906,2871.01,PC,FP,13.0777,2459253.168845,0.4057204,1.201,2620,10,"7,8,34"
151930063,2872.01,PC,FP,12.8919,2459963.999386,5.2201338,2.584,6040,9,"7,8,34,61"
119448220,2873.01,PC,PC,12.6587,2459252.913566,1.252025,0.816,8690,21,"6,7,33,34"
123106490,2874.01,EB,FP,11.3002,2459963.591728,3.3004862,2.95910497513487,2403.57060412009,20.22215,"7,8,34,61,62"
385658469,2875.01,PC,PC,12.5365,2459245.620362,3.4142143,4.212,3400,1000,"7,34"
10827386,2876.01,PC,PC,11.7038,2459248.364238,6.2996307,1.918,9530,44,"7,33,34"
348477542,2877.01,PC,PC,13.0814,2459248.400362,3.4074188,3.111,18130,29,"7,34"
4999813,2878.01,PC,FP,12.6063,2459226.726213,2.0849517,3.099,2380,13,"7,33"
146836153,2879.01,EB,FP,13.3181,2459964.82553,2.3252877906374,2.27757104894432,29370.9546150175,27.171238,"7,8,34,61"
344140617,2880.01,PC,PC,13.2873,2459988.872071,4.7799716,4.976,5250,20,"6,7,8,33,61,62"
320541238,2881.01,PC,PC,13.2222,2459225.47669,2.9301843,4.218,6280,20,"7,33"
142405475,2882.01,PC,PC,13.1101,2459224.056067,2.0083269,4.37,1680,9,"6,7,33"
319932686,2883.01,PC,PC,12.3661,2459249.371429,3.7064049,2.056,4710,21,"7,33,34"
318413374,2884.01,PC,PC,13.4518,2459226.630661,2.935886,2.93,5900,11,"7,33"
140019355,2885.01,PC,PC,11.7507,2459241.058065,6.3350651,2.37,4160,1000,"7,34"
318796593,2886.01,PC,PC,11.7858,2459251.740462,1.6020002,2.625,21520,92,"7,33,34"
134183038,2887.01,PC,PC,13.3009,2459966.387883,4.91827981616241,3.79314452864891,20620.2444335202,36.073627,"7,8,34,61,62"
80713983,2888.01,PC,PC,11.1893,2459966.507331,4.21865204607513,1.7861147737422,9198.26043701869,40.114227,"7,8,34,61,62"
355796887,2889.01,PC,PC,12.973,2459325.238907,3.6579148,4.33,32300,138,"8,9,10,35,36,37"
355655412,2890.01,PC,PC,12.6223,2459299.679583,3.1958886,1.548,10760,35,"8,9,35,36"
342167886,2891.01,PC,PC,11.7498,2460015.954935,17.3076615,4.843,8880,71,"8,9,10,34,35,36,37,62,63"
340559155,2892.01,PC,PC,13.3763,2460045.077222,14.9502738,4.464,8070,26,"3,4,5,7,8,9,10,13,27,30,31,34,35,36,37,61,64"
340144218,2893.01,PC,PC,13.296,2459969.534332,10.3629429,4.109190217113063,6167.967993791005,15.111155,"3,7,8,9,10,13,30,33,34,35,36,61,62,63,67,87,90,94,97"
315120585,2894.01,PC,PC,13.0815,2459265.55968,7.4190257,2.472,11610,25,"8,9,35"
315117300,2895.01,PC,PC,13.3064,2459275.535658,8.7858955,5.908,3910,10,"8,9,35"
310537530,2896.01,PC,PC,12.8047,2460042.380749,1.3475728,1.589,2570,19,"8,9,10,11,35,36,37,62,63,64"
308987429,2897.01,PC,PC,13.3406,2459310.429548,12.0040505,3.95,6890,24,"1,4,5,8,9,10,11,31,34,35,36,37"
308612785,2898.01,PC,PC,13.4268,2459990.91546,3.6128161,3.72929378255029,9701.73797719335,19.696386,"1,4,5,7,8,9,10,11,28,31,34,35,36,37,62,63,64,68"
307366709,2899.01,PC,PC,13.0077,2459386.403025,4.0874138,2.061,7470,41,"2,5,8,9,10,11,12,28,29,32,35,36,37"
298206077,2900.01,PC,PC,13.4609,2459303.692092,1.317173,2.581,14130,36,"9,10,35,36"
295093397,2901.01,PC,PC,11.9357,2459303.994531,4.6086828,4.283,13990,50,"9,10,35,36"
290302097,2902.01,EB,FP,12.7858,2460042.800347,2.9918201,2.231,3410,21,"9,10,11,35,36,37,62,63,64"
268125229,2903.01,PC,PC,12.7318,2459964.220375,3.5947639,1.81,3070,12,"7,8,9,34,35,36,61"
267536225,2904.01,PC,PC,12.5519,2459292.3431,7.5010022,3.977,2550,11,"7,8,9,34,35,36"
260120451,2905.01,PC,PC,12.41,2459998.015443,11.8790678,3.716,8580,22,"8,9,35,36,61,62"
192259856,2906.01,PC,PC,12.7318,2459277.553272,3.7062792,3.008,13910,32,"8,9,35"
192003741,2907.01,PC,PC,12.3447,2459274.76139,3.168632,2.329,2830,8,"8,9,35"
191671884,2908.01,PC,PC,12.6467,2459275.14257,5.4631023,4.067,3070,12,"8,9,35"
191496430,2909.01,PC,PC,11.3289,2459275.206618,3.0688259,3.95,3010,18,"8,9,35"
141574742,2910.01,PC,PC,13.3395,2459965.450862,3.30806617506158,4.09474466520363,11855.6066746518,21.242928,"8,9,35,61,62"
141141249,2911.01,PC,PC,13.381,2459963.857775,1.77013214824287,1.663132782589,49803.4082444719,35.24515,"8,9,35,36,61,62"
118406995,2912.01,PC,PC,11.3838,2460019.659941,8.7614828,3.301,4200,42,"8,9,10,35,36,37,61,62,63"
101588793,2913.01,PC,PC,13.3564,2459304.456496,7.0317936,2.962,19070,37,"9,35,36"
90127880,2914.01,PC,PC,13.21,2459964.763408,3.05158943579789,3.26358579679276,5835.56436720253,14.595,"8,9,35,61,62"
89617284,2915.01,PC,PC,12.5254,2459297.972286,5.1304425,2.399,7670,33,"8,9,10,35,36"
76663549,2916.01,PC,PC,13.108,2459303.128643,3.9216762,2.075,17400,45,"8,9,35,36"
75744886,2917.01,PC,PC,13.0699,2459294.120029,7.9018734,3.18,16220,33,"8,9,35,36"
74881311,2918.01,PC,PC,13.2889,2459288.040612,9.5680636,3.982,9400,17,"8,9,35,36"
74274839,2919.01,PC,PC,12.5917,2459298.680353,4.6957057,2.633,13800,40,"8,9,35,36"
48210046,2920.01,PC,PC,12.8212,2459300.972897,3.2003149,2.847,16320,68,"9,35,36"
45896295,2921.01,PC,PC,12.8854,2459331.505693,3.0044799,3.19,11000,49,"8,9,10,35,36,37"
45492609,2922.01,PC,PC,11.7768,2459303.736827,1.3605223,0.715,1440,13,"9,35,36"
45299834,2923.01,PC,PC,12.8521,2460015.622952,4.3226285,2.908,9090,36,"8,9,10,35,36,37,62,63,64"
45048546,2924.01,PC,PC,12.1466,2459966.861078,7.34983447838548,4.0296279300564,5726.63294215382,23.69528,"8,9,35,36,61,63"
44510874,2925.01,PC,PC,11.49,2459302.564351,1.5720089,1.257,2730,19,"9,35,36"
34499178,2926.01,PC,PC,13.1845,2459303.198309,2.4249041,4.225,5630,18,"9,35,36"
33651215,2927.01,PC,PC,13.3754,2459304.991277,1.3868302,2.413,14190,34,"9,35,36"
33159936,2928.01,PC,PC,12.9639,2459302.165051,2.8457134,3.189,7050,11,"9,35,36"
31975443,2929.01,PC,PC,13.2135,2459302.03511,2.0391352,2.1,19130,12,"8,9,35,36"
30300445,2930.01,PC,PC,11.6526,2459297.414276,7.2041454,3.527,1970,17,"8,9,35,36"
29505837,2931.01,PC,PC,12.1511,2459996.684641,8.6681997,5.864,3880,18,"8,9,35,63"
29418536,2932.01,PC,PC,12.6396,2459990.683405,3.2569118,3.689,5960,25,"8,9,35,36,62"
29336129,2933.01,EB,FP,12.5246,2459989.636228,1.63638219397965,5.2796046260831,2383.86903865495,12.793624,"8,9,35,36,62,63"
28945511,2934.01,PC,PC,12.8016,2459278.683684,1.1239749,1.011,2190,9,"8,9,35"
24837152,2935.01,PC,PC,13.4581,2459278.943232,5.5698287,2.234,11620,17,"8,9,35"
22020459,2936.01,EB,FP,12.5961,2459988.479583,1.3328042,2.75,1960,14,"8,9,35,62"
18794442,2937.01,PC,PC,13.4212,2459990.422761,2.0139493,1.554,5820,10,"8,9,35,62"
11417087,2938.01,PC,PC,11.4932,2459272.923559,4.942456,2.504,16530,75,"8,9,35"
5485318,2939.01,PC,PC,12.6819,2459273.922515,4.8306667,4.24,9790,31,"9,35"
5224772,2940.01,PC,PC,13.487,2459301.079391,4.5991516,3.113,23020,44,"8,9,35,36"
4729001,2941.01,PC,APC,12.6858,2459988.563332,0.7127815,1.154,26500,31,"8,9,35,36,62"
3840990,2942.01,PC,PC,12.9356,2459303.833626,3.525723,4.582,4730,18,"8,9,35,36"
3233861,2943.01,PC,PC,13.2005,2459279.092125,0.7123317,0.752,13070,11,"8,9,35"
340700241,2944.01,EB,FP,13.3106,2459967.138723,7.79254478205127,2.9029880044961125,16339.534786253173,29.39024,"7,8,9,10,34,36,61,62,63,67"
286152207,2945.01,PC,PC,12.9512,2459299.330191,3.2006677,4.195,5500,25,"8,9,34,36"
302798365,2946.01,PC,PC,12.3977,2459331.56416,4.9186433,1.849,19840,91,"9,10,11,12,36"
374847873,2947.01,EB,FP,12.5964,2459332.080551,2.0391741,0.849,5740,20,"9,10,11,36,37"
357896777,2948.01,PC,PC,13.175,2460042.540975,2.7557652,1.889,14830,37,"9,10,11,36,37,62,63,64"
357299852,2949.01,PC,PC,13.2338,2459359.14632,2.8652288,1.785,14320,41,"9,11,36,37,38"
356206412,2950.01,PC,PC,12.5781,2459358.147763,3.2690486,3.666,6060,42,"9,10,11,36,37,38"
304025075,2951.01,EB,FP,13.417,2460016.529835,3.0290563045887824,3.31480841746264,22300.11750430312,73.49686,"9,10,11,36,37,38"
302527524,2952.01,PC,PC,12.6359,2459351.667704,10.7844934,2.021,13750,21,"9,10,11,36,37,38"
469184909,2953.01,EB,FP,12.4794,2460042.142618,1.2926975,2.592,6460,33,"9,10,36,37,63,64"
464328419,2954.01,PC,PC,12.3743,2459323.567576,4.8401948,3.546,26550,108,"9,10,36,37"
464326872,2955.01,PC,PC,13.0882,2459331.663991,0.5542332,1.366,4400,23,"9,10,36,37"
463508231,2956.01,PC,PC,12.445,2459332.120551,4.127728,1.411,14790,64,"9,10,36,37"
463469906,2957.01,PC,PC,13.5248,2460014.569549,1.53149411898329,2.48182443765108,19629.0085308252,23.925686,"9,10,63,64"
463203560,2958.01,EB,FP,10.6758,2460014.553417,1.9905105,2.62,2270,49,"9,10,36,37,63,64"
462162963,2959.01,PC,FP,12.3935,2458593.752907,1.3550447,1.945,3710,14,"9,10"
462072242,2960.01,PC,PC,13.0013,2459332.140887,2.0916623,3.274,5500,19,"9,10,36,37"
446684383,2961.01,PC,PC,12.2985,2459325.992412,4.6259138,2.91,10220,57,"9,10,36,37"
444394183,2962.01,PC,PC,12.131,2459326.444536,4.0211797,4.198,3500,15,"9,10,36"
441334829,2963.01,EB,FP,12.5449,2459991.660646,4.4433921,3.414,6480,24,"9,10,36,37,62"
439512298,2964.01,PC,PC,12.484,2459329.670307,3.8331282,2.906,10410,46,"9,10,36,37"
146841337,2965.01,PC,PC,12.5853,2459324.019017,4.2672965,3.108,9340,50,"9,10,36,37"
136504576,2966.01,PC,PC,12.4016,2459304.992295,1.5252473,2.343,1730,14,"9,10,36"
103245940,2967.01,PC,FP,13.0742,2459301.699712,3.2517862,4.373,18310,48,"9,10,36"
103183399,2968.01,PC,PC,13.397,2459304.35095,0.7327757,1.306,4490,17,"9,10,36"
36452991,2969.01,PC,PC,11.9361,2459303.300083,1.8237148,1.322,22920,142,"9,10,36"
461136782,2970.01,PC,PC,11.406,2459299.827995,4.420983,4.083,3980,25,"9,36"
453452264,2971.01,PC,PC,13.0634,2459301.075311,4.8405428,2.139,7030,14,"9,36"
448536355,2972.01,PC,PC,13.562,2458563.518154,2.8371201,2.102,11560,20,9
437259571,2973.01,PC,PC,13.113,2458563.638612,2.7519326,2.411,10200,20,9
437253811,2974.01,PC,PC,13.0812,2458567.86166,0.689421,1.233,3580,14,9
423393242,2975.01,PC,PC,13.1221,2459304.54834,0.426988,0.406,7230,1000,"9,36"
413372087,2976.01,PC,PC,13.2277,2459300.513933,3.4859402,1.532,11410,22,"9,36"
361343239,2977.01,CP,CP,11.9383,2460015.53891,2.3506217320545804,2.8864075563155294,13169.266459711525,95.35721,"9,36,37,63,64"
315096343,2978.01,PC,PC,11.6687,2459275.540633,4.3497551,3.704,1710,17,"8,9,35"
311252710,2979.01,PC,PC,13.5214,2459993.758177,5.49133136112302,5.37105832534986,34135.0717571916,53.88819,"9,62,63"
289931756,2980.01,PC,PC,13.4767,2459302.235646,3.5910692,2.891,29100,52,"9,36"
287145649,2981.01,PC,CP,12.7533,2459302.719029,3.6015056,3.024,13630,50,"9,36"
211446495,2982.01,PC,PC,13.4964,2459296.191341,4.8701613,2.623,12330,20,"9,36"
168449943,2983.01,PC,PC,13.5714,2458567.831511,3.4287311,2.3,34250,56,9
168405330,2984.01,PC,APC,11.9316,2459303.209992,9.162268,2.067,20340,65,"9,36"
168384845,2985.01,PC,PC,12.9575,2458563.068798,3.8996784,4.668,3420,12,9
148497855,2986.01,PC,PC,12.0682,2459301.580236,3.2783445,3.657,3140,21,"9,36"
141631253,2987.01,EB,FP,10.8521,2459963.201995,1.67090108438277,2.28203923303697,1210.55747454828,12.929584,"9,61,62"
105759569,2988.01,PC,PC,12.426,2459303.174166,1.8865581,1.699,3150,13,"9,36"
97825640,2989.01,PC,PC,12.7103,2459302.224996,3.1228396,2.18,28060,106,"9,36"
73433128,2990.01,PC,PC,12.023,2459298.339468,7.4659746,2.396,3570,14,"9,36"
49046332,2991.01,PC,PC,12.7171,2459304.800483,5.5809252,2.545,10780,31,"9,36"
49045066,2992.01,PC,PC,11.9728,2459305.044879,3.00782,3.503,6510,42,"9,36"
48768158,2993.01,PC,PC,13.5586,2458564.219716,2.3378096,2.307,6880,15,9
36718161,2994.01,PC,PC,12.148,2459303.302287,4.0257967,1.945,7390,31,"9,36"
36381058,2995.01,PC,PC,12.796,2460015.453891,1.6566182,2.847,12290,40,"9,36,62,63"
35855047,2996.01,PC,PC,11.6828,2459300.796358,2.3627442,3.095,1870,16,"9,36"
35652085,2997.01,PC,PC,12.3898,2459989.32359,2.20604414688435,4.13016082102589,7122.10322127317,27.726503,"9,36,62,63"
34737413,2998.01,PC,PC,12.5382,2459303.240519,1.5297119,2.297,2410,13,"9,36"
34505005,2999.01,PC,FP,12.9093,2459302.434183,5.1627718,3.139,19050,42,"9,36"
23435610,3000.01,PC,PC,12.7959,2459296.646475,5.20807,3.249,29630,88,"9,36"
468977648,3001.01,PC,FP,13.0698,2459302.296976,2.090218,3.329,8180,24,"9,10,35,36"
402053027,3002.01,PC,PC,13.2952,2459303.577592,7.7971071,1.873,23150,34,"8,9,35,36"
400762242,3003.01,PC,PC,11.9236,2460015.392125,1.6224281,2.013,1250,12,"8,9,35,36,62,63"
400395395,3004.01,PC,FP,12.4564,2459303.809966,3.2891219,2.948,8100,33,"8,9,35,36"
386297468,3005.01,PC,FP,12.3487,2459329.676949,2.0958074,2.992,2350,19,"9,10,35,36,37"
386161311,3006.01,PC,PC,11.9644,2459989.197536,8.61346,2.349,12840,42,"9,10,35,36,62"
384034837,3007.01,PC,PC,13.1623,2459331.090728,4.2768515,4.586,5000,18,"8,9,10,35,36,37"
383666033,3008.01,EB,FP,11.2123,2459328.097691,3.9678136,4.238,760,11,"8,9,10,35,36"
357634632,3009.01,PC,PC,12.9119,2459332.074941,3.365343,3.352,7700,31,"9,10,35,36,37"
357202877,3010.01,PC,PC,11.9656,2459318.200838,9.5537684,3.414,18260,106,"9,10,35,36,37"
356461227,3011.01,EB,FP,13.2464,2460747.587467,1.8418712,1.633,10500,45,"9,10,35,36,37,62,64,90"
437560683,3012.01,PC,PC,13.7563,2459991.459725,3.09202974890872,4.02676389479929,63491.9490892581,42.628235,"9,10,62,63"
383949205,3013.01,PC,PC,12.7007,2459322.275501,5.4722557,6.366,1800,12,"8,9,10,35,36,37"
383806208,3014.01,PC,PC,13.2576,2459330.933872,1.7946783,3.306,2860,14,"8,9,10,35,36,37"
357801293,3015.01,PC,PC,13.2438,2460015.034186,4.2745762,4.288,3620,13,"9,10,36,37,62,63"
356200601,3016.01,PC,PC,13.1847,2459325.929305,5.1139634,2.24,7090,25,"9,10,11,35,36,37"
122418622,3017.01,PC,PC,12.5422,2459300.699564,3.052529,3.333,14090,42,"8,10,35,36"
45684223,3018.01,EB,FP,12.7818,2459323.340464,6.5832019,3.135,5280,25,"8,9,10,35,36,37"
45296362,3019.01,PC,PC,13.4834,2459329.12965,5.9594909,2.201,15090,28,"8,9,10,35,36,37"
45191604,3020.01,PC,PC,13.4366,2459332.14556,3.0327366,2.548,12000,31,"8,10,35,36,37"
45054849,3021.01,PC,PC,13.5566,2459998.8981,11.2645152,5.778,10110,14,"8,9,10,62"
287721202,3022.01,PC,PC,11.7834,2459375.196367,8.990904,1.78,6500,56,"3,6,9,10,11,12,13,29,30,33,36,37,38"
454248975,3023.01,PC,CP,11.4848,2459359.902982,3.9014904,4.83,9050,137,"10,12,37,38"
452576848,3024.01,PC,PC,13.5618,2460042.964459,2.50717747951749,3.0618697843426,14812.1573415844,33.1452,"10,11,12,64,65,66"
452464529,3025.01,PC,PC,13.4826,2460044.692878,3.6794732,4.13,6360,27,"10,11,12,37,39,64,65,66"
449491381,3026.01,PC,PC,12.8527,2459323.785149,4.8206566,4.468,17740,62,"10,12,37"
282091492,3027.01,PC,PC,12.2231,2459384.399471,3.3794034,3.332,3610,30,"10,11,12,37,39"
467955232,3028.01,PC,PC,13.1106,2459359.563809,3.0525705,4.811,8760,26,"10,11,37,38"
465540915,3029.01,EB,PC,10.8257,2460014.567621,2.0252285147753972,5.209825607994952,2725.4212974819184,18.986448,"10,11,63,64"
465275307,3030.01,PC,PC,12.804,2459360.048392,2.1510781,2.355,16930,33,"10,11,37,38"
460686828,3031.01,PC,PC,12.4404,2459330.952451,3.9935853,2.846,19930,64,"10,11,36,37"
401283491,3032.01,PC,PC,13.2727,2458622.183163,3.4677103,2.234,10000,19,"10,11"
398725538,3033.01,PC,APC,13.5836,2458622.814434,3.9982381,2.867,53030,82,"10,11"
391645374,3034.01,PC,PC,13.2714,2459329.792314,1.4032876,2.534,12010,18,"10,11,37"
390444761,3035.01,PC,PC,13.156,2459353.344487,5.2803048,2.752,14540,28,"10,11,37,38"
390157607,3036.01,PC,FP,13.4748,2458623.662171,0.3859142,1.189,5590,16,"10,11"
376209245,3037.01,PC,PC,13.146,2459328.686851,2.1357662,3.272,13310,36,"10,11,37"
376036292,3038.01,PC,PC,13.5635,2460014.515582,2.96778510604723,3.53985496630041,18226.8366328643,22.203432,"10,11,63,64"
373033374,3039.01,PC,PC,12.4816,2459357.446143,3.412893,2.6,15960,91,"10,11,37,38"
372596795,3040.01,PC,PC,12.1787,2459359.718789,3.5366051,2.587,12660,93,"10,11,36,37,38"
371864043,3041.01,PC,PC,11.2553,2459359.135206,2.9599541,3.523,7190,140,"10,11,36,37,38"
361219651,3042.01,PC,PC,12.7296,2459356.477444,2.7559464,3.255,4130,26,"9,10,11,36,37,38"
360706000,3043.01,PC,PC,13.3257,2459357.129097,2.3725483,1.543,5010,18,"9,10,11,36,37,38"
357538688,3044.01,PC,FP,11.5088,2459315.913002,13.2681095,3.554,2140,22,"9,10,11,36,37"
344568128,3045.01,PC,PC,11.8172,2459356.117814,2.3304358,3.528,9320,55,"10,11,37,38"
323966987,3046.01,PC,PC,13.1849,2459357.033335,4.1343989,3.051,18320,25,"10,11,37,38"
316652224,3047.01,PC,PC,13.1043,2459355.467947,2.7020875,3.116,10040,19,"10,11,37,38"
304426002,3048.01,PC,PC,12.3662,2459358.750411,5.7672677,4.173,29540,91,"10,11,37,38"
303867090,3049.01,EB,FP,12.4092,2459359.446834,1.3168344,0.733,3640,27,"9,10,11,36,37"
302003748,3050.01,PC,PC,12.7985,2459991.651287,5.939725,1.481,6600,24,"5,9,10,11,36,37,38,62"
288224503,3051.01,PC,PC,12.077,2459327.160731,2.9489639,2.278,2730,1000,"10,11,37"
287584141,3052.01,PC,PC,12.5285,2459330.914728,2.3097953,3.185,4000,19,"10,11,37"
269859655,3053.01,PC,CP,12.4041,2459358.507515,2.9919962,2.614,17170,124,"9,10,11,36,37,38"
267712001,3054.01,PC,PC,12.8798,2459330.02963,2.8281656,3.15,22180,49,"10,11,37"
160522555,3055.01,PC,PC,12.3858,2458621.988687,1.3071566,1.108,3100,12,"10,11"
67798337,3056.01,PC,PC,13.2765,2459357.557317,1.8092906,1.983,15830,31,"10,11,37,38"
67622702,3057.01,PC,APC,13.4444,2459332.096631,0.58007,1.338,16320,31,"10,11,37"
464711858,3058.01,PC,PC,12.5068,2460042.04604,2.3483946,2.375,2930,12,"9,10,36,37,63,64"
464067218,3059.01,EB,FP,11.2012,2460015.013078,1.39345654949148,2.809,2530,28,"9,10,36,37,63,64"
463681005,3060.01,EB,FP,13.5552,2460014.80407,0.546539104815458,1.61149787160463,3122.15842925418,9.332116,"9,10,63,64"
463590116,3061.01,PC,PC,13.4909,2460015.416594,1.3185787,1.748,5930,18,"9,10,36,37,63,64"
463343283,3062.01,PC,PC,13.5173,2460015.137099,4.86592801463452,5.32353200395408,10758.3826821373,15.764722,"9,10,63,64"
463103749,3063.01,PC,PC,12.5954,2460014.401537,1.9512921,4.78885481642987,6702.52674427147,15.045247,"9,10,36,37,63,64"
463070290,3064.01,PC,PC,10.4321,2460067.257704,0.6771668,1.4,1095,28,"9,10,36,37,63,64"
462135459,3065.01,PC,PC,13.3906,2459330.553847,1.6995805,2.305,6740,19,"9,10,36,37"
461968320,3066.01,PC,PC,11.5622,2459310.392373,12.2027867,2.428,7070,31,"9,10,36,37"
459157691,3067.01,PC,APC,11.686,2459317.659383,7.4365725,2.774,5020,21,"10,36,37"
458995583,3068.01,PC,PC,12.7752,2459331.451714,1.5959199,1.539,20720,62,"10,36,37"
457268255,3069.01,PC,PC,11.4573,2459303.646732,3.8277062,0.899,3610,18,"9,10,36"
452049244,3070.01,PC,PC,13.3727,2459332.070023,0.6587178,1.576,7010,20,"10,37"
452006073,3071.01,PC,CP,11.8706,2459331.967282,1.2669382,1.93,2580,19,"10,37"
451084885,3072.01,PC,PC,13.2671,2459329.822031,2.9828061,4.28,7320,17,"10,37"
448744179,3073.01,PC,PC,13.0695,2459328.306157,3.1420872,1.884,13090,39,"10,37"
447976172,3074.01,PC,PC,13.325,2459327.920394,5.3583725,4.916,5000,12,"9,10,36,37"
447891218,3075.01,PC,PC,12.9687,2459331.553005,1.8030565,2.3,2620,13,"9,10,36,37"
447593267,3076.01,PC,PC,11.8468,2459331.762318,7.8595931,1.902,18530,27,"9,10,36,37"
443341002,3077.01,PC,PC,12.3984,2459325.080291,6.3599636,5.479,4400,11,"9,10,36,37"
443042089,3078.01,EB,FP,12.7683,2460014.890217,0.5496848,0.82,2860,15,"9,10,36,37,63,64"
441444262,3079.01,PC,PC,13.6374,2459989.066665,1.98924985940794,3.87856738338472,20634.2990943771,26.686579,"9,10,62,63"
439926641,3080.01,PC,PC,13.2159,2459331.47792,4.5744909,4.534,8890,23,"9,10,36,37"
432467894,3081.01,PC,PC,13.263,2459301.966886,3.4365075,3.353,4410,9,"9,10,36"
428699140,3082.01,PC,CP,11.7662,2459332.242276,1.9268037,1.4,2260,19,"10,37"
405620289,3083.01,PC,PC,13.0723,2459576.125706,2.1532179,2.072,6780,24,"10,37,46"
397423462,3084.01,PC,PC,13.2733,2459300.597866,5.1057571,2.616,10840,19,"10,36"
376740324,3085.01,EB,FP,12.1229,2459327.095663,4.5300175,5.331,35800,178,"10,36,37"
374158843,3086.01,PC,PC,11.4005,2459320.535229,10.9506335,2.635,1820,17,"9,10,36,37"
364427226,3087.01,PC,PC,12.3411,2459327.06657,4.1414861,2.573,7770,20,"9,10,36,37"
362607799,3088.01,PC,PC,12.928,2459990.863723,2.6337971,2.591,4790,15,"9,10,36,62"
347715478,3089.01,PC,PC,12.4641,2459564.484168,9.3096136,2.171,11570,25,"10,36,46"
309913305,3090.01,PC,PC,13.0037,2459331.296092,6.3272169,3.667,8060,16,"9,10,36,37"
306255021,3091.01,PC,PC,11.9519,2459331.050205,2.7499877,3.84,15480,100,"10,37"
274911536,3092.01,PC,PC,12.8017,2459331.270289,4.4163989,1.81,7110,15,"9,10,36,37"
272885406,3093.01,PC,PC,12.9661,2459325.460586,4.3653308,3.456,8090,22,"9,10,36,37"
272645619,3094.01,PC,PC,12.5612,2459327.804479,2.8396238,2.391,10100,36,"10,36,37"
270075071,3095.01,PC,PC,13.0517,2459326.634102,4.2839945,3.08,9440,16,"9,10,36,37"
229465678,3096.01,PC,PC,13.151,2459325.615815,4.4282303,2.577,17180,37,"10,37"
163262555,3097.01,PC,PC,12.99,2460041.53506,1.3683875,1.357,8410,31,"10,37,63,64"
163260812,3098.01,PC,PC,11.315,2460015.103725,4.73234332946576,4.10380249326358,15681.8233730315,87.591324,"10,63,64"
163030461,3099.01,PC,PC,12.5869,2459330.064618,2.5543095,2.239,18680,94,"10,36,37"
162620529,3100.01,PC,PC,13.1472,2459330.083468,3.2907468,2.309,15760,48,"10,36,37"
157213708,3101.01,PC,PC,13.2285,2459301.392172,4.0467915,3.979,5180,15,"10,36"
147092818,3102.01,PC,PC,12.7544,2459329.105771,3.8769776,4.526,2760,17,"9,10,36,37"
133129971,3103.01,PC,PC,12.842,2459303.206061,4.3437796,2.774,7750,15,"9,10,36"
132963419,3104.01,PC,PC,12.6304,2458588.299206,10.3069451,2.599,6340,12,"9,10"
124454726,3105.01,PC,PC,11.6814,2459329.829974,5.3332571,3.102,2020,12,"10,37"
124453339,3106.01,PC,PC,11.8817,2459331.915405,1.485163,1.789,4490,22,"10,37"
124174267,3107.01,PC,PC,12.477,2459330.174264,4.7343852,4.468,12440,35,"10,37"
124146529,3108.01,PC,PC,13.1948,2459331.223545,6.900352,2.452,10420,19,"10,37"
120723776,3109.01,EB,FP,12.483,2460749.273502,2.8831285,3.53,26290,170,"10,36,37"
104022675,3110.01,EB,FP,13.0326,2461100.741706,0.7428708,1.538432492095416,5167.076142107674,18.815752,"10,37,101,102"
103832313,3111.01,PC,PC,14.6574,2458591.97575,4.640636,2.984,15710,25,10
98662211,3112.01,PC,PC,12.5042,2459576.21659,4.2842284,1.497,11830,41,"10,36,46"
94346376,3113.01,PC,PC,13.2725,2458591.779066,3.1339232,4.029,6230,10,10
94011343,3114.01,PC,PC,11.6001,2459331.60796,4.407111,2.134,9140,61,"10,37"
93093765,3115.01,PC,PC,12.5831,2459327.015901,2.7961137,1.604,5500,15,"10,37"
80778619,3116.01,PC,PC,12.4173,2460014.721588,1.64849412535488,2.08208572576916,3523.46738191111,21.337263,"10,36,63,64"
73082014,3117.01,PC,PC,13.4259,2459332.173033,3.2689953,2.931,15890,33,"10,37"
58461209,3118.01,PC,PC,11.4553,2458594.480161,3.8098324,3.881,3250,17,10
57793060,3119.01,PC,PC,13.0462,2459289.297783,8.907516,3.522,8610,20,"10,36"
22384839,3120.01,PC,PC,13.0772,2458588.106211,7.0235956,4.739,5630,11,10
14715294,3121.01,PC,PC,13.1194,2459304.265389,5.5167527,4.288,13410,38,"10,36"
61117473,3122.01,EB,FP,12.123,2460073.821503,6.183621108141788,2.5436374125035703,10508.130708332332,40.530556,"11,38,65,91"
60768923,3123.01,PC,APC,11.099,2459359.165583,1.8703411,2.134,9570,50,"11,38"
454918388,3124.01,PC,PC,12.6177,2459388.230262,2.2545904,0.977,5980,25,"11,12,39"
160023,3125.01,PC,PC,12.8296,2459358.443291,6.7565519,3.442,5200,16,"11,38"
454876465,3126.01,PC,PC,13.2585,2459386.793853,1.8246123,1.835,16080,59,"11,12,39"
17361,3127.01,PC,APC,11.342,2459357.945764,3.606557,1.878,9930,66,"11,38"
453677947,3128.01,PC,PC,11.9346,2459386.588498,2.3155132,0.649,1520,12,"10,11,12,37,39"
4711,3129.01,PC,PC,10.9198,2459358.079233,2.3348152,1.861,5310,24,"11,38"
453396346,3130.01,PC,PC,13.5606,2460041.173091,0.441517358407632,1.72249794370653,3910.45235415506,12.90503,"10,11,12,64,65"
2876,3131.01,PC,PC,13.1643,2459357.047021,2.6274574,2.31,21660,31,"11,38"
448923766,3132.01,PC,PC,13.1311,2459385.110624,2.2664085,2.63,10240,32,"11,12,38,39"
448775221,3133.01,PC,PC,11.938,2459388.723127,4.0902788,3.584,5060,22,"11,12,38,39"
448688668,3134.01,PC,PC,13.3397,2458649.589138,2.2308431,2.969,10950,13,"11,12"
448098793,3135.01,PC,PC,11.0994,2459357.945093,3.7065603,1.98,15010,44,"11,12,38"
418471796,3136.01,PC,PC,12.7666,2459388.272114,2.6841894,2.836,29670,171,"11,12,39"
395514100,3137.01,EB,FP,11.528,2460069.638625,1.8823821,3.14787261322515,21038.61199722956,65.393036,"11,12,39,65,66"
270347814,3138.01,PC,PC,13.5117,2458623.063561,2.8740048,1.592,25890,24,11
48661942,3139.01,PC,PC,11.9118,2459354.840766,3.9628496,2.844,4480,27,"11,38"
394900138,3140.01,PC,PC,13.0885,2459386.579249,3.0932735,2.937,10900,33,"11,12,39"
394443982,3141.01,PC,PC,12.4712,2459382.058438,4.4338805,3.93,9180,45,"11,12,39"
387791274,3142.01,PC,PC,13.229,2459360.085141,1.1536561,2.51,40190,15,"11,12,38"
384244834,3143.01,PC,PC,12.048,2459354.834136,2.9902369,3.042,6460,17,"11,12,38"
361176558,3144.01,PC,PC,13.1885,2459383.264338,3.7724947,2.199,9180,27,"11,12,39"
360816296,3145.01,PC,PC,12.1258,2459382.328839,3.5505931,2.713,15700,127,"11,12,39"
360816293,3146.01,PC,FP,12.2077,2458650.905593,3.5506084,2.706,16040,94,"11,12"
359572563,3147.01,PC,PC,13.0237,2459386.392509,1.5256634,1.925,16180,77,"11,12,39"
323980895,3148.01,PC,PC,11.681,2459387.985248,4.2814436,0.868,4910,21,"11,12,37,39"
296670796,3149.01,PC,PC,13.4841,2459359.710881,1.1542402,3.377,15460,17,"11,12,38"
195256633,3150.01,PC,PC,12.0697,2459357.83131,5.3430663,5.101,7220,30,"11,12,38"
36607746,3151.01,PC,PC,12.6499,2459358.412233,1.7257597,1.375,13880,36,"11,12,38"
467484304,3152.01,PC,PC,13.3551,2459359.018335,0.7815064,1.353,8410,18,"10,11,37,38"
466318137,3153.01,PC,FP,11.2789,2460014.80544,1.121602114636,1.64348892125475,3599.10662918903,15.500046,"10,11,63,64"
465176038,3154.01,PC,PC,12.802,2460014.877238,4.03338184971603,4.41459500487298,13745.2980793697,16.60064,"10,11,63,64"
457272901,3155.01,PC,APC,11.6104,2459355.282092,4.6492201,1.143,7880,30,"11,38"
457110913,3156.01,PC,APC,13.2294,2459359.101067,0.7463239,1.49,24240,60,"11,38"
456962262,3157.01,PC,PC,13.6244,2460043.13808,2.88231825433013,3.66269838638673,66566.1005930581,27.036203,"11,64,65"
451254008,3158.01,PC,PC,12.534,2459329.466826,6.8561604,4.32,5540,14,"10,11,37"
449549170,3159.01,EB,FP,11.2925,2460068.914155,1.4753526,3.29,870,12,"11,38,64,65"
440872576,3160.01,PC,PC,11.9333,2459355.823345,3.9712794,2.606,8670,56,"11,38"
438777551,3161.01,PC,PC,12.9306,2460041.774002,1.4010338,2.22,13310,43,"11,38,64,65"
433546897,3162.01,PC,PC,11.6387,2460041.729716,1.57552516066926,3.58747138347672,3712.60091772508,18.055182,"11,38,64,65"
425316308,3163.01,PC,PC,11.8232,2459357.894877,3.0749168,2.67,8540,77,"11,37,38"
419946164,3164.01,PC,FP,12.5348,2458623.343394,1.7765395,1.258,14020,35,11
419858461,3165.01,EB,FP,13.6313,2460041.975735,2.54337072704149,3.221411205402986,55256.733366082786,35.88698,"11,64,65"
412371819,3166.01,PC,PC,12.9852,2459358.687433,1.87502,2.664,21260,42,"11,37,38"
411796826,3167.01,PC,PC,12.5526,2459355.198773,3.0959309,2.545,14080,24,"11,38"
410554986,3168.01,PC,PC,11.7627,2459354.56787,5.1745185,2.441,10490,44,"11,38"
403911354,3169.01,PC,PC,12.6738,2459325.552168,4.4814049,1.689,10170,18,"10,11,37"
400712525,3170.01,PC,PC,12.4163,2459356.723854,1.8923031,1.956,4800,32,"11,37,38"
399058051,3171.01,PC,PC,13.5735,2460041.247652,1.57067041468532,3.37509122634962,16439.1877397701,26.45184,"11,64,65"
398502253,3172.01,PC,PC,13.5411,2460043.480963,3.00310576703537,3.4866135778796,6677.78621613764,14.760804,"10,11,64,65"
398466662,3173.01,PC,PC,11.569,2459347.157497,8.7719993,4.92,5010,28,"10,11,37,38"
392112968,3174.01,PC,FP,13.2785,2460041.592817,1.1960086,2.35,11770,18,"10,11,37,38,64,65"
391510223,3175.01,PC,PC,13.6512,2460014.685722,1.65462686813683,3.32112848563612,24077.1521821089,20.832067,"10,11,63,64"
389999924,3176.01,EB,FP,12.6453,2460015.719284,4.760620669947277,5.942044263679005,7813.831385305276,17.790466,"10,11,63,64"
383410746,3177.01,PC,PC,12.6967,2459359.633994,2.114655,1.945,24130,42,"11,12,37,38"
381996371,3178.01,PC,PC,12.0729,2459359.115509,2.9331094,3.911,14410,26,"11,38"
378227267,3179.01,PC,PC,12.0974,2459327.565755,4.7076648,1.834,16490,46,"10,11,36,37"
372960748,3180.01,PC,PC,12.7602,2459359.742247,2.0963263,1.217,7200,33,"10,11,37,38"
372596796,3181.01,PC,FP,12.298,2458617.031866,3.5366743,2.697,13180,62,"10,11"
372448111,3182.01,PC,PC,12.9615,2459357.042103,5.0700956,2.763,3570,11,"10,11,36,37,38"
370385007,3183.01,PC,PC,12.7414,2459360.251174,4.2174286,4.045,7050,20,"11,38"
366248595,3184.01,PC,PC,12.2859,2459358.969705,3.6071588,3.947,4270,23,"11,38"
363661031,3185.01,PC,PC,11.162,2459355.303805,3.5601365,2.824,4630,71,"11,37,38"
363632843,3186.01,PC,PC,13.3586,2460014.449976,3.61308567135909,1.71491914291384,12550.1377026509,15.091235,"10,11,63,64"
245027119,3187.01,PC,PC,11.1799,2459359.079526,2.0084283,2.6,1310,26,"11,37,38"
363202582,3188.01,PC,PC,13.4016,2459359.2727,1.5659063,1.169,6810,20,"9,10,11,36,37,38"
361998994,3189.01,PC,FP,13.6447,2458622.189194,1.84996,2.954,9350,14,"10,11"
344745774,3190.01,PC,PC,13.3066,2460070.208572,2.669856,3.559,6480,19,"10,11,37,64,65"
342375120,3191.01,PC,PC,12.1441,2459355.803726,4.4367891,2.042,4940,11,"11,38"
336613507,3192.01,PC,PC,12.882,2459356.6909,2.2350331,3.102,20880,33,"11,38"
334757798,3193.01,PC,PC,13.6132,2458623.315569,2.3019268,2.527,12000,10,11
333511802,3194.01,PC,PC,13.3682,2459353.903239,3.6179419,4.394,14890,21,"11,38"
332880327,3195.01,PC,PC,12.594,2459360.096224,0.6676722,1.117,3440,19,"11,38"
331297805,3196.01,PC,PC,12.4383,2459351.787159,4.9816829,2.587,11450,22,"11,38"
331160996,3197.01,PC,PC,13.5902,2458623.463783,2.1972485,2.348,30680,20,11
121625070,3198.01,PC,PC,12.6029,2459359.016777,2.1271199,2.386,14960,53,"11,38"
330885564,3199.01,PC,PC,13.0904,2459359.835275,0.6756067,1.028,3480,9,"11,38"
330014070,3200.01,PC,PC,11.8912,2459356.723741,6.3087809,1.535,7450,25,"11,38"
329921262,3201.01,PC,PC,11.9963,2460042.549876,2.36318978039675,2.83756983758311,5219.18093157321,20.780231,"11,64,65"
329691586,3202.01,PC,PC,12.3574,2459358.004096,1.5169786,1.241,2720,10,"11,38"
329609449,3203.01,PC,PC,12.5757,2459358.542026,4.2442882,4.273,7530,18,"11,38"
326662822,3204.01,PC,PC,13.31,2459353.157913,4.0446543,4.735,11170,22,"11,38"
322862882,3205.01,PC,FP,13.364,2459359.464532,1.2361087,1.139,19760,51,"11,38"
321802774,3206.01,PC,PC,12.6265,2459357.915255,1.9405161,3.344,5930,17,"11,38"
320994166,3207.01,PC,PC,13.3096,2460070.130593,4.0996864,4.806,20570,45,"10,11,37,38,64,65"
319949055,3208.01,PC,PC,13.3011,2459356.016126,2.3577049,3.357,7210,16,"10,11,37,38"
319806044,3209.01,PC,PC,13.0789,2459358.066273,1.3509356,2.636,6060,16,"10,11,37,38"
318668441,3210.01,PC,PC,12.7521,2459359.908764,2.2364485,2.49,17380,48,"10,11,37,38"
323002911,3211.01,PC,PC,12.4531,2459384.246737,3.5949457,2.153,5810,38,"11,12,13,39"
316236118,3212.01,PC,PC,13.3216,2459353.453378,4.1943867,2.977,27860,48,"10,11,37,38"
314013231,3213.01,PC,APC,13.0427,2459357.529536,2.5395579,3.082,24200,44,"11,37,38"
312508092,3214.01,PC,PC,11.7696,2459355.374217,5.7759952,3.594,9030,24,"11,38"
307888842,3215.01,PC,PC,12.9273,2459359.494759,1.2008331,1.584,5800,15,"10,11,37,38"
306547699,3216.01,PC,FP,13.1235,2459356.241304,2.6985136,4.856,13510,24,"10,11,37,38"
309436531,3217.01,EB,FP,12.3297,2459383.966929,3.2136333,1.875,7810,65,"11,12,13,37"
305739565,3218.01,PC,CP,12.885,2459329.334304,3.3704313,4.608,5610,21,"11,37"
305492348,3219.01,PC,PC,12.8427,2459358.273636,3.2969977,3.856,8860,24,"10,11,37,38"
304950588,3220.01,PC,FP,13.2566,2459350.857352,7.4316274,3.868,13740,14,"10,11,37,38"
303883880,3221.01,EB,FP,13.3733,2459359.59881,0.8970184,2.434,12070,31,"10,11,37,38"
303686889,3222.01,PC,PC,12.8239,2459359.939605,5.6320791,4.728,3600,25,"9,10,11,36,37,38"
297668572,3223.01,PC,PC,13.2272,2459358.775725,4.633735,5.755,48110,77,"11,37,38"
297457992,3224.01,PC,PC,13.0791,2459358.053478,2.8317721,2.607,12860,36,"11,37,38"
401952328,3225.01,PC,PC,10.7188,2459357.363999,9.1509453,3.522,3110,12,"11,12,38"
295233473,3226.01,PC,PC,13.4461,2460069.345358,2.3720554,3.366,4350,14,"10,11,37,38,64,65"
294385899,3227.01,PC,PC,12.6795,2459342.94518,8.9522767,4.508,6280,17,"10,11,37,38"
294365631,3228.01,PC,PC,12.0317,2459358.150133,1.8118703,1.368,5510,29,"10,11,37,38"
290263093,3229.01,PC,PC,13.0502,2459355.167116,5.21228,3.863,8950,18,"10,11,37,38"
289445553,3230.01,PC,PC,12.1896,2459357.488406,1.8200065,2.059,15750,83,"11,38"
280857321,3231.01,PC,PC,11.627,2460042.803664,2.1738256,2.081,2730,20,"10,11,37,38,64,65"
269439355,3232.01,PC,PC,11.3983,2458621.03022,3.3898234,1.587,1840,12,"9,11"
265633507,3233.01,PC,APC,12.8299,2459331.769405,0.9787891,1.754,6770,13,"10,11,37"
260776145,3234.01,PC,PC,12.5913,2459321.376877,10.7012764,4.428,25250,79,"10,11,37"
243641947,3235.01,PC,CP,13.2486,2459355.554021,2.5926199,1.269,78210,143,"11,38"
242460075,3236.01,EB,FP,12.9841,2459356.489051,2.9098435,1.928,9480,20,11
242389810,3237.01,PC,PC,13.086,2459357.130531,3.0271374,3.7,22110,52,"11,38"
241752370,3238.01,PC,PC,13.534,2458619.089332,3.224746,3.621,11350,24,11
241569046,3239.01,PC,PC,13.5286,2460043.084473,2.23108025402758,3.31934273624801,12565.1881618057,22.988848,"11,64,65"
241514551,3240.01,PC,PC,12.8713,2459357.914411,3.8600722,1.93,16960,38,"11,38"
241326434,3241.01,PC,PC,11.7754,2459351.726265,6.8380862,2.445,34050,151,"11,38"
209923610,3242.01,PC,PC,12.3666,2459356.230477,3.0001627,2.892,10600,24,"11,38"
209707800,3243.01,PC,PC,11.7219,2459359.347516,2.0519085,1.778,10320,34,"11,38"
208091447,3244.01,PC,PC,12.3921,2458620.951574,4.6606892,2.863,6370,10,11
203476998,3245.01,PC,PC,12.6561,2459354.766143,2.8977031,4.148,10130,31,"11,38"
179715231,3246.01,PC,PC,12.2936,2459351.899577,4.319754,2.78,10910,48,"11,38"
167597352,3247.01,PC,PC,12.8813,2459350.579902,5.3305676,2.887,5820,13,"11,38"
165667705,3248.01,PC,PC,12.6831,2459329.066407,3.2782956,3.38,8280,36,"11,37"
159262969,3249.01,PC,PC,13.3359,2459360.094698,3.2420704,2.535,10600,19,"11,38"
125424836,3250.01,PC,PC,12.0858,2459330.610153,3.2806578,2.93,9820,67,"11,37"
121194926,3251.01,PC,PC,12.27,2459357.470311,2.0694143,1.768,2900,15,"11,38"
112037211,3252.01,PC,PC,12.4299,2459352.703569,4.3636327,2.407,10410,35,"11,38"
112037203,3253.01,PC,FP,13.2041,2458619.606193,4.3622356,2.645,18670,20,11
107506563,3254.01,PC,PC,13.201,2459357.815759,1.6832809,2.356,12430,39,"11,38"
83395136,3255.01,PC,PC,13.2494,2459359.36326,2.2458338,1.462,10280,24,"11,38"
322901324,3256.01,PC,PC,12.5755,2459379.229157,6.3096313,2.761,4370,27,"10,11,12,30,39"
76505260,3257.01,EB,FP,13.2608,2459356.441741,2.5336422,2.865,13290,27,"11,38"
369789627,3258.01,PC,PC,12.6593,2459360.104827,1.227961,1.69,2260,18,"11,12,13,38"
68523365,3259.01,PC,PC,12.9104,2459359.440143,3.4470312,2.677,15240,32,"11,38"
370138999,3260.01,PC,PC,12.1225,2459365.448337,11.4520097,3.017,1500,13,"1,2,9,13,27,28,29"
358070912,3261.01,PC,CP,12.4923,2460014.96281,0.8831279,1.65168601229022,2068.06748773978,23.442032,"2,6,13,27,28,29,63,66,67,68,69"
280096473,3262.01,PC,PC,12.0461,2460018.710113,12.8770844900203,1.94194841293422,7385.12086464577,31.251183,"1,2,13,27,28,63,66,67,68,69"
469821652,3263.01,PC,PC,11.7593,2460101.903547,5.6155837,4.495,2690,19,"13,27,66,67"
468055102,3264.01,PC,PC,12.6347,2459057.259668,3.3133491,3.881,8900,30,"13,27"
466167563,3265.01,PC,PC,12.599,2459060.244413,3.3792968,1.196,6680,15,"13,27"
451566438,3266.01,PC,PC,12.2613,2459383.430313,3.7462806,2.078,6670,43,"12,13,27,39"
410372968,3267.01,PC,PC,12.8058,2460098.317233,2.7674682,2.997,5740,23,"13,27,66,67"
410358456,3268.01,PC,PC,11.9039,2459387.334771,1.8641295,1.42,4130,41,"12,13,27,39"
410314178,3269.01,PC,PC,12.839,2459385.660727,4.132031,1.354,4220,18,"1,12,13,27,39"
407922734,3270.01,PC,PC,12.2017,2459384.723497,6.4751256,2.217,23500,18,"13,27,39"
406236094,3271.01,PC,PC,11.059,2459052.565337,4.1394473,2.94,4070,42,"13,27"
388280249,3272.01,PC,PC,13.2598,2459387.057454,3.146714,2.106,7360,28,"11,12,13,27,39"
372443687,3273.01,PC,PC,12.3525,2459052.958371,4.2955192,2.874,20630,21,"13,27"
360822008,3274.01,PC,PC,12.9127,2459056.460855,2.9075077,2.92,10020,15,"13,27"
325275736,3275.01,PC,PC,13.445,2459027.740647,20.5020769,7.382,17680,14,"13,27"
320327056,3276.01,PC,PC,12.6919,2459048.053516,7.0327412,3.044,17290,41,"13,27"
319568619,3277.01,PC,PC,12.7572,2459058.439281,1.5265889,1.688,23630,94,"13,27"
304130406,3278.01,PC,CP,13.5215,2458680.814641,3.2464257,2.082,8430,12,13
179987678,3279.01,PC,PC,12.6889,2460126.929466,0.419145097116827,0.976742189844844,1898.26086470153,14.6671295,"1,13,27,67,68"
290302491,3280.01,PC,PC,13.0099,2459054.049655,3.8348994,3.138,4600,15,"13,27"
254142310,3281.01,PC,PC,11.1165,2459052.424376,9.3108074,5.27,2860,15,"13,27"
219924802,3282.01,PC,APC,11.7212,2459056.306599,2.9478339,2.205,5030,34,"13,27"
201660996,3283.01,PC,PC,12.4005,2459055.629482,3.502221,2.911,13290,54,"13,27"
166220082,3284.01,PC,PC,11.0125,2459059.423389,0.8102219,0.737,820,10,"13,27"
114181798,3285.01,PC,PC,12.6771,2459058.994886,2.7022764,2.856,11200,45,"13,27"
113648563,3286.01,PC,PC,12.926,2459060.316071,2.0325685,1.312,18260,19,"13,27"
113117112,3287.01,PC,PC,13.0201,2459055.33599,2.7176413,3.285,12100,27,"13,27"
79920467,3288.01,PC,PC,13.2956,2459057.730758,1.4338615,1.61,31360,60,"13,27"
31786438,3289.01,PC,PC,12.8999,2459059.527698,1.4259934,1.434,4670,16,"13,27"
31697707,3290.01,PC,FP,11.3612,2459059.767349,3.910946,3.28,5210,28,"13,27"
464593883,3291.01,PC,PC,12.7602,2458672.602312,9.0653768,2.062,8550,16,13
464481762,3292.01,PC,PC,13.3827,2460099.805391,4.25452081394802,4.37648886805736,9168.77916739894,16.744118,"13,66,67"
464445045,3293.01,PC,PC,13.1675,2458679.954272,2.589659,3.385,7430,19,13
464280516,3294.01,PC,PC,11.481,2458680.360821,2.5658729,2.425,10050,34,13
456574511,3295.01,PC,PC,13.2972,2458676.059685,3.4379994,3.855,8370,15,13
456560485,3296.01,PC,PC,12.3726,2458678.204613,5.9493696,3.678,10370,23,13
451538240,3297.01,PC,PC,13.0197,2459382.02803,3.9349141,4.189,7660,34,"12,13,39"
407772585,3298.01,PC,PC,12.2415,2459388.724951,3.0537856,1.731,12440,51,"13,39"
390723664,3299.01,PC,PC,13.3888,2458676.816169,2.9264345,3.182,7890,11,13
384299730,3300.01,PC,PC,12.6579,2459381.701217,6.6926834,5.96,3180,14,"12,13,39"
384016413,3301.01,PC,PC,12.5815,2459380.942313,5.451593,3.628,3490,14,"12,13,39"
383299778,3302.01,PC,APC,12.909,2460069.672142,1.5570251,1.431,4220,23,"12,13,39,65,66"
381982417,3303.01,PC,PC,10.5695,2459384.919206,8.6187455,1.692,3430,27,"13,39"
381789320,3304.01,PC,PC,12.0148,2459384.958497,3.4930546,2.985,7980,25,"13,39"
380775661,3305.01,PC,PC,12.9876,2459388.22904,2.025289,2.257,18480,62,"13,39"
369861731,3306.01,EB,FP,12.3483,2459387.095741,3.8780401,2.757,5030,38,"12,13,39"
369861728,3307.01,PC,PC,13.1045,2458681.293828,3.8784358,2.677,9620,28,"12,13"
365554300,3308.01,PC,APC,13.3095,2459388.727307,0.7614693,1.059,5980,21,"13,39"
365021641,3309.01,PC,PC,11.8633,2459382.076495,7.4832824,3.802,12910,47,"13,39"
364072092,3310.01,PC,PC,13.0374,2459387.229823,1.3828196,1.336,10030,24,"13,39"
337274055,3311.01,PC,FP,13.1052,2459383.590441,4.8435717,2.561,6120,14,"13,39"
332314607,3312.01,PC,PC,12.5578,2458672.498932,5.3890264,3.794,29490,34,13
327210623,3313.01,PC,FP,12.6827,2459384.957213,2.128423,2.872,11080,12,13
315398848,3314.01,PC,PC,12.4749,2458679.63516,1.3677581,1.363,5840,16,13
312030014,3315.01,PC,PC,11.8748,2459386.216984,5.2330803,4.617,6900,49,"12,13,39"
311565540,3316.01,PC,PC,13.4449,2459385.08853,4.0668012,2.373,10210,17,"12,13,39"
311292015,3317.01,PC,PC,12.8739,2459385.043204,2.9519989,3.518,8270,28,"12,13,39"
310854881,3318.01,PC,PC,13.3675,2459374.800402,12.8777188,4.209,21210,21,"12,13,39"
310267134,3319.01,PC,FP,13.5252,2458681.71335,0.5438807,0.78,3390,13,"12,13"
307320565,3320.01,PC,PC,12.4472,2459387.964411,2.625748,3.529,4650,15,"12,13,39"
306648160,3321.01,PC,CP,10.6651,2458681.48892,3.6525305,4.153,9770,139,"12,13"
306357884,3322.01,PC,APC,11.5624,2459387.911246,1.0571733,1.235,2140,37,"12,13,39"
305512837,3323.01,EB,FP,12.7316,2459386.357734,3.0223957,3.272,14800,57,"13,39"
304695574,3324.01,PC,PC,12.9566,2459386.640201,2.8090597,3.24,6430,26,"13,39"
303617735,3325.01,PC,PC,12.8376,2459382.585819,4.2732096,3.047,5870,17,"13,39"
301455423,3326.01,PC,PC,13.1482,2459387.102253,1.0664194,2.106,14350,55,"12,13,39"
292477426,3327.01,PC,PC,12.4256,2459382.156519,4.1794516,3.921,4480,26,"13,39"
276647494,3328.01,PC,PC,12.1098,2459369.72302,10.1923252,6.168,1730,14,"12,13,39"
256158543,3329.01,PC,PC,11.6723,2459386.788351,5.0648278,4.321,9920,123,"12,13,39"
255768108,3330.01,PC,PC,12.4794,2459387.736148,1.0815202,1.317,9050,39,"13,39"
194795551,3331.01,PC,CP,11.3208,2459383.760485,2.0180196,1.967,15190,40,"13,39"
194179013,3332.01,EB,FP,12.7825,2459384.151235,3.1785277,5.974,20330,14,13
193782529,3333.01,PC,PC,13.334,2458674.781485,3.9823479,4.463,32030,11,13
160930264,3334.01,PC,PC,12.8757,2458680.862806,1.9242952,3.075,12690,39,13
120033290,3335.01,PC,PC,12.5521,2458682.073691,2.265394,3.478,4540,21,13
119950057,3336.01,PC,PC,12.388,2458681.503016,10.1822686,2.424,12570,21,13
119089245,3337.01,PC,PC,13.3234,2459388.953701,1.2436504,1.215,7630,19,"13,39"
86419190,3338.01,PC,PC,12.5052,2459385.193619,1.4893582,1.286,8600,20,"13,39"
86021841,3339.01,PC,PC,12.2962,2459386.458653,3.7465541,2.623,12890,43,"13,39"
76761591,3340.01,PC,APC,10.9207,2459376.818774,11.968028,3.925,9480,93,"13,39"
75919790,3341.01,PC,PC,12.7691,2459386.224917,8.6369598,4.91,13620,53,"13,39"
75076261,3342.01,PC,PC,11.8482,2459383.417373,5.9709305,3.145,11800,43,"12,13,39"
58046864,3343.01,PC,FP,13.4411,2458680.4761,2.3651663,2.462,15360,11,13
57093805,3344.01,PC,PC,10.9308,2458678.653544,3.2229781,3.793,9310,19,13
21997420,3345.01,PC,PC,13.207,2459386.770681,2.1917701,3.145,11650,22,"13,39"
6404965,3346.01,PC,PC,11.9812,2458681.381272,4.8692603,2.538,5510,19,13
131581531,3347.01,PC,FP,12.0536,2459251.478562,3.0591641,4.25,2110,16,"7,8,34"
131347421,3348.01,PC,PC,11.4872,2459250.961281,2.6156239,2.101,2340,11,"7,8,34"
50909831,3349.01,PC,APC,11.3546,2459225.652172,2.0272642,0.977,4320,14,"7,33"
4959676,3350.01,PC,PC,10.6418,2459988.846054,2.2358979,1.588,610,10,"8,9,35,36,62"
941340744,3351.01,PC,PC,10.9932,2459327.23565,4.311529,2.699,9820,90,"36,37"
33840683,3352.01,PC,PC,10.2756,2460952.992272,13.819896605514087,5.229082357465428,288.29877823572025,56.8771777532984,"1,2,3,4,5,6,7,8,9,10,11,12,13,27,28,29,30,31,32,33,34,35,36,37,38,39,61,62,63,64,65,66,67,68,69,87,89,90,93,94,13369,57,97"
391903064,3353.01,CP,CP,8.7843,2460846.026602,4.66580218707458,2.9225199512166746,513.7476342516322,122.8824252118706,"1,2,3,4,5,6,7,8,9,10,11,12,13,27,28,29,30,31,32,33,34,35,36,37,38,39,61,62,63,64,65,66,67,68,87,88,89,90,93"
391903064,3353.02,PC,PC,8.7843,2460837.930259,8.817642632400565,3.5001902459693746,742.7970849962798,95.7587244339816,"1,2,3,4,5,6,7,8,9,10,11,12,13,27,28,29,30,31,32,33,34,35,36,37,38,39,61,62,63,64,65,66,67,68,87,88,89,90,93"
260367888,3354.01,PC,PC,10.9567,2459983.752735,46.3810093,6.13501907976431,1108.3541952311,13.279991,"1,2,3,4,5,6,7,8,9,10,11,12,13,27,28,29,30,31,32,33,34,35,36,61,62,63,64,65,66,67,68,69"
382045742,3355.01,PC,PC,10.8204,2459362.14905,15.6600896,4.785,400,14,"1,2,3,4,5,6,7,8,9,10,11,12,13,27,29,30,31,32,33,34,35,36,37"
229138584,3356.01,PC,PC,12.1289,2459136.464144,2.9122454,3.269,1210,15,"2,3,29,30"
412259468,3357.01,PC,FP,11.0285,2459229.684104,2.65357769264775,2.10149144313991,1446.27536007697,11.642596,34
146244533,3358.01,PC,FP,10.5387,2459296.556389,8.8088443,4.411,3550,32,"8,9,35,36"
360714300,3359.01,PC,PC,9.6216,2460013.996804,15.8118347,4.449,601,13,"9,10,11,36,37,63"
342343963,3360.01,PC,APC,10.6857,2459296.79959,16.7375044,1.319,2570,15,"8,9,10,34,35,36"
440324561,3361.01,PC,APC,10.956,2459293.124687,10.5634342,1.011,11150,43,"10,36"
464300749,3362.01,CP,CP,10.3823,2460031.240934,18.0953159,2.627,3176,15,"9,10,36,37,63"
385858569,3363.01,PC,PC,10.2509,2460007.793273,9.7433732,3.747,1566,16,"9,10,35,36,62"
280655495,3364.01,CP,CP,10.8137,2459990.15956,5.87694378398573,4.59338027539267,7168.78492555879,59.47619,"9,35,36,62,63"
34297761,3365.01,PC,PC,10.8467,2459992.694528,5.3928876,3.84639628655339,7447.11379232905,81.76431,"9,35,36,62,63"
220547837,3366.01,PC,PC,10.7038,2459328.32233,8.4562659,4.338,8430,110,"9,10,36,37"
131730580,3367.01,PC,PC,10.6973,2459991.794306,3.7493233,2.274,1170,13,"9,10,36,62,63"
131419624,3368.01,PC,PC,12.8281,2459276.067282,7.2611991,3.389,3980,11,"7,8,34,35"
190981760,3369.01,PC,FP,12.7345,2459278.824926,3.5463582,4.168,6020,19,"8,35"
131250246,3370.01,PC,PC,12.0148,2459990.539613,2.3506831,2.743,1940,19,"7,8,34,35,61,62"
186470510,3371.01,PC,PC,11.5432,2459963.843356,3.50718421155907,3.38330030782879,3155.92230232098,22.391657,"8,35,61,62"
131036011,3372.01,PC,FP,13.1038,2459273.404704,11.0701242,4.097,11750,20,"7,8,34,35"
186459119,3373.01,PC,PC,12.889,2459968.501117,6.534605,2.957,6530,8,"8,35,61"
131025778,3374.01,PC,PC,13.0959,2459251.491473,2.6543295,3.275,18470,44,"7,8,34"
185482513,3375.01,PC,FP,12.6206,2459279.83151,1.2368321,2.144,1930,10,"8,34,35"
130797885,3376.01,PC,PC,13.4213,2459271.005292,4.7260751,4.275,6910,12,"7,8,34,35"
184670625,3377.01,PC,FP,12.5004,2459278.383405,0.5241284,1.017,2400,16,"8,34,35"
133655284,3378.01,PC,PC,12.0588,2459964.540864,2.6101478,4.36452033083966,2843.88720493222,17.863028,"7,8,34,35,61,62"
130191319,3379.01,PC,FP,12.1038,2459250.615192,1.6117444,1.524,3120,15,"7,8,34"
176148945,3380.01,PC,APC,11.756,2459249.847236,2.0086823,1.903,1150,8,"8,34"
129881395,3381.01,PC,FP,13.4704,2459252.696743,3.3630421,2.776,20990,19,"7,8,34"
13737885,3382.01,PC,PC,11.5546,2459252.368103,4.4575332,5.319,2900,18,"8,34"
175317833,3383.01,PC,PC,12.8451,2459988.840025,9.73257993241095,1.65498871196791,11099.2665876727,18.251825,"8,35,62,72"
118603213,3384.01,PC,PC,12.2146,2459277.023695,1.8592079,2.212,3150,25,"8,34"
175079720,3385.01,PC,FP,12.4698,2459274.96923,2.2623261,3.048,2940,20,"7,8,34,35"
174426662,3386.01,PC,PC,12.4768,2458540.32689,0.8855539,1.034,1900,9,"7,8"
118072143,3387.01,PC,PC,13.2877,2459962.824938,2.7678404,2.225,9160,23,"8,34,61"
173860688,3388.01,PC,FP,10.9017,2458541.414379,0.845657,1.824,390,10,"7,8"
419419534,3389.01,EB,FP,10.9144,2459278.794388,1.680148,1.217,1420,18,"7,8,34,35,61"
96055535,3390.01,PC,APC,13.2958,2459278.561159,5.4033373,1.421,14900,19,"8,35"
173824688,3391.01,PC,PC,13.5064,2459963.254463,4.71311186535352,5.52854558524616,10492.6573132428,13.163545,"7,8,61"
80174172,3392.01,PC,FP,13.494,2459278.729272,1.1104301,1.604,4870,16,"7,8,34,35"
173260345,3393.01,PC,PC,13.6224,2458538.389463,5.2059716,2.803,9210,16,"7,8"
59536337,3394.01,PC,PC,12.1348,2459966.08383,7.8373997,3.273,2880,17,"7,8,33,34,35"
170405772,3395.01,PC,PC,12.683,2459248.380542,3.2730247,1.551,4030,18,"6,7,8,33,34"
56630436,3396.01,PC,PC,12.5443,2459968.456564,6.47000069937236,5.60185123959356,14835.648618117,36.928116,"8,34,35,61,62"
154616309,3397.01,PC,PC,13.3153,2459248.508703,3.6250244,2.209,11380,15,"7,8,34"
46999289,3398.01,PC,PC,12.1945,2459993.668188,6.20884046683143,2.72365618393467,2992.83610718801,10.496552,"8,34,62"
153197346,3399.01,PC,FP,13.509,2458540.491991,2.642447,4.373,4700,11,"7,8"
437215469,3400.01,PC,PC,12.6659,2459252.997055,3.8036198,4.141,17890,95,"7,8,34"
26051436,3401.01,PC,PC,13.3298,2459275.591697,3.6689529,2.866,14780,32,"8,34"
152685831,3402.01,PC,FP,12.6532,2459250.856372,3.4714171,3.006,3580,16,"7,8,34"
133107143,3403.01,PC,PC,12.0894,2459968.985157,11.2205176,3.71933927546232,10721.0265816586,41.117176,"7,8,34,35,61,62"
18795429,3404.01,PC,PC,12.7435,2459276.822863,2.5087868,2.529,15750,43,"8,34"
152326573,3405.01,PC,PC,13.0178,2459244.497961,6.1458884,2.808,12900,22,"7,8,34"
410159011,3406.01,PC,PC,12.8054,2459279.359536,2.623354,2.845,8790,26,"8,35"
152005053,3407.01,PC,PC,13.0549,2459251.753886,1.3847905,2.657,4150,18,"7,8,34"
7904580,3408.01,PC,FP,13.3008,2459249.62041,15.8346011,4.676,18000,25,"8,34"
405485201,3409.01,PC,PC,11.7483,2459278.415912,7.7605254,3.639,2060,12,"8,35"
238012337,3410.01,PC,PC,11.581,2459273.339931,3.9791023,4.47,4000,41,"6,7,8,33,34,35"
150424946,3411.01,PC,PC,13.1428,2459242.489293,7.0628019,4.385,13490,31,"7,8,34"
396794358,3412.01,PC,PC,12.6977,2459278.640462,3.1405783,1.574,8570,27,"8,35"
149745822,3413.01,PC,PC,12.5881,2459245.869732,4.7114264,1.502,5410,14,"7,8,34"
131348451,3414.01,PC,PC,11.9685,2459272.510411,9.7355768,5.954,2590,19,"7,8,34,35"
386456916,3415.01,PC,PC,12.2665,2459965.694601,3.5714448,2.356,4090,19,"8,34,61"
145910571,3416.01,PC,PC,12.6255,2459277.156063,2.3626917,2.938,7280,24,"7,8,34,35"
332710679,3417.01,PC,PC,13.4736,2459279.352082,2.7194615,2.481,18840,42,"8,35"
437144507,3418.01,PC,PC,11.8994,2459963.751971,7.30398688590329,5.36501086026333,7722.20553780406,29.098854,"7,8,61"
145904365,3419.01,PC,PC,12.935,2459265.19095,7.9969538,5.4,19120,29,"7,8,34,35"
293978434,3420.01,PC,FP,12.6746,2458540.862165,1.5971426,3.316,2150,13,"7,8"
145023816,3421.01,PC,PC,13.35,2459963.780552,2.8389301,2.45,6210,11,"7,8,34,61"
286099128,3422.01,KP,KP,12.239,2459964.344071,3.77887786423956,3.12902275652903,17654.0731284412,87.38976,"8,35,61,72"
144970275,3423.01,PC,FP,12.6067,2459248.478713,2.5313424,2.246,5830,20,"7,8,34"
283702603,3424.01,PC,FP,12.5772,2459279.471354,0.6691882,1.347,2850,19,"8,34,35"
144682439,3425.01,PC,PC,13.0391,2459963.115871,0.765415,1.389,2740,11,"7,8,34,61"
277833423,3426.01,PC,PC,12.7761,2459570.358029,6.1786733,4.289,16990,42,"8,35,45,46"
144467913,3427.01,PC,PC,12.7363,2459248.8939,2.9526508,2.503,9320,29,"7,8,34"
271486001,3428.01,PC,PC,12.1927,2459964.814156,5.3945125,7.126,1430,9,"8,34,35,61"
134551640,3429.01,PC,PC,12.4493,2459251.254791,13.9311096,3.508,6720,26,"7,8,33,34"
118329434,3430.01,PC,APC,11.8807,2459243.222963,5.0949767,4.57,4150,20,"8,34"
270649648,3431.01,PC,PC,13.1291,2459247.431756,3.919695,4.027,12270,33,"8,34"
133849258,3432.01,PC,PC,13.7942,2459969.264588,9.14807398521137,3.88701629225264,22476.4703197509,13.114064,"7,8,61,62"
270471065,3433.01,PC,PC,12.7445,2459246.89512,2.7765784,2.076,5710,19,"8,34"
270457662,3434.01,PC,PC,12.2609,2459249.549067,3.1510024,0.612,4700,15,"8,34"
238162973,3435.01,PC,FP,13.3872,2459260.035982,11.8885643,2.567,35450,66,"6,7,8,33,34,35"
132320310,3436.01,PC,FP,10.9602,2459277.091098,1.3955317,2.62,960,23,"7,8,34,35"
132313173,3437.01,PC,PC,13.0707,2459967.078218,4.9873145,2.34256774795685,16931.1672966008,18.373709,"7,8,34,35,61,62"
455272393,3438.01,PC,PC,11.9581,2459990.042782,1.6660179,1.445,2090,23,"8,35,45,46,62"
394338713,3439.01,PC,PC,13.4001,2459385.974629,5.9349921,1.423,9840,21,"11,12,39"
208030798,3440.01,PC,FP,12.052,2458650.326066,1.7167587,2.044,13620,10,12
393196631,3441.01,PC,PC,13.2137,2459384.846313,4.2594558,3.391,7500,29,"11,12,39"
207981861,3442.01,PC,PC,12.6816,2459380.445712,3.4569274,2.805,20700,22,"12,39"
392995938,3443.01,PC,PC,11.672,2459358.707236,1.0078907,2.755,1790,18,"11,12,38"
161299119,3444.01,PC,PC,11.9642,2459384.53548,2.7188122,2.182,12150,41,"12,39"
364431259,3445.01,PC,PC,12.8311,2459382.37766,2.9866836,2.681,14000,34,"12,39"
149022647,3446.01,PC,PC,13.0573,2459359.702516,1.8528946,2.444,19670,47,"12,38"
363749415,3447.01,PC,PC,12.2152,2459382.731966,3.6562554,3.853,4970,22,"12,39"
143934343,3448.01,PC,PC,13.2582,2459357.709395,2.1642912,2.818,22950,30,"12,38"
363083571,3449.01,PC,PC,12.5451,2459385.434401,3.8249546,3.874,7630,29,"12,39"
126125073,3450.01,PC,PC,10.376,2459353.647517,3.6387748,3.131,4610,75,"12,38"
361710792,3451.01,PC,PC,12.5517,2459380.11405,8.7234738,2.598,10750,28,"12,39"
360475034,3452.01,PC,PC,13.1151,2459388.622437,2.8372178,4.822,4060,19,"11,12,39"
360473750,3453.01,PC,PC,12.6558,2460071.43278,4.3618031,4.9,3130,15,"11,12,38,64,65"
359426909,3454.01,PC,PC,12.9585,2459357.82988,3.9415006,2.177,8940,25,"11,12,38"
358938714,3455.01,PC,APC,13.3477,2458651.744921,0.422425,0.68,4090,16,"11,12"
357661805,3456.01,PC,PC,12.0537,2459361.087389,17.0298529,2.65,15940,59,"11,12,39"
357312511,3457.01,PC,PC,11.6146,2459335.587765,32.6012979,4.366,4490,17,"11,12,39"
340228388,3458.01,PC,PC,12.6553,2459354.400233,3.1726875,2.05,18990,73,"11,12,38"
335860261,3459.01,PC,PC,12.2014,2459354.893919,8.4893234,4.903,14020,16,"11,12,38"
39858507,3460.01,PC,PC,8.82719,2459364.8901,4.628826591562847,5.868267783929362,5156.2450744780335,219.7559,"12,39,66,91,93"
334080358,3461.01,PC,PC,12.9682,2459357.927622,11.4483792,4.824,6660,13,"11,12,38"
324116813,3462.01,PC,PC,12.8749,2459379.364186,6.3885628,1.726,4410,15,"11,12,37"
292889298,3463.01,PC,PC,13.5313,2458651.559857,2.2538878,3.664,7450,9,"11,12"
290504044,3464.01,PC,PC,12.0719,2459360.318976,3.6515704,1.925,5830,25,"12,38"
454361389,3465.01,PC,PC,12.7896,2460045.054533,3.9563671,3.396,4330,23,"11,12,37,39,64,65"
284254253,3466.01,PC,FP,12.8482,2458651.973815,1.862908,4.562,3420,11,12
453289469,3467.01,PC,FP,12.8492,2458652.436812,0.7799194,1.543,1920,15,"10,11,12"
282091493,3468.01,PC,FP,13.5709,2458647.685514,3.3789946,3.332,11150,18,"10,11,12"
447192619,3469.01,PC,PC,12.5805,2459382.834181,2.6566986,3.865,10670,29,"12,39"
277538491,3470.01,PC,PC,13.3259,2459357.021986,3.2404614,1.642,15130,24,"10,11,12,37,38"
407166076,3471.01,PC,PC,12.8852,2459380.384701,8.7520247,3.602,17410,59,"12,39"
275562670,3472.01,PC,FP,13.5159,2458651.449273,1.5810556,2.437,33340,21,12
406861922,3473.01,PC,PC,13.0656,2459384.816539,4.0358074,2.667,11250,33,"12,39"
274367763,3474.01,PC,PC,11.9672,2459358.663246,3.8795023,3.647,12260,50,"12,38"
403507814,3475.01,PC,PC,12.2587,2459383.8426,2.7812908,3.208,11930,78,"12,39"
272983172,3476.01,PC,PC,12.6718,2459385.89681,4.3205081,2.51,13290,23,"12,39"
402391147,3477.01,PC,PC,13.4138,2459387.781424,3.3626798,3.771,11000,12,"12,39"
255909950,3478.01,PC,PC,12.3282,2459385.423634,1.82856,2.961,17750,89,"12,39"
402219289,3479.01,PC,PC,13.4326,2459386.482274,2.1970052,2.966,7470,26,"12,39"
254909777,3480.01,PC,PC,12.4119,2458650.197309,2.1301227,2.646,16130,27,12
396316939,3481.01,PC,PC,12.8719,2459386.301953,4.9214799,2.425,3710,15,"11,12,39"
254629854,3482.01,PC,FP,10.7989,2459359.54722,0.9714298,1.251,1650,27,12
395926728,3483.01,PC,PC,12.8749,2459388.853133,1.4466788,1.529,4410,19,"11,12,39"
221882319,3484.01,PC,PC,11.5616,2459386.556413,5.1890769,5.011,6810,26,"12,39"
394672497,3485.01,PC,PC,9.6181,2459382.714016,11.8413467,2.865,770,16,"11,12,38,39"
394672497,3485.02,PC,PC,9.6181,2460087.812294,6.0379203,2.297,469,11,"11,12,38,39,65"
221861843,3486.01,PC,PC,11.4867,2459382.517413,2.217782,1.421,15050,80,"12,39"
301160638,3487.01,PC,APC,10.1862,2459378.988034,16.0085751,4.452,14340,37,12
394570569,3488.01,PC,PC,11.7789,2459379.699385,6.9625419,4.564,1030,12,"11,12,39"
221785300,3489.01,PC,PC,11.7185,2459385.904563,3.7833369,3.386,11530,48,"12,39"
394492339,3490.01,PC,PC,12.5911,2459374.125286,9.1317488,2.448,35470,77,"11,12,39"
208719443,3491.01,PC,PC,11.8844,2459383.386266,2.4038651,3.549,32410,135,"12,39"
81077799,3492.01,PC,PC,8.4504,2459314.521155,9.222417062942297,5.296857963138665,3109.761707245841,81.03038,"36,37,63,64"
203377303,3493.01,PC,PC,8.7028,2459313.043598,8.15948702678735,4.39727469879866,757.186528238701,17.853727,"37,64"
165827520,3494.01,PC,PC,12.295,2459310.020628,7.74861196179273,1.37433685917081,5124.98080864993,10.69108,"11,37"
272167060,3495.01,PC,PC,8.734,2459347.161831,8.41300337898912,2.56013092206836,490.435048093288,11.795451,"11,37,38"
448358913,3496.01,PC,PC,10.3363,2460067.735126,1.5505494,1.356,1576,35,"9,10,36,37,63,64"
21113347,3497.01,KP,KP,11.4007,2459310.816804,4.2180759756013515,3.5060864583149884,7882.070120506478,68.80233,"37,64"
310294189,3498.01,PC,PC,12.0475,2459353.243502,4.8768783,4.024,3800,15,"11,37,38"
446370039,3499.01,PC,PC,11.5226,2459307.961687,4.59928437267688,8.16842049350185,3654.13537540147,25.195269,"37,63"
443666343,3500.01,PC,PC,10.8298,2459315.357469,7.34361505602,3.84754311966647,1314.70949591798,11.109794,"37,64"
443666343,3500.02,PC,PC,10.8298,2460056.706283,.0,7.90793839461502,8094.98893774781,34.795586,"37,64"
98957720,3501.01,PC,APC,10.7413,2459313.471423,15.3502505,2.87,26220,253,"10,37"
452281203,3502.01,PC,PC,11.4712,2459307.38881,3.44680179285374,1.05959303243205,3745.6837263611,14.508668,"37,64"
459850897,3503.01,EB,FP,10.2726,2460772.766105,1.1882681205393177,1.9593250899678887,2800.5248691545107,127.19129733848838,"10,37,63,64,90"
117689799,3504.01,PC,FP,11.6006,2459771.874948,2.15704617394202,2.34366224776958,17928.3672772561,58.927864,"14,54,55"
390988385,3505.01,PC,PC,10.9372,2459793.534385,2.9151556,2.004,2910,19,"14,41,54"
102159710,3506.01,PC,PC,12.8624,2460313.531349,4.49613868278796,3.50686751293035,10767.331367807,12.895451,"14,41,54,55,74"
86451883,3507.01,PC,FP,13.3911,2458708.663596,1.7561019,2.858,11010,9,14
278968371,3508.01,PC,FP,12.4162,2458707.691822,1.2997811,2.35,7140,17,14
244912396,3509.01,PC,PC,13.0815,2459773.020297,5.1108509,4.36,15900,21,"14,41,54"
57753734,3510.01,PC,PC,12.7595,2459772.035438,2.8724894,2.772,13480,26,"14,41,54"
416368336,3511.01,PC,APC,13.4539,2459770.811025,1.0847915019022742,1.0338748813207603,16723.329834284526,37.852165,"14,40,54,74,80,81"
40779013,3512.01,PC,FP,11.8744,2458708.891857,1.7113115,1.562,9840,19,14
244487927,3513.01,PC,PC,12.5001,2459772.815413,2.9817237,2.919,4970,19,"14,41,54"
1870990135,3514.01,PC,PC,12.8953,2459445.482548,1.5039495,1.857,25120,33,"14,40,41"
198725468,3515.01,PC,PC,12.1831,2459771.614539,3.0415724,3.602,6090,32,"14,40,53,54"
30254887,3516.01,PC,PC,11.2292,2459794.639759,2.501531,1.887,2980,25,"14,40,41,54"
123007594,3517.01,PC,PC,13.4486,2459772.477975,3.3687307,2.645,13270,28,"14,41,53,54"
1712954983,3518.01,PC,PC,13.3015,2458710.180785,2.9661661,2.068,19190,10,14
417129824,3519.01,PC,PC,12.0676,2459818.762814,3.500869,3.84,6230,39,"14,41,55"
120101789,3520.01,PC,PC,13.3539,2459744.308684,3.0086349,3.034,8530,24,"14,40,41,53,54"
429036977,3521.01,PC,PC,12.561,2459798.461592,3.2440386950370006,1.6295907626999588,12161.314911891219,34.887093,"15,55,82"
106224627,3522.01,PC,PC,12.9096,2459820.543866,3.3412415,1.938,12360,22,"14,15,41,55"
417047499,3523.01,PC,PC,12.1042,2459444.920543,2.304583,3.457,10800,59,"14,15,41"
106224626,3524.01,PC,FP,13.4979,2458731.298955,3.3418892,2.084,24860,15,"14,15"
373576942,3525.01,PC,FP,12.8424,2458731.568477,0.8912218,1.846,9160,16,15
89876424,3526.01,EB,FP,13.3403,2459797.31121,1.5378739487258293,3.449988967380839,8588.681411644684,26.609518,"14,15,55,74,75,81,82"
355748785,3527.01,PC,PC,12.5298,2459770.662859,1.75511501807941,2.38195467908572,7747.16834354374,21.061407,"14,15,41,54,55"
67247610,3528.01,EB,FP,13.134,2460340.791704,1.97406135772377,2.16272291837824,19601.2829645848,13.543823,"15,55,75"
326203952,3529.01,PC,PC,12.8771,2459851.01373,2.5850398,2.39,12980,38,"15,56"
64214215,3530.01,PC,APC,11.4204,2459823.602847,1.3570332,1.161,2150,23,"14,15,41,55"
316038054,3531.01,PC,APC,10.711,2459825.332652,3.80998576239559,4.31186580004905,13073.8770598144,157.57878,"15,56,57"
42484503,3532.01,PC,PC,12.5112,2459770.134703,2.45634558738736,2.43720414832616,9097.65136467495,20.637384,"14,15,54,55"
313408643,3533.01,PC,PC,11.9114,2459823.894332,4.3167817,2.75,8360,32,"14,15,41,55"
27916356,3534.01,KP,KP,12.6877,2459421.606981,3.23469439654228,3.57108929808516,10156.5613928313,59.57358,"14,15,41,54,55,56"
304514922,3535.01,PC,PC,13.4268,2459820.907597,1.9115371,2.647,11380,21,"15,55"
27844066,3536.01,PC,FP,12.5299,2458732.821053,1.8532983,1.197,10790,18,"14,15"
294599100,3537.01,EB,FP,12.6275,2459440.870522,5.6133922,1.424,15850,27,"14,15,41"
27459498,3538.01,PC,PC,13.0197,2459845.016892,7.3105415,3.1,8940,28,"14,15,40,41,54,55,56"
294594423,3539.01,PC,PC,13.1383,2459801.238913,6.0978165,3.402,15220,33,"14,15,41,54,55"
17865622,3540.01,CP,CP,10.9541,2459826.736428,3.11984038989874,1.76467229033528,8016.80095305528,52.71582,"15,56"
291147951,3541.01,PC,FP,13.3888,2459444.951847,2.5313956,3.128,9640,20,"14,15,41"
16187321,3542.01,EB,FP,11.7211,2459800.796953,4.202208162934897,3.082167309090062,9481.211011880114,65.27429,"14,15,41,55,75,82"
275887811,3543.01,PC,PC,11.9344,2459815.576298,6.481666,3.35,12000,41,"14,15,41,55"
15460993,3544.01,PC,PC,12.5531,2459821.701525,2.2020405,1.675,11000,40,"15,55"
274641986,3545.01,PC,PC,11.5954,2459772.933012,3.18720862932088,3.42905371837151,15583.7155252561,75.66816,"14,15,41,54,55"
13424053,3546.01,PC,PC,12.1833,2459437.706427,5.2019364,2.994,5830,20,"14,15,41"
274075364,3547.01,PC,PC,13.3673,2459817.867916,4.1632657,1.874,16500,28,"14,15,41,55"
271167979,3548.01,PC,FP,13.0744,2458733.079623,0.3093954,0.442,7680,28,"14,15"
269269740,3549.01,EB,FP,12.5769,2459770.397635,1.8639524805053664,4.2210995512137774,3210.7555309246472,34.75787,"14,15,41,54,55,74,75,81,82"
248058363,3550.01,PC,PC,10.813,2459851.638856,1.1239202,0.824,1100,15,"15,56"
247283596,3551.01,PC,PC,11.6084,2459818.96021,3.1940809,3.706,3380,32,"15,41,55"
247283054,3552.01,PC,APC,12.2196,2459823.79589,0.9277787,0.997,3020,25,"15,41,55"
239628993,3553.01,PC,PC,11.0414,2459825.770794,1.94106346410132,1.771526047413,4846.77059050761,29.990322,"15,56"
239585909,3554.01,PC,PC,13.3219,2459822.431304,1.6127665,1.717,9630,8,"15,55,56"
233415701,3555.01,PC,PC,13.2883,2459822.708049,5.271813,4.104,20390,49,"14,15,41,55"
230840853,3556.01,PC,APC,12.7054,2459823.668611,4.118418,2.232,13140,37,"15,41,55"
271042173,3557.01,EB,FP,11.857,2458733.141437,0.476873,1.135,1930,21,"14,15"
195750008,3558.01,PC,PC,13.2016,2459820.541191,2.5650361,2.273,9190,15,"15,41,55"
184468386,3559.01,PC,PC,11.5948,2459770.25382,2.54022871089041,2.32047748371572,8272.79044331482,58.82836,"14,15,41,54,55"
184295571,3560.01,PC,PC,10.7978,2459771.820972,1.9804293,2.802,1830,17,"14,15,41,54"
172754786,3561.01,EB,FP,12.8903,2459771.049138,4.1273472,2.74,18840,20,"14,15,41,54"
193708920,3562.01,PC,FP,11.9635,2458732.453924,1.3298469,3.007,2190,18,"14,15"
169461816,3563.01,KP,KP,10.931,2459800.506508,17.8552321636383,7.52582297082584,8831.67117438502,42.920555,"14,15,54,55"
193482096,3564.01,PC,PC,12.2617,2459820.105064,4.0875563423058,4.55049301237627,15662.5623221572,99.67929,"14,15,41,55,56"
1965256662,3565.01,O,FP,11.9683,2458727.428216,4.3170598,2.879,10240,17,"14,15"
169187982,3566.01,EB,FP,13.33,2459446.399559,1.764534,2.187,27120,43,"14,15,41"
452658846,3567.01,PC,PC,12.8649,2459816.833156,1.9990323,1.19,12390,29,"15,55"
160390955,3568.01,PC,CP,12.0729,2459799.383297,4.41780423888484,2.58814339581697,6790.16820561935,24.302551,"15,55,56"
436314778,3569.01,PC,PC,11.0161,2459823.59407,4.5956692,3.424,11760,101,"14,15,41,55"
136122328,3570.01,PC,PC,13.1749,2459823.35262,2.1083693,2.974,9250,27,"14,15,41,55"
2010186093,3571.01,PC,PC,11.5752,2459847.742507,3.007925,3.032,7760,43,"16,56"
1976308113,3572.01,PC,FP,13.0852,2458761.60297,2.7568649,2.312,18380,45,"15,16"
407905370,3573.01,PC,PC,11.438,2458747.792229,9.8170028,3.341,6510,24,16
407694390,3574.01,PC,PC,13.2036,2459850.561122,3.6691817,2.112,9890,17,"15,16,56"
407658979,3575.01,PC,PC,12.1357,2459830.439116,8.084554,1.991,6180,10,"15,16,56"
405897415,3576.01,PC,PC,12.9084,2459845.232047,4.6387689,3.569,11400,56,"14,15,16,41,54,55,56"
396133015,3577.01,PC,CP,11.3209,2459847.67339,5.2667367,2.788,2910,16,"16,56"
358186451,3578.01,EB,FP,10.9683,2459851.521255,1.3176767,1.692,530,9,"15,16,55,56"
316606244,3579.01,PC,FP,10.9511,2458762.172026,3.310636,3.9,590,10,"15,16"
305478010,3580.01,PC,FP,13.2966,2458762.231266,3.121339,4.331,26300,38,"15,16"
295413003,3581.01,PC,FP,12.9875,2458757.57084,3.0373017,4.664,6290,21,"14,15,16"
290308758,3582.01,PC,PC,12.7937,2459816.901929,4.4168832,3.659,11250,42,"14,15,16,41,55"
289895191,3583.01,PC,PC,12.066,2460369.887951,5.24625012346914,5.70266203792917,8285.71648029286,32.98919,"15,16,55,56,76"
289100911,3584.01,PC,PC,12.4109,2459847.761197,2.7567478,2.167,9790,46,"15,16,56"
287591638,3585.01,PC,CP,11.2287,2459851.89853,3.5410781,2.062,3020,32,"15,16,56"
286080865,3586.01,PC,PC,12.3944,2459810.521522,11.3201226,3.276,31070,76,"15,16,41,55,56"
267373896,3587.01,PC,PC,11.5199,2459823.921779,4.1584817,3.796,7650,47,"15,16,55,56"
265242905,3588.01,PC,PC,12.3142,2459849.099143,3.7037478,4.403,4210,29,"15,16,41,56"
260761464,3589.01,PC,PC,11.528,2459847.255364,3.0827487,3.763,14750,180,"15,16,56"
236638487,3590.01,PC,APC,12.3705,2459848.889625,4.4064273,1.422,5280,23,"15,16,56"
190479710,3591.01,PC,PC,12.8224,2459849.845852,8.4843917,4.224,5630,13,"15,16,56"
162387333,3592.01,PC,PC,12.231,2459851.477825,5.5280331,5.153,1850,8,"15,16,56"
162289289,3593.01,PC,PC,11.488,2459826.449559,3.82129767522831,2.45843040892366,13607.9927553036,56.215027,"15,16,56"
162179096,3594.01,PC,PC,13.2319,2459849.694456,9.3236885,2,12730,18,"15,16,56"
440113053,3595.01,KP,KP,12.8416,2459854.762356,1.80537598367945,2.07902486976053,21680.3724997718,50.42036,"17,57"
352690548,3596.01,PC,PC,12.8277,2459876.910435,4.9056578,3.172,9475,24,"17,57"
267650535,3597.01,KP,KP,11.9475,2459853.969135,4.00882450354233,2.73709593885612,21483.7462243155,110.65019,"17,57"
352469839,3598.01,PC,PC,12.9723,2459822.38349,3.7026941,1.884,13130,39,"16,17,41,55"
194461202,3599.01,PC,PC,13.2597,2458784.821961,3.2523102,2.711,11410,21,17
343726435,3600.01,PC,PC,12.9025,2459880.047725,5.016641,3.203,10347,23,"15,16,17,56,57"
191202679,3601.01,PC,PC,12.4226,2459879.372447,4.0517972,2.84,6256,24,"17,57"
331146317,3602.01,PC,PC,11.7506,2459827.140919,2.38747307244291,2.80565880794699,14252.9367639214,87.807755,"16,17,56,57"
13961554,3603.01,PC,PC,13.2666,2459880.567107,1.2678043,0.893,8549,16,"17,57"
330135981,3604.01,PC,PC,11.7344,2459825.95299,1.06669626067447,1.71654984524799,19028.8653052399,158.79784,"16,17,56,57"
329373799,3605.01,PC,PC,11.789,2459851.820734,3.6554335,3.699,9680,40,"16,17,56,57"
315907220,3606.01,PC,PC,12.6864,2459866.950313,9.312167,4.867,15226,27,"15,16,17,56,57"
277505161,3607.01,PC,PC,13.1142,2459821.520901,3.5884855,2.481,6810,19,"15,16,17,55"
267867517,3608.01,PC,FP,13.1802,2458787.3585,2.6816329,2.695,3100,9,"15,16,17"
267861788,3609.01,PC,PC,12.796,2459814.534903,6.3854622,3.682,6720,21,"15,17,55"
267484653,3610.01,EB,FP,12.3512,2459853.828611,1.73848091918219,2.67774846612737,3882.89742169919,28.276943,"14,15,16,17,41,47,54,55,56,57"
252549844,3611.01,PC,PC,12.9106,2459879.645338,3.0789699,3.709,9695,31,"16,17,57"
233948455,3612.01,KP,KP,12.883,2459854.418388,1.4822451,1.595,21920,115,"14,15,17,41,55,57"
233795794,3613.01,PC,PC,13.1431,2459819.325302,3.1493729,2.708,18830,55,"14,15,16,17,41,55"
233831759,3614.01,PC,FA,11.171,2458785.269757,2.9708603,3.122,4020,40,"14,15,16,17"
173711153,3615.01,PC,PC,12.7295,2459879.183744,3.1315583,3.737,5140,22,"16,17,57"
173298412,3616.01,PC,PC,12.0526,2459877.451671,2.4188647,2.5,5441,33,"16,17,57"
173176491,3617.01,PC,PC,12.6627,2459879.842983,3.2337884,2.102,9188,26,"16,17,57"
65981892,3618.01,PC,PC,12.7362,2459878.722216,3.4898546,1.567,14004,28,"16,17,57"
64938667,3619.01,PC,PC,13.1611,2460396.419995,3.198885849238,3.40443060319813,12106.5704511889,16.858534,"16,17,57,76,77"
620780629,3620.01,PC,PC,12.8069,2459875.808716,4.8893985,2.848,6907,18,"17,57"
435861696,3621.01,PC,FP,12,2458779.819452,5.6902814,2.344,21290,74,17
432761635,3622.01,PC,PC,13.2595,2459879.077421,3.2131823,3.325,13772,26,"17,57"
422881018,3623.01,PC,PC,13.1948,2459881.183645,5.7456862,3.339,9441,18,"17,57"
414922696,3624.01,PC,PC,11.8728,2459872.028059,7.6460931,3.508,3132,22,"17,42,43,57"
1980725947,3625.01,PC,PC,12.373,2459798.327927,2.9708659450665,3.42955359504298,11761.9984290799,48.268257,"14,15,16,17,41,55,56,57"
398912927,3626.01,PC,FP,10.8154,2458766.790402,19.8875338,1.34,3020,10,17
1979500576,3627.01,PC,FP,12.2546,2458784.456622,2.6342729,3.998,3190,19,"15,16,17"
238624131,3628.01,PC,PC,11.6203,2459879.231564,3.4945148,2.555,8254,41,"17,57"
455784423,3629.01,CP,CP,12.7882,2459878.618825,3.9365629,2.19,15461,32,"17,57"
189380158,3630.01,KP,KP,13.0942,2460611.886686,1.9617968866660624,2.757017130680735,14086.21460296795,23.274635,"17,85"
429414530,3631.01,PC,FP,11.963,2458784.455915,2.6340964,3.477,2250,16,"15,16,17"
186292194,3632.01,PC,PC,12.1665,2459876.908195,3.2403602,3.216,9687,30,"17,57"
429218084,3633.01,PC,PC,12.2391,2459823.48709,2.5266409,1.502,2690,13,"15,16,17,55"
80478272,3634.01,PC,FP,11.224,2459878.348748,5.0859432,2.57,7091,40,"17,57"
428003305,3635.01,PC,PC,12.7382,2459853.65581,1.80481063596366,4.36419320938334,4555.96825387166,14.349284,"16,17,57"
61205803,3636.01,KP,KP,12.7628,2459855.36278,4.21866250280047,3.25809977611189,18527.6525232176,42.139324,"17,57"
370981403,3637.01,PC,PC,12.9487,2459847.572572,3.7330471,5.863,22330,42,"16,17,56"
47094691,3638.01,PC,PC,12.5931,2459450.529162,4.92768860883672,1.74611952016435,13381.8682851236,24.949308,"42,43,70"
365447203,3639.01,PC,PC,13.201,2459851.117615,5.7208592,3.034,15720,23,"16,17,56"
200917197,3640.01,PC,PC,12.1395,2459907.629957,1.2205315,1.867,3898,23,"18,58"
192878624,3641.01,PC,PC,13.3405,2459908.641154,5.7361495,4.718,11834,19,"18,58"
186614891,3642.01,PC,PC,12.5822,2459902.81919,4.084447,1.829,20681,48,"18,58"
453230066,3643.01,PC,FP,10.9469,2458813.485731,1.5492212,2.287,1420,11,18
445496795,3644.01,PC,FP,12.1497,2459906.75843,1.831733,2.006,2188,11,"18,58"
184733148,3645.01,PC,PC,12.851,2459907.47233,2.959842,2.53,11248,35,"18,58"
445407434,3646.01,PC,PC,13.3858,2459908.958083,2.1795448,2.523,24110,39,"17,18,58"
149855074,3647.01,PC,PC,12.3524,2458813.248651,3.1116107,2.729,2590,9,18
433144048,3648.01,PC,PC,13.0449,2459909.262666,2.923461,3.379,5092,13,"18,58"
139559780,3649.01,PC,PC,13.137,2458814.11323,3.2637419,1.977,8150,11,18
139507260,3650.01,PC,PC,13.321,2458814.194955,1.7556768,2.071,12260,13,18
415976665,3651.01,PC,PC,11.4822,2459908.081854,1.5244603,1.665,1648,13,"18,58"
116848450,3652.01,PC,PC,11.7419,2459906.291184,3.4796904,3.691,3796,22,"18,58"
410552165,3653.01,PC,PC,13.0006,2459909.350822,4.6017262,1.471,14162,19,"18,58"
396556650,3654.01,PC,APC,12.7096,2458814.364165,2.277182,1.675,5220,13,18
94609570,3655.01,PC,APC,12.1904,2459519.849061,3.3325651,2.146,12600,20,"18,43,44"
77258279,3656.01,PC,PC,13.1951,2459906.227504,5.5122277,2.82,10785,17,"18,58"
381544766,3657.01,PC,PC,12.328,2459906.54207,4.0898871,2.736,30000,35,"18,58"
71854732,3658.01,EB,FP,12.6532,2459909.663353,3.1004285,3.513,12784,19,"18,58"
374778982,3659.01,PC,FP,13.4977,2459906.847676,2.3882776,3.102,12572,20,"18,58"
67517533,3660.01,PC,PC,12.8235,2459884.206655,3.94976354769938,1.90114391758761,8478.17084406006,16.116407,"18,58"
370123525,3661.01,PC,PC,12.8309,2459906.755964,2.6480838,3.42,11090,26,"18,58"
65446983,3662.01,PC,PC,10.7043,2458813.713584,9.9908116,3.566,4620,33,18
354151219,3663.01,PC,FP,11.5917,2459907.512799,3.5639862,2.135,2126,16,"17,18,58"
348437470,3664.01,PC,PC,12.91,2459906.709615,3.2975093,2.511,13404,21,"18,58"
65440953,3665.01,PC,PC,12.4829,2458812.783914,0.8746494,1.576,1910,11,18
346626688,3666.01,KP,KP,11.4453,2459886.331856,4.40851938752088,3.30167931561148,8977.03543043807,45.334003,"18,58"
63717709,3667.01,PC,PC,13.0772,2459884.185008,5.44397756591126,2.95702327695847,9179.06084745379,16.197239,"18,58"
467580267,3668.01,PC,PC,11.2959,2459908.643175,0.7415247,1.196,2342,25,"18,58"
63470437,3669.01,PC,PC,13.4357,2459909.846648,1.2126653,1.356,5132,11,"18,58"
331854794,3670.01,PC,APC,12.8464,2459882.986355,2.19477674210859,2.10450723715932,7174.20961803488,17.203392,"18,58"
312345863,3671.01,PC,PC,12.9892,2459909.44404,1.7266138,1.067,12043,16,"17,18,58"
50943163,3672.01,PC,FP,11.2351,2458810.750472,2.4254068,3.323,1910,13,18
452964680,3673.01,PC,PC,13.2514,2459909.495737,2.2390796,2.781,17069,45,"17,18,57,58"
308613965,3674.01,PC,PC,13.128,2459909.403907,4.4619426,3.232,10390,22,"18,58"
34646336,3675.01,PC,PC,13.4326,2459479.09838,5.95777682223933,4.69240783326606,12419.1287880618,37.748997,"18,43,44,58,70,71"
302470965,3676.01,PC,PC,13.3318,2459906.383384,1.9341469,1.676,9465,18,"18,58"
458876004,3677.01,PC,FP,11.9814,2458814.425212,3.6923071,1.139,14130,36,18
34551972,3678.01,EB,FP,10.5873,2459448.561931,4.85428779682354,5.592871806829288,7833.316940564742,189.49026,"18,42,43,44,58,85"
285354178,3679.01,PC,PC,12.8397,2459903.742163,5.9664078,2.816,20351,55,"18,58"
311703724,3680.01,PC,APC,11.3584,2459909.677229,1.7054246,1.021,3781,31,"17,18,57,58"
285272237,3681.01,KP,KP,11.7524,2459886.284961,4.64012692203827,3.03201440887801,9954.9098835482,38.885468,"18,58"
28961316,3682.01,PC,PC,11.3186,2459522.002571,3.3462671,3.625,4070,43,"18,42,43,44"
264912889,3683.01,PC,PC,11.4374,2459907.842783,1.3697115,1.951,3867,32,"18,58"
28873762,3684.01,PC,FP,13.3483,2459518.690795,3.105654,1.999,12400,34,"18,42,43,44"
252118701,3685.01,PC,PC,13.2757,2459903.636558,4.9777448,2.891,13389,23,"17,18,58"
13533330,3686.01,PC,PC,11.2381,2459884.347294,5.07780641764799,3.64139631951908,14469.3182016856,83.14044,"18,58"
250803548,3687.01,PC,PC,13.3901,2459907.561404,4.4543921,6.186,18251,21,"18,58"
245509452,3688.01,CP,CP,11.8433,2459883.864865,3.2460701813143618,3.4251311105345614,9869.533260381899,78.414825,"18,58,85"
241135327,3689.01,PC,PC,13.1033,2459909.291498,2.4145007,2.272,7472.57145936933,20,"18,58"
240989628,3690.01,PC,PC,11.9017,2459896.942964,10.0755592,1.066,5820,15,"17,18,58"
240959810,3691.01,PC,PC,12.6772,2459904.568451,3.3411398,3.244,15431,30,"18,58"
240864953,3692.01,PC,PC,13.3538,2459908.609958,3.3210331,4.684,10206,22,"17,18,58"
240823272,3693.01,CP,CP,11.419,2459888.212325,9.0881638,3.402,24660,78,"17,18,58"
470822809,3694.01,PC,PC,12.6639,2458812.951218,2.5400911,1.668,4260,10,18
203096531,3695.01,PC,APC,13.3968,2459909.754431,0.6041576,1.426,4997,18,"18,58"
202872757,3696.01,PC,PC,12.4838,2459907.22551,4.4236103,4.356,5831,6,"18,58"
470783598,3697.01,PC,APC,11.7635,2459894.131358,9.9441709,2.698,15252,41,"18,58"
266425782,3698.01,PC,PC,12.488,2459911.943119,2.34672628980868,4.29235756076836,6652.26919169333,14.805672,"19,59"
266401846,3699.01,PC,PC,12.7775,2459912.279232,3.04239310132843,2.74915045055526,10703.7246211932,16.963757,"19,59"
417676091,3700.01,PC,PC,12.8166,2460286.353547,4.41844287627165,3.24231316594665,12333.39146207,21.943687,"19,59,73"
266213232,3701.01,PC,PC,13.4313,2459911.332792,4.26057391571815,2.58217064456032,20069.2666289109,17.94201,"19,59"
385400633,3702.01,PC,PC,12.4434,2459907.09847,2.2842184,1.07,8675,21,"18,19,58"
260962960,3703.01,PC,PC,12.3653,2460286.817556,3.89013354812234,4.08277147366008,6927.67835849257,18.282343,"19,59,73"
367616146,3704.01,PC,PC,13.3088,2459911.348741,1.39448794885389,1.81490616260618,12737.5470329717,19.410505,"19,59"
259506033,3705.01,KP,KP,12.3824,2460286.170903,1.90250318291525,1.66529863379173,10717.8931835883,27.14494,"19,59,73"
252430813,3706.01,PC,PC,13.4223,2460286.769995,4.37017951769724,3.78088218822947,15001.3632154195,20.9724,"19,59,73"
366311757,3707.01,PC,PC,13.2097,2459914.257661,4.9107194,4.445,8240,20,"19,43,44,59"
251652214,3708.01,PC,PC,11.9786,2459902.98183,7.27299,4.323,13820,60,"18,19,58"
356322454,3709.01,PC,PC,13.3033,2460288.729263,3.25098461053797,2.29318845855869,10852.3692090375,17.250647,"19,59,73"
174826170,3710.01,PC,PC,13.3727,2458838.338784,2.4802272,3.51,8420,15,19
355008856,3711.01,PC,PC,13.3125,2458836.56062,3.0108217,1.723,8840,17,19
354442783,3712.01,PC,FP,13.4418,2459910.690161,1.52247059126327,1.34233314048373,8545.45427130378,12.84168,"19,59"
171160885,3713.01,PC,PC,12.5021,2459918.987409,10.4401778,2.783,14120,42,"19,43,44,59"
155867025,3714.01,CP,CP,13.1751,2459911.46982,2.1547472219598,1.65822380912763,49552.182343736,96.48067,"19,59"
354293303,3715.01,PC,PC,12.9238,2459912.37098,2.47135428160864,2.36498134998057,8215.11433394451,13.153746,"19,59"
155351556,3716.01,PC,PC,12.3186,2458832.542018,6.0985856,6.711,29180,93,19
348099535,3717.01,PC,APC,11.5813,2458823.030985,10.1182835,2.645,3120,10,19
417942201,3718.01,PC,PC,12.1578,2458834.649331,4.230596,4.263,3770,14,19
150074121,3719.01,PC,PC,12.8297,2459911.031517,1.22222650241352,1.59526129513011,7777.45044162651,20.915714,"19,59"
347051112,3720.01,PC,PC,11.4343,2459913.32114,4.73782653288276,1.74421362894157,3331.69997604846,12.03024,"19,59"
143687316,3721.01,PC,PC,12.6975,2460287.522921,3.54112346418543,3.07714073098219,8736.22297281038,18.235584,"19,59,73"
346015394,3722.01,PC,PC,13.186,2459910.394452,1.07886492403373,1.98019430942862,32197.091618076,22.308197,"18,19,59"
3027681,3723.01,PC,PC,13.3025,2459544.669393,3.9442027,3.269,13590,39,"19,43,44,45"
143642240,3724.01,PC,PC,11.7012,2458838.121011,.0,6.092,8780,33,19
339250695,3725.01,EB,FP,13.135,2460287.858395,4.72622084522307,3.23440440847707,9512.91656191404,11.16766,"19,59,73"
122695048,3726.01,PC,PC,13.0789,2460290.432392,4.84044308822231,2.616604472200982,27037.377122429883,29.719658,"19,59,73"
339207847,3727.01,PC,PC,11.6439,2459919.63975,13.3988634051776,4.39262233577521,6620.08825273137,24.359953,"19,59"
116257066,3728.01,PC,FP,11.1843,2459545.961039,6.5019596,3.078,7130,34,"19,43,44,45"
322160664,3729.01,PC,PC,12.9676,2460290.926859,8.17443821530939,2.67214447470145,22628.9295033752,29.345083,"19,59,73"
417844678,3730.01,PC,PC,13.1507,2459910.634543,2.54045286283263,4.84341593262292,15551.1793793166,19.558947,"19,59"
115457180,3731.01,PC,APC,11.0131,2459911.966229,5.6619072,2.149,4350,48,"19,43,44,45,59"
321894059,3732.01,PC,PC,12.4096,2458837.443197,2.9594651,3.84,2460,11,"19,59"
321436679,3733.01,EB,FP,12.6396,2460286.361991,2.12631672285692,2.62136843449996,7318.45677888596,15.246422,"19,59,73"
105135774,3734.01,PC,PC,13.3835,2460287.307924,2.14118603547056,2.76360920173879,10052.7515924141,14.073614,"19,59,73"
317252733,3735.01,PC,PC,11.3032,2459912.078486,3.35268433312244,3.95790576371341,11429.073893485,71.605354,"19,59"
98620619,3736.01,PC,PC,13.3273,2460286.244876,2.20911860047522,3.21005018181035,11835.2542580121,15.141719,"19,59,73"
96074951,3737.01,PC,PC,11.4963,2459912.415649,5.5609997,4.204,9170,29,"19,44,59"
312689217,3738.01,PC,PC,12.1502,2459474.306264,4.38475937084945,4.71047271077704,8783.8532254237,100.99528,"19,43,44,45,59,71,72"
311441461,3739.01,PC,PC,13.1072,2459911.354239,3.44715588468204,3.74355768307061,9497.75563851286,17.343328,"19,59"
87597187,3740.01,PC,FA,12.878,2458838.028588,2.0449361,2.732,29540,82,19
701926762,3741.01,PC,PC,13.1002,2458838.028865,2.0449545,2.763,36060,83,19
286696848,3742.01,O,FP,12.8814,2458835.622721,8.9279009,3.278,49560,60,19
87091417,3743.01,PC,PC,12.7508,2458840.233156,2.1186344,2.553,4200,12,19
86075481,3744.01,PC,PC,12.4084,2459911.429374,3.90105086623934,4.27438025665804,3017.5555288976,9.604012,"19,59"
666567477,3745.01,PC,FP,13.1464,2458838.180464,1.6883103,2.674,7400,11,19
284747017,3746.01,PC,FP,11.7603,2458839.923433,1.8012697,3.182,1800,12,19
647636934,3747.01,PC,PC,12.5715,2459911.552961,1.5503071689468,2.32424945942824,4601.82131204441,12.168515,"19,59"
82622707,3748.01,PC,PC,13.2064,2459911.985168,2.37530092881222,1.5021940437751,9683.8865565383,12.88492,"19,59"
284174392,3749.01,PC,PC,13.2474,2459911.346754,1.8751894,2.798,9200,32,"19,43,44,59"
468777766,3750.01,PC,PC,12.9865,2458826.425862,12.4844641,2.827,17130,27,19
284173938,3751.01,PC,PC,12.8826,2459910.877562,2.9157041,3.375,12630,49,"19,43,44,59"
81597356,3752.01,PC,PC,12.8963,2459883.538733,2.80542211145626,3.6911464171213,7470.28650349368,22.591478,"18,19,58,59"
467783290,3753.01,PC,FP,12.4332,2459521.512909,3.6502527,2.506,9000,44,"19,43,44"
81593515,3754.01,PC,PC,11.8974,2458839.285714,2.5312823,4.428,1320,11,"18,19"
281196902,3755.01,PC,CP,12.079,2460291.216212,5.54557977349966,3.11709960148236,8040.28326740147,20.1026,"19,59,73"
67300566,3756.01,PC,APC,11.5552,2459912.449974,4.42367318911426,1.47114922330627,10682.1531771965,25.42691,"19,59"
445751830,3757.01,CP,CP,13.1858,2459911.667339,3.43919542546311,1.66810964781806,32914.4087358382,42.049465,"19,59"
280254984,3758.01,PC,PC,12.5489,2459736.687477,3.4177514,3.415,10160,43,"18,19,52"
27244707,3759.01,PC,FP,12.816,2458838.180194,1.6882863,2.636,5190,10,19
440186528,3760.01,PC,APC,13.0123,2458840.868452,0.5318566,0.955,15890,21,"19,59"
275703182,3761.01,PC,PC,12.8508,2458812.228444,25.8944827,2.136,27610,25,"18,19"
9833284,3762.01,PC,PC,10.6872,2458839.718032,0.6843601,0.762,720,12,19
432114158,3763.01,PC,PC,12.5159,2459910.768255,2.00426607061813,3.2004170704794,8701.89050632639,24.669828,"19,59"
275702126,3764.01,PC,PC,12.5944,2459911.460385,6.57185338156307,2.4724721675758,8510.36805272771,11.58479,"18,19,59"
432078760,3765.01,PC,PC,11.7734,2459913.047807,3.14795319738652,3.35025542777885,10550.5908783344,37.107487,"19,59"
9830791,3766.01,PC,FP,13.1021,2458835.348947,3.5414573,2.83,5930,10,19
274545328,3767.01,PC,PC,13.4784,2460287.763305,2.39077513945134,4.18278980318761,10809.3425575099,8.64282,"19,59,73"
268172361,3768.01,PC,PC,12.9859,2460286.372607,2.1803153673561,2.66293080752481,8016.02638723038,22.006554,"19,59,73"
428251130,3769.01,PC,PC,10.5375,2458821.027915,10.3380912,3.972,6750,42,"18,19"
8621049,3770.01,PC,APC,13.4706,2458840.119677,0.9183768,1.009,6480,9,19
3364732,3771.01,PC,PC,13.1454,2459476.041428,3.62386615708632,2.72310795358146,11798.111433687,35.9334,"19,43,44,45,59,71"
426319499,3772.01,PC,PC,12.6409,2460287.542966,4.16891445287283,2.19051980441523,7081.42015206012,14.92673,"19,59,73"
266772500,3773.01,PC,PC,12.5517,2459912.938613,2.95080974703101,2.16997930036896,8878.20309941843,17.066338,"19,59"
704012376,3774.01,PC,PC,13.3678,2458865.318987,1.5970752,1.313,15510,14,20
68850908,3775.01,PC,PC,13.1657,2459598.37887,5.3868381,3.225,18740,47,"20,44,45,47"
68388114,3776.01,PC,APC,12.9076,2459548.392348,1.3312309,1.396,7150,26,"20,44,45"
802227190,3777.01,PC,PC,13.1961,2458867.780707,2.3365744,2.53,4580,12,20
53307409,3778.01,PC,PC,13.0221,2459596.981243,5.60898858138467,2.75147994871926,7494.88201616203,16.296915,"20,47,60"
742648307,3779.01,PC,PC,13.4167,2459937.958248,1.61805775970696,1.82049688543106,17254.7980934811,18.332323,"20,47,60"
468832904,3780.01,PC,PC,13.4718,2459391.613431,1.40053082101192,2.17552763490813,21518.3969125583,81.14618,"19,20,40,53,59,60"
470974162,3781.01,EB,FP,12.3794,2459603.239373,3.2583798,2.196,4800,30,"20,47"
396813816,3782.01,PC,APC,12.0149,2458864.19712,10.3918699,1.167,4800,17,"19,20"
459755750,3783.01,PC,PC,12.8426,2459604.198616,6.1080224,4.68,7840,30,"20,47"
339503267,3784.01,PC,PC,13.2906,2459912.026871,4.93866756771568,3.28812573087113,4880.25497838742,12.192144,"19,20,59,60"
458419328,3785.01,PC,CP,12.4963,2459604.77275,4.6747218,1.61,8200,20,"20,47"
321250206,3786.01,PC,APC,12.3433,2458865.144467,2.1040634,1.38,3200,12,20
457104362,3787.01,PC,PC,13.398,2459604.335042,4.81631621077235,3.58307788833668,15809.0676842909,42.313972,"20,47,60"
312811620,3788.01,PC,PC,11.3321,2458863.845509,3.0923729,3.061,7200,62,20
453410966,3789.01,PC,PC,13.1351,2459602.973528,4.12000399799647,1.9086349021183,13334.2651359377,26.319288,"20,47,60"
29117085,3790.01,PC,FP,11.2119,2458846.993395,13.247777,3.301,13420,48,20
400432230,3791.01,PC,PC,11.5787,2459827.042109,3.1833919,2.017,9850,129,"14,15,16,20,40,41,50,54,55,56"
453348525,3792.01,PC,APC,12.7859,2458867.809578,0.7729066,1.109,2850,11,20
29105766,3793.01,PC,PC,13.1701,2459606.578007,3.25513153030681,2.34407348914156,14394.405536406,33.467148,"20,47,60"
416539317,3794.01,PC,FA,12.4091,2459604.715425,2.2019606,4.326,960,8,"20,47"
253030300,3795.01,PC,FP,12.2361,2458865.943138,2.8300213,1.646,3790,12,20
393251073,3796.01,EB,FP,11.6387,2458849.115258,14.9857436,5.8,9980,49,20
252912175,3797.01,PC,PC,11.7983,2459586.242515,17.6229161,2.976,8430,41,"20,47"
22683951,3798.01,PC,PC,12.7739,2459604.436695,2.67974356353258,2.02926721607661,9857.92338306414,31.311481,"20,47,60"
373614579,3799.01,PC,FP,12.7085,2459605.774678,8.20648666119672,2.96785421218809,29281.2259568654,92.820114,"20,47,60"
21291176,3800.01,PC,PC,11.7248,2458866.227324,1.6667559,2.35,1730,13,20
373612558,3801.01,PC,PC,12.9395,2459606.426277,5.86779214033263,3.40051198921372,14083.5242427624,46.6177,"20,47,60"
190250689,3802.01,PC,PC,12.5548,2458866.749372,1.4658218,1.294,8700,29,20
353498819,3803.01,PC,PC,12.1957,2459603.238059,2.5492773,2.301,3970,25,"20,47"
312991501,3804.01,PC,PC,13.1225,2460313.036448,3.29056832443105,2.78992664980427,18079.6226419648,40.06762,"14,20,40,47,53,60,74"
189852832,3805.01,PC,PC,12.7251,2458860.700619,3.8960447,2.15,13340,25,20
16076354,3806.01,PC,APC,11.9181,2459601.456963,2.9859012,1.205,4150,22,"20,47"
289661991,3807.01,PC,CP,11.5817,2459937.078969,2.8989758,1.307,3680,39,"14,20,40,47,60"
138497780,3808.01,EB,FP,12.2337,2459549.76003,3.67548152883421,2.30057746692248,9843.13301154031,54.45087,"20,43,44,45,60"
252876117,3809.01,PC,PC,13.0456,2458867.346917,3.6346303,2.728,25220,59,20
239136269,3810.01,EB,FP,13.286,2459501.092732,1.05909936358153,0.985340200190892,5155.29731079352,19.535135,"20,44,45,46,47"
138475192,3811.01,PC,PC,11.4102,2459912.976233,2.9594596,0.706,2140,21,"19,20,40,47,52,59"
239134248,3812.01,PC,PC,12.4679,2459602.230996,3.88500005073057,2.88154050576195,18102.2024029998,130.12819,"20,44,45,46,47,60"
4605846,3813.01,PC,PC,13.4461,2459500.95423,3.71786563741709,3.22625335743732,11274.5959098295,40.598377,"20,44,45,46,47,60,72"
155873992,3814.01,PC,PC,12.4988,2459606.149028,4.95131062407773,4.17042624577138,8623.70015283223,49.04616,"14,20,40,41,47,60"
149995163,3815.01,PC,PC,12.3972,2459604.923601,4.8709815,4.437,12380,70,"20,47"
102848207,3816.01,PC,PC,13.4768,2459744.766228,1.0358225,1.191,6610,19,"20,47,53"
99572130,3817.01,PC,PC,13.147,2460287.706913,4.85048185868153,4.99570582652163,6852.33504687465,21.261015,"20,40,47,53,60,73"
99097200,3818.01,PC,PC,13.2237,2459601.148849,3.23715013580644,3.35113154798797,10146.6837063159,27.33125,"20,47,60"
95660472,3819.01,CP,CP,11.9824,2459502.744728,3.24429897599214,2.68874981331443,5692.00483087658,59.23447,"20,44,45,46,47,71,72"
95234976,3820.01,PC,PC,11.5562,2459503.092356,5.42907806809428,3.10185056618397,7391.60847734281,58.78666,"20,44,45,46,47,71,72"
88485645,3821.01,PC,PC,13.0367,2459602.180529,2.59725507370428,2.74034578491603,9907.48142666326,19.642706,"20,47,60"
88385463,3822.01,PC,PC,12.3381,2459601.358946,3.12351790163408,2.71452349688804,15459.8027575966,82.980156,"20,47,60"
81212289,3823.01,PC,APC,11.4534,2459605.942792,0.6848358,0.88,1430,17,"20,47"
71134735,3824.01,O,FA,13.041,2459580.850929,2.33789447190935,2.5247351651633,4971.1871391638,13.84058,"20,47,60"
39077574,3825.01,EB,FP,13.2971,2459629.957296,7.1404043,1.719,8300,10,"21,48"
9346507,3826.01,PC,APC,12.6865,2459632.217096,4.9807125,3.333,26850,94,"21,48"
8677530,3827.01,PC,FA,12.033,2458897.512084,2.91463,2.977,9960,48,21
841226526,3828.01,PC,PC,11.227,2459585.919343,19.5105608,4.471,3300,23,"14,20,21,40,41,47"
801354155,3829.01,PC,PC,12.3722,2459632.099977,2.9150294,2.819,13530,67,"21,48"
445807396,3830.01,PC,PC,13.239,2459631.561236,3.2493152,1.849,9260,23,"21,48"
393853275,3831.01,PC,PC,13.1894,2459635.338271,1.7088305,1.871,9720,31,"21,48"
356736743,3832.01,PC,PC,12.6635,2459604.064414,24.0819851,4.032,7830,29,"14,20,21,40,41,47,48,60"
356539624,3833.01,PC,APC,13.3585,2459635.915521,0.4399856,0.603,6830,40,"21,41,47,48"
355953198,3834.01,PC,PC,13.2742,2459631.909611,3.3952015,2.368,8260,36,"20,21,40,41,47,48"
330795142,3835.01,PC,PC,12.5984,2459633.636146,1.3460633,1.829,15780,57,"21,48"
900240532,3836.01,PC,PC,12.9621,2459633.448417,2.5733766,2.457,6710,22,"21,48"
308073360,3837.01,PC,CP,11.366,2459613.379817,11.8886495,4.803,7800,66,"21,45,46,48"
307915084,3838.01,PC,APC,12.7477,2459635.460006,0.8275646,1.056,3670,17,"21,48"
298074043,3839.01,PC,PC,12.8957,2459632.828449,3.0193545,1.345,2360,14,"14,15,20,21,40,41,47,48,60"
287231664,3840.01,PC,PC,13.1697,2459633.530048,3.6217624,2.963,6140,24,"21,47,48"
252474634,3841.01,PC,PC,13.0933,2459629.928738,4.1124956,1.90711447395496,5537.32507713673,13,"21,48"
165985431,3842.01,PC,PC,12.6496,2458895.099104,3.6566206,2.557,21730,62,21
841226527,3843.01,PC,FP,11.4794,2458883.544637,19.5112506,3.896,4080,20,"14,20,21"
165885558,3844.01,PC,APC,12.9959,2459606.766668,0.896271,0.996,12490,57,"21,47"
156816238,3845.01,EB,FP,12.7553,2459632.687208,2.1461672,1.942,14110,56,"21,48"
149918151,3846.01,KP,KP,12.9178,2459632.94338,1.540776,1.705,27310,161,"14,21,41,48"
149917086,3847.01,PC,PC,12.228,2459616.654357,11.0783748,2.673,9060,48,"14,21,41,47,48"
147994863,3848.01,PC,PC,13.3104,2459592.007861,15.9544918,3.742,12480,22,"14,20,21,40,41,47,48"
147890655,3849.01,PC,PC,13.2705,2459938.035061,1.2220437,1.871,20110,115,"14,20,21,40,41,47,60"
143008050,3850.01,PC,PC,12.4645,2459614.177984,14.4832964,4.696,10870,49,"15,21,41,48"
142739544,3851.01,PC,CP,11.1774,2459762.517731,3.383466,2.746,1400,25,"14,20,21,40,41,53"
142635225,3852.01,PC,PC,13.191,2459945.476803,16.1020097,3.871,22600,62,"14,20,21,40,41,47,48,60"
142618165,3853.01,PC,PC,12.1726,2459633.20849,5.6922342,2.975,1550,14,"14,20,21,40,41,47,48,60"
142562395,3854.01,PC,PC,13.2278,2459940.223533,3.2693612,2.029,10790,44,"14,20,21,41,47,48,60"
126325149,3855.01,PC,PC,13.4791,2459574.053318,3.4952497,1.745,19250,46,"21,44,45,46"
125552076,3856.01,PC,PC,11.655,2459631.884549,2.0436029,1.513,12980,110,"21,48"
105379013,3857.01,PC,PC,13.167,2458894.492951,3.2956376,2.487,20300,41,21
86273567,3858.01,PC,PC,11.1971,2459606.486129,16.5968329,4.395,1750,17,"20,21,47,60"
1122079,3859.01,PC,APC,12.7134,2458924.770085,1.8460997,1.706,3740,14,22
416542079,3860.01,PC,PC,13.3887,2459661.296287,3.0012386,3.164,13660,41,"15,22,49"
396950329,3861.01,PC,PC,12.3903,2459663.904525,1.7763987,0.638,5670,31,"22,45,46,49"
141205978,3862.01,PC,CP,11.7201,2459662.738608,1.5574603,1.272,3900,41,"15,22,48,49"
383531543,3863.01,PC,PC,12.8385,2459633.270394,10.9543562,4.737,8770,21,"22,49"
1001477809,3864.01,PC,FP,13.0949,2458904.350933,7.6605425,4.425,5210,19,"14,15,16,21,22"
376688393,3865.01,PC,PC,12.5759,2459662.921724,3.011593,1.894,6740,23,"22,49"
376632626,3866.01,PC,PC,13.2252,2459660.52553,2.1371195,2.38,15620,48,"22,49"
320208949,3867.01,PC,PC,12.7251,2459653.142376,5.7310859,1.693,10870,28,"15,16,22,49"
310994622,3868.01,PC,PC,12.3572,2459660.902382,18.565813,3.82,9420,46,"14,15,21,22,41,48,49"
253044312,3869.01,PC,APC,12.0089,2459648.92653,11.2005651,1.367,7000,29,"22,48,49"
165989915,3870.01,PC,PC,12.565,2459662.837468,2.6292572,1.582,3790,36,"14,15,16,21,22,41,48,49"
165468291,3871.01,PC,PC,12.3591,2459662.673642,4.754432,2.147,13130,49,"22,49"
165431806,3872.01,PC,PC,12.3882,2459635.328178,4.4100654,2.362,6450,27,"22,48"
154126149,3873.01,PC,PC,12.6262,2459657.89795,3.8951475,1.386,8970,58,"14,15,21,22,41,47,48,49"
154105890,3874.01,PC,PC,13.0635,2459659.349904,5.5822739,1.463,7390,28,"14,15,20,21,22,40,41,47,48,49"
153978165,3875.01,PC,PC,12.0165,2459662.383448,6.0835972,2.133,8460,62,"14,15,22,41,49"
150388393,3876.01,PC,PC,12.76,2459659.91131,6.5846694,2.572,22460,71,"15,22,48,49"
144310492,3877.01,PC,PC,11.9123,2458920.968885,4.1225477,2.206,5760,30,22
141275395,3878.01,PC,PC,11.3616,2459662.612281,0.8377576,1.074,1410,16,"22,49"
139086171,3879.01,PC,PC,11.3093,2459656.345154,4.8104679,2.547,1940,14,"22,49"
138973825,3880.01,PC,PC,13.0673,2458925.516992,2.1614819,1.076,6340,14,22
136998882,3881.01,PC,PC,12.131,2459658.750228,3.3401814,2.452,4960,29,"22,49"
101643582,3882.01,PC,APC,11.8825,2458924.543804,2.071333,2.282,1920,13,"22,49"
99330090,3883.01,EB,FP,11.1693,2459443.719241,7.0080817,3.179,14900,169,"15,21,22,41"
86263325,3884.01,CP,CP,12.9113,2459656.499824,4.5445569,1.6368258026733469,35598.632742179936,36,"22,46,49"
55748194,3885.01,PC,FA,12.293,2458923.581192,2.5227786,2.177,18880,49,"15,21,22"
48220826,3886.01,PC,PC,13.4971,2460454.788418,3.02154284748582,3.08889003933254,15111.7114542109,41.924004,"14,15,19,22,40,41,53,54,55,56,59,79"
21549805,3887.01,PC,PC,12.7279,2459658.34288,4.2441117,3.771,7540,26,"22,49"
18067025,3888.01,PC,PC,13.0874,2459661.932316,5.3298577,1.95,9330,18,"22,49"
950525831,3889.01,PC,PC,12.4244,2459635.025563,2.5228506,2.15,21300,107,"15,21,22,41,48"
18017227,3890.01,PC,FP,11.9245,2459634.770884,0.6203033,1.031,1390,16,"22,48"
459215281,3891.01,PC,PC,12.387,2459659.435404,2.7694074,2.692,1010,10,"15,16,22,48,49"
3896759,3892.01,PC,PC,11.9956,2459663.101417,4.5808535,3.488,11480,54,"22,49"
458424950,3893.01,PC,PC,12.852,2459655.552232,9.0576962,2.37,3430,11,"22,49"
165464482,3894.01,PC,CP,11.323,2459657.9546,4.3345378,3.336,10000,127,"15,16,22,49"
3808740,3895.01,PC,PC,12.7533,2459664.070543,6.6713748,3.299,7480,16,"22,49"
445837596,3896.01,PC,PC,11.6832,2459634.322384,4.3773113,2.329,1430,16,"15,21,22,41,48"
154181821,3897.01,PC,PC,11.9937,2459655.100154,7.6607094,4.261,1860,23,"14,15,16,21,22,41,48,49"
450337675,3898.01,PC,PC,13.4312,2459678.057054,8.6789911,3.865,9700,16,"23,50"
441697509,3899.01,PC,PC,11.0866,2458951.991759,5.2077671,2.369,850,12,"15,16,22,23"
366755319,3900.01,PC,PC,11.9689,2458932.910253,14.7802661,3.497,6840,18,23
357373216,3901.01,PC,PC,13.3215,2459681.957257,9.546972,2.112,17300,30,"16,22,23,49,50"
310094771,3902.01,PC,PC,13.3819,2459690.091621,2.9406027,1.167,9820,14,"23,50"
288434231,3903.01,PC,PC,13.403,2459660.241436,14.8496574,4.287,8710,20,"16,22,23,49"
233462817,3904.01,PC,APC,11.3815,2459675.336571,10.1614815,1.259,3230,22,"15,16,22,23,49,50"
180672438,3905.01,PC,PC,13.0187,2459664.128775,5.3599361,3.407,11350,27,"22,23,49"
180607846,3906.01,PC,APC,12.773,2459662.977476,0.6451059,0.573,3430,19,"22,23,49"
165723070,3907.01,PC,PC,12.8532,2459714.521101,1.7213564,2.035,11890,73,"15,16,22,23,49,50,51"
165412561,3908.01,PC,APC,11.4582,2459637.989586,1.46809916961557,2.04565979982213,18506.4662143583,118.84754,"16,23,49,50"
161003569,3909.01,PC,PC,12.3758,2459688.544439,3.5115357,3.527,9290,77,"16,22,23,49,50"
158617175,3910.01,PC,PC,12.0581,2459686.227148,5.7158895,2.437,22050,172,"15,16,22,23,49,50"
158497525,3911.01,PC,PC,11.6301,2459677.077572,9.3517097,2.682,1590,16,"16,22,23,49,50"
156648452,3912.01,PC,CP,11.8747,2459687.370442,3.4936188,3.355,9730,69,"23,50"
155898758,3913.01,PC,PC,12.5764,2459687.087393,4.0384773,1.185,8110,31,"16,23,49,50"
139118482,3914.01,PC,FP,11.3366,2458946.965104,6.7136512,3.541,11490,72,23
81247877,3915.01,PC,PC,12.3655,2459688.491692,2.2012625,2.175,25690,122,"23,50"
68074302,3916.01,PC,PC,12.9339,2459685.744404,3.4014954,1.959,7370,23,"16,23,50"
68035558,3917.01,PC,FA,11.483,2458953.314052,8.3289771,2.984,6010,20,23
23815847,3918.01,PC,PC,13.4565,2459691.328329,3.0654283,2.194,5850,15,"16,23,49,50"
23769326,3919.01,PC,CP,12.3342,2459682.83197,7.4332642,3.051,6000,31,"16,23,49,50"
2016376984,3920.01,PC,FA,12.7509,2458981.334869,2.317939,1.676,13140,41,"16,17,24"
1101909431,3921.01,O,FP,12.5638,2458935.789582,23.2556119,7.878,35720,90,"16,23,24"
1101855081,3922.01,PC,PC,12.251,2459715.758828,3.8960617,1.734,22610,115,"23,24,50,51"
467265105,3923.01,PC,PC,13.0743,2460397.501635,4.13778862384159,2.29690365175624,11490.1857603081,30.881489,"15,17,24,55,56,57,77"
456042145,3924.01,PC,FP,13.4802,2458980.246552,2.0474832,3.159,6790,14,"17,18,24"
435167167,3925.01,PC,FP,12.1474,2458979.233689,3.0330919,4.043,1280,11,"17,18,24"
434171145,3926.01,PC,PC,12.089,2459877.813437,2.7873223,3.671,5548,34,"17,24,57,58"
434171113,3927.01,PC,PC,12.7594,2459902.273403,4.4921154,3.108,19562,66,"17,24,57,58"
427153307,3928.01,PC,PC,12.9774,2459851.197608,2.2035349,2.573,7570,23,"16,17,24,56"
422554579,3929.01,PC,PC,13.2363,2459909.656029,3.4608812,3.608,16514,45,"17,18,24,57,58"
422514153,3930.01,PC,PC,12.6265,2459876.498062,2.9284231,3.835,5159,32,"16,17,18,24,56,57"
421336001,3931.01,PC,PC,13.4428,2460396.485355,7.66440004048845,4.18889230107071,8534.56383569964,27.020561,"14,15,16,17,20,24,40,41,47,50,54,55,56,57,58,60,77"
408094424,3932.01,PC,APC,11.3258,2459849.877536,2.4892754,1.513,2750,20,"16,17,18,24,56,58"
388393034,3933.01,PC,PC,13.2345,2459881.419784,1.97549,2.409,5457,14,"17,24,57"
375981105,3934.01,PC,PC,12.7091,2459885.575468,11.7512673,2.143,7683,14,"17,18,24,57,58"
372207084,3935.01,PC,PC,13.4234,2459908.987824,1.2257683,1.874,5512,20,"16,17,18,24,58"
371676181,3936.01,PC,PC,12.5722,2459881.848754,1.4858906,1.697,7264,25,"17,24,57"
367425982,3937.01,PC,PC,12.9577,2460435.855669,1.69235728515888,1.99124327060954,20172.9323967611,93.663895,"16,18,24,57,58,78"
367333043,3938.01,PC,FP,13.2875,2458979.960331,2.8778095,2.824,4830,15,"17,18,24"
366115856,3939.01,PC,PC,13.2129,2459908.695489,2.3466472,1.957,25278,80,"17,18,24,57,58"
346081845,3940.01,PC,PC,13.4454,2459879.893471,3.4895723,2.378,32560,38,"24,57"
345697569,3941.01,PC,PC,12.9307,2459880.907454,2.8817718,2.842,13332,32,"17,24,57"
345329200,3942.01,PC,PC,12.8967,2459854.068815,3.10825144568642,1.5649451093457,5659.4686877216,11.586684,"17,24,57,58"
343330330,3943.01,PC,PC,12.5714,2459850.550846,5.5613023,5.64,2200,15,"15,16,17,24,55,56"
338065029,3944.01,PC,PC,12.5871,2459879.299141,2.3151015,2.084,5256,16,"16,17,24,57"
336824844,3945.01,PC,PC,12.5917,2459885.028959,4.4638411,1.556,3791,9,"16,17,24,57,58"
336399144,3946.01,PC,PC,12.475,2458972.76106,5.7033411,3.039,14730,59,"16,17,24"
336092760,3947.01,PC,PC,12.933,2459905.727594,6.7716021,6.279,4580,18,"16,17,24,57,58"
335489455,3948.01,PC,FP,12.5455,2458978.435452,2.1176601,3.591,2000,14,"16,17,24"
334493051,3949.01,PC,PC,13.4743,2459881.384085,2.2297524,2.498,8798,24,"16,17,18,24,57"
334394274,3950.01,PC,PC,13.3364,2459851.55939,3.4488281,3.091,14430,34,"16,17,24,56"
334385701,3951.01,PC,PC,13.3788,2459849.974225,2.1861455,2.42,8780,22,"16,17,24,56"
321861405,3952.01,PC,PC,11.9401,2459907.76999,2.9897732,3.06,12893,63,"16,17,18,24,57,58"
320503729,3953.01,PC,PC,13.3171,2459711.899052,2.9873441,1.668,6090,37,"14,15,16,17,18,19,20,21,22,23,24,40,41,47,48,49,50,51"
316453500,3954.01,PC,PC,13.3356,2459878.252241,3.4043154,0.805,9317,13,"16,17,24,57"
314375831,3955.01,PC,PC,12.402,2460396.977733,3.12749506723181,2.56393912969456,13633.9167280851,22.738808,"16,17,24,57,77"
309849817,3956.01,PC,PC,13.0795,2459716.708724,2.6686464,1.249,7370,14,"16,23,24,49,50,51"
305550963,3957.01,EB,FP,13.2445,2459850.65687,1.5891628,1.576,3550,13,"15,16,17,24,56"
279383896,3958.01,PC,PC,11.5687,2459864.071397,12.0031645504887,5.21455280120104,5497.30019579401,24.09464,"17,18,24,57,58"
275421144,3959.01,PC,PC,13.0367,2459848.264998,3.8426038,2.022,5880,19,"16,17,18,24,56"
272785423,3960.01,PC,PC,13.2091,2459716.189621,3.2399875,2.749,18440,146,"14,15,16,17,18,20,21,23,24,41,47,48,49,50,51"
272219353,3961.01,PC,PC,12.8669,2459880.628277,3.5434689,1.849,20265,32,"17,18,24,57"
271761420,3962.01,PC,PC,12.4615,2459879.600582,3.3501179,1.651,4066,15,"17,18,24,57,58"
271439193,3963.01,PC,FP,12.2996,2459876.941322,6.2329571,3.043,2367,9,"17,18,24,57"
270435047,3964.01,PC,FA,12.8114,2458979.203279,1.8011961,3.23,2280,10,"17,24"
269043098,3965.01,PC,PC,12.8051,2459903.350719,4.7253516,5.123,7817,33,"17,18,24,57,58"
262880826,3966.01,PC,APC,12.0753,2459684.28561,3.9967263,2.886,12060,73,"23,24,50"
256867493,3967.01,PC,PC,12.1661,2459817.727215,4.6709424,0.101,870,6,"14,15,16,17,21,24,41,51,55"
252071095,3968.01,PC,APC,11.7345,2459879.247689,2.2171904,1.639,3010,20,"17,24,57"
252049912,3969.01,PC,PC,12.5806,2459876.29526,3.8522402,4.195,17145,29,"17,24,57"
237221436,3970.01,PC,PC,13.3604,2459894.325894,10.6001229,5.375,6115,24,"14,17,18,19,20,23,24,40,47,50,52,53,54,57,58"
237077180,3971.01,PC,PC,13.4642,2459823.782533,3.2292942,2.47,10130,21,"15,17,24,55"
284206913,3972.01,PC,PC,10.7486,2459903.238824,10.511362,3.112,16120,125,"17,18,24,58"
233654042,3973.01,PC,PC,13.0646,2459716.388509,2.0615575,1.694,4560,14,"23,24,50,51"
156007004,3974.01,PC,PC,13.3926,2459715.060453,1.7922888,1.622,18880,62,"23,24,50,51"
155947004,3975.01,PC,FP,11.8993,2458973.711868,9.4258906,2.406,4450,16,"16,23,24"
154293917,3976.01,PC,CP,11.8136,2458978.133817,6.6080989,3.928,6740,24,"16,23,24"
116382006,3977.01,PC,PC,11.379,2459679.942181,23.2547644,7.935,9410,44,"16,23,24,50,51"
468329664,3978.01,PC,PC,13.4497,2459736.354717,3.5472157,4.503,6550,19,"18,19,24,52"
444523623,3979.01,PC,FP,12.9447,2458979.93011,2.041659,3.521,3230,13,"17,18,24"
312548829,3980.01,PC,PC,11.863,2459907.83037,3.6089193,2.255,5318,27,"17,18,24,58"
312548415,3981.01,PC,FP,12.9165,2458981.5001,2.2437501,3.821,2880,10,"17,18,24"
25773352,3982.01,PC,PC,12.9324,2459881.803399,5.3438948,4.139,6479,18,"17,24,57"
20303110,3983.01,PC,FA,11.208,2458975.507347,3.8961515,1.742,8620,64,"23,24"
20182780,3984.01,PC,CP,13.4609,2459715.022491,4.3533211,1.894,21740,35,"23,24,50,51"
604863428,3985.01,PC,FP,13.2638,2458981.690526,3.2358535,3.777,5460,11,"17,18,24"
470911286,3986.01,PC,FP,12.5225,2458981.484997,1.6212474,3.262,1100,10,"17,18,24"
452972453,3987.01,PC,FA,12.753,2458981.689588,3.2358247,3.629,3260,11,"17,18,24"
452938965,3988.01,PC,PC,12.2454,2459904.651667,2.8744227,4.081,5002,30,"17,18,24,58"
444413256,3989.01,PC,FP,11.9551,2459905.714944,4.0104917,2.293,6051,30,"17,18,24,58"
420446142,3990.01,PC,FP,11.6697,2458980.604616,5.8423636,2.416,2280,10,"17,18,24"
418133917,3991.01,PC,FP,12.1197,2458981.868452,2.2774846,3.756,1520,12,"17,18,24"
403347341,3992.01,PC,PC,12.4316,2459906.078021,6.397886,2.296,9792,31,"17,18,24,57,58"
403340402,3993.01,PC,PC,11.5625,2459853.946215,2.22370665306777,2.73379460295499,4640.04768934537,15.425734,"17,18,24,57,58"
372505528,3994.01,PC,FP,11.0986,2458977.165523,3.8974136,2.061,1990,19,"17,18,24"
347210614,3995.01,PC,APC,12.1602,2459870.688806,6.4219775,4.211,22004,53,"17,24,57"
347011522,3996.01,PC,FP,12.0205,2458973.929734,17.2045725,4.987,3770,11,"17,24"
327004130,3997.01,PC,PC,12.9854,2459908.19918,3.4600026,1.827,8214,19,"17,18,24,57,58"
320281287,3998.01,PC,PC,12.1134,2459880.386105,1.81451,1.746,12864,64,"17,18,24,57"
284528889,3999.01,PC,FP,11.6437,2458981.890738,4.112385,3.474,2110,16,"17,18,24"
283015592,4000.01,EB,FP,12.5696,2459854.029466,3.7027214211357995,3.8099577374868923,12963.870875247943,88.65718,"17,18,24,57,58,77,78,85"
83148519,4001.01,PC,PC,11.7194,2459904.236518,4.8982659,2.874,2055,14,"17,18,24,58"
83053699,4002.01,EB,FP,12.9214,2459876.382409,3.3378852,3.261,5564,15,"17,18,24,57"
399346877,4003.01,PC,PC,12.9762,2459718.824292,3.9606593,3.442,5810,18,"18,24,25,52,58"
397924314,4004.01,PC,PC,12.849,2459882.88297,5.3798996,2.85,8550,22,"18,24,25,52,58"
395773226,4005.01,PC,FP,11.7899,2459008.270987,3.8471662,2.214,1770,11,"18,25"
390048041,4006.01,O,FA,12.715,2459720.303663,3.04916671740863,4.02628354848046,6641.05154204516,13.925139,"18,24,25,52"
389910188,4007.01,PC,PC,12.4705,2459901.436833,4.5432349,3.609,12236,38,"18,24,25,58"
379629854,4008.01,PC,FP,10.702,2459008.075403,2.8278059,2.174,650,10,"18,19,25,52,58"
368734712,4009.01,PC,PC,12.1693,2459882.41759,4.3271416,2.382,5340,28,"18,24,25,52"
352682207,4010.01,CP,CP,11.5163,2459720.20187,5.41462349277716,2.94172609206543,4983.07562892331,25.607063,"24,25,52,58"
352682207,4010.02,CP,CP,11.5163,2459721.424279,14.7091662400563,3.62781517609625,5047.93263107877,18.941128,"24,25,52,58"
352682207,4010.03,CP,CP,11.5163,2459741.038966,1.34830750211922,1.75683308208086,1206.35358839254,11.874824,"24,25,52,58"
289264348,4011.01,PC,PC,13.2395,2459740.018427,4.3359117,3.461,8530,20,"18,19,25,52,58"
280315875,4012.01,PC,PC,13.3507,2459883.126997,1.82544,1.744,21650,55,"18,19,25,52,58"
279265701,4013.01,PC,PC,13.0217,2459740.947451,2.6325313,4.167,4220,17,"18,19,24,25,52"
85791385,4014.01,PC,PC,13.4891,2459738.792333,2.8067423,1.997,17630,30,"19,25,52"
85429139,4015.01,PC,PC,10.767,2459738.474297,4.7427131,3.115,13560,156,"19,25,52"
461491274,4016.01,PC,PC,13.1216,2459909.097876,1.8137851,1.29,3625,11,"17,18,24,25,58"
461491274,4016.02,PC,PC,13.1216,2459886.075235,4.396200882903183,3.9496948501283917,4441.97113177135,9.092153,"58,78"
407313319,4017.01,PC,PC,12.636,2459741.999561,7.0423707,2.687,5890,20,"18,24,25,52"
407243316,4018.01,PC,PC,13.4612,2459905.413879,3.0755983,1.617,6482,10,"17,18,24,25,58"
284305328,4019.01,PC,FP,12.6967,2459883.460104,2.2963814,2.649,7950,49,"17,18,24,25,58"
10974783,4020.01,O,FA,11.852,2459719.596851,3.217444562567864,3.891734813587938,11554.503178954385,30.41614,"18,24,25,52,58"
10507330,4021.01,PC,PC,11.08,2459737.995607,5.1175439,1.483,3090,19,"18,24,25,52"
1271152446,4022.01,PC,PC,13.3972,2459652.598161,7.2089041,3.445,6140,31,"14,15,16,17,18,19,20,21,22,23,25,40,41,47,48,49"
470678283,4023.01,PC,PC,13.4975,2459768.045481,2.7991658,2.157,9180,38,"18,19,20,25,40,47,52"
470169396,4024.01,PC,PC,13.2309,2459909.262917,6.3262148,5.353,4928,20,"17,18,19,24,25,52,58"
441730540,4025.01,PC,PC,13.3177,2459826.494303,16.2840915,6.45,4600,27,"14,16,17,18,19,20,21,22,24,25,40,41,47,48,49,50,51,52,53,54,55,56"
428963229,4026.01,PC,PC,13.1759,2459719.845178,3.12397707608508,2.73696003802303,4477.13794660026,19.247345,"17,18,19,24,25,52,58,59"
427866520,4027.01,PC,PC,11.3099,2459907.148211,3.6074546,2.197,1168,10,"17,18,24,25,57,58"
406634633,4028.01,PC,PC,13.0911,2459884.285896,3.9589142,2.42,16160,40,"17,18,24,25,52,58"
393633044,4029.01,PC,PC,11.1718,2459711.649348,5.8850401,3.622,3030,11,"24,25,51"
390021939,4030.01,PC,PC,13.2338,2459764.28652,2.5089892,2.341,2970,22,"14,15,16,17,18,19,20,21,22,23,24,25,40,41,48,49,50,51,52,54,56"
389968080,4031.01,PC,PC,13.2687,2459588.254771,10.0462595513481,2.17887117504089,18214.2478782661,53.002144,"14,15,16,17,18,19,20,21,22,23,24,25,40,41,47,48,49,51,52,53,54,55,56,57,58,59,60"
387603144,4032.01,PC,FP,11.0498,2459007.401949,2.4567112,1.716,530,9,"15,16,17,18,24,25"
387330895,4033.01,PC,PC,13.2787,2459905.03388,3.6142971,2.016,14219,44,"15,16,17,18,24,25,52,56,57,58"
375654303,4034.01,PC,PC,12.5798,2459853.880406,1.8020923,2.949,8570,67,"17,18,24,25,52,57"
372392226,4035.01,PC,PC,13.0874,2459907.065594,3.0295916,2.473,14333,37,"17,18,24,25,58"
367913453,4036.01,PC,FP,12.3618,2459008.757118,2.7761628,2.139,1340,8,"18,19,24,25"
367287018,4037.01,PC,FP,11.3896,2459740.358181,4.7257129,2.701,1740,19,"17,18,19,24,25,52,58,59"
366580825,4038.01,PC,PC,13.0885,2459765.009444,4.2989288,3.022,4590,30,"16,17,18,19,20,22,23,24,25,40,49,52"
366120401,4039.01,PC,PC,12.9186,2459733.900505,4.7308142,3.062,8780,27,"14,25,41,52"
356786657,4040.01,PC,PC,12.3407,2459658.460639,7.13572588612819,2.50948933764817,1047.42059227882,8.318972,"14,15,16,17,18,19,20,21,22,23,25,40,41,47,48,49,50,51,52,53,54,55,57,58,59,60"
345645749,4041.01,PC,PC,10.9342,2459731.3788,7.8808589,4.788,5120,32,"25,51,52"
332393279,4042.01,PC,PC,13.1659,2459008.333798,2.3238426,2.391,9780,16,25
322262448,4043.01,PC,PC,12.2319,2459906.072719,5.1191172,5.563,6317,38,"17,18,24,25,57,58"
307956396,4044.01,PC,FP,13.2653,2459001.28404,4.1508803,2.256,12290,55,"14,15,16,17,18,19,20,21,22,23,24,25"
298264260,4045.01,PC,PC,13.2155,2459672.862005,7.9927894,3.884,16540,48,"16,17,23,25,49,50"
284760740,4046.01,PC,PC,10.6525,2459716.464024,0.7583741,0.748,850,17,"24,25,51"
279769094,4047.01,PC,FP,13.028,2459003.440869,4.5029619,4.169,2890,11,"17,18,24,25"
279605855,4048.01,PC,FP,13.1947,2459007.051404,1.972401,2.435,7460,24,"17,18,24,25"
259274960,4049.01,PC,PC,13.2588,2459590.894466,31.4001189292252,2.54549604822867,15097.0640965811,24.799442,"14,15,16,17,18,19,20,21,22,23,24,25,40,41,47,48,49,50,51,52,53,54,55,56,57,58,59,60"
255865833,4050.01,PC,PC,13.2838,2459662.394947,4.6546139,1.365,5540,16,"15,16,17,18,19,22,24,25,49"
237101326,4051.01,EB,FP,13.0273,2459580.594234,1.5374024030417717,1.1554562228408087,1562.1528688411743,15.56997,"14,15,16,17,19,20,21,22,23,24,25,40,41,47,49,50,51,52,53,54,55,56,57,59,60,73,74,76,77,78,79,80,81,82,83,84,86"
236775063,4052.01,PC,FP,13.0109,2459008.383184,0.7409429,1.084,2460,14,"14,15,16,18,19,20,22,23,25"
235684392,4053.01,EB,FP,13.0309,2459743.50843,21.7894490657459,6.80442924645722,12276.8028409092,41.871796,"17,18,19,20,21,23,24,25,40,41,47,48,50,51,52,53,54,55,57,58,60,90"
233719215,4054.01,PC,PC,13.0533,2459657.554147,17.3567190447934,2.57071021845693,12730.2717115585,42.786495,"14,15,16,18,19,20,21,22,23,24,25,40,41,47,48,49,50,51,52,53,55,56,57,58,59,60"
233053554,4055.01,PC,PC,13.1755,2459853.406756,4.567925,3.047,18440,73,"14,15,16,17,18,20,21,23,24,25,40,41,47,48,50,51,53,54,55,56,57"
232567319,4056.01,PC,PC,11.4354,2459741.743989,5.0518907,3.743,3310,35,"23,24,25,50,52"
230388132,4057.01,PC,PC,13.2611,2459854.89776,2.4076941,1.438,4810,29,"14,15,16,17,18,20,21,22,23,24,25,40,41,47,48,49,50,51,52,55,57,58"
229639351,4058.01,PC,PC,13.4062,2459716.280498,2.8668029,1.879,7280,26,"14,15,16,17,18,19,20,21,22,23,24,25,40,41,47,48,49,50,51"
229605891,4059.01,PC,PC,13.084,2459768.585993,2.0381761,1.988,23020,216,"14,15,16,17,18,19,20,21,22,23,24,25,40,47,48,49,50,51,52,53,54,55"
229508727,4060.01,PC,PC,13.1135,2459755.068432,23.1315739,2.293,8950,19,"14,15,17,18,19,20,21,22,23,24,25,40,41,47,48,49,50,51,52,53,54,55"
224601047,4061.01,O,FA,13.109,2459003.792406,7.2087245,3.506,4690,22,"14,15,16,17,18,19,20,21,22,23,25,47,48,50"
219866209,4062.01,PC,PC,13.4167,2459857.967075,6.7473822,2.112,14810,68,"14,15,16,17,18,19,20,21,23,24,25,40,41,47,48,49,50,51,52,57,59"
219499488,4063.01,PC,APC,13.0444,2459666.271065,1.63230615770005,1.89087200684736,12429.1862217426,27.263409,"24,25,50,52"
219489550,4064.01,PC,PC,12.6555,2459667.343435,3.8823511404217,2.69098329423067,3177.3446529915,10.280736,"24,25,50,52"
219485050,4065.01,PC,PC,12.8377,2459740.847953,3.5908038,3.027,6690,32,"23,25,50,51,52"
193556520,4066.01,PC,PC,13.3925,2459736.642282,6.7201811,3.187,18030,46,"24,25,50,51,52"
162577466,4067.01,O,FP,13.1815,2459666.709157,3.67723912054782,4.25170637259344,13763.2116365298,14.919447,"23,24,25,50"
159334269,4068.01,PC,FP,13.3675,2459008.761746,1.1578392,1.363,9660,45,"14,15,19,20,21,25"
143009290,4069.01,PC,PC,13.0531,2459739.127083,2.7240303,1.649,12600,22,"25,52"
115270627,4070.01,PC,PC,13.0022,2459739.132188,3.1504798,1.096,9210,22,"24,25,51,52"
115182469,4071.01,PC,PC,10.7133,2459001.307881,6.5169955,2.416,930,10,"24,25"
85459171,4072.01,PC,PC,13.3802,2459005.303452,2.1390271,3.556,19090,31,25
648958344,4073.01,PC,PC,11.7332,2459004.435589,2.3079651,2.064,1650,9,"18,25"
628103717,4074.01,PC,PC,12.6844,2459906.211599,3.2175013,3.2,11871,42,"18,24,25,52,58"
627323667,4075.01,PC,PC,13.0731,2459909.355739,3.0492435,3.627,7425,27,"18,24,25,52,58"
57193198,4076.01,PC,PC,12.5834,2459003.614842,4.3965758,2.827,6250,13,"24,25"
57159675,4077.01,PC,PC,12.8682,2459694.838172,5.56791108861255,2.42943677784595,12867.4456847361,27.428925,"24,25,51,52"
444724127,4078.01,PC,PC,12.2305,2459736.714045,3.1639309,3.143,4080,23,"18,24,25,52,58"
444558604,4079.01,PC,PC,12.1484,2459882.628132,1.9872259,2.486,19450,109,"18,24,25,58"
428892437,4080.01,PC,PC,13.3593,2459764.98286,3.7519831,2.891,17240,51,"19,20,25,40,52,53"
421973253,4081.01,PC,PC,10.6675,2460439.965544,9.25840546046666,3.85833230285212,2039.81955888882,18.851496,"24,25,52,58,78"
400899926,4082.01,PC,PC,12.804,2459884.621763,4.625568,3.645,9810,29,"18,24,25,52,58"
399444057,4083.01,PC,FP,11.6433,2459008.356209,2.0714803,3.108,1660,21,"18,24,25"
346673534,4084.01,PC,PC,12.8934,2459751.832931,15.634183,2.888,12980,15,"26,40,53"
336840314,4085.01,PC,PC,11.9705,2459744.048457,2.82853234526358,2.71441580576613,9695.97551028023,40.663517,"26,53,54"
328814605,4086.01,PC,PC,12.111,2459392.549508,5.69175785759394,5.34596190150744,5379.16838024589,44.39955,"19,20,26,40,47,53,59,60"
310002617,4087.01,PC,CP,11.2961,2459765.673618,3.1774814,2.824,14190,338,"14,19,21,26,40,41,47,52"
302381397,4088.01,PC,PC,12.2523,2459912.553706,2.7284428,2.201,10460,75,"19,20,26,40,47,59"
298752252,4089.01,PC,PC,11.6421,2459765.985547,3.2462849,1.513,9210,47,"26,52"
289373041,4090.01,PC,PC,12.5509,2459771.717799,3.177514,2.043,3640,18,"14,26,40,53,54"
289316336,4091.01,PC,FP,11.2834,2459033.693724,3.0038696,3.24,760,9,"14,26"
288242606,4092.01,PC,PC,12.8687,2459739.321322,7.495973,5.366,7790,22,"14,18,19,20,21,25,26,40,41,47,48,51,52"
284454822,4093.01,PC,PC,12.1517,2459902.906585,10.4722034,3.282,1769,18,"14,15,16,17,18,19,20,21,22,23,24,25,26,40,41,47,48,49,50,51,52,53,54,55,56,57,58"
284454822,4093.02,PC,PC,12.1517,2459580.625318,17.7046155300697,4.25554274403746,1283.70583161867,10.565542,"47,48,49,50,51,52,53,54,55,56,57,58,59,60"
280035202,4094.01,PC,PC,11.1004,2459715.956315,4.91117863279156,2.64592442154746,606.396829820625,18,"14,15,16,17,18,19,20,21,22,23,24,25,26,40,41,47,48,49,50,51,53,54,55,56,57,58,59,60"
274974693,4095.01,PC,PC,12.9287,2459762.415394,4.1539244,1.41,7500,20,"24,26,51,52"
272782321,4096.01,PC,PC,12.4983,2459836.287468,10.1045108,3.23,1490,15,"14,15,16,17,18,20,21,23,24,26,41,47,48,49,50,51,53,54,55,56"
264295655,4097.01,PC,PC,12.4222,2459768.767188,2.7741864,2.005,1910,20,"18,19,20,24,25,26,40,52"
264223828,4098.01,PC,PC,12.0216,2459766.922193,1.1789842,0.856,1160,15,"17,18,19,24,25,26,52"
264173803,4099.01,PC,PC,11.9512,2459663.677409,4.3954123,2.306,850,12,"14,15,16,17,18,19,20,21,22,23,25,26,40,41,47,48,49"
243297296,4100.01,PC,PC,12.1308,2459766.756399,3.585982,2.384,2920,48,"14,15,16,17,18,19,20,21,22,23,24,25,26,40,41,47,48,49,50,51,52,54"
243280335,4101.01,PC,PC,12.7584,2459689.642764,4.3202706,1.211,3400,14,"14,15,16,19,20,23,26,40,41,47,49,50"
237235093,4102.01,PC,FP,11.812,2459034.03138,2.6834113,1.146,760,13,"14,15,16,17,18,19,20,21,22,23,24,25,26"
235902467,4103.01,PC,PC,11.2056,2459754.903759,12.2740928,3.532,14450,205,"18,19,20,24,25,26,40,47,52"
235664497,4104.01,PC,PC,12.9978,2459766.722246,2.3757662,3.323,7500,28,"26,40,53"
233576159,4105.01,PC,PC,12.5452,2459658.130221,5.7152049,2.783,2080,24,"14,15,17,18,19,20,21,22,23,24,25,26,40,41,47,48,49,50,51,52,53,54,55"
233535738,4106.01,PC,APC,11.2452,2459738.567408,16.3558787,4.674,1220,26,"14,15,16,17,18,19,20,21,22,23,24,25,26,40,41,47,49,50,51,52"
232632239,4107.01,PC,PC,12.8398,2459660.461464,3.5322939,1.901,2450,19,"14,15,16,17,18,19,20,21,22,23,24,25,26,40,41,47,48,49"
232603560,4108.01,PC,PC,11.9824,2459762.974572,14.4348737,6.023,1640,28,"14,15,16,17,18,19,20,22,23,24,25,26,40,41,47,48,49,50,52,54"
230084146,4109.01,PC,PC,12.73,2459746.880654,12.320331,2.327,5790,29,"15,16,17,18,20,21,22,23,24,25,26,40,41,47,48,50,51,52"
230075120,4110.01,EB,FP,11.1315,2459663.9541,0.7676706,1.057,340,15,"14,15,16,17,18,19,20,21,22,23,24,25,26,41,47,48,49"
230006888,4111.01,PC,PC,12.955,2459768.205231,12.2788421,4.387,4960,22,"14,15,16,17,18,19,20,21,22,23,24,25,26,40,41,47,48,50,51,52,53,54,55"
229976631,4112.01,O,FA,11.024,2459390.813098,10.7166248676311,3.8540185806001,1308.39136651168,20.816416,"40,41,47,48,49,50,51,52,53,54,55,56,57,58,60"
229786610,4113.01,PC,PC,11.101,2459839.07625,22.1575175,3.374,837,12,"14,15,16,17,19,20,21,22,23,25,26,40,41,47,49,50,51,52,53,54,55,56,57"
229408913,4114.01,PC,PC,12.3109,2459657.535697,4.80385391028854,2.7824258610562,2380.3621290263,12.4434395,"14,15,16,17,18,19,20,21,23,24,25,26,40,41,47,48,49,50,51,52,53,54,55,56,57,58,59,60"
199610140,4115.01,PC,PC,12.8076,2459912.623191,2.9855843,1.184,9990,41,"16,17,19,22,23,24,25,26,49,50,51,52,59"
198616607,4116.01,EB,FP,12.4627,2459718.858498,3.6311361860080797,2.9208050112642714,7610.843037243828,50.379078,"14,26,40,53,54,74,75,76,77,78,79"
198189972,4117.01,PC,PC,12.6541,2459602.5846,25.0930010850911,5.53442860484909,5820.93574777655,33.518875,"14,15,16,17,18,19,21,22,23,24,25,26,40,41,47,48,49,50,51,52,53,54,55,56,57,58,59"
193773468,4118.01,PC,PC,12.7376,2459767.000877,2.5551882,2.356,11630,66,"25,26,40,52"
160618074,4119.01,PC,PC,12.9267,2459911.749689,5.201975,1.175,4990,25,"15,16,17,18,19,20,21,22,23,24,25,26,40,41,47,48,49,59"
159438097,4120.01,PC,PC,12.8777,2459914.077004,4.8952783,5.325,4730,53,"14,19,20,21,25,26,40,41,47,48,52,59"
157218656,4121.01,PC,PC,11.6881,2459768.021818,2.8622679,2.646,14440,98,"26,53"
156215204,4122.01,PC,APC,12.0844,2459443.029994,2.4307782,1.708,1310,13,"14,19,21,26,41,47"
153896150,4123.01,PC,FP,11.8522,2460314.561034,2.78794504620021,1.50847571616982,3211.46735595023,18.005358,"20,26,47,53,60,74"
150761163,4124.01,PC,PC,11.436,2459762.989003,3.4138019,2.877,9850,87,"26,40,53"
147761049,4125.01,PC,PC,12.72,2460316.849484,4.7155974356619,3.47480783331776,11242.4339671366,32.91128,"20,26,40,47,53,60,74"
141616639,4126.01,PC,FP,12.3454,2459032.680649,3.2428744,2.417,1470,9,"19,20,26"
141488193,4127.01,CP,CP,11.0383,2459031.931632,56.4043748,4.069,9060,47,"20,26,53"
137420801,4128.01,PC,PC,12.2769,2459911.959304,1.9795413,2.088,2640,22,"19,20,26,40,47,59"
123357034,4129.01,PC,PC,11.8417,2459744.308725,3.2724973,1.459,5320,35,"14,26,40,41,53"
71396541,4130.01,PC,FP,10.7386,2459031.311744,6.269716,3.696,1240,12,"20,26"
47937361,4131.01,PC,PC,12.8667,2459797.858796,2.3382502,2.289,13090,59,"14,26,40,41,53,54,55"
335655755,4132.01,PC,PC,11.8921,2459395.937372,11.7647925653559,4.43381844061323,4428.95919482953,42.101948,"14,15,20,21,26,40,41,47,48,53,60"
468396217,4133.01,PC,PC,12.9532,2459768.396961,4.1571604,4.348,8040,30,"19,25,26,52,59"
420803693,4134.01,PC,FP,11.2063,2459033.325227,0.9135968,1.247,540,11,"19,20,25,26"
288471040,4135.01,EB,FP,10.5893,2459766.355421,2.5139764,2.36,560,31,"14,15,16,17,18,19,20,21,22,23,24,25,26,40,41,47,48,49,50,51,52"
420680343,4136.01,PC,PC,12.1943,2459763.053546,3.7630305,3.503,1580,17,"18,19,25,26,52"
417646390,4137.01,PC,CP,10.8557,2459762.195685,3.8016217,3.223,8310,120,"19,26,52"
257060897,4138.01,CP,CP,11.2633,2459660.607824,3.66003195443592,4.78530137239927,7749.7203264829,209.37764,"14,15,16,20,21,22,26,40,41,47,48,49,53,56,60"
408729765,4139.01,PC,FP,12.9551,2459026.64911,4.6200781,2.149,3480,12,"18,19,25,26"
400103802,4140.01,PC,PC,12.1311,2459910.467019,4.2511214,2.823,13830,107,"19,20,26,40,53,59"
400093775,4141.01,PC,PC,12.5401,2459763.847708,3.6022715,2.752,9700,38,"19,20,26,53"
39573090,4142.01,PC,PC,12.6521,2459767.777771,3.6593967,3.917,4230,21,"25,26,52"
371711170,4143.01,PC,FP,12.1158,2459015.247898,9.8482192,4.24,1670,9,"17,18,19,23,24,25,26"
313194972,4144.01,PC,PC,11.9039,2459744.991419,16.9020565,5.729,14890,104,"19,20,26,40,52"
279947414,4145.01,PC,CP,11.5241,2459767.636557,4.0664446,1.712,19740,235,"18,19,25,26,52,53"
23124038,4146.01,PC,APC,11.5765,2459768.295468,0.7011578,0.932,5890,81,"26,40,53"
138329479,4147.01,PC,PC,12.7833,2459767.712267,2.3745416,3.17,10590,57,"19,20,25,26,40,52"
137157546,4148.01,EB,FP,12.0672,2459721.117312,3.6841446,2.967,2260,21,"18,19,25,26,52"
103096524,4149.01,PC,PC,12.8508,2459768.675673,3.2928068,2.107,16460,55,"25,26,52"
102719996,4150.01,PC,PC,12.8051,2459726.067196,9.79383520369886,4.65423935805026,6228.30713159326,10.776709,"19,25,26,52,53"
406926040,4151.01,PC,PC,11.2924,2459910.920229,11.6999152,3.863,2960,42,"14,15,16,19,20,22,23,26,40,41,47,49,50,53,54,55,56,59"
1813844121,4152.01,PC,PC,11.7729,2459744.512198,1.5822588,2.964,13280,114,"26,40,53,54"
470171739,4153.01,PC,CP,11.1477,2460452.837662,4.6174253907419,4.51731381934158,9412.56005397338,169.56935,"18,19,24,25,26,53,58,59,60,79"
470156846,4154.01,PC,PC,12.7397,2459764.089651,7.3446285,5.044,4210,27,"18,19,20,24,25,26,52"
467331291,4155.01,PC,CP,11.2473,2459913.520622,3.3207642,2.487,940,16,"17,18,19,24,25,26,52,58,59"
462553953,4156.01,PC,PC,10.7152,2459660.594644,4.461878,2.937,500,15,"14,15,19,20,21,26,40,41,47,48,49,53"
462553953,4156.02,PC,PC,10.7152,2458844.820135,12.8226390417398,3.1703391958512,750.905749408423,10.467,"20,21,47,48,49,53,60"
461538935,4157.01,EB,FP,11.5576,2459767.361077,5.289835,3.179,2330,28,"18,20,25,26,40,52,53"
441797394,4158.01,PC,PC,12.275,2459846.562281,13.4167713,2.151,1780,12,"14,15,16,17,18,19,21,22,23,24,25,26,41,47,48,49,51,52,53,54,55,56"
441600335,4159.01,PC,APC,12.2075,2459768.139016,0.8659846,0.891,1660,12,"20,26,40,47,53"
441580526,4160.01,PC,PC,12.2319,2459598.996838,4.44271455044309,3.29668661486494,12220.1525686591,87.91641,"20,26,40,47,53,60"
441572821,4161.01,PC,PC,11.9399,2459603.737866,4.26077970193248,6.44650030494822,3857.03641873102,21.83979,"20,26,40,47,53,60"
420114036,4162.01,PC,PC,12.095,2459737.85419,4.3744258,5.275,8580,159,"14,15,16,17,19,20,21,22,23,24,25,26,40,41,47,49,50,51,52"
420112217,4163.01,PC,PC,12.4899,2459736.717051,21.5615248,5.73,3600,29,"14,15,16,17,18,19,20,21,22,23,24,25,26,40,41,47,48,49,50,51,52"
420108587,4164.01,PC,FP,12.2779,2459849.162648,3.522843,2.874,800,10,"14,15,16,17,18,19,20,21,22,23,24,25,26,40,41,47,48,49,50,51,52,54,55,56"
398371628,4165.01,PC,PC,12.1926,2459913.360441,7.1406422,1.99165792956491,7517.34727515542,54,"18,19,20,25,26,40,47,52,59"
389777651,4166.01,PC,PC,11.6431,2459606.707073,5.236124,2.622,930,11,"14,20,26,40,47"
377165123,4167.01,PC,FP,12.9474,2459845.365372,14.793901,3.171,8150,35,"14,15,16,17,18,19,20,22,23,24,25,26,40,41,47,48,49,50,52,53,54,55,56"
372758077,4168.01,PC,PC,11.447,2459394.256621,29.3821475886547,2.93712933794694,6575.43948804449,29.363188,"14,20,21,26,40,41,53,60"
372747949,4169.01,PC,PC,12.7553,2459763.167593,3.4026932,5.23,2900,28,"17,18,19,24,25,26,52"
366972162,4170.01,PC,PC,12.3623,2459738.853306,2.190225,3.151,8750,75,"17,18,19,24,25,26,52"
362223355,4171.01,PC,PC,12.4747,2459885.746921,3.7453991,3.327,1390,15,"14,18,19,20,24,25,26,40,47,52,58"
359388309,4172.01,PC,PC,12.2997,2459850.557908,4.1915095,3.187,900,15,"14,15,16,17,18,19,20,21,22,23,24,25,26,40,41,47,48,50,51,52,53,54,55,56"
358613376,4173.01,PC,PC,12.6361,2459942.653105,8.2713274,3.809,20740,113,"14,20,21,26,40,41,53,60"
356822426,4174.01,PC,PC,12.456,2459714.79482,1.5569519,1.066,950,14,"14,15,16,17,18,19,20,21,23,24,25,26,40,41,47,48,49,50,51"
952046774,4175.01,PC,PC,8.0935,2459578.454185,2.1632835,1.362,830,29,"37,46"
58533991,4176.01,PC,APC,9.5399,2459328.306387,3.2089372,3.1,6310,12,37
130981260,4177.01,PC,APC,10.1793,2460065.35254,3.6928289,3.866,5223,79,"10,37,64"
289988797,4178.01,EB,FP,10.0415,2459576.857352,2.2042212,1.011,4250,14,"10,37,46"
297148017,4179.01,PC,PC,10.3738,2459330.92687,2.5485772,3.113,1270,13,"10,37"
126737992,4180.01,PC,APC,8.2938,2459989.161676,1.59543192386627,1.00000000000001,473.63974365215,21.354738,"8,9,35,36,62,63"
426017070,4181.01,PC,FP,15.951,2458354.57189,0.5992533139935603,2.3197658114711244,24379.93834821852,21.224243,"2,13,27,28,29"
31637479,4182.01,PC,PC,9.2747,2460184.893103,27.848697,3.519,343,10,"1,2,3,27,28,29,30,67,68"
421951960,4183.01,PC,PC,9.10478,2458332.496296,11.7915574401153,1.60633452991379,661.968515661218,7.5005584,"1,28"
394357918,4184.01,PC,CP,14.2612,2458326.789691,4.90199383996472,1.32438037042445,10774.951205986,11.158407,"1,28,39"
152563846,4185.01,PC,PC,10.7194,2460064.26053,16.5414218961519,3.42236332552141,1098.66663309141,10.98966,"10,36,37,63"
300579472,4186.01,PC,PC,8.985,2460168.355054,12.7503356,3.297,692,11,"1,28,68"
176780257,4187.01,PC,PC,8.301,2458425.23933,30.8812601370476,10.7723374291207,425.159699855429,13.299181,"4,30,31"
176780257,4187.02,PC,PC,8.301,2460939.118107,.0,12.701939266175202,534.3464627503014,15.032364,97
424747720,4188.01,PC,FP,13.0123,2458655.604161,10.2813283926383,2.44149163761176,37333.9631684062,51.878952,"13,27"
7422496,4189.01,PC,PC,8.7601,2458470.361615,46.9621052609146,5.76657216561993,757.788731374543,16.444445,"5,6,31,32,33"
65416038,4190.01,PC,PC,10.6617,2458388.816262,15.6062307330769,3.64448492391089,659.071789053919,8.667278,"3,30,31"
167905035,4191.01,PC,PC,8.6282,2458548.668852,742.856116365499,5.64832849197377,415.34041786696,9.040324,"9,35,36"
41995709,4192.01,PC,PC,11.8791,2458403.421558,4.2300182,1.847,3470,18,3
382419744,4193.01,PC,PC,12.7464,2458397.745101,6.5081212,5.472,8260,52,"2,3"
299176311,4194.01,PC,APC,12.5496,2458404.822816,1.0432995,1.169,3260,13,3
67598139,4195.01,PC,PC,12.6802,2458399.818502,5.4447698,1.366,5420,13,3
67566164,4196.01,PC,PC,12.5345,2458404.326719,3.125924,2.985,18690,82,3
332579116,4197.01,PC,PC,12.8512,2458456.806385,3.9017499,1.845,27430,70,5
459913687,4198.01,PC,PC,13.3547,2458458.49423,4.746318,3.117,12470,24,5
220144363,4199.01,PC,PC,11.5141,2458487.70703,4.4466179,4.511,7930,47,6
53593542,4200.01,PC,PC,13.5569,2458489.557328,1.027641,1.977,12630,21,6
95057860,4201.01,PC,CP,13.5011,2458485.286309,3.5809733,2.18,36850,50,6
237603062,4202.01,PC,PC,13.519,2458485.594249,2.6689906,2.854,14140,20,6
72494421,4203.01,PC,PC,13.5854,2458488.940223,2.9531039,2.501,16770,24,6
158697949,4204.01,PC,PC,10.9786,2458484.978133,3.9592516,3.269,3160,34,6
280645209,4205.01,PC,PC,12.672,2459217.815236,5.9056572,4.314,10720,28,"6,33"
281242007,4206.01,PC,PC,13.2045,2458489.048222,2.4170503,3.246,7730,12,6
37242226,4207.01,PC,FP,13.3581,2458488.379945,1.0681394,2.082,7290,12,6
280304556,4208.01,PC,PC,13.6625,2458489.275982,1.72328,3.005,14180,18,6
200090347,4209.01,PC,PC,13.2977,2458489.686771,0.8631737,1.227,6330,15,6
409315469,4210.01,PC,APC,12.9715,2459251.255943,1.0754208,1.01,4950,18,"7,33,34"
385654601,4211.01,PC,PC,12.9289,2459250.468953,2.2715616,2.741,8190,19,"7,34"
126864892,4212.01,PC,APC,11.974,2459252.978961,2.3485025,1.804,3070,12,"7,34"
32408928,4213.01,PC,FP,12.6825,2459252.322453,1.0435229,1.476,4970,24,"7,34"
409594381,4214.01,PC,PC,11.0071,2459248.541475,3.491383,2.999,4650,65,"7,33,34"
7274938,4215.01,PC,PC,13.0896,2459251.093808,1.0994412,1.394,3860,12,"7,34"
187861378,4216.01,PC,FP,11.2486,2459251.531855,2.1816809,3.83,1280,16,"7,34"
108939482,4217.01,EB,FP,13.5295,2459963.592775,1.18703366694639,2.7329028614651,8164.57625528385,10.483797,"7,61"
142628514,4218.01,PC,PC,12.7868,2458514.633837,2.6269521,3.503,12010,34,7
114103136,4219.01,EB,FP,16.0657,2458515.145173,1.1471548,1.403,2670,26,7
346995484,4220.01,PC,PC,13.475,2459251.118701,1.9138779,2.352,18720,38,"7,34"
334252687,4221.01,PC,PC,12.8542,2459249.304348,2.8395663,2.1,9860,21,"7,34"
318054782,4222.01,PC,FP,12.9913,2459226.922752,0.8335712,1.509,3340,15,"7,33"
157088184,4223.01,PC,PC,12.8006,2459244.780823,7.2654708,3.568,13930,63,"6,7,33,34"
148667071,4224.01,PC,PC,12.2815,2459963.721518,1.161347,2.471,4320,15,"7,34,61"
141405814,4225.01,EB,FP,9.7402,2460717.457076,1.1355457163428109,2.63,393.57642263838926,72.32643428709407,"7,34,61,88"
127328218,4226.01,PC,PC,11.5637,2459963.356258,2.9628955,1.909,4610,18,"7,34,61"
99081059,4227.01,PC,PC,12.5536,2459250.439665,3.4169475,2.454,6880,28,"7,33,34"
415143674,4228.01,PC,PC,13.5444,2459965.252097,6.02192027471742,6.62974612938653,14130.5442597141,12.893667,"7,61"
319282294,4229.01,PC,FP,13.5964,2458514.968282,1.1385671,1.897,6220,11,7
128127712,4230.01,PC,PC,12.6356,2459963.157918,1.94010223343513,2.45252419981792,6596.3715029979,10.077431,"7,61"
127895118,4231.01,PC,PC,12.3563,2459965.923212,3.2970252,2.279,6550,15,"7,61"
126357909,4232.01,PC,FP,13.5184,2458513.957617,1.2247985,1.645,7640,12,7
113295476,4233.01,PC,FP,13.5689,2458514.824342,1.820443,2.643,7330,10,7
81055189,4234.01,PC,PC,13.5392,2458515.925371,0.908232,2.28,5020,12,7
157528286,4235.01,PC,FP,13.0556,2459251.03979,1.6562803,0.929,5610,21,"6,7,33,34"
36227841,4236.01,PC,PC,12.7411,2459988.448188,0.402140081734837,1.14321073649465,3337.1746960894,13.519119,"9,36,62,63"
30825828,4237.01,PC,PC,13.1731,2459275.547041,3.0482015,2.433,7620,18,"8,9,35"
24615998,4238.01,PC,PC,13.3502,2459277.637194,1.2732245,1.634,23100,63,"8,9,35"
22121296,4239.01,PC,PC,12.7797,2459989.224549,2.8123314131516,4.71536527578947,7201.8344296868,14.985065,"9,35,62"
19547831,4240.01,PC,PC,12.6943,2459996.457379,10.1238604,2.239,7090,9,"8,9,35,62"
4102368,4241.01,PC,PC,13.6438,2459990.965135,3.11189426204084,2.761,16660,19.735542,"8,9,62"
445582110,4242.01,PC,PC,12.4688,2459963.111842,3.0579913,3.12560702052405,7764.98257024262,36.500187,"7,8,9,33,34,35,36,61,62"
400683848,4243.01,EB,PC,10.7492,2459988.504447,1.0886285879535733,2.4298631416455336,412.17644265811873,7.998937,"8,9,35,36,62,63"
393340920,4244.01,PC,PC,12.4027,2459990.230842,1.8665254,3.109,3606,22,"8,9,35,36,61,62"
52928939,4245.01,PC,PC,11.7519,2459963.826493,3.15271773313217,1.8963737430572,4102.69681563897,15.848823,"8,9,34,35,61"
291465998,4246.01,PC,PC,12.9,2459966.426061,12.8860009,5.13767304361772,11434.9523427474,41.291985,"7,8,9,33,34,35,61,62"
286153328,4247.01,PC,PC,13.5597,2460718.856842,4.353959898067552,3.439021920904867,41586.48656136228,78.87536,"8,9,61,62"
190986054,4248.01,PC,PC,11.548,2458561.897544,5.1442317,5.856,4310,25,"8,9"
269568703,4249.01,PC,PC,13.551,2459964.150498,6.7726259720826,4.59200900479438,8606.46235912506,18.037144,"7,8,9,61,62,63"
269249506,4250.01,PC,PC,13.4202,2459272.138098,4.0185922,4.47,6230,19,"7,8,9,34,35"
192520375,4251.01,PC,FP,12.5405,2459278.486338,0.9109508,1.473,4720,21,"8,9,35"
145038729,4252.01,PC,PC,12.6583,2459989.705326,2.6085023,1.92060187367629,10431.5892383509,32.90062,"8,9,35,36,62,63"
145249556,4253.01,PC,PC,12.9027,2459990.501406,3.4192373,3.37339001080865,19414.5446339321,52.00543,"8,9,35,36,62,63"
92744152,4254.01,PC,PC,12.5347,2459963.44296,1.1462769,2.78346805964148,4058.22321726357,22.594902,"8,9,35,36,61,62"
82302240,4255.01,PC,FP,12.5225,2459964.80591,2.5057108,1.962,3170,13,"8,9,34,35,61"
77102895,4256.01,PC,FP,12.7158,2459303.475037,1.0962372,2.336,2460,17,"8,9,35,36"
75208638,4257.01,EB,FP,11.7159,2459990.712909,4.6512523,2.251,3110,25,"8,9,35,36,62,63"
74484886,4258.01,PC,FP,13.3285,2459298.033322,3.8505662,2.499,6070,11,"8,9,35,36"
268643535,4259.01,PC,PC,11.9452,2459963.456678,8.96126256553761,1.83259322016727,11333.9389745414,32.27945,"7,8,9,34,35,36,61,62"
74967390,4260.01,PC,PC,12.1899,2459297.736102,5.4588359,4.555,3290,15,"8,9,35,36"
74197917,4261.01,EB,FP,13.7682,2460015.834821,1.5040804,2.955,6130,20,"8,9,35,36,62,63"
53365065,4262.01,PC,PC,11.1882,2459966.035655,5.9977892,4.49578530276557,7349.08922620562,69.67807,"8,9,34,35,61,62"
48276576,4263.01,PC,FP,13.5379,2459989.054751,0.833497600316224,1.45214400200392,3841.48349684339,9.042806,"9,62"
45996325,4264.01,PC,PC,11.8471,2459989.671183,3.15804717517443,2.68163522246046,7782.0821447759,31.890574,"9,36,62,63"
118308828,4265.01,PC,FP,12.1162,2459301.93331,3.7353995,1.836,2360,14,"8,9,10,35,36"
442050698,4266.01,PC,APC,13.453,2459332.149876,0.8118585,1.102,6450,17,"9,10,36,37"
80783538,4267.01,PC,APC,13.079,2460014.85385,1.2125595,1.344,5110,17,"10,36,37,63,64"
341272282,4268.01,PC,FP,11.0418,2459304.022578,0.8133123,1.079,310,10,"7,8,9,10,34,35,36"
178657161,4269.01,PC,PC,12.4946,2459323.331883,4.5766182,4.912,3770,22,"10,36,37"
151920165,4270.01,PC,CP,12.5695,2459303.974235,3.4671474,2.405,4770,26,"9,10,36"
146842334,4271.01,PC,PC,11.693,2459329.602172,4.5016988,4.716,4360,33,"9,10,36,37"
146664561,4272.01,PC,PC,12.8441,2459305.560437,2.7302636,2.645,9410,9,"9,10,36"
133331642,4273.01,PC,PC,13.3012,2459302.62352,2.9346956,3.447,11160,23,"9,10,36"
290388627,4274.01,PC,PC,13.3992,2459359.93453,0.4459299,1.266,14630,48,"10,11,37,38"
363635669,4275.01,PC,FP,12.2951,2460015.058745,0.761782828714231,2.00297966772693,3487.63538262759,18.292849,"9,10,11,36,63,64"
469811655,4276.01,PC,PC,12.0846,2460098.730356,11.851162,3.14012449580298,5066.60123192559,16.632153,"13,27,66,67"
466682238,4277.01,PC,PC,13.2152,2460100.006815,3.2738129,3.306,13200,35,"13,27,66,67"
466222485,4278.01,PC,PC,13.0236,2459058.678662,1.7519943,1.624,4360,14,"13,27"
407146536,4279.01,O,FP,11.2851,2459385.924603,2.0976705,3.36180359656114,2503.68568813699,26.410875,"12,13,39,65,66"
387193925,4280.01,PC,PC,13.1296,2459055.690823,3.518972,3.21,13820,36,"13,27"
384386061,4281.01,PC,FP,13.1335,2459380.93326,5.7626055,3.963,7420,22,"12,13,39"
374348168,4282.01,PC,PC,12.0797,2459045.476307,13.5098037,2.695,24500,44,"13,27"
343952976,4283.01,PC,PC,11.227,2459385.636462,3.0131053,2.207,13660,211,"12,13,39"
280726137,4284.01,PC,PC,13.0528,2460099.511735,3.5008785,4.96018042581172,6338.29820308066,22.354744,"1,13,27,66,67"
310105752,4285.01,PC,APC,12.9526,2459386.666789,1.1703152,1.319,5380,24,"12,13,39"
294097592,4286.01,PC,PC,13.5159,2458682.235801,1.0268508,2.172,1430,10,"3,6,7,8,9,13"
290407621,4287.01,PC,PC,12.5483,2459381.865757,4.2337624,2.413,5740,29,"12,13,39"
278821913,4288.01,PC,PC,13.1853,2459965.283094,6.0597,1.242,8270,39,"1,2,3,4,5,6,8,9,10,11,12,13,27,28,29,30,31,32,33,34,35,36,37,38,61"
278540265,4289.01,PC,PC,12.0021,2459385.628111,2.9757428,4.43,6820,59,"11,12,13,27"
278196907,4290.01,PC,PC,12.1412,2459388.733133,1.1771655,1.048,1050,18,"4,7,11,12,13,27,34,37"
257520272,4291.01,PC,PC,13.3404,2459383.47146,12.1525595,5.254,6400,12,"12,13,27"
255918903,4292.01,O,FP,13.0566,2460098.853045,1.7201092,2.622,7570,29,"12,13,39,66"
101696403,4293.01,PC,PC,12.6211,2459059.497032,1.6242109,2.273,17740,29,"13,27"
30499203,4294.01,PC,FP,13.5137,2458677.763801,2.4330551,1.882,15280,11,13
325527653,4295.01,PC,PC,13.4783,2459380.285734,11.3929129,4.46,6880,15,"12,13,27"
72668830,4296.01,O,FA,10.4161,2458399.48997,19.970657361355105,1.8801996114345818,1037.379906195699,7.7775908,"3,30"
72668830,4296.02,PC,PC,10.4161,2460983.116943,5.095934161226934,2.468700127542727,809.8622350057905,31.244008355783144,"3,30,97"
72668830,4296.03,PC,PC,10.4161,2460967.091646,12.491100314211343,2.868853840416598,900.1950062723542,12.704653323766113,"3,30,97"
28116365,4297.01,PC,PC,10.8724,2458391.647306,16.5272651477254,3.59457093454377,1074.42975124786,8.683127,"3,30"
146282666,4298.01,PC,PC,9.1259,2458398.395589,722.2619756368,7.7126297792611,480.796334969911,10.269325,"3,30"
67535663,4299.01,PC,PC,10.2696,2459329.652372,6.6019866,5.754,600,11,"10,11,37"
266843799,4300.01,PC,FP,9.9747,2459331.490509,0.8062768,1.963,660,20,"10,11,37"
307079330,4301.01,PC,PC,10.1737,2460028.65432,6.5445251,2.138,787,10,"10,36,37,63"
182078202,4302.01,PC,PC,10.2891,2458347.763724,38.7619532298496,4.57381993122529,785.400784373603,12.44735,"1,13,27,28,67,68"
200296137,4303.01,PC,PC,9.4623,2458438.485322,8.61108444470498,2.01817976651962,542.610203819314,8.451531,"5,32"
366443426,4304.01,KP,KP,8.4642,2460266.657375,15.5718552,4.931,380,44,"7,34,44,45,46,61,72"
366443426,4304.03,KP,KP,8.4642,2458494.909195,31.7180208316155,2.33263213009818,292.864964508886,7.9325233,"7,34,44,45,46,61,72"
372068780,4305.01,PC,PC,7.8459,2458679.490787,183.001910591663,2.54835051179599,396.367000540031,7.965195,"13,27"
372068780,4305.02,PC,PC,7.8459,2458670.445038,374.364431509782,3.63928633374634,310.511444448259,7.186293,"13,27"
44898913,4306.01,PC,CP,14.2683,2458413.191882,2.72990488543893,0.825728846912796,7427.72496639624,8.324998,"4,5,31,32"
141186075,4307.01,PC,CP,6.6418,2458349.759358,32.6966660158533,4.42830903183266,108.517082816087,15.427051,"1,2,3,4,5,6,7,8,9,10,11,12,27,28,29,31,32,33,34,35,36,37,38,39,61,62,64,65,66,67,68,69"
141186075,4307.02,PC,PC,6.6418,2458328.004126,4.65457984121093,3.14451371468129,24.5834929166845,7.9614105,"1,2,3,4,5,6,7,8,9,10,11,12,27,28,29,31,32,33,34,35,36,37,38,39,61,62,64,65,66,67,68,69"
144193715,4308.01,CP,CP,10.339,2460163.674868,9.1512776,2.616,1074,10,"1,28,68"
56662591,4309.01,PC,PC,9.456101,2458564.610546,.0,2.1563738646797277,661.1667084533676,8.750275,"9,35,62"
303317324,4310.01,PC,CP,9.4961,2458365.1788,29.566735526960965,5.80864540992038,1403.3389700344885,18.10842,"2,29,69,96"
122617317,4311.01,PC,CP,10.7236,2458394.738879,15.0700779431836,3.86756408139934,852.616572065095,8.810635,"3,4,30,31"
122617317,4311.02,PC,CP,10.7236,2458382.635952,0.990289193656433,1.35673557123887,278.909699166875,7.614891,"3,4,30,31"
251086776,4312.01,IS,FA,10.4779,2458434.864936,726.1175224889,2.25433676045496,1707.69278089714,10.535669,"4,31"
294324819,4313.01,PC,PC,9.6032,2458498.277436,6.82276450566558,6.52954452212344,225.761290509138,13.303108,"7,8,30,33,34,35,36,61,62,63,67,69"
459952217,4314.01,PC,FA,8.22109,2458448.205642,73.5809819958847,2.14415975281033,347.445036481946,7.4124866,"5,32"
139148528,4315.01,PC,PC,10.2768,2458326.328277,8.28616135397492,3.43631495116741,617.115256216792,11.054428,"1,28,68"
7020254,4316.01,KP,KP,12.7462,2460238.657358,20.2730282,3.651,17182,201,"7,34,45,46,71"
422914082,4317.01,PC,PC,10.0121,2458431.555433,358.282509308876,4.14166718198068,1862.69498433959,22.061634,"4,31,70"
311130133,4318.01,PC,PC,10.3687,2458438.114877,1.13438238395378,1.44449996425389,313.845886060871,8.023294,"5,32"
157115010,4319.01,PC,PC,10.82,2459231.757702,.0,7.72720551916567,6743.44552614686,7.1534576,"6,7,33,34"
404518509,4320.01,PC,CP,8.6022,2459160.014156,25.1290153,4.271,465,14,"3,4,30,31"
404518509,4320.02,O,FA,8.6022,2458417.466332,46.4093732462209,4.82233701122434,435.734750459407,7.139741,"3,4,30,31"
325081244,4321.01,PC,PC,7.3016,2458679.442502,.0,5.74088580005335,177.924897673432,7.4347234,"13,27"
13883872,4322.01,PC,PC,10.162,2458417.282799,13.4190971500722,5.20924401630592,348.238406519581,8.141539,"4,5,31,32"
143022742,4323.01,IS,FA,12.531,2458416.548124,14.676265843378,3.23204554927842,3499.93797342749,9.150719,"4,31"
143022742,4323.02,IS,FA,12.531,2458412.896474,21.9692577844538,3.56623066157515,7940.61523893446,9.256836,"4,31"
408416746,4324.01,PC,CP,9.75311,2458518.997987,6.25094684535579,1.18829688065574,770.119559729882,11.716725,"8,35,62"
202185707,4325.01,PC,PC,11.8206,2458469.368876,1.6500673350986,0.919867870963516,2709.53495756801,10.393739,"6,33"
303586471,4326.01,PC,PC,7.7158,2458363.771288,1826.07903242,4.14742261747721,587.160828805883,17.213898,"2,29,69"
140687214,4327.01,PC,PC,12.1285,2459387.017748,0.8303285,0.665,680,19,"1,2,3,4,5,6,7,8,9,10,11,12,13,27,28,29,30,31,32,33,34,35,36,37,38,39"
77175217,4328.01,PC,PC,7.7679,2458459.446061,703.79367004987,2.92973009349035,601.956684290386,9.05818,"4,5,31,32"
256722647,4329.01,CP,CP,11.8832,2459855.156794,2.92246609239435,5.55602552825818,5724.01767303931,66.027565,"17,18,25,52,57,58"
47617038,4330.01,PC,FP,7.6581,2459358.397242,3.3513304,2.739,400,9,"11,38"
148833828,4331.01,PC,PC,10.1952,2459360.395379,2.9034242,2.154,860,12,38
178959058,4332.01,EB,FP,9.783,2460061.842391,5.4468377,3.303,842,18,"11,38,64"
144645881,4333.01,PC,PC,9.326,2459338.908839,8.90214425967544,1.76339587841773,1427.96814455004,12.15038,"38,65"
128531633,4334.01,PC,PC,10.2591,2459358.587889,8.2197647,1.673,1040,10,"11,38"
443658196,4335.01,EB,FP,11.5124,2459351.741023,4.5006638,4.588,2110,12,"11,38"
166184428,4336.01,PC,CP,11.0196,2459335.573188,16.3363665240382,1.99339218064944,3884.67853750506,13.60391,"38,64"
399642071,4337.01,EB,FP,11.1567,2459307.924432,2.28877626374243,4.86348509209759,1890.64634225624,13.399568,"37,38,64,65"
253434221,4338.01,PC,APC,10.0865,2459335.809605,7.499715830957324,2.0504304634144987,3023.5215223494956,20.896278,"11,38,64,65"
7439481,4339.01,PC,FP,14.0644,2459333.969005,1.25408055209495,1.34355168935015,66025.0994260211,38.572582,38
454038613,4340.01,PC,PC,10.0116,2459330.281814,2.6680587,2.978,580,15,"10,37"
62301521,4341.01,PC,FA,13.7827,2458661.048552,18.4043334143754,7.87933095348761,9135.21101619144,7.571882,"13,27"
354944123,4342.01,PC,CP,11.0318,2458654.532426,5.53832899923516,2.22638882354132,1407.11186478991,8.499877,"13,27"
354944123,4342.02,PC,CP,11.0318,2458659.348023,10.6886083506691,2.66722448779472,1501.17263406582,8.190688,"13,27"
278988097,4343.01,PC,PC,11.255,2458411.639191,11.5418524505113,2.94929805062768,415.987462818729,11.550042,"4,5,6,7,8,9,10,11,12,13,27,28,29,30,31,32,33,34,35,36,37,38,39,61,62,63,65,66,67,68,69"
38939275,4344.01,PC,PC,9.4826,2458507.586416,731.480877919014,14.7095051059258,244.908877161069,7.5742183,"4,5,6,7,8,9,10,11,12,13,27,28,29,30,31,32,33,34,35,36,37,38,39,61,62,63,64,65,66,67,68,69"
469791892,4345.01,PC,PC,14.752,2458657.983826,12.8910022210525,4.09052865938255,15119.3900088524,7.729805,"13,27"
389371332,4346.01,PC,FP,12.4375,2458494.060524,3.90771159427544,9.52783635353654,599.631909867529,10.342199,"7,27,28,29,31,32,34,35"
32498058,4347.01,PC,PC,8.83419,2458449.129982,35.3573239243673,6.86697835840642,617.495316953028,11.313465,"5,6,32,33"
350299588,4348.01,PC,PC,8.3987,2458507.657689,602.245092098261,9.0912461220511,220.34401390211,7.6707807,"1,2,3,4,5,6,7,8,9,10,11,12,13,27,28,29,30,31,33,34,35,36,37,38,39,61,62,63,64,65,66,67,68,69"
313889049,4349.01,PC,PC,11.7463,2458355.68965,749.160523093357,4.98942106332534,1750.98016908437,8.911839,"2,29,69"
50379036,4350.01,PC,PC,8.9504,2458328.385359,4.87596562799621,3.33727374396499,154.830677023094,8.395076,"1,2,13,27,28,67,68"
358253047,4351.01,PC,PC,11.0155,2458362.731781,20.1459437788428,4.47064943009683,575.588694071917,8.661079,"2,3,4,29,30,31,35,62,65,69"
237332812,4352.01,PC,PC,9.3391,2458333.456166,11.8918632559834,4.78247997943688,362.689945199481,7.322253,"1,28"
176797879,4353.01,PC,PC,10.3347,2458427.019739,718.180931703518,2.92331513745715,973.626915580975,7.295866,"4,31"
332715376,4354.01,PC,PC,10.1075,2458417.574247,10.6306165388748,1.88474462994234,775.482605689826,7.1679225,"4,31"
260655847,4355.01,PC,PC,7.2298,2458507.585878,.0,12.2281537377095,186.29208325222,7.247839,"1,2,3,4,5,6,7,8,9,10,11,12,13,27,28,29,30,31,32,33,34,35,36,38,39,61,62,63,65,66,67,68,69"
149389419,4356.01,PC,PC,9.2546,2458538.746544,579.647203494974,4.09524555455159,564.427018346197,7.545125,"2,3,5,6,7,8,9,10,12,13,27,28,29,30,32,33,34,35,36,37,38,39,61,63,64,66,68,69"
300011941,4357.01,EB,FP,10.5385,2458327.104401,1.81412152094214,4.60061540235987,129.404120127498,7.3588576,"1,2,3,4,5,6,7,8,9,10,11,12,13,27,28,29,30,31,32,33,34,35,36"
273418421,4358.01,PC,PC,8.9077,2458388.764324,97.6087633524112,5.5654641044217,658.847140772538,16.106863,"1,13,27,28,67,68"
133505138,4359.01,PC,FP,9.5115,2459330.394075,2.4360845,2.495,350,14,"9,10,36,37"
52307802,4360.01,PC,PC,12.747,2458328.291306,3.07495072926987,1.21793840388227,1979.28414006519,10.510859,"1,2,27,28,29,67,68,69"
334632624,4361.01,PC,PC,8.6661,2458520.648063,741.4238314285519,5.238945397465328,503.5494079420812,13.717544,"8,35,62"
238164799,4362.01,PC,PC,8.4592,2458470.495852,7.548070948310411,4.955024682018003,239.89009347930528,9.905824,"6,7,8,33,35,61,62"
325682877,4363.01,PC,PC,11.2473,2458412.27724,2.11865900761235,1.55855263648867,664.812055633028,7.830102,"4,31"
4070275,4364.01,PC,CP,11.3993,2458439.340243,5.42406914989545,1.68750365400652,1766.85892964807,9.643645,"5,32"
413343957,4365.01,PC,PC,10.3593,2460093.008961,3.3784364,2.165,1232,19,"12,38,39,65"
297361900,4366.01,PC,PC,10.1441,2460092.634307,2.6374449,1.661,495,10,"11,37,38,64,65"
313675203,4367.01,EB,FP,9.462,2460091.74954,2.5025812,2.771,807,18,"11,38,65"
314724818,4368.01,EB,FP,10.0199,2459337.012838,4.4518603753546,2.83393576415466,3558.22118941985,39.36244,"11,38,65"
278862750,4369.01,PC,PC,9.329001,2460851.696135,13.576897107687676,4.785775493200099,277.6370297400445,48.11779719863191,"1,2,3,4,5,6,7,8,9,10,11,12,13,27,28,29,30,31,32,33,35,36,37,38,39,61,62,63,64,65,66,67,68,69,87,88,89,90,93"
335040423,4370.01,PC,PC,9.32312,2459330.970789,2.5610662,4.338,170,9,"10,37"
450649506,4371.01,PC,PC,10.2089,2459359.873486,1.0604139,2.084,1050,36,"11,37,38"
401980624,4372.01,PC,PC,10.4286,2460849.579858,3.2751886229045333,2.6135343503709434,783.0704154785197,86.14187194870759,"12,38,39,65,66,93"
315350812,4373.01,PC,PC,9.8459,2460089.108718,5.9422824,1.911,1160,9,"11,38,65"
308191940,4374.01,PC,PC,10.1908,2459343.366967,13.2689495,2.8,770,9,"10,11,37,38"
343708863,4375.01,EB,FP,9.4128,2459379.13132,5.9685742,2.059,340,9,"11,12,38,39"
250306572,4376.01,PC,PC,10.2973,2459359.388606,1.6089592,2.58,320,9,"11,38"
394918211,4377.01,PC,CP,10.7934,2459337.638207,4.3780194087307525,8.420332096936423,1604.3825128548747,25.866648,"11,12,13,38,39,65,66"
394721720,4378.01,PC,PC,11.7993,2459362.616226,1.06906647910126,1.48077142722767,2898.6037458658,24.39218,"27,39"
97766057,4379.01,CP,CP,11.8994,2459363.367887,3.253529937590317,5.192383302407791,6115.013139855932,54.367527,"39,66,91"
169958952,4380.01,PC,PC,11.2211,2459362.799086,1.32900079539293,1.77953219086964,2087.91137781857,13.6674595,"39,66"
305767364,4381.01,PC,PC,12.2907,2459362.92619,1.49742234616995,2.22384262050756,39324.5082011683,130.13509,39
32460142,4382.01,PC,PC,9.3397,2459363.823865,10.6895416703056,3.64966754651451,643.395843719762,7.4722476,39
384744828,4383.01,PC,FP,9.8062,2459363.498874,3.04213336933983,1.59646853636238,2054.30502765432,22.833036,39
259230140,4384.01,PC,PC,9.657,2460070.251938,14.3171998,5.454,1649,22,"12,38,39,65"
22186226,4385.01,PC,PC,10.6163,2459369.101784,9.21721718084274,7.35502791077716,2470.43943852047,19.289291,"39,66"
350575997,4386.01,PC,PC,9.7688,2460851.190051,2.013442800530077,1.8544074878343024,834.1383899036133,85.36946970827461,"12,39,66,93"
33350443,4387.01,PC,PC,10.8267,2459364.141922,3.56203804137169,6.12411839225666,4495.41587416502,34.94099,"39,66"
313554509,4388.01,PC,PC,12.0996,2459364.302212,4.4742338802565,2.78632019051957,3061.51571395975,23.02071,"39,66,67"
41387532,4389.01,PC,APC,9.50494,2459367.619383,11.40419351307822,1.7478968888169228,2216.7191401085192,13.099222,39
369345064,4390.01,PC,PC,9.4148,2460846.712654,4.3954380673705735,1.9407322775503255,1586.4867991942892,77.40746357433126,"12,39,66,93"
66620917,4391.01,PC,PC,7.301,2459377.163409,5.2910096,4.122,1670,18,"12,39"
429791387,4392.01,PC,PC,9.2752,2459379.961551,3.9693722,2.005,570,9,"12,39"
107440797,4393.01,PC,PC,10.4708,2459386.167504,2.2676081,1.671,880,10,39
341805908,4394.01,EB,FP,10.3355,2460069.037538,1.4919159846076344,2.3336552420346948,1474.3347878720365,18.036911,"12,39,65,66"
218483943,4395.01,PC,PC,9.087,2460848.392119,3.759039943692418,2.7780572225335907,716.9285306548585,37.92719029734416,"12,39,66,93"
379723086,4396.01,EB,FP,10.0288,2460120.660517,7.4398211,3.068,1362,16,"12,39,66"
107728509,4397.01,PC,FP,10.4304,2459385.728999,2.6646183,4.135,840,9,39
214243287,4398.01,PC,APC,9.933,2460852.366238,5.752521048570042,3.718,8852,202.6980877973328,"12,39,66,93"
464646604,4399.01,PC,CP,7.7582,2459037.871491,7.7121208408771,2.43434812621892,728.484910863131,9.714047,27
231630147,4400.01,PC,PC,11.943,2459038.949915,7.06424864809362,3.68164685387864,11469.7564374382,33.115818,"27,67"
178170828,4401.01,PC,PC,11.0876,2459116.209945,0.45026401558072,1.18715660706544,331.397458273476,7.4181905,"30,31"
197807778,4402.01,PC,PC,9.8429,2458355.49119,3.69899391755101,3.16808723095437,198.940266826209,9.731618,"2,3,4,29,30,31,69"
350931281,4403.01,PC,PC,10.7888,2459036.762645,4.46205279834374,4.33817032165726,289.954866706587,16.05281,"27,28,29,30,31,32,33,34,35,36,37,38,39,61,62,63,64,65,66,67,68,69"
342314656,4404.01,PC,PC,10.7108,2459248.473551,39.62519255204484,2.027564172735611,4527.828405547118,22.625536,"34,35,36,37,61,62,63"
177254988,4405.01,PC,PC,12.3813,2459039.641828,5.92142305135093,2.26805215626293,1221.94303729954,16.17553,"27,28,29,30,31,33,34,35,36,37,38,39,61,62,63,64,65,66,67,68,69"
177254988,4405.02,PC,PC,12.3813,2459036.823688,1.09292034224534,1.52584810191309,377.43164254709,10.081629,"27,28,29,30,31,33,34,35,36,37,38,39,61,62,63,64,65,66,67,68,69"
206541859,4406.01,CP,CP,10.5663,2459064.11893,30.0835029817398,3.98581029110768,5439.21082790156,56.543056,"28,29,68,69"
207238953,4407.01,PC,PC,10.9015,2459089.90229,7.13665073481927,2.19064339533466,768.449383644459,8.987503,"29,30,31,69"
260189643,4408.01,PC,PC,13.2896,2459036.341758,2.05423802928294,1.22879480084696,1994.05935345969,16.998678,"27,28,29,30,31,32,34,35,36,37,38,39,61,62,63,64,65,66,67,68,69"
382200986,4409.01,PC,PC,11.8911,2459076.347685,92.4918048022718,6.89435935831761,11487.5752809515,80.01139,"27,28,30,31,32,33,34,36,37,38,39,61,63,64,65,66,67,68,69"
280803800,4410.01,PC,PC,10.5978,2458335.665026,26.0179101452423,4.52580475357958,766.535658905549,12.8595085,"1,2,3,28,29,30,68,69"
366484980,4411.01,KP,KP,9.15722,2460236.627901,13.7748361,4.454,309,27,"7,34,44,45,46,71"
35315453,4412.01,EB,FP,10.2956,2460851.315543,2.0341073347117637,3.3935377838555723,1090.8647355768214,25.796361776273624,"12,39,66,93"
142019343,4413.01,PC,PC,9.6256,2460986.078477,4.471981486291261,2.4860528922964327,169.79036073861553,50.697801909173954,"1,3,4,5,6,7,8,9,10,11,13,27,28,29,30,31,33,34,35,36,37,38,39,61,62,63,64,65,66,67,68,69,87,88,89,90,93,94,95,96,13881"
1405997635,4414.01,PC,FP,10.3147,2459385.39488,1.8697825,2.721,2940,13,39
1234810324,4415.01,PC,APC,10.0209,2460853.439026,1.8301062993747927,2.116546188115315,3225.6010195205868,134.49806684286662,"39,66,93"
79605791,4416.01,PC,PC,9.5378,2460852.752577,9.330535482004663,5.490496006544665,5515.53064433985,30.470885090601108,"12,39,66,93"
208297760,4417.01,PC,PC,9.3456,2460854.805418,5.2574607293350635,2.2667177769983815,1449.188456887806,33.10368078422213,"12,39,66,93"
295593712,4418.01,PC,PC,10.0819,2460852.31593,7.6247443073824925,2.1769628286150713,831.7682632859973,42.09167414953453,"13,39,66,93"
295593712,4418.02,PC,PC,10.0819,2460108.646864,25.7086236,3.831,1430,18,"13,39,66"
352229268,4419.01,PC,PC,10.3468,2460851.533609,16.155207258100795,4.176758691655825,784.7245056077035,25.87337795102281,"13,27,39,66,67,93"
362709886,4420.01,EB,FP,9.550201,2459363.151122,4.725931727302696,2.7740362017715796,6309.66153312445,88.82879,"12,39,66"
141412823,4421.01,EB,FP,10.4078,2460151.66684,21.7004042,9.415,406,23,"1,2,3,4,5,6,7,8,9,10,11,12,13,27,28,29,30,31,32,34,35,36,37,38,39,61,62,63,64,65,66,67,68"
263748033,4422.01,PC,PC,9.944,2460845.951194,4.908290978756844,4.324,8881,95.27783102378133,"13,39,66"
344600402,4423.01,EB,FP,10.4425,2460123.887716,1.3875331,2.679,952,19,"12,39,66"
326386495,4424.01,PC,PC,9.8496,2459383.797001,17.7424733,3.082,880,11,"13,39"
106940971,4425.01,PC,PC,9.3777,2460100.181,5.412802,4.58984311756457,5278.19575664421,68.06808,"12,39,66"
271354351,4426.01,KP,KP,14.5787,2459422.126663,3.90512604052311,2.91369187252647,23549.92598876,16.358217,"40,41,54"
207339000,4427.01,PC,PC,11.3427,2459940.464211,4.61826314544925,2.70086372131813,20287.6182680282,202.18034,"14,20,40,47,53,60"
271042217,4428.01,KP,KP,13.9174,2459770.501306,1.85557453747958,2.31217424982159,10888.037726098,17.988153,"40,54"
233188747,4429.01,PC,PC,12.7714,2459939.613796,3.45056575263354,3.03976984403281,15044.6453236768,125.780205,"14,15,16,20,21,22,40,41,47,48,49,60"
362222177,4430.01,PC,PC,12.8668,2459884.031242,6.6363577,6.385,7470,47,"14,17,18,19,20,21,23,24,25,26,40,41,47,48,50,51,52,53,54,57,58"
121660904,4431.01,KP,KP,12.4532,2459422.843797,4.88548438505688,5.23339846253327,7009.1394982708,46.606422,"40,41,54,55"
198610218,4432.01,PC,APC,12.5386,2459771.229475,3.04133912218329,1.51499617977316,27645.4859583292,46.253414,"40,53,54"
158551257,4433.01,EB,FP,14.2502,2459797.231728,0.902395084078124,1.6045864918787,5385.08710911813,17.45898,"40,41,53,54,55"
63452790,4434.01,KP,KP,13.814,2459392.813554,2.68430809910922,2.76833520837019,18209.9206621422,23.728523,"40,41,54,55"
122596693,4435.01,KP,KP,14.6147,2459420.667731,3.52565351438726,2.51117989194966,23882.7029386148,26.39653,"40,41,54,55"
420268415,4436.01,PC,PC,11.8931,2459767.611028,1.75905659356417,3.53492636357836,10499.9757194427,191.13959,"18,19,20,25,26,40,47,52,53,59,60"
237205154,4437.01,PC,PC,13.0024,2459915.163041,5.8929985,3.788,17850,85,"14,16,17,18,19,20,21,23,24,40,41,47,49,50,51,52,59"
22233480,4438.01,PC,CP,11.2695,2459396.409578,7.44630337680409,2.00331377616967,4045.72417847442,23.146442,"40,52,53"
267545252,4439.01,PC,PC,13.8686,2459420.207144,3.37923577236328,2.89939282277579,18782.5364498631,32.16667,"40,41"
164786087,4440.01,KP,KP,14.6979,2459391.084226,4.08228938921105,3.28825567874917,16484.9762857776,22.862934,"40,41,53,54,55"
23982469,4441.01,PC,PC,11.0477,2459391.449451,4.374575687543642,4.864911808979273,8101.724742065135,75.768616,"40,53,54,74"
446158352,4442.01,PC,PC,13.4835,2459910.394832,4.0434287,3.388,8960,24,"19,20,25,40,47,52"
158241252,4443.01,PC,CP,7.9147,2459415.15198,1.84985667758623,2.51827597573564,195.41024981131,12.050691,"26,40"
158241252,4443.02,PC,CP,7.9147,2459393.257825,10.3088724146951,2.27636446317493,372.329580210404,9.93305,"26,40"
158167408,4444.01,PC,PC,13.5728,2459423.780179,5.24106591022248,3.01136962271952,8947.10152963645,13.880108,"40,41"
158388163,4445.01,KP,KP,13.4584,2459394.539688,4.2253498253575,2.76952973787251,7240.8152367186,23.187595,"40,41,53,55"
137899948,4446.01,KP,KP,14.9826,2459420.803667,2.45523883411541,1.73232709193372,44130.1605859296,27.592943,"40,41,54,55"
153937417,4447.01,PC,PC,13.5868,2459392.183721,4.159619687244062,2.4127130608614014,17837.77749817684,66.536476,"40,41,47,48,74,75"
138359318,4448.01,KP,KP,14.956,2459769.924018,1.01869894431387,1.4947874563752,91558.6353269076,27.87013,"40,41,54,55"
322046084,4449.01,PC,PC,10.3446,2460338.433851,2.7519172,1.329,9811,93,"40,74"
373017346,4450.01,PC,PC,10.5801,2459759.877559,10.6925011,3.491,1200,27,"18,19,20,25,26,40,47,52"
23229805,4451.01,PC,PC,8.5608,2459778.550072,8.85173541436088,4.34018786697114,1034.86612846439,19.10598,"26,40,53,54"
229581160,4452.01,PC,PC,13.5167,2459911.846148,3.41490914984403,2.72318793203789,13219.6475165121,63.833977,"40,41,47,48,49,50,51,52,53,54,55,57,58,59"
243333538,4453.01,EB,FP,13.7703,2459391.937901,2.99855314485737,2.981282261134628,28715.642512763505,194.13611,"40,41,47,49,50,53,54,55,56,57,59,60,73,74,76,77,80,81,82,83,84,86"
48217457,4454.01,KP,KP,14.3168,2459422.76782,3.12083962396792,2.40527802281124,17027.4064902025,23.049154,"40,41,53,54,55"
138644215,4455.01,KP,KP,12.8939,2459420.580429,1.54493336286523,1.10434589988144,4941.87009134437,19.470558,"40,41,54,55"
27774415,4456.01,KP,KP,13.2394,2459422.773399,4.94279853350153,3.31538275775367,11349.4838660999,34.365154,"40,41,54,55"
299220166,4457.01,KP,KP,14.3258,2459770.385346,3.21751842830121,1.8986263655888,12691.8036892843,22.169394,"40,41,53,54,55"
229671380,4458.01,PC,PC,11.0672,2459392.576251,3.93937096475883,5.81320508841988,4051.50894261868,167.14046,"14,15,16,18,19,20,21,22,23,24,25,26,40,41,47,48,49,50,51,53,55,56,57,58,59,60"
230129753,4459.01,PC,PC,14.3668,2459840.458684,5.7475343,1.846,11890,16,"40,41,47,48,49,50,51,52,53,54,55,56"
461635621,4460.01,PC,PC,10.3859,2460437.031199,28.6648749,5.395,1025,13,"18,19,20,25,26,40,52,53,59,60,73,79"
149282072,4461.01,EB,FP,10.4787,2459010.697648,3.700600273153229,3.9433476477544396,1044.2040580102412,13.257167,"26,40,53,80"
76420654,4462.01,EB,FP,10.445,2460315.144044,4.91330732309821,6.026574757033529,4223.947834715399,20.09882,"26,40,53,54,74,80"
8599009,4463.01,PC,CP,10.4673,2459766.955834,2.88069,1.784,10380,80,"26,40,53"
441589581,4464.01,PC,PC,9.12551,2459602.566546,8.0379975,3.287,320,1000,"20,26,40,47"
157236902,4465.01,PC,CP,9.85277,2459395.124979,.0,12.002,13520,257,"26,40,53"
268604331,4466.01,KP,KP,13.3926,2459799.901292,5.01419910866077,4.56068712962464,6026.12600699471,14.778816,"14,15,41,54,55"
48506505,4467.01,KP,KP,11.8933,2459420.812052,7.79421550591304,0.971031114137343,2950.73571040647,12.189462,"40,41,53,54,55"
441763252,4468.01,PC,CP,13.2847,2459848.554322,2.7708596,2.17,22640,18,"14,15,16,17,18,19,20,21,22,23,24,25,41,48,49,50,51,52,53,54,55,56"
441763252,4468.02,PC,CP,13.2847,2459424.229778,7.01400095472321,2.96813344926036,1646.67326837641,9.704482,"41,48,49,50,51,52,53,54,55,56,57,58,59,60"
75262942,4469.01,KP,KP,14.1959,2459421.462837,2.66341539186883,1.84296876362503,37522.948949991,27.384752,"41,54"
256364928,4470.01,KP,KP,6.8481,2459770.410421,2.21857480391221,1.82336213680771,25854.2144559256,1480.6505,"41,54"
27318774,4471.01,KP,KP,14.4394,2459422.907793,3.24324876796633,3.07484405344571,17481.821644802,21.382334,"41,54,55"
63211674,4472.01,KP,KP,13.1981,2459422.501343,8.60045163404611,8.95052099502062,3575.66142265458,13.878862,"40,41,54,55"
122441491,4473.01,KP,KP,14.148,2459420.412953,3.79700756452242,2.52567781914703,16421.7314915638,22.830034,"40,41,54,55"
264508014,4474.01,KP,KP,13.692,2459422.509996,3.31190262734765,1.18107197140603,7620.74938373965,10.737596,"41,54,55"
159098316,4475.01,KP,KP,13.4231,2459422.607769,3.57875698546331,3.18065015330919,11391.7385882465,31.807556,"40,41,54,55"
399794420,4476.01,KP,KP,15.0236,2459421.077646,1.59475349752962,1.94144998522589,15065.2565497152,14.165951,"40,41,53,54"
64531556,4477.01,EB,FP,11.7018,2459423.301721,7.8127891569934045,6.560080859872137,8437.624348960982,76.25803,"14,15,41,55,75,82"
233823679,4478.01,PC,PC,11.4682,2459819.787515,2.7586362,2.868,4240,48,"15,16,41,55,56"
126606859,4479.01,CP,CP,12.9374,2459420.759562,1.1589032912024775,1.0885784928220696,3505.8004165038246,20.237455,"15,41,55,82"
377873569,4480.01,KP,KP,11.0418,2459771.442186,3.84938455983611,2.69082692121091,1372.28766783604,15.62898,"41,54,55"
239332587,4481.01,CP,CP,8.72762,2460559.015552,0.9263237,0.81,952,64,"15,41,55,56,75,76,82"
27990610,4482.01,KP,KP,14.4889,2459772.312716,2.81649787731269,2.68966648234709,19270.7270340282,19.980913,"41,54,55"
209752908,4483.01,KP,KP,15.1403,2459420.283409,1.75221701511118,2.17143751642009,77630.4124578375,15.331902,"41,54"
272707711,4484.01,PC,PC,15.0893,2459420.963218,2.68907026904307,2.12099616722247,38330.4094984134,13.322793,41
137903329,4485.01,KP,KP,13.9154,2459423.155978,7.34056751477665,3.25570040031924,11139.7005929238,13.585815,"40,41,54,55"
99224131,4486.01,KP,KP,9.93225,2460558.071975,2.6915408,3.986,7265,110,"14,41,55,81,82"
193754373,4487.01,PC,PC,11.4923,2459818.051018,3.9540617,3.869,5820,39,"14,15,41,55"
269269546,4488.01,KP,KP,14.3945,2459798.529256,4.45417003140808,2.27142996889905,21409.0524466087,16.522558,"41,54,55"
267572272,4489.01,KP,KP,12.7678,2459911.038989,2.79747573594296,2.21491324373294,18699.8504805319,29.906387,"26,40,41,53,54,55"
268924036,4490.01,KP,KP,14.7344,2459421.60304,2.0523416565289,2.12249573823356,34476.0907387218,13.474866,"41,54,55"
193336820,4491.01,PC,CP,10.4382,2460550.715057,5.006622,1.66,1290,21,"14,15,41,55,56,75,76,82"
298297931,4492.01,PC,CP,9.63105,2460555.320385,4.4331838,3.856,9166,104,"14,15,41,55,82"
263218688,4493.01,PC,PC,8.94942,2459794.386139,1.5076298,1.93,280,12,"14,41,54"
40466976,4494.01,PC,PC,7.3664,2460318.212526,32.535016,3.67,3821,100,"14,40,41,54,74"
120826158,4495.01,PC,CP,9.00568,2459765.914829,5.1830043,2.783,670,20,"14,40,41,53,54"
120826158,4495.02,PC,PC,9.00568,2459770.010155,2.5693728,2.471,290,12,"14,40,41,54"
275758701,4496.01,PC,PC,9.159,2460559.123436,1.18803,1.322,3840,135,"14,15,41,55,56,76,81,82"
436166416,4497.01,PC,PC,10.3544,2459440.840426,3.6001959,2.887,7820,32,"14,15,41"
305943739,4498.01,EB,FP,7.948,2459393.493771,5.3075285851881295,5.217565288598198,203.96744989210018,12.410449,"14,40,41,81"
120183168,4499.01,PC,PC,10.1293,2460338.925724,3.4902115,2.449,366,11,"14,26,40,41,53,54,74"
120183168,4499.02,PC,PC,10.1293,2460335.262371,5.5387718,3.163,439,12,"14,26,40,41,53,54,74"
406190563,4500.01,PC,FP,10.351,2459446.222222,1.773346,3.291,710,12,"14,41"
22069559,4501.01,PC,PC,8.46837,2460337.772433,2.0348789,2.379,176,12,"14,40,41,54,74"
239372503,4502.01,EB,FP,8.716291,2460366.918358,0.8560277,1.587,247,20,"41,55,56,75"
167719618,4503.01,PC,PC,9.0803,2459234.617058,710.698201837854,7.14501961377902,691.39147279767,7.120223,"1,2,3,4,5,6,7,8,10,11,12,13,27,28,29,30,31,32,33,34,35,36,37,38,39"
349972412,4504.01,PC,CP,12.5542,2460059.618864,82.9294114239993,7.49675067154698,13067.7332327884,48.181072,"27,28,29,30,31,32,33,34,35,36,37,38,61,62,63,64,65,67,68,69"
349972412,4504.02,PC,CP,12.5542,2459038.460359,2.4261537845623,2.13446407214058,754.830306663235,15.1138525,"27,28,29,30,31,32,33,34,35,36,37,38,61,62,63,64,65,67,68,69"
150299840,4505.01,PC,PC,10.4223,2459068.264739,19.4723789394542,7.73094042050877,7062.88060634197,53.69349,"28,29,30,31,32,33,34,35,36,38,39,61,62,63,64,65,66,67,68,69"
434105094,4506.01,PC,PC,13.6343,2458357.518293,5.41070235773029,0.721195394906096,22498.1066362413,12.349441,"2,29,42,69"
179582003,4507.01,PC,CP,10.2301,2458413.850483,104.616255698728,9.3317948757469,6111.46333947529,69.54774,"2,3,5,6,7,8,9,10,11,12,13,27,28,29,30,32,33,34,35,36,37,38,39,61,62,63,64,65"
170789802,4508.01,PC,PC,11.8371,2458438.012099,3.46727789358939,0.405592768803134,3657.06035533876,9.370191,"5,32"
319610598,4509.01,PC,PC,11.4003,2459231.763893,.0,6.45677093051225,3177.62049851249,7.823683,"29,32,33,34,61,62,66,69"
340458804,4510.01,PC,PC,10.3607,2459039.762461,194.243286443957,9.25645829942616,810.998395214601,9.967788,"27,30,34,35,36,37"
333674399,4511.01,PC,PC,9.81932,2460243.483965,20.9040576,5.197,930,16,"42,43,44,70,71"
333674399,4511.02,PC,PC,9.81932,2460258.713478,10.9776867,3.596,860,15,"42,43,44,70,71"
243014114,4512.01,KP,KP,11.2723,2459450.83655,19.5620457936417,6.42314165977034,1397.81489854567,13.551531,"42,43,44,71"
408261725,4513.01,PC,PC,9.96064,2459488.218864,9.7607632,1.967,790,12,"42,43"
436875934,4514.01,KP,KP,13.1361,2459883.369678,2.7535993,2.141,14460,59,"18,42,43,44,58"
456862677,4515.01,PC,CP,11.302,2459451.62303,15.2664658181527,2.66737922409819,16186.1729540338,85.68674,"17,42,43,57"
85593751,4516.01,KP,KP,10.9332,2459885.541633,3.72246259498485,2.59567797294309,19962.6105831649,156.51118,"42,58"
301289516,4517.01,KP,KP,9.0684,2460231.733831,1.2089755,1.286,668,123,"42,70"
398572544,4518.01,KP,KP,11.6238,2460229.806391,3.408833,3.163,16032,355,"42,70"
419957393,4519.01,PC,PC,13.4911,2459448.624749,5.8903557525641,2.53747377014781,8410.61433691693,14.940282,"42,43"
404243877,4520.01,KP,KP,13.1749,2460227.357032,3.2047072,3.331,7448,111,"42,70"
439842788,4521.01,KP,KP,11.4825,2459450.367505,3.07171816382087,1.59834261563328,14228.626608717,73.11146,"42,55"
369480087,4522.01,PC,FP,15.6615,2459447.841312,0.364322479038833,0.212068439355669,38216.7895418059,7.353479,42
427332229,4523.01,KP,KP,11.021,2459498.195167,2.7186256,2.129,13160,161,"42,43"
333657795,4524.01,CP,CP,8.1359,2460233.36735,0.9260632,1.035,221,18,"42,43,44,70"
36592530,4525.01,KP,KP,10.931,2460229.465961,2.4841975,1.511,10361,73,"42,70"
39926974,4526.01,KP,KP,13.3455,2459448.652065,2.2604345821230276,0.9618922484299551,6082.019964118744,11.957695,"42,92"
380887434,4527.01,PC,CP,9.16764,2459474.200243,0.399444495232738,0.802879641990536,330.817373689199,11.964,"42,43"
376981340,4528.01,O,FA,12.806,2459448.108233,4.02497118697644,2.5421501878158,20420.7314775108,30.254791,42
384888319,4529.01,PC,CP,10.1406,2459448.511683,5.87957519379483,2.07781572728965,1352.7622114228,16.776562,"42,43,70"
35022727,4530.01,KP,KP,12.2192,2459450.646766,3.65281123782676,2.87885731406943,18681.4630567732,181.50099,"42,43,44,70,71"
262662119,4531.01,KP,KP,12.1796,2459450.126596,4.53346998242052,3.60525133014906,11929.8619691848,79.42073,"42,70"
376939759,4532.01,KP,KP,13.0121,2460231.88252,5.8176452,2.577,9178,13,"42,43,70"
418761354,4533.01,KP,KP,11.375,2459494.881247,2.1747824,1.654,560,9,"42,43,70"
437704321,4534.01,KP,KP,12.3071,2459448.05066,2.8492802255418863,2.0072154631244645,3881.5844287264163,18.374321,"42,92"
26017005,4535.01,KP,KP,12.5489,2459449.120055,4.09847409320976,2.323409011514,16869.9465037156,90.56356,"42,43,44,70,71"
380907135,4536.01,KP,KP,10.5559,2460226.955884,4.0460644,5.824,8004,57,"42,43,70"
251039147,4537.01,PC,PC,8.1954,2459450.837437,6.66299510374309,1.34547483306828,949.438661162523,17.684458,"42,70"
262715204,4538.01,KP,KP,11.2451,2460228.758602,7.1385672,2.464,2064,30,"42,70"
262715204,4538.02,KP,KP,11.2451,2459447.897021,3.4715644,3.0898301916751434,883.5440120294721,9.351658,"42,70,92"
262715204,4538.03,KP,KP,11.2451,2459449.16923,10.453474801618311,2.3756169581931523,1031.8928839902335,7.6140614,"42,70,92"
102264230,4539.01,KP,KP,11.29,2459449.352847,4.159151245890707,3.5899214872117695,11970.93413427308,132.84119,"42,92"
388816604,4540.01,PC,PC,12.9485,2460230.91969,2.5048178,2.077,1723,29,"3,30,42,43,70"
293432942,4541.01,PC,APC,10.027,2459496.050413,1.1339769,0.852,630,16,"42,43"
4464022,4542.01,PC,PC,12.2614,2459453.208413,5.9167681222997714,1.7482041317251955,28729.140793208077,77.74212,"42,70,92"
435336785,4543.01,PC,PC,6.7943,2460212.247805,5.7740318,4.551,4820,168,"42,43,44,70,71"
435339847,4544.01,KP,KP,11.2867,2458440.219543,8.20008746058802,2.4601180544368,1079.59272671764,10.680461,"5,42,43,44,70,71"
610976842,4545.01,KP,KP,12.813,2460228.933083,4.0248735,2.384,23775,44,"42,43,70"
25911962,4546.01,PC,PC,10.0376,2460232.738875,0.745637,0.671,932,21,"42,43,44,70"
206284139,4547.01,KP,KP,12.1112,2460825.442997,3.002649483600345,2.96754221755921,4411.969111681852,180.88759188586954,"42,92"
21130820,4548.01,PC,PC,9.962,2460229.837135,4.6003967,1.402,1130,22,"18,42,43,44,58,70"
9030119,4549.01,KP,PC,12.8466,2460231.218276,3.3129214,2.097,1815,30,"2,29,42,70"
400972123,4550.01,PC,PC,9.7741,2460093.051522,1.8868756,2.393,368,14,"10,11,37,38,64,65"
204650483,4551.01,PC,CP,9.02765,2459312.392162,9.956296,10.474,1024,9,"10,37"
248250955,4552.01,PC,CP,11.9251,2459361.882335,0.301150580637201,0.64048413083924,1457.69739751313,9.10204,39
383721338,4553.01,PC,PC,10.4895,2459422.817477,20.3129648533101,7.18524022593044,5194.325804186,33.104496,"14,26,40,41,53"
369768787,4554.01,PC,APC,9.6632,2458644.136953,703.93766084,9.024536816420685,337.45616145702314,7.60769,"11,12,13,38,39"
141770198,4555.01,PC,PC,8.1676,2458523.844604,522.627267732424,9.86392368068544,238.584415353465,7.2000117,"1,2,3,4,5,6,7,8,9,10,11,12,13,27,28,29,30,31,32,33,34,35,36,37,38,39,61,62,63,64,65,66,67,68,69"
107018378,4556.01,PC,PC,13.0454,2458570.930851,3.7924559544461482,1.226492223943402,3553.2788818477043,9.44941,"10,37,63"
258917846,4557.01,PC,PC,10.3342,2458605.104346,32.29190101238879,8.091646758040495,1517.2139237952547,23.936815,"11,37,38,64"
220414682,4558.01,PC,PC,8.7147,2458325.445967,6.58127679651655,4.66336698989381,55.2290806635264,8.138536,"1,2,3,4,5,6,7,8,9,10,11,12,13,27,28,29,30,31,32,33,34,35,36,37,38,39,62,63,64,65,66,68,69"
271169413,4559.01,PC,CP,10.9139,2458597.872164,3.9649052665498408,1.6788114480321248,1160.5626137495171,13.750853,"11,38,64"
307716123,4560.01,PC,PC,9.1007,2458441.155609,3.76340281427097,2.52590274772867,140.435291627933,11.365979,"5,9,10,11,12,29,32,35,36,37,38,62,63,64,65,69"
33716474,4561.01,PC,PC,11.0559,2458330.062409,8.93565576404579,1.95391469111696,420.529810592878,10.531742,"1,2,5,6,8,9,12,13,27,28,29,32,35,36,39,61,62,63,65,66,67,68,69"
349576261,4562.01,CP,CP,11.5326,2459132.225854,225.103788549707,4.02371356472002,10850.1349366457,38.69458,"27,28,29,30,31,32,33,34,35,36,37,38,39,61,62,63,64,65,66,67,68,69"
418255064,4563.01,PC,PC,11.6157,2458629.331333,743.4843887942,3.80416232059967,5535.46040853587,17.914175,"11,12,38,39"
400786146,4564.01,EB,FP,10.7716,2459323.079936,22.1536777317684,7.58937852792003,4469.3198770764,35.275467,"37,38,64,65"
381897917,4565.01,PC,PC,10.3154,2460853.062881,19.785983814624252,2.557538294261206,1517.7212750793701,41.21428075813883,"13,39,66,93"
269728501,4566.01,PC,PC,11.5832,2459036.380129,2.08448824228241,1.55415749055151,609.004653305368,11.212546,"27,28,32,35,39,62,66,67,68"
307849973,4567.01,PC,PC,11.9212,2458543.862361,0.84094286383014,1.1780505994394,549.346590619973,12.09812,"9,11,35,36,37,38,62,63,64,65,69"
307849973,4567.02,PC,CP,11.9212,2458548.589493,23.5422421813088,3.23908491591966,1411.97172558824,11.51239,"9,11,35,36,37,38,62,63,64,65,69"
447088034,4568.01,PC,PC,6.9608,2460849.798144,14.006381312914355,2.02189090998248,305.93042899275576,30.525058973149005,"12,39,65,66,93"
149126400,4569.01,PC,FP,15.764,2459036.84286,1.22531587062166,3.43575795300198,6006.51750693148,7.770379,"27,30,35,36,37,38,39"
137402055,4570.01,KP,KP,15.0523,2459391.459891,1.9737719355324,2.17717014323531,32350.4373938519,12.472726,"40,41,54,55"
48451130,4571.01,KP,KP,13.7589,2459413.718798,30.3599811785999,6.08237453261554,19347.5990647253,32.561897,"40,41,54,55"
154940895,4572.01,PC,PC,11.9212,2458822.701914,13.475546134167,2.27639476646416,1090.09344135194,9.094992,"19,20,25,26,40,47,52,53"
362103298,4573.01,PC,PC,11.0444,2458693.433927,10.7155521233118,2.7277770398273,424.299807029001,8.657228,"14,15,16,19,22,25,26,40,41,48,49,52,53,57,58,59,60"
298428237,4574.01,PC,PC,11.7495,2459823.526701,0.768988,0.512,870,11,"14,15,41,55"
372759746,4575.01,PC,PC,10.3203,2460317.227192,27.9815639,4.901,722,10,"14,20,21,40,41,47,48,74,75"
157667414,4576.01,PC,PC,10.1658,2459010.844549,10.4834062234393,3.29817771607206,1767.88418345692,12.343209,"26,40,53"
138364831,4577.01,KP,KP,14.4669,2459391.112176,1.625512355222,2.65900291533393,10095.3614496826,13.056615,"40,41,54,55"
154474036,4578.01,PC,PC,10.7757,2459634.198599,8.62390972455811,2.61929640884156,675.121080574598,10.094296,"14,20,21,40,41,47,48,60"
27769688,4579.01,KP,KP,11.3523,2458733.312542,88.4956829658291,6.95108488405611,2838.57565688213,8.96966,"14,15,40,41,54,55"
219742885,4580.01,PC,PC,8.5954,2458684.084719,0.916799170796793,1.3578155462139,39.0383592350219,7.5813622,"14,15,16,17,18,19,20,21,22,23,24,25,26,40,41,47,48,50,51,52,53,54,55"
273231214,4581.01,KP,KP,11.7889,2458719.361769,22.3428773004532,6.70012799367121,5934.92001164691,20.2419,"14,15,41,54,55"
273231214,4581.02,KP,KP,11.7889,2459774.45043,.0,6.61712060067757,3767.52174776642,9.250516,54
219854519,4582.01,CP,CP,10.5481,2459394.937884,31.0343213950544,12.0587353608778,1572.18910912904,38.234386,"14,15,16,17,18,19,20,21,22,23,24,25,26,40,41,47,48,49,50,51,52,53,54,56,57,58,59,60"
103604037,4583.01,PC,FA,10.571,2459390.798699,19.5202385591324,4.09605804785528,2962.40355654555,11.220469,"40,41"
120255950,4584.01,KP,KP,10.6114,2459399.639202,31.5786847112054,2.12950550935654,2119.32566761632,19.077679,"40,41,53,54"
233529335,4585.01,PC,PC,9.64656,2458915.989125,.0,12.8976377724944,384.755274586267,7.3422637,"14,15,16,17,19,20,21,22,23,24,25,26,40,41"
416534875,4586.01,PC,PC,10.7382,2459632.557861,5.3909915,1.954,570,8,"14,21,41,48"
137683938,4587.01,KP,KP,14.5505,2459393.659836,3.29031359088435,1.74652534818498,15334.2181362341,10.759113,"40,41,54,55"
48031665,4588.01,PC,PC,9.06584,2458689.149116,13.1187745915961,4.52784131740058,333.002783119974,11.703625,"14,26,40,41,53,54,55"
164458714,4589.01,KP,KP,9.03131,2460364.345637,17.8335899,3.642,289,10,"14,26,40,41,53,54,55,74,75"
154923406,4590.01,PC,PC,9.6446,2458703.264605,25.9213508724218,2.12083921828654,589.317152741666,8.148816,"14,19,20,21,26,40,47,53,59,60"
356868487,4591.01,EB,FP,11.7167,2459692.968529,27.9102929440988,10.6336017912165,18279.5176542606,86.54392,"14,15,16,17,18,19,20,21,22,23,24,25,26,40,41,47,48,49,50,51,52,53,54,56,57,58,59,60"
122785299,4592.01,KP,KP,14.575,2459392.140389,8.88495108586945,1.99585070202848,16966.9658671274,9.239769,"40,41,54"
399954349,4593.01,KP,KP,11.6052,2458689.578278,7.83446882552987,3.12608025341368,2017.36287711264,13.867318,"14,26,40,41,53,54,55"
399954349,4593.02,KP,KP,11.6052,2458684.471974,3.00519286221904,1.81116477691183,737.835583116959,7.8623304,"14,26,40,41,53,54,55"
158555987,4594.01,EB,FP,11.8995,2458687.926051,5.546089293505985,2.2804171236722213,1956.6215347368372,19.407572,"14,40,41,53,54,55,74,75"
159725995,4595.01,KP,KP,14.9767,2459394.278533,3.7705864541407,3.9149764099662,12789.7368576989,11.841265,"40,41,54,55"
86951294,4596.01,PC,PC,9.2564,2460283.324345,4.1194175,2.057,722,26,"43,44,45,71,72"
68573534,4597.01,PC,PC,7.82403,2459523.197223,4.6663795,2.526,6900,23,"43,44"
29017001,4598.01,PC,PC,9.58025,2460251.524106,8.2003748,2.168,1521,29,"18,42,43,44,70,71"
307809773,4599.01,CP,CP,7.89863,2460284.446332,2.7694936,1.031,712,37,"43,44,45,71,72"
307809773,4599.02,CP,CP,7.89863,2460277.804123,5.7060868,0.863,821,28,"43,44,45,71,72"
232608943,4600.01,CP,CP,11.8787,2459419.383357,82.6901439076752,7.52402979928273,6529.57651258169,48.16501,"40,41,47,48,49,51,52,53,54,55,56,57,58,59,60"
232608943,4600.02,PC,CP,11.8787,2459751.598569,482.8191,10.8504686570891,6928.14461696307,27.898134,"17,53"
349071261,4601.01,PC,PC,10.3099,2459501.2671,2.78752325411355,1.73841207453019,8077.67261281405,56.89227,"43,44"
467651916,4602.01,PC,CP,7.7746,2460655.201888,3.9813082,3.1,464,29,"43,44,70,71,86"
437856897,4603.01,CP,CP,8.6554,2460273.680601,7.2455997,2.734,1106,29,"43,44,45,71,72"
27039476,4604.01,KP,KP,9.3928,2460257.717716,2.2251639,1.545,284,31,"43,71"
19155785,4605.01,EB,FP,10.2207,2460254.350652,3.1442556,1.81,2095,34,"43,44,45,71"
68577662,4606.01,KP,KP,9.31437,2459522.948827,11.1684037,5.354,9660,278,"43,44,71"
28294709,4607.01,PC,PC,9.67952,2459498.183252,5.5109534,2.411,520,11,"17,42,43"
427740976,4608.01,PC,PC,11.4512,2460256.015853,2.3494903,2.014,9053,72,"43,44,70,71"
118820486,4609.01,PC,PC,10.4117,2460229.446917,2.6921752,3.246,9194,44,"43,44,70"
1950736,4610.01,EB,FP,10.0745,2460307.729373,3.1129681,2.308,585,16,"19,43,44,45,71,73"
68646526,4611.01,PC,PC,9.02078,2459520.906327,5.2289874,3.386,320,31,"43,44"
97735908,4612.01,KP,KP,8.22398,2460257.044778,4.1137862,5.235,5739,221,"43,44,45,71"
436652523,4613.01,PC,APC,12.0336,2460251.01417,4.5461685,3.323,5251,18,"5,32,43,44,70,71"
408809625,4614.01,PC,PC,11.0302,2459448.534256,13.8338893192443,1.42605979597692,8899.36215599414,37.925327,"42,43"
84599716,4615.01,PC,PC,11.7892,2459550.580295,5.31937553733398,6.69139952369387,6537.08398186041,36.62315,"43,44,45"
258796169,4616.01,PC,CP,12.8872,2458765.025928,1.55381877515444,0.923935953718451,3449.95191823064,11.832472,"17,42,43,70"
18373995,4617.01,PC,PC,12.357,2459474.422251,3.48787537542392,2.88274472131755,18093.4842064641,86.83897,"43,44,70,71"
284326455,4618.01,KP,KP,12.2341,2459475.981707,3.79985358153438,1.81149135712685,25455.0849850623,164.76524,"43,44,45,71,72"
238586172,4619.01,PC,PC,13.8232,2459528.34243,3.47323985883491,4.37310994914198,10338.2192806827,18.895731,"43,44,45"
171160243,4620.01,PC,PC,9.56967,2459933.972235,1.3887494,1.38,3301,24,"19,43,44,59"
293457754,4621.01,KP,KP,12.3553,2459451.521141,4.5195089486172,3.16286478776423,17738.8625444077,88.20475,"42,43,70"
94727308,4622.01,PC,APC,16.1779,2459474.783065,1.2962320082635823,2.865677651100964,36097.72389190153,12.347949,"43,44,70,71,86"
56399553,4623.01,KP,KP,11.5476,2459475.969231,3.25883164155409,2.22203464100639,22743.2337535779,229.15514,"43,44,70,71"
84339983,4624.01,KP,KP,10.5136,2459475.610373,2.79082852671309,2.25998692244802,10049.6938822678,131.62625,"43,44,45,71,72"
58472992,4625.01,PC,PC,10.5774,2459475.637804,2.1913419945134,1.81006914357216,1062.79125801376,16.247852,"43,44,70,71"
241442273,4626.01,PC,PC,8.4492,2459338.399136,17.4756122,2.895,790,21,"11,38"
89702406,4627.01,EB,FP,11.5252,2459264.71217,23.143855131532,5.76594665375997,6955.87389373654,38.276844,"35,36,37,61,62,63"
404421005,4628.01,KP,KP,9.66562,2458575.158194,6.326680036819368,2.0310601147528766,520.8002154462043,7.731756,"10,37"
304339227,4629.01,PC,PC,8.6577,2458673.333796,714.697095595839,5.69194361087756,457.08645053571,14.200377,"13,39,66"
292202337,4630.01,KP,PC,9.046,2458619.207652,721.562175788759,4.593341335225626,2177.931991044364,27.626175,"11,38,91"
313006381,4631.01,PC,PC,8.7551,2458705.690981,33.63562522513033,3.88435695369383,724.019839543571,18.4608,"14,20,26,40,47,53,60,74"
336075472,4632.01,PC,PC,10.6329,2458712.448605,63.1448518916239,4.99255091338157,1697.01881026408,14.309427,"14,26,40,41,52,53,54"
307958020,4633.01,CP,CP,8.3498,2458864.835181,271.938638971,11.1292466382323,483.168888257653,16.521877,"14,15,16,17,18,19,20,21,22,23,24,25,26,40,41,47,48,49,50,51,52,53,55,56,58,59"
17150865,4634.01,EB,FP,12.5065,2460232.412765,0.8706763,1.007,1861,29,"43,44,70"
337129672,4635.01,EB,FP,10.6029,2460209.918841,49.1077047395584,2.94023192783815,28125.1452075096,90.2659,"42,43,70"
405484221,4636.01,EB,FP,15.7488,2459454.50904,42.82891524015,2.32485261915231,85688.8204518609,11.763273,"42,43"
306485267,4637.01,PC,PC,10.3991,2459451.613,14.3540583235874,2.51225290507498,1053.07196676576,8.554153,"42,43"
58824746,4638.01,PC,CP,10.7434,2459449.353563,10.2829582517974,3.53489155847534,865.124645705015,8.948416,"42,43"
91251292,4639.01,PC,PC,10.671,2459451.091261,3.9906790249789,2.79003924505961,670.249577212259,12.933433,"42,43,70,71"
91251292,4639.02,PC,PC,10.671,2459456.765509,13.0780555076784,4.45413361578097,932.121496788351,11.2407465,"42,43,70,71"
337216118,4640.01,PC,PC,11.0771,2459447.755126,2.685722911326,2.2391181880052,632.809774720648,8.685985,"42,43"
436873727,4641.01,PC,CP,7.1323,2460239.908686,22.0933921788079,5.40950761573261,2633.60091105918,53.175365,"18,42,43,44,58,70,71"
336961891,4642.01,PC,PC,11.9847,2459449.129554,3.60223773777829,1.03255200089646,2229.98568822383,7.1671104,"42,43"
270355392,4643.01,PC,PC,10.6127,2458411.393075,5.0256637062963,1.88857666325065,650.141569660307,11.17756,"4,31,42,43,70,71"
270355392,4643.02,PC,PC,10.6127,2458415.854932,10.7387038720614,1.53176365571927,803.353905759393,7.8576913,"4,31,42,43,70,71"
387423096,4644.01,PC,PC,11.0505,2459524.090945,0.3181853,0.762,480,15,"42,43,44"
46698351,4645.01,PC,PC,10.2381,2460084.812644,5.0872348,8.035,4037,28,"12,38,39,65"
286696849,4646.01,PC,PC,12.2257,2459915.972155,8.92994827169825,3.20026676851587,26516.4016202203,52.706245,"19,59"
303204165,4647.01,PC,PC,9.59055,2459451.542506,8.83461466822978,3.01439873080432,646.096607177546,13.884332,"42,43,57,70"
303204165,4647.02,PC,PC,9.59055,2459451.391313,11.0696103892699,3.16811426886733,591.105541629919,8.871542,"42,43,57,70"
257774438,4648.01,KP,KP,8.97055,2459461.181123,15.3886606556006,4.33006432752769,407.105054467919,8.780687,"42,43,70"
404713783,4649.01,PC,PC,10.1448,2460233.687026,15.0758735,3.502,645,9,"42,43,70,71"
60646268,4650.01,PC,PC,13.492,2459084.536102,2.6672418,2.858,11150,19,"1,28"
147302550,4651.01,PC,PC,13.3592,2459071.960195,11.1878978,2.457,8190,10,"1,28"
139877968,4652.01,PC,PC,12.1679,2459078.330446,18.6224802,4.088,9890,27,"1,28"
238854767,4653.01,PC,PC,11.3326,2460128.431989,16.3764188,4.775,1230,10,"1,13,27,28,67,68"
99648579,4654.01,PC,PC,13.2157,2459084.090632,10.6936683,2.411,10680,13,"1,28"
209310912,4655.01,PC,PC,13.4227,2459085.462981,3.6749802,1.743,23820,27,28
120523488,4656.01,PC,PC,13.3652,2459110.795172,3.439221,1.693,5050,9,"2,29"
434110695,4657.01,PC,PC,11.5471,2460183.111585,8.11566700522941,0.960019600227242,1807.44002258723,7.2025366,"2,29,69,70"
224279091,4658.01,PC,PC,11.5047,2459103.831934,6.0142432,2.262,1210,9,"2,29"
178215634,4659.01,PC,PC,10.9774,2459167.858358,1.0451165,0.794,1010,18,"4,5,31"
435259601,4660.01,PC,PC,13.2616,2459523.062741,1.5090806,1.796,26050,96,"31,42,43,44"
441135051,4661.01,PC,PC,11.858,2459156.854569,8.8085782,1.92,9550,33,"4,31"
166778944,4662.01,PC,PC,11.4031,2459165.007854,4.7034187,1.937,1390,10,"4,31"
237358490,4663.01,PC,PC,13.0006,2459159.619518,5.2916448,2.645,17870,72,"3,4,5,30,31"
299551666,4664.01,PC,PC,12.7285,2459165.08637,3.0002713,3.519,8490,11,"5,31"
165201455,4665.01,PC,PC,13.2467,2459165.067431,3.6831574,4.43,6190,24,"4,30,31"
165202476,4666.01,PC,CP,13.3272,2459168.476368,2.9093856,2.075,45160,68,31
422884521,4667.01,PC,PC,13.413,2459165.819787,17.9450925,1.673,16550,18,"4,31"
142938659,4668.01,PC,FP,13.8371,2459169.299411,1.0049552,0.92,8600,16,31
71401634,4669.01,PC,FP,13.1599,2459169.548716,0.2476684,0.401,2460,12,31
404506270,4670.01,PC,PC,14.8743,2459150.617565,15.5014296,1.663,90070,18,31
439873430,4671.01,PC,PC,11.6733,2459167.096077,17.1470323,3.895,2310,13,"4,31"
332911893,4672.01,PC,PC,11.8795,2459168.770633,6.6132132,5.646,10010,81,"4,31"
118573065,4673.01,PC,PC,12.9735,2459164.646167,4.8667353,0.728,6370,13,"4,31"
89062142,4674.01,PC,PC,13.1662,2459161.883903,4.2430633,3.582,7270,20,"4,31"
279095914,4675.01,PC,PC,11.0418,2459165.52615,3.5779775,1.795,830,9,"4,31"
219225319,4676.01,PC,PC,13.2172,2459163.082504,13.291966,2.48,7360,17,"3,4,5,30,31"
100974694,4677.01,PC,PC,12.4969,2459166.440518,4.0589926,0.789,2440,10,"3,4,30,31"
206717400,4678.01,PC,PC,13.0862,2459168.253288,4.7743169,2.968,10690,26,"4,31"
283605976,4679.01,PC,PC,11.7948,2460211.223411,6.8170909,4.39258404229515,2977.5740384865,19.456196,"5,32,42,43,44,70,71"
31258738,4680.01,PC,PC,13.1744,2459173.504974,17.4314043,4.06,8180,17,"5,6,32"
248689510,4681.01,PC,PC,13.3206,2459194.880219,3.0421828,2.628,20390,47,32
449197624,4682.01,PC,FP,12.2624,2459187.795987,6.7934811,1.824,5400,19,"5,32"
264460005,4683.01,O,FP,12.9876,2459194.816461,3.0929206,2.248,5640,14,"6,32"
399757537,4684.01,PC,PC,12.8181,2459194.248543,6.4879123,1.648,7260,12,"5,32"
431693152,4685.01,PC,PC,11.6829,2459188.98641,7.0308254,3.198,1560,10,"5,32"
316875094,4686.01,PC,PC,13.372,2459190.957776,7.9461192,2.339,8750,13,"5,32"
302759417,4687.01,PC,PC,13.3354,2459548.927537,3.313358,3.014,6230,23,"6,32,43,44,45"
245793479,4688.01,PC,PC,12.587,2460211.622844,7.7688831,1.353,7970,23,"5,32,43,44,70,71"
396935099,4689.01,PC,PC,12.52,2459198.970846,2.4337374,1.835,12540,52,32
455033897,4690.01,PC,APC,11.0796,2459180.689567,11.5341529,1.332,1750,9,"5,32"
200321577,4691.01,PC,PC,13.364,2459185.213746,8.5725884,4.495,4880,16,"4,5,6,31,32"
153723304,4692.01,PC,PC,13.2815,2460989.765516,4.0519584,1.1244351949832008,8050.7654788687605,10.423942,"4,5,30,31,32,98"
117843365,4693.01,PC,APC,11.8326,2459198.727602,1.9113216,1.167,7400,46,32
50745119,4694.01,PC,PC,13.5249,2459193.698371,5.629318,1.847,8030,10,"6,32"
139550876,4695.01,PC,PC,12.4332,2459155.04089,35.7861915,2.924,20160,61,"5,31,32"
243011228,4696.01,PC,PC,13.3233,2459521.210956,4.1249095,3.025,5480,25,"5,32,42,43,44"
250189842,4697.01,PC,PC,13.5473,2459195.473718,5.0274739,6.229,4070,12,"5,32"
411781649,4698.01,PC,PC,13.5306,2459191.579713,4.2333233,2.325,10850,15,32
34395020,4699.01,PC,PC,13.2669,2459186.707588,10.1766089,4.474,7980,17,"6,32"
468911753,4700.01,PC,APC,13.8159,2459197.315409,2.2964514,1.734,3430,13,"5,32"
9344899,4701.01,PC,PC,12.735,2459197.981561,8.5821795,3.835,6790,18,"5,32"
248690688,4702.01,PC,PC,12.2469,2459194.134783,3.121702,3.323,12650,64,32
293514367,4703.01,PC,PC,13.1052,2459517.108882,5.1155806,3.042,6250,21,"5,32,43,44"
455030519,4704.01,PC,APC,12.4562,2459197.724648,2.6875966,1.469,2480,14,"5,32"
436637677,4705.01,PC,PC,11.4616,2459519.126558,11.9140328,5.076,3050,25,"5,32,43,44"
37117064,4706.01,PC,PC,11.4558,2458483.114646,735.982363,5.289,9100,50,"6,33"
322825139,4707.01,PC,PC,12.2096,2459226.690709,0.4709937,0.336,1900,11,"6,33"
232194097,4708.01,PC,PC,13.4142,2459223.248135,3.3560085,3.354,10850,13,33
317328621,4709.01,PC,APC,12.8771,2459220.512929,6.2397532,3.209,11490,26,"6,33"
144486060,4710.01,PC,PC,12.8983,2459226.526882,1.4798437,2.702,3090,16,"5,6,32,33"
177718896,4711.01,PC,PC,12.6127,2459221.348914,3.7081082,6.54,1490,10,"7,33"
317089770,4712.01,PC,PC,12.4505,2459221.840496,8.8720052,3.592,4370,21,"6,32,33"
102542376,4713.01,PC,APC,11.8362,2459224.623802,2.9532479,3.095,6210,18,"6,33"
251111783,4714.01,PC,PC,13.2837,2459219.562126,7.9144674,3.114,20760,15,"6,33"
268372005,4715.01,PC,FP,11.907,2459214.764692,6.4274159,1.277,3940,11,"7,33"
268689126,4716.01,PC,PC,12.9871,2459218.398096,5.2376102,6.518,3830,10,"7,33"
269190305,4717.01,PC,PC,13.187,2459219.329857,4.1583367,3.043,9610,12,"7,33"
234958949,4718.01,PC,PC,12.6581,2459220.398799,5.1409029,2.265,5830,9,"6,33"
306363166,4719.01,PC,PC,12.4967,2459201.745874,14.3953055,2.87,17315,16,"6,33"
124322274,4720.01,PC,PC,13.3224,2459225.607183,3.7810832,3.069,8030,15,"6,7,33"
229210014,4721.01,PC,PC,12.8219,2460237.323707,4.0086493,2.46897197408186,9213.75064194438,23.342068,"6,33,71,72"
142530031,4722.01,PC,PC,12.9256,2459219.500661,10.8910909,3.992,4350,11,"6,7,33"
322824542,4723.01,PC,PC,13.0796,2459226.361286,3.6590997,2.955,8630,19,"6,33"
119638424,4724.01,PC,CP,11.2567,2459221.311524,3.572359,2.731,1300,10,"6,33"
26587613,4725.01,PC,PC,12.2651,2459546.99513,2.0763072,1.223,16220,104,"33,44,45"
409009431,4726.01,PC,PC,12.1022,2459223.153269,4.2971136,2.775,26010,115,33
39824732,4727.01,PC,PC,12.7858,2459214.055371,7.151653,1.193,11740,11,"6,33"
270716565,4728.01,PC,PC,13.2415,2459223.951267,6.0879495,1.639,26720,26,"6,33"
52738649,4729.01,PC,PC,12.5934,2459220.206779,6.9279673,1.868,6830,10,"6,33"
97866515,4730.01,PC,PC,11.5548,2459545.314424,4.0681112,3.284,2150,30,"6,33,43,44,45"
438368981,4731.01,PC,PC,11.801,2459548.375865,1.4553693,1.236,9810,102,"6,33,43,44,45"
78489364,4732.01,PC,PC,13.1802,2459225.157456,1.8911553,1.085,14530,19,33
438149332,4733.01,PC,PC,13.0454,2459544.58483,5.3054422,3.785,18200,49,"6,33,43,44,45"
97714451,4734.01,PC,PC,11.9039,2459541.87525,6.2356356,5.544,2470,23,"6,33,43,44,45"
280292434,4735.01,PC,PC,12.922,2459221.109539,3.541053,2.031,21620,35,"6,33"
265619984,4736.01,PC,PC,13.4148,2459222.792459,2.8564778,4.678,5320,10,"6,33"
142532090,4737.01,PC,CP,11.992,2459222.401832,9.3202467,4.963,2200,15,"6,7,33"
247873937,4738.01,PC,FP,12.1359,2459549.304788,4.6498719,4.995,8110,37,"6,33,44,45"
281716779,4739.01,PC,APC,10.5293,2459223.200936,8.1703609,3.365,9410,55,"6,33"
72097808,4740.01,PC,PC,11.572,2459226.154086,5.7728793,3.883,6900,41,33
291198795,4741.01,PC,PC,12.6648,2459223.677938,2.4849639,2.977,6830,14,33
237637903,4742.01,PC,PC,12.9065,2459226.761013,4.1034672,2.918,6920,11,"6,33"
23725901,4743.01,PC,PC,13.0802,2459217.210283,6.2185453,3.122,7840,14,"7,33"
293931909,4744.01,PC,PC,12.7323,2459220.296088,4.8013522,4.644,4690,13,"6,33"
269278156,4745.01,PC,PC,13.1524,2459220.372965,4.413935,2.604,10370,16,"6,33"
160180298,4746.01,PC,PC,11.9046,2459213.185298,7.5395871,2.44,2920,20,"5,31,33"
235078021,4747.01,PC,PC,11.8128,2459222.486906,5.2192426,2.45,1500,14,"5,6,32,33"
59770954,4748.01,PC,PC,13.3212,2459544.135431,4.1018859,3.576,10690,24,"6,33,44,45"
153412485,4749.01,PC,PC,13.4835,2459226.693605,1.3832999,2.774,9020,16,"6,33"
317189702,4750.01,PC,PC,11.6252,2459222.777563,3.2141617,1.618,3370,36,"6,32,33"
291580615,4751.01,PC,PC,12.097,2459227.341639,3.6014534,3.747,10790,46,"7,33"
237700098,4752.01,PC,PC,13.3596,2459218.934935,5.0467874,4.516,7190,11,"6,33"
306604742,4753.01,PC,PC,12.4037,2459541.712722,5.3970484,6.194,2800,22,"6,33,43,44,45"
61344769,4754.01,PC,PC,13.0345,2459226.014665,3.6307276,3.198,10550,31,"6,33"
267197567,4755.01,PC,PC,12.022,2459216.543014,22.7273078,2.485,6510,22,"6,7,32,33"
119556803,4756.01,PC,PC,12.687,2459216.307194,8.0823172,1.414,4360,9,"6,33"
53744258,4757.01,PC,PC,13.4965,2459227.260198,2.0804611,3.608,5260,17,"6,7,33"
34524670,4758.01,PC,PC,12.7743,2459222.180238,5.7627112,3.501,9670,29,"6,33"
49705089,4759.01,PC,FP,12.2627,2459226.011756,9.6578504,5.943,2300,12,"6,33"
291332861,4760.01,PC,PC,13.4145,2459226.580412,7.7223185,3.344,11390,13,"6,33"
440849210,4761.01,PC,PC,12.1499,2459575.895584,3.7863767,5.123,2190,27,"7,33,44,45,46"
119069946,4762.01,PC,PC,11.2806,2459220.411888,4.3591525,3.559,1030,9,"6,33"
143072696,4763.01,PC,PC,11.9337,2459223.399542,5.8679992,5.605,4550,19,"6,33"
268456052,4764.01,PC,PC,13.488,2459224.633627,1.6025971,2.212,13050,13,33
21747057,4765.01,PC,PC,13.0513,2459206.230052,16.3734954,5.022,7810,24,"5,6,32,33"
271307949,4766.01,PC,PC,12.6574,2459963.946425,1.93265725661457,1.61910560560168,14051.9827876475,30.83476,"7,34,61"
157127081,4767.01,PC,PC,13.1935,2459252.112384,2.7319222,3.913,3880,23,"6,7,33,34"
108940329,4768.01,PC,PC,10.4397,2459979.776645,7.2644599,3.233,7988,92,"7,34,61"
333814134,4769.01,PC,PC,12.512,2459249.745957,2.8636452,3.402,8590,25,"7,34"
112110888,4770.01,PC,PC,12.9825,2459963.442749,1.9491813,3.119,11670,23,"7,34,61"
266441563,4771.01,PC,APC,11.9135,2459249.632763,6.0049484,3.366,8932,18,"7,34"
455153906,4772.01,PC,PC,13.3319,2459248.942017,2.8894603,2.561,17030,35,"7,34"
415276070,4773.01,PC,PC,11.4048,2459963.256136,1.74548279134348,1.92327303805639,6919.1303309484,32.963398,"34,61"
148129139,4774.01,PC,PC,12.5447,2459243.036813,8.6000244,3.974,1620,11,"6,7,33,34"
412521892,4775.01,PC,PC,11.5293,2459248.828614,2.4732088,2.244,2740,9,"7,34"
196286578,4776.01,PC,PC,11.6309,2459245.97102,10.4137997,3.774,6720,13,"7,8,34"
170368805,4777.01,PC,PC,13.3209,2459250.950635,2.9588764,2.682,12900,16,"7,34"
145163386,4778.01,PC,PC,12.9318,2459966.545076,3.8074213,4.4775157444609,8643.7888966217,13.697488,"7,8,34,61"
170221808,4779.01,PC,PC,13.4765,2459249.337732,10.7490194,2.256,9240,16,"6,7,33,34"
231937828,4780.01,PC,PC,12.4648,2459247.48951,4.6942884,3.224,5310,33,"7,32,34"
176242778,4781.01,PC,PC,11.14,2459250.822205,1.9055614,1.726,5841,15,"7,34"
423128096,4782.01,PC,APC,12.2563,2459247.428982,3.7244324,2.913,6600,19,"7,34"
218988652,4783.01,PC,APC,12.6847,2459252.171087,6.7519508,1.603,11050,22,"7,8,34"
409207712,4784.01,PC,PC,13.2701,2459246.338861,3.3583921,2.644,9170,13,"7,33,34"
50751260,4785.01,PC,PC,12.7651,2459242.498402,6.4311106,2.385,5930,14,"7,34"
127012328,4786.01,PC,PC,11.9623,2459245.419299,5.6984189,4.475,4031,11,"7,34"
431981595,4787.01,PC,PC,12.5494,2459251.312378,3.5037708,2.716,6140,11,"7,34"
156999527,4788.01,PC,PC,12.4832,2459244.550352,4.3930669,2.33,11110,79,"6,7,33,34"
134221850,4789.01,PC,PC,13.1637,2459251.273628,7.5002702,2.487,8750,18,"6,7,8,33,34"
452903647,4790.01,PC,APC,13.1561,2459964.406443,1.61024354745396,2.32587105697402,5442.47859340163,9.369143,"7,34,61"
100389539,4791.01,PC,CP,10.8961,2459246.158055,4.2809767,3.145,7520,65,"33,34"
265350422,4792.01,PC,APC,11.0783,2459235.815084,8.4481666,1.255,7405,10,"8,34"
65949719,4793.01,PC,PC,13.2584,2459248.821949,3.4658629,3.301,9580,18,"7,34"
95589845,4794.01,PC,PC,12.0465,2459249.835617,3.5658043,3.914,10030,30,"7,34"
107090327,4795.01,PC,PC,12.9188,2459250.177227,2.7431176,3.134,8230,15,"7,34"
65905621,4796.01,PC,PC,13.1502,2459250.341527,3.5775958,2.779,8730,13,"7,33,34"
265011923,4797.01,PC,PC,13.3736,2459248.080834,2.9922495,1.594,10895,11,"7,34"
274137295,4798.01,PC,PC,12.7577,2459248.758205,5.5261155,1.873,7330,16,"7,34"
65805840,4799.01,PC,PC,13.0983,2459250.007806,4.0234634,3.204,7560,13,"7,33,34"
280307604,4800.01,O,FP,10.9833,2459244.040521,4.3229915,0.875,1980,13,"7,34"
419092044,4801.01,PC,PC,12.9613,2459964.586749,3.251269,2.569,7880,13,"7,8,34"
50575306,4802.01,PC,PC,13.1675,2459249.153752,1.7131374,2.608,3850,10,"7,34"
19117967,4803.01,PC,PC,12.0548,2459540.496396,8.4516737,3.896,2930,19,"34,44,45"
320341952,4804.01,PC,PC,10.2278,2459982.488346,5.0648401,3.009,915,19,"7,33,34,61"
7976072,4805.01,PC,PC,13.2933,2459239.289015,8.9981735,4.547,6480,11,"8,34"
96317115,4806.01,PC,PC,11.7503,2459248.293164,8.4476983,3.79,2000,17,"6,33,34"
174546820,4807.01,PC,PC,11.9698,2459245.196258,17.6868627,1.379,10310,14,"7,8,34"
126772538,4808.01,PC,FP,13.4542,2459251.604328,1.4700596,2.18,4760,9,"7,34"
143724857,4809.01,PC,PC,12.6417,2459964.285192,4.47225981471465,4.06596413748993,3606.54172938474,10.048325,"8,34,61"
281225729,4810.01,PC,PC,12.7549,2459251.905341,2.4162514,3.055,2970,14,"7,33,34"
334414389,4811.01,PC,PC,12.2124,2459963.071494,0.982825901423599,1.38692486612408,1732.33247538598,9.871416,"7,34,61"
81744640,4812.01,PC,PC,12.9655,2459250.009543,3.3138453,3.863,3550,14,"7,33,34"
333810741,4813.01,PC,PC,13.3071,2459247.778467,4.0492184,2.659,6560,10,"7,34"
32004914,4814.01,PC,PC,13.0015,2459246.539025,5.545745,2.302,20790,32,"7,34"
19447218,4815.01,PC,PC,13.425,2459966.449361,8.9727235,3.808,10960,14,"7,34,61"
156990000,4816.01,PC,PC,13.3087,2459967.174765,11.2473628,4.113,10340,30,"6,7,33,34,61"
60074373,4817.01,PC,FP,14.6435,2459276.406959,3.190373,2.684,42550,11,35
181422954,4818.01,PC,PC,13.2881,2459963.060609,2.6006996066073413,2.937034232245222,5706.924879473793,15.293893,"8,35"
82739585,4819.01,PC,PC,13.0819,2459277.359548,1.5889429,1.183,22530,55,"34,35"
394223845,4820.01,PC,PC,11.9556,2459979.053397,27.1358856,4.115049970488518,6405.804069114759,21.399214,"8,34,35"
354937825,4821.01,PC,PC,12.7761,2459965.307736,5.469359,2.119,5940,16,"7,8,34,35,61"
52936161,4822.01,PC,PC,12.6614,2459278.328014,4.4712213,3.771,5140,16,"8,9,34,35"
348756659,4823.01,PC,PC,12.3474,2459964.280868,3.72609391164866,3.11924233594908,18231.0352508188,62.22323,"8,35,61"
179687771,4824.01,PC,PC,12.8792,2459278.833839,5.124162,4.651,6630,20,"8,35"
53047383,4825.01,PC,PC,11.2275,2459963.644232,2.81830530301433,4.15167964776744,7916.11318658099,31.65196,"34,35,61,62"
17683158,4826.01,PC,PC,12.8972,2459271.205436,5.9730504,4.041,8220,13,"8,35"
332630868,4827.01,EB,FP,12.3805,2458525.417575,736.5601487,4.183,3600,12,"8,35"
291469139,4828.01,PC,PC,13.351,2459265.674593,19.0286016,3.938,8910,14,"7,8,33,34,35"
268439377,4829.01,PC,FP,13.1591,2459279.259801,0.9855374,1.18,3290,17,"7,8,9,34,35"
1260235,4830.01,PC,PC,12.2452,2459275.292996,7.6945481,3.436,3510,14,"8,34,35"
17896514,4831.01,PC,PC,12.292,2459279.810162,2.6375869,4.029,3610,12,"8,35"
186470968,4832.01,PC,PC,13.7028,2459990.290039,2.7805098,1.547,15800,11,"35,61,62"
176442805,4833.01,PC,PC,12.2709,2459278.576518,3.6520005,3.638,4590,29,"8,34,35"
77550515,4834.01,PC,PC,13.0519,2459275.262066,3.118166,2.285,5150,13,"8,35"
434428836,4835.01,PC,PC,13.0341,2459278.922756,5.1953991,3.032,4920,12,"8,35"
231559817,4836.01,PC,PC,11.031,2459965.74527,5.10350913809705,3.71908960871786,3718.47227242218,18.135302,"8,34,35,61"
19612445,4837.01,PC,PC,10.5378,2459991.372991,4.4644761,1.185,1690,15,"8,9,35,62"
374200604,4838.01,FP,FP,11.869,2459525.795452,0.7600190181346775,0.6387380397405018,1865.5886517586762,15.336781,"35,45,46,72"
38118291,4839.01,PC,PC,12.3907,2459273.977808,13.3441946,4.743,3260,9,"8,35"
80029842,4840.01,PC,FP,12.2896,2459279.306422,2.3992876,2.545,1180,10,"7,9,34,35"
453060368,4841.01,PC,PC,12.7964,2459271.894843,9.6284672,3.554,17990,35,"8,35"
131034657,4842.01,PC,PC,11.8379,2459271.888906,5.3374045,1.849,2780,16,"7,8,34,35"
258051471,4843.01,PC,PC,12.403,2459970.499681,8.3548746,3.253,4160,15,"8,34,35,61"
143994382,4844.01,PC,PC,12.5368,2459991.385346,4.5425274,2.92,8670,13,"7,8,34,35,61,62"
26305150,4845.01,PC,PC,12.749,2459992.31448,4.21908996709602,4.93140318651871,3393.77524784803,12.8348875,"35,62"
418971787,4846.01,PC,FP,13.0246,2459277.893321,1.0638184,3.191,3220,18,"7,8,34,35"
186541435,4847.01,PC,PC,12.3056,2459271.910973,7.0465721,2.322,4760,9,"8,35"
134596619,4848.01,PC,PC,13.0971,2459966.239964,3.72354069576951,2.1053503258796,8088.78610192358,11.740495,"7,8,34,35,61,62"
132534906,4849.01,EB,FP,12.5874,2459277.978622,3.0617364,1.947,6620,13,"7,8,34,35,61"
332705008,4850.01,PC,PC,12.8901,2459269.733623,7.67781585888636,3.492,6370,14,"8,35,62"
60377863,4851.01,PC,CP,9.4051,2459278.824612,21.6091483,6.112,320,10,"7,8,34,35"
74712191,4852.01,PC,PC,11.8422,2459304.797295,7.2307407,4.646,7940,44,"8,9,35,36"
74530173,4853.01,PC,PC,13.2181,2459303.196658,7.2333744,1.118,10550,9,"8,9,35,36"
70780410,4854.01,PC,PC,13.2372,2459991.881756,3.9230475,2.559,4600,11,"9,35,36,62"
44514807,4855.01,PC,PC,12.9514,2459290.955895,7.5872202,1.826,4260,10,"9,35,36"
428685938,4856.01,EB,FP,14.379,2460022.855249,14.4896397,1.898,40070,15,"36,63"
35972578,4857.01,PC,PC,13.1051,2459304.811948,1.8881146,2.761,9030,31,"9,36"
262499797,4858.01,PC,FP,14.8083,2459963.283806,1.75091172663579,1.4130673326106,70067.1013668714,57.449997,"35,36,61,62,63,67,69"
152467154,4859.01,PC,PC,13.1012,2459291.242923,7.1878971,3.321,11430,22,"10,36"
335590096,4860.01,PC,CP,13.7726,2459304.245613,1.5229985,1.196,58060,66,36
71341774,4861.01,PC,PC,12.3349,2459299.868636,3.4321678,5.115,1950,12,"9,36"
322807371,4862.01,PC,CP,11.6707,2459287.603184,.0,5.513,10056,28,"9,36"
143032776,4863.01,PC,FP,14.667,2459289.281849,12.4856615,2.538,67270,19,36
48274889,4864.01,PC,PC,13.0585,2459990.592951,5.2410982,1.188,5660,12,"9,35,36,62"
143059017,4865.01,PC,APC,13.4804,2459303.401989,1.2655205,1.344,6380,11,36
35758536,4866.01,PC,PC,13.157,2459302.162367,4.1059615,3.688,5250,12,"9,36"
74484423,4867.01,PC,PC,12.959,2459992.374372,2.835273,4.249,3370,14,"8,9,35,36,62"
362370757,4868.01,PC,PC,12.8007,2460014.699711,3.5164369,3.119,6640,17,"9,10,35,36,62,63"
71221700,4869.01,PC,PC,12.3918,2460016.892261,3.0978928,1.17,2740,9,"9,36,62,63"
446135868,4870.01,PC,PC,13.353,2459990.185813,1.8119168,2.618,5510,9,"9,36,62,63"
168158622,4871.01,PC,PC,12.7595,2459988.602324,1.7687528,1.471,4140,11,"9,35,36,62"
310822679,4872.01,PC,PC,12.6425,2459302.453868,1.7125104,3.465,1810,10,"9,10,36"
228694725,4873.01,PC,APC,12.6116,2459331.381252,0.8313018,1.181,1770,12,"10,37"
463754499,4874.01,PC,PC,13.1088,2459331.968016,2.2866856,2.881,3720,14,"9,10,36,37"
133512515,4875.01,PC,PC,12.5502,2459330.737173,9.7929019,3.362,6100,14,"9,10,36,37"
458300989,4876.01,PC,PC,12.5386,2459328.149645,4.1379542,4.739,2610,10,"10,36,37"
447054140,4877.01,PC,PC,12.2316,2459330.373409,5.2220526,4.243,4850,31,"9,10,36,37"
144155193,4878.01,PC,PC,13.4358,2459330.771658,4.728422,1.398,10770,12,"10,37"
45465399,4879.01,PC,FP,13.3342,2459325.008186,5.3763108,2.339,4040,12,"8,9,10,35,36,37"
245099574,4880.01,PC,PC,12.8382,2459329.598741,3.4717583,3.494,11480,16,37
359735804,4881.01,PC,PC,13.2953,2460015.729632,4.4158835,4.663,3250,13,"9,10,36,37,62,63"
458331312,4882.01,PC,PC,11.2673,2459329.594358,4.4360402,2.438,7040,33,"10,36,37"
446463666,4883.01,PC,PC,12.9582,2459328.308088,4.4967355,4.218,6290,13,"9,10,36,37"
80681136,4884.01,PC,PC,13.351,2460015.656298,1.53008428457586,3.10559445846325,4193.64569997113,11.903917,"10,36,37,63,64"
72504752,4885.01,PC,PC,13.3328,2459321.242029,6.9392854,5.859,14590,22,"10,37"
457743020,4886.01,PC,FP,12.9004,2459327.581873,3.251249,2.123,12040,34,"10,36,37"
274911400,4887.01,PC,PC,12.6039,2459325.946083,5.1873583,5.228,3850,13,"9,10,36,37"
309292963,4888.01,PC,PC,12.0728,2459319.759823,9.4185437,4.259,2670,15,"4,5,8,10,35,36,37"
441936163,4889.01,PC,PC,12.6063,2460041.259254,1.895234,0.868,2470,9,"9,10,36,37,62,63,64"
92004082,4890.01,PC,PC,11.6042,2460017.41864,3.0471275267159412,3.297434718348297,8595.28726072558,77.177895,"37,63,64"
458199018,4891.01,PC,PC,12.8844,2460016.760002,2.44980118577023,3.91891678225299,12322.1183043601,22.871021,"10,36,37,63,64"
6010784,4892.01,PC,PC,13.2078,2459323.755016,4.516649,3.654,6110,16,"10,37"
441234277,4893.01,PC,PC,12.6087,2460021.337816,7.3262605,1.786,12150,20,"9,10,36,37"
469333534,4894.01,PC,PC,13.4175,2459329.469535,3.5611222,2.736,5240,10,"9,10,36,37"
463365347,4895.01,PC,PC,12.1122,2459321.815644,8.9641788,1.636,3510,10,"9,10,36,37"
438278301,4896.01,PC,PC,12.554,2459322.428954,5.1609259,4.411,4600,10,"9,37"
81693792,4897.01,PC,PC,13.1546,2459329.757212,4.3066915,2.149,7630,11,"10,36,37"
124235800,4898.01,PC,PC,11.9277,2459330.01077,2.7652293,1.262,2390,14,"10,37"
376610581,4899.01,PC,PC,12.4218,2459331.214533,2.3908076,3.28,6010,13,"11,36,37"
425508314,4900.01,PC,PC,13.1119,2459320.969034,7.6650157,5.834,7190,19,"11,37"
107017977,4901.01,PC,PC,12.5306,2459315.344938,16.0462248,2.492,7300,18,"10,37"
358072664,4902.01,PC,FP,12.8989,2459327.06697,4.1934945,1.873,2710,9,"9,10,35,36,37"
457789844,4903.01,PC,PC,12.3934,2459331.925466,4.9142901,4.595,5270,18,"10,36,37"
464388115,4904.01,PC,PC,12.5927,2459331.41006,2.4118274,1.722,9250,32,"9,10,36,37"
463011281,4905.01,PC,PC,12.6595,2459311.21739,11.1378464,1.622,5350,9,"9,10,36,37"
385459345,4906.01,PC,PC,13.3678,2459999.63407,11.9768240862971,3.662,6760,10,"9,10,35,36,37,62"
447585233,4907.01,PC,PC,12.9489,2459329.17652,3.3405202,2.693,3150,11,"9,10,36,37"
356835341,4908.01,PC,PC,13.2223,2459311.07958,19.7112002,5.452,4150,9,"9,10,11,35,36,37"
272211398,4909.01,PC,PC,10.609,2459316.775014,11.6484665224403,5.8782939372478,6183.96784610072,36.47387,"10,37,64"
303327435,4910.01,PC,PC,13.467,2460018.63378,5.5066909541317,1.9113879750242,16086.3990830054,11.677083,"10,36,37,63,64"
303814029,4911.01,PC,PC,12.7706,2459332.056627,4.4573401,3.75,7447,12,"10,36,37"
219769290,4912.01,PC,PC,13.346,2459327.882942,7.4105517,1.856,10640,11,"10,37"
72401290,4913.01,PC,PC,12.3375,2459332.199038,6.5430693,2.585,3820,13,"10,37"
49254857,4914.01,PC,CP,11.6629,2459317.272697,10.5988743,1.638,12920,43,37
440937096,4915.01,PC,PC,11.7211,2459991.530389,3.3362143,2.121,2130,17,"9,10,36,37,62,63"
454069765,4916.01,KP,KP,12.1137,2459326.617962,4.1197036,4.547,2690,20,"10,36,37"
317362389,4917.01,PC,PC,11.1646,2459356.533298,4.7738904,3.304,9170,24,"11,38"
60859922,4918.01,PC,PC,12.0272,2459357.329312,6.5329169,3.342,2860,13,"11,38"
155419920,4919.01,PC,PC,12.9098,2459358.158702,3.6470909,2.383,9420,17,"12,38"
132611413,4920.01,PC,PC,12.8127,2460070.066556,2.5329225160391173,4.0440414289481135,8461.710717198834,15.901067,"12,38,65"
404227343,4921.01,PC,PC,12.1004,2459344.888612,3.4975869,1.734,4500,22,"37,38"
411943564,4922.01,PC,PC,12.798,2459359.885613,7.5492321,5.259,6530,19,"11,37,38"
219181903,4923.01,PC,PC,12.2607,2459975.584855,12.9175271,4.46,4615,26,"1,5,6,7,8,11,28,31,32,33,34,38,61,65,68"
307099276,4924.01,PC,PC,13.0029,2459359.002207,3.1467665,3.359,5630,12,"10,11,37,38"
399847887,4925.01,PC,PC,13.484,2460045.034653,3.9511085,3.4364719800307135,13125.956701068199,16.678524,"10,11,37,38"
454828937,4926.01,PC,PC,12.29,2460045.680668,6.809144,6.35,1990,17,"11,12,37,38"
376421071,4927.01,PC,PC,13.1571,2459359.635635,0.8166936,1.234,2890,13,"11,36,37,38"
448820344,4928.01,PC,PC,11.3943,2459358.786025,2.7792649,3.764,3610,21,"11,12,38"
359403471,4929.01,PC,PC,13.405,2459358.085914,2.5547255,2.953,5580,10,"11,38"
307221757,4930.01,PC,PC,12.0678,2459358.242592,6.7789159,4.138,2640,17,"11,38"
296850254,4931.01,PC,PC,12.129,2460047.119757,6.7635161,3.079,5690,23,"11,37,38,64,65"
148772620,4932.01,PC,PC,12.5116,2459358.598278,3.9417247,5.762,2770,14,"1,2,3,4,5,6,7,8,9,10,11,38"
35106764,4933.01,PC,PC,12.7116,2459354.560435,5.3861006,4.62,6440,14,"11,12,38"
292797572,4934.01,PC,FP,12.6554,2459355.677383,2.8013515,5.405,4590,15,"11,38"
412635642,4935.01,PC,PC,11.5845,2460047.58184,17.42198088044521,4.0812900969409975,11750.836484798132,42.904003,"11,37,38,64,65"
68030406,4936.01,PC,PC,13.0936,2459358.593442,4.7750178,3.64,9470,28,"11,37,38"
241638905,4937.01,PC,PC,12.4864,2459358.244091,5.0414219,6.675,2340,11,"11,38"
457018819,4938.01,PC,PC,12.4741,2459357.454607,2.913692,2.665,20130,79,"11,38"
149109125,4939.01,PC,PC,12.1624,2459342.285554,9.1717558,3.54,5240,12,38
237929468,4940.01,PC,CP,11.8153,2459963.745719,25.8663868915017,4.08387809495557,2612.88274063377,15.549264,"1,2,3,4,8,11,28,29,30,31,34,38,61,62,64,65,68,69"
77680373,4941.01,PC,PC,13.1014,2459354.639335,3.5569996,1.985,18990,26,"12,38"
166242494,4942.01,PC,PC,12.5098,2459349.600449,7.9248476,4.022,3330,12,"11,37,38"
418567812,4943.01,PC,PC,12.998,2459352.427425,8.0176705,2.714,12290,18,"12,38"
242190195,4944.01,PC,PC,13.0161,2459359.477756,4.075051,1.176,9210,16,"11,38"
332017079,4945.01,PC,PC,13.184,2459357.969995,1.6500255,2.937,14270,45,"11,38"
319783554,4946.01,PC,FP,12.1164,2459357.232388,1.819376,2.97,5240,12,"11,38"
382975217,4947.01,PC,PC,11.5362,2459353.765428,4.1400273,3.936,4520,23,"11,37,38"
160476088,4948.01,PC,FP,13.164,2459360.065225,0.4722347,1.074,3610,13,"11,38"
401028336,4949.01,PC,PC,12.4171,2459356.989907,1.7819156,2.748,12020,19,"11,12,38"
245341495,4950.01,PC,PC,11.997,2459355.717367,3.9358604,4.341,4510,24,"11,37,38"
448435566,4951.01,PC,PC,11.8412,2459357.872468,4.1042587,4.642,2790,12,"11,12,38"
400073524,4952.01,PC,PC,12.547,2460041.454595,0.6534841,0.988,1970,12,"10,11,37,38"
405571798,4953.01,PC,PC,13.4571,2459357.455769,2.9590176,2.832,12520,16,"11,37,38"
147723246,4954.01,PC,PC,12.69,2459352.202579,6.6819653,4.357,9100,16,"12,38"
188865842,4955.01,PC,PC,13.3356,2459359.920886,3.1409607,1.284,10670,9,"12,38"
8005485,4956.01,PC,PC,13.3624,2459356.229775,5.1087099,1.011,16220,14,38
412485680,4957.01,PC,PC,11.9955,2459358.370512,4.6622996,3.382,3810,30,"11,37,38"
457649900,4958.01,PC,PC,10.7546,2458606.970698,748.8277169,5.812,2167,15,"11,38"
290337456,4959.01,PC,PC,13.3895,2459357.533033,4.6011828,3.476,11320,11,"12,38"
329672278,4960.01,PC,PC,10.7133,2459357.496025,4.0557174,1.615,4240,12,"1,2,3,4,5,6,7,8,9,10,11,38"
420202798,4961.01,PC,PC,11.6602,2460041.882953,7.479337401122791,3.5371419221544738,17147.305117489985,79.13135,"11,37,38,64,65"
210681065,4962.01,PC,PC,12.6445,2459359.714227,2.074205,2.806,8150,19,"11,38"
407827885,4963.01,PC,PC,13.1009,2459358.024906,2.365766,4.298,5750,9,38
406443564,4964.01,PC,FP,13.2364,2459359.320018,1.1167145,1.817,12810,30,"11,38"
129890791,4965.01,PC,PC,11.4543,2459355.756466,7.0857491,5.047,2227,11,"1,2,3,4,5,6,7,8,9,10,11,38"
295507430,4966.01,PC,PC,11.9852,2460044.771537,7.3136902,5.53,1480,11,"10,11,37,38,64,65"
243476396,4967.01,PC,PC,13.2313,2459359.528372,0.5979368,1.018,3760,13,"11,38"
253961767,4968.01,PC,PC,12.5808,2460070.677566,2.2355936087593,3.8169842751288,11467.2654828078,37.303017,"38,64,65"
406106335,4969.01,PC,PC,12.8132,2459358.240883,3.0773658,3.579,5140,23,"11,37,38"
359523751,4970.01,PC,PC,12.365,2460044.30294,4.833881268634787,3.958526676499767,15572.865574634432,34.38818,38
453942180,4971.01,PC,PC,11.9736,2460017.003067,7.9674915,3.374,2920,20,"10,11,37,38,63,64,65"
149585119,4972.01,PC,PC,13.1773,2459355.969484,2.6492703,2.42,10560,20,"12,38"
397522142,4973.01,PC,PC,10.7271,2459354.079175,7.9486299,1.29,6340,34,"10,37,38"
148478039,4974.01,PC,PC,12.7126,2459348.686501,10.6006859,3.663,16260,33,"11,38"
304085024,4975.01,PC,PC,12.967,2460014.437582,4.4834145,2.363,4810,15,"9,10,11,36,37,38,63,64,65"
210629725,4976.01,PC,PC,13.3665,2459357.471434,3.027103,3.964,6250,12,"11,38"
68081952,4977.01,PC,PC,12.5156,2459355.338541,7.7023687,2.321,27310,93,"11,37,38"
145204443,4978.01,PC,PC,12.2913,2459357.613735,4.7190303,1.538,6800,14,38
311736478,4979.01,PC,PC,10.5895,2459354.245025,3.6305988,2.303,570,9,"11,12,38"
200435203,4980.01,PC,PC,12.9331,2459187.422226,16.1565078,1.814,13030,26,"4,5,31,32"
14029793,4981.01,PC,PC,12.4813,2459199.878456,0.2097217,0.25,1250,18,"5,6,31,32"
46627476,4982.01,PC,PC,13.3495,2459197.858888,2.5665666,3.177,9060,27,"6,32"
80137654,4983.01,PC,PC,13.01,2459219.069151,5.7527363,5.075,12970,24,"6,7,33"
177391159,4984.01,PC,PC,12.4373,2459226.755662,3.6748618,4.042,2990,15,"7,33"
294315741,4985.01,EB,FP,13.3162,2459546.190637,3.5678072,2.968,17670,45,"33,43,44,45"
5592720,4986.01,PC,PC,12.8742,2459245.46046,6.5946181,2.884,9920,12,"7,34"
293607057,4987.01,PC,CP,10.6311,2459274.884918,4.2889696,2.517,5850,61,"9,35"
445392860,4988.01,PC,PC,14.881,2459990.471484,2.36965479187715,1.89257676889008,46129.4275971558,22.259983,"35,61,62"
303385111,4989.01,PC,PC,13.0413,2459382.6896,3.429078,1.795,13770,14,39
295312916,4990.01,PC,PC,12.9123,2459383.064288,5.6386197,2.621,5940,21,"12,13,39"
247180220,4991.01,PC,PC,14.6594,2459385.804489,0.7702101,0.857,29130,11,39
362111691,4992.01,PC,PC,13.1812,2459381.726318,4.8807474,3.148,11440,26,"12,39"
360221713,4993.01,PC,PC,12.782,2459384.512135,3.1062522,4.824,3680,15,"12,39"
277128619,4994.01,PC,CP,11.9545,2459363.698425,21.4921464,4.199,5960,34,"12,13,27,39"
294295243,4995.01,PC,PC,11.8014,2459371.589355,8.7802662,2.45,2140,12,"12,13,39"
384709136,4996.01,PC,PC,12.7523,2459387.911786,4.8131406,4.932,5030,27,"12,13,39"
340624586,4997.01,PC,PC,11.1281,2459381.134323,13.3178839,4.344,3920,18,"12,39"
76228620,4998.01,PC,PC,11.2723,2459378.907088,9.7800223,4.245,4340,31,"13,39"
33227166,4999.01,PC,PC,10.8235,2459377.221706,5.5846356,5.066,2220,14,39
179230828,5000.01,PC,PC,12.6702,2459302.141318,5.5422295,2.556,14910,32,"9,36"
179230828,5000.02,PC,PC,12.6702,2459285.959527,15.3392841,2.933,12910,28,"9,36"
95709395,5001.01,PC,PC,12.1641,2459379.729414,5.069043,4.185,8170,33,"12,39"
418471116,5002.01,PC,PC,13.4479,2460070.612999,3.7318818,3.231,10850,28,"11,12,38,39"
301900477,5003.01,PC,PC,11.8406,2459388.445535,4.4540914,1.16,9790,24,"12,39"
384386062,5004.01,PC,PC,13.0071,2459380.933567,5.7626113,4.004,8710,29,"12,13,39"
282485660,5005.01,PC,CP,11.13,2459377.175525,6.3084728,2.871,3690,22,"12,39"
449107129,5006.01,PC,PC,11.9055,2459386.202615,4.254955,4.228,2370,23,"11,12,38,39"
424196109,5007.01,PC,CP,13.6366,2459384.64412,2.5432595,1.12,21300,10,39
150531994,5008.01,PC,PC,12.9499,2460830.04607,2.7755354543684936,3.755828975994121,12833.804699185957,25.045557,"66,93"
463781038,5009.01,PC,PC,11.9032,2459385.304236,8.1755735,7.683,2870,12,"12,39"
276735500,5010.01,PC,PC,14.6681,2459376.396983,6.7107895,1.377,29370,10,39
418298773,5011.01,PC,PC,13.4962,2460069.387501,2.6060495,1.65314668122288,7607.39860897477,17.169403,"11,38,39,65,66"
245728942,5012.01,PC,PC,11.4302,2459384.614713,4.18438,2.146,3750,17,"12,39"
287494667,5013.01,PC,PC,12.7482,2460047.431086,8.989491,1.43,2890,17,"2,3,5,6,9,10,11,12,13,29,30,32,33,35,36,37,38,39,62,63,64"
362032529,5014.01,PC,PC,12.4073,2459388.137789,3.4507193,3.498,2270,10,"12,39"
221656234,5015.01,PC,PC,12.491,2459384.648481,2.4533968,3.425,8790,23,"12,39"
68322189,5016.01,PC,FP,12.5209,2459385.759712,1.2833689,2.592,20090,32,"12,39"
302054555,5017.01,PC,PC,12.4698,2459384.729363,3.3677179,5.049,3070,17,"12,13,39"
294691204,5018.01,PC,PC,11.576,2459380.063674,6.5859565,1.553,1570,10,"12,13,39"
420829332,5019.01,PC,PC,12.6345,2459385.957383,1.090295,1.895,5240,13,"12,39"
310266243,5020.01,PC,PC,13.3298,2459387.587844,5.3450209,5.64,3650,11,"12,13,39"
403405969,5021.01,PC,PC,13.2565,2459384.238317,12.975062,6.124,6210,13,"12,39"
208772468,5022.01,PC,PC,13.1509,2459385.707127,2.244541,2.1,17150,19,39
213111428,5023.01,PC,PC,14.9582,2459386.471282,2.2749988,0.632,68800,9,39
344130921,5024.01,PC,PC,12.9267,2459368.639064,14.7765802,4.996,4630,16,"12,13,39"
217838717,5025.01,PC,PC,12.3666,2459384.454284,2.8846592,2.783,12880,30,"12,39"
161247580,5026.01,PC,PC,11.831,2459383.306298,3.2813635,3.203,4740,20,"12,39"
361711730,5027.01,PC,CP,10.9097,2459387.004152,10.2436729,2.999,9410,50,"12,39"
76894548,5028.01,PC,PC,12.5587,2459388.664235,3.9353218,3.169,8020,35,"13,39"
154400369,5029.01,PC,PC,12.1989,2459384.065789,3.8861815,2.565,5880,16,"12,39"
444290896,5030.01,PC,PC,12.3927,2459381.764066,4.4299239,4.671,5280,12,39
46807139,5031.01,PC,PC,13.302,2459381.694747,4.5314275,6.41,6062,10,"12,38,39"
283665218,5032.01,PC,PC,12.7954,2459376.494429,6.032661,4.689,6850,19,"12,38,39"
318180448,5033.01,PC,PC,11.7405,2459389.289886,5.4695364,1.274,1600,10,"13,27,39"
306990399,5034.01,PC,PC,12.0635,2459377.128539,8.7042937,2.726,2130,11,"12,13,39"
401509690,5035.01,PC,PC,12.5787,2459378.670278,5.8009082,3.175,5130,19,"11,12,38,39"
406726743,5036.01,PC,PC,12.5819,2459380.200716,17.7481897,2.516,5210,11,"38,39"
263486257,5037.01,PC,PC,12.3155,2460068.949933,4.12454728554742,3.43024753841972,15857.5159207237,57.582558,"39,65,66"
127115861,5038.01,PC,PC,11.9036,2459384.821608,0.9990876,1.27,4640,10,39
396649769,5039.01,PC,PC,13.4924,2460070.345183,2.1967461,3.749,3670,14,"12,38,39,65,66"
412828754,5040.01,PC,PC,12.9612,2459385.934136,3.3808424,3.135,4420,12,"12,39"
324609476,5041.01,EB,FP,14.9276,2460097.675656,0.7338919631503077,0.9663799268705777,41803.84140844531,24.338802,"39,66,67"
282221346,5042.01,PC,PC,11.0384,2459384.430453,5.6316098,5.877,940,18,"12,38,39"
75522633,5043.01,PC,PC,12.4337,2459384.329786,3.8027513,3.148,26100,93,"13,39"
298946836,5044.01,PC,PC,11.1072,2460072.096584,5.55566145824392,4.49458700095158,3308.30224175999,24.286547,"39,65,66"
297950791,5045.01,PC,PC,13.3209,2459386.865879,3.4792084,3.545,8320,16,"12,39"
306512967,5046.01,PC,PC,13.069,2459970.103597,11.1838046,5.302,3740,33,"1,2,3,4,5,6,8,9,10,11,12,13,27,28,29,30,31,32,33,34,35,36,37,38,39,61,62,63,64,65,66,67,68,69"
291857895,5047.01,PC,PC,12.6794,2459379.29804,7.3142625,3.367,18810,25,"12,39"
323022088,5048.01,PC,APC,13.115,2459386.66595,1.3583233,1.463,6790,17,"12,39"
261020738,5049.01,PC,PC,12.9072,2459384.733856,2.9204289,2.679,10330,21,"12,38,39"
282701278,5050.01,PC,PC,12.6487,2459382.640227,2.3064574,2.071,5650,19,"12,38,39"
217933560,5051.01,PC,PC,11.6451,2459379.848245,3.5980715,2.842,15550,36,"12,39"
208151094,5052.01,PC,PC,12.3562,2459381.491256,4.0668104,2.988,19690,31,39
324426685,5053.01,PC,PC,12.6916,2459372.59318,9.8830331,3.432,15630,65,"13,27,39"
401704685,5054.01,PC,PC,12.7372,2460100.051799,4.2100055,2.653,7990,35,"27,39,66,67"
407146538,5055.01,O,FP,11.9139,2460069.763644,2.0915616,3.634,2560,23,"12,13,39,65,66"
216925130,5056.01,PC,PC,10.9531,2459381.819163,7.6686232,4.794,2000,11,"12,39"
37291237,5057.01,PC,PC,11.0837,2459385.829606,1.1437772,1.501,1770,12,"12,39"
277034534,5058.01,PC,PC,10.9425,2460109.372596,23.7123919,5.841,6160,48,"12,13,39,66,67"
458027465,5059.01,PC,PC,11.8876,2459370.258532,8.7876771,2.935,20650,36,"12,39"
16264917,5060.01,PC,PC,13.4489,2459373.110938,1.2695326,2.229,13410,10,39
214218272,5061.01,PC,PC,12.9971,2459384.08724,3.3645349,3.14,7010,14,"12,39"
294768072,5062.01,PC,PC,11.8105,2459380.139505,6.2244575,5.174,1570,15,"12,13,39"
173979859,5063.01,PC,PC,12.6019,2459386.531727,3.613799,3.323,9490,19,"12,39"
407127579,5064.01,PC,PC,11.5939,2460099.296227,3.5108018,2.791,960,12,"12,13,39,65,66"
243244680,5065.01,KP,KP,9.66896,2459575.851873,19.4921473,3.568,1700,86,"44,45,46,72"
56655478,5066.01,PC,PC,10.3418,2460231.615855,1.3454079,1.208,1226,23,"43,44,70"
117275513,5067.01,KP,KP,11.7421,2460276.929305,4.6886342,2.651,1469,57,"21,44,45,46,72"
366631954,5068.01,KP,KP,11.1704,2460277.077587,4.7369669,2.58,1238,93,"7,34,44,45,46,72"
381360757,5069.01,PC,PC,9.63679,2459519.107426,8.8558739,6.144,280,10,"42,43,44"
319968129,5070.01,EB,FP,10.3879,2460285.329551,6.216994,2.759,2060,24,"43,44,45,71,72"
307733361,5071.01,KP,KP,10.0121,2460284.308584,1.6739029,1.355,863,20,"44,45,46,72"
7059054,5072.01,KP,KP,12.244,2460255.017005,5.185768,2.356,13002,256,"44,45,46,71"
458686969,5073.01,PC,PC,13.3042,2460282.514849,3.1393667,3.957,11087,115,"34,44,45,46,72"
6893917,5074.01,KP,KP,9.02097,2459502.394945,3.08017952766776,3.48709576497255,8926.43234597098,543.4589,"44,45,46,71,72"
23113034,5075.01,EB,FP,8.3482,2460256.342409,1.7134571,1.433,355,19,"43,44,70,71"
303432813,5076.01,CP,CP,9.9909,2460250.881084,23.4428912,4.392,1623,21,"42,43,44,70,71"
87873211,5077.01,PC,PC,9.51297,2460281.227232,5.8879518,3.534,747,17,"44,45,71,72"
303523128,5078.01,PC,PC,9.7119,2460258.603664,1.5110224,1.232,408,16,"42,43,44,70,71"
69672493,5079.01,EB,FP,9.642901,2460257.096765,1.4920726,1.594,907,22,"43,44,71"
17409453,5080.01,KP,KP,12.9285,2460243.190501,9.72665,4.584,2287,21,"43,44,70,71"
203214138,5081.01,KP,KP,10.5649,2460280.381301,5.1699026,1.972,3110,79,"44,45,46,72"
437011608,5082.01,PC,CP,7.6253,2460284.802643,4.2403543,2.353,842,31,"44,45,71,72"
5882269,5083.01,KP,KP,12.0394,2460251.750696,4.7948642,2.245,2280,30,"43,44,45,71"
438260486,5084.01,PC,PC,7.564,2460252.991856,5.8321337,2.039,274,17,"42,43,44,70,71"
6785559,5085.01,PC,PC,10.1125,2459546.925741,4.5117148,4.48,550,9,"43,44,45"
178217113,5086.01,KP,KP,11.0514,2460256.812967,2.9956366,2.287,7778,128,"44,45,46,71"
18310799,5087.01,KP,KP,10.1192,2460253.01276,17.3070631,3.646,1909,64,"43,44,70,71"
234388232,5088.01,PC,PC,9.3422,2460266.136757,10.3883213,4.056,822,22,"7,44,45,46,71,72"
234388232,5088.02,PC,PC,9.3422,2459521.211119,13.4155226,3.665,550,9,"7,44"
330687113,5089.01,KP,KP,10.999,2459503.123608,5.11383503555561,2.45567867520425,1290.37503140954,16.5122,"44,45,46,72"
184892124,5090.01,KP,KP,16.0573,2459500.669114,1.98280412480463,1.11393861404957,132105.04351747,28.9368,"44,45,46,72"
438073782,5091.01,PC,PC,11.4438,2459546.828897,3.6413702,3.705,11340,101,"6,33,43,44,45"
90853136,5092.01,PC,APC,11.6786,2459546.216863,2.36269008111204,1.44683364458376,4744.08002847923,21.331743,"43,44,45"
63189173,5093.01,KP,KP,12.8033,2459501.001669,2.29840578874573,2.08731856234237,30832.0537335049,187.14374,"44,46,71,72"
19028197,5094.01,KP,KP,10.2479,2459500.53574,3.33665106328833,1.85800338420603,6765.87043260467,169.63156,"44,45,46,71,72"
434226736,5095.01,KP,KP,13.0275,2459501.775176,3.48455432425138,0.915860065105211,13705.5317991715,20.878653,"44,70,71"
26826078,5096.01,KP,KP,10.2832,2460285.252669,2.8753183,1.615,23676,216,"44,45,46,71,72"
203214081,5097.01,KP,KP,11.5219,2460261.803357,5.7459945,1.185,3650,21,"44,45,46,72"
14770122,5098.01,KP,KP,11.8887,2459500.382137,3.54387321128987,4.2332051613389,10892.9403037813,147.14967,"44,45,46,71,72"
91481801,5099.01,PC,PC,6.9762,2459447.803576,14.4507561292467,1.3457796524172,867.635845823076,23.750374,"42,43,44,70,71"
349582831,5100.01,PC,PC,12.4261,2459500.690936,3.45321430397395,2.44524102085491,13153.3310187768,80.56326,"44,59,70,71"
366410512,5101.01,KP,KP,11.6718,2460247.820034,10.1367283,5.341,1059,24,"7,34,44,45,46,71"
82508808,5102.01,PC,APC,15.0155,2459500.505423,0.452201305869498,0.577371228707009,15351.6498068377,8.141622,44
366443576,5103.01,PC,APC,11.5679,2459570.084477,4.9898664,1.037,1850,28,"7,34,44,45,46"
415443327,5104.01,PC,PC,13.7667,2459501.630362,4.89037604678938,3.98444455558826,12039.4608136401,13.19661,44
203287192,5105.01,PC,PC,12.1476,2460277.666516,4.4455436,4.152,5839,230,"44,45,46,72"
59351345,5106.01,PC,PC,10.0704,2460257.699928,2.4361097,1.095,840,19,"6,33,43,44,45,71"
97735297,5107.01,PC,FP,9.4098,2459547.910111,1.8354365,1.633,310,13,"43,44,45"
350348197,5108.01,PC,CP,9.18458,2460285.356746,6.7535728,2.173,1740,39,"45,46,72"
411930845,5109.01,PC,PC,10.2846,2459547.384113,3.2104815,1.693,1600,32,"43,44,45"
239977528,5110.01,PC,CP,10.2592,2460227.480457,30.1584857,3.852,2293,23,"43,44,45,60,71,72"
203289099,5111.01,KP,KP,11.7538,2460280.32405,3.3557219,1.599,1101,41,"44,45,46,72"
337385330,5112.01,PC,PC,10.1857,2460261.292276,15.532806,3.564,1236,18,"44,45,46,71,72"
2685481,5113.01,PC,PC,10.2212,2460662.395647,4.136488,2.551,462,11,"19,43,44,45,59,71,73,86"
26693519,5114.01,PC,PC,10.0643,2460280.731884,6.1539077,2.115,1636,26,"44,45,46,71,72"
366499151,5115.01,PC,PC,12.1045,2459554.641004,13.8240078,3.512,1140,12,"7,44,45,46,61,72"
149496868,5116.01,PC,PC,11.9783,2459578.653916,3.4355113,2.11,2580,47,"45,46"
26469462,5117.01,PC,PC,10.3657,2459534.137427,11.6986928,3.37,930,13,"33,44,45"
438412198,5118.01,PC,PC,10.0769,2460257.667531,1.5749553,2.216,304,13,"6,33,43,44,45,71"
75427473,5119.01,EB,FP,8.96861,2460258.206104,1.4713984,3.028,236,16,"43,44,45,71"
58723861,5120.01,PC,PC,10.2326,2460267.926815,24.9163182,6.745,6260,80,"44,45,71,72"
366568760,5121.01,KP,KP,11.6522,2460269.511157,8.4071591,5.002,533,16,"7,44,45,46,61,72"
116668723,5122.01,PC,PC,9.82614,2460256.936361,3.3885867,1.377,639,11,"19,43,44,45,71"
332022997,5123.01,KP,KP,11.1983,2459501.145179,3.2810298609871,1.9734854290299,1163.6040256791,11.232783,"44,45,46,72"
332022997,5123.02,KP,KP,11.1983,2459572.871765,8.43889970960843,2.5274040797518,1269.20307317387,7.91934,"44,45,46,72"
306902029,5124.01,PC,FP,10.4406,2459549.901817,1.0754572,1.832,690,22,"43,44,45"
247906954,5125.01,PC,PC,9.02342,2460280.082357,5.909621,2.784,435,17,"6,33,44,45,71,72"
27064468,5126.01,CP,CP,9.56225,2460282.114507,5.4589863,3.39,1230,32,"45,46,48,72"
27064468,5126.02,CP,CP,9.56225,2460258.338552,17.9051919,4.555,771,14,"45,46,48,72"
438170612,5127.01,PC,PC,9.80493,2460239.027496,17.5328625,3.11,547,11,"6,33,43,44,45,71"
406495245,5128.01,PC,PC,8.2893,2460274.61075,7.6014943,3.018,1898,64,"45,46,72"
101520163,5129.01,PC,PC,10.1843,2460247.000236,7.4121119,1.78,979,10,"43,44,45,71"
75589027,5130.01,PC,PC,8.64885,2460255.333156,2.1667786,4.416,282,12,"43,44,45,71"
350043412,5131.01,PC,PC,13.1113,2459527.018825,9.4813433,1.019,9450,27,"45,46,72"
114516994,5132.01,PC,APC,10.1485,2459549.386944,1.5985577,1.19,2590,56,"44,45"
312221462,5133.01,EB,FP,10.3703,2459507.390544,30.4408598,4.586,1500,12,"19,43,44,45"
95010343,5134.01,PC,FP,9.16636,2460272.398924,6.880459,2.037,445,10,"44,45,46,71,72"
172110606,5135.01,EB,FP,8.96147,2460310.708798,2.0197299,2.563,426,31,"20,43,44,45,60,71,72,73"
175236511,5136.01,KP,KP,12.0789,2459550.096564,7.8092052,3.393,480,15,"44,45"
14570132,5137.01,PC,PC,12.345,2460280.973096,3.2092033,0.677,2038,42,"44,45,46,71,72"
38087018,5138.01,KP,KP,14.6026,2459526.191553,1.72926812423633,1.8278099071249,23043.2055192696,24.345505,"45,46,72"
95337971,5139.01,PC,PC,12.7263,2459626.883017,5.9471027,1.544,3540,10,"45,46,48"
175193677,5140.01,PC,PC,6.3687,2459547.722323,15.6113633266136,3.20026149543005,520.489760654118,15.49408,"45,46"
350020859,5141.01,KP,KP,8.74761,2459556.003033,11.8141726152559,5.56493522608701,1504.89416701027,34.01303,"45,46"
393495970,5142.01,KP,KP,11.0658,2459576.373848,1.75542853529876,1.77299863632673,14716.5922677128,87.35919,"45,46"
281837575,5143.01,PC,PC,11.2668,2459527.24297,5.20970995776126,1.69756784470972,11394.4691537911,71.77322,"45,46,72"
281837575,5143.02,PC,PC,11.2668,2459526.770284,2.38433043519587,1.9448395325241,1128.62298579709,11.931839,"45,46,72"
380619414,5144.01,KP,KP,10.15,2460262.66986,2.65567525096198,2.61110139029895,20259.2262625599,300.182,"45,46,72"
281885301,5145.01,KP,KP,12.3049,2459554.042178,7.91778552859751,3.15063904531112,6150.39843116387,22.755013,"45,46,72"
173103335,5146.01,KP,KP,10.5459,2459528.179119,10.0546003105448,2.64062098610008,1321.02003099345,9.39614,"45,46,72"
95361530,5147.01,PC,PC,12.2325,2459631.96789,3.9178573,0.739,4270,18,"45,46,48"
291517604,5148.01,PC,PC,10.0143,2460846.522234,5.063716042209528,6.023,4940,101,"12,39,66,93"
286094277,5149.01,PC,PC,10.4815,2459814.873357,27.3714952486235,9.70832100760149,11052.8460426734,121.55991,"15,16,41,55,56,75,76,82"
40954422,5150.01,EB,FP,10.0768,2460336.483913,1.7578288,3.218,2116,40,"14,15,41,54,55,74"
388130237,5151.01,PC,PC,12.8337,2459323.834982,92.1950434,4.425,27400,69,"1,3,4,5,6,7,8,9,10,11,13,27,28,29,30,31,32,33,34,35,36,37,38,39,61,62,63,64,65"
257527578,5152.01,CP,CP,10.6509,2459084.832076,54.3212423,4.024,3708,16,"4,31"
124029677,5153.01,PC,CP,11.215,2459197.092933,20.9108406,4.478,5936,34,"6,33"
240849748,5154.01,PC,APC,10.7203,2459470.788849,17.7256773,1.629,2860,37,"2,29,42"
388811663,5155.01,KP,KP,11.7603,2459456.729746,9.79565352601142,2.70730916677492,1633.79537111132,7.801178,"42,43,70"
468889418,5156.01,PC,PC,10.2409,2460221.038488,22.8524131,2.035,1265,10,"5,42,43,44,70,71"
38161230,5157.01,PC,APC,11.7475,2460284.25085,2.5194039,1.113,1935,95,"45,46,72"
337647366,5158.01,PC,PC,12.8325,2459575.676862,4.7464485,2.408,1940,12,"44,45,46"
286712787,5159.01,PC,PC,8.6739,2459526.144884,5.83650984428885,2.69988950370658,256.704480348788,8.3935,"45,46,72"
286712787,5159.02,PC,PC,8.6739,2459527.770444,3.64694539132142,2.46526546314825,145.185423502654,7.179731,"45,46,72"
4165850,5160.01,PC,PC,10.187,2460258.887433,4.2807509,2.051,447,12,"20,44,45,46,47,60,71"
277697921,5161.01,PC,PC,12.1875,2459577.648713,5.7519475,2.428,1200,16,"8,45,46"
60286662,5162.01,KP,KP,13.2027,2459504.354978,8.56232889439015,3.09616846895627,4321.46948957413,11.320312,"44,45,46,71,72"
115010361,5163.01,KP,KP,11.6271,2459674.578483,15.4658691,3.16,2380,27,"23,46,50"
6892385,5164.01,KP,KP,11.2089,2460256.367181,8.2669589,3.328,1316,82,"44,45,46,71"
349986198,5165.01,PC,CP,12.5389,2459546.601483,3.577501,1.662,1300,15,"45,46"
59582240,5166.01,PC,PC,10.0063,2459576.329573,1.7726881,1.409,390,9,"45,46"
458686504,5167.01,PC,PC,13.3935,2460282.322925,4.8740385,4.125,6410,15,"44,45,46,72"
363548415,5168.01,KP,KP,11.9186,2459528.161777,6.7713411,2.836,2930,31,"45,46,72"
350023518,5169.01,PC,PC,8.1644,2460269.548352,8.0387972,1.487,738,16,"45,46,72"
330690135,5170.01,KP,KP,11.5559,2459558.616394,14.7565014944677,4.9375033182692,2238.48300345558,12.945139,"44,45,46,72"
110996418,5171.01,PC,PC,13.4003,2458580.648059,15.781410326423165,3.9122053060054354,11238.729159959343,19.27218,"10,46,91"
53287554,5172.01,PC,PC,10.648,2459552.159115,4.726929399075142,2.6983295764967723,1418.4787666599232,15.906203,"46,91"
98669309,5173.01,KP,KP,14.1768,2459552.707286,4.00357732993897,2.09581532830142,14273.8513136905,10.604074,46
49428710,5174.01,CP,CP,10.6309,2459527.296517,12.2193392429859,4.88769353255069,1670.13106252132,19.858253,"45,46,72"
55266835,5175.01,PC,PC,13.0207,2459554.977553,6.85484645911496,1.5226064012698,16276.2815793975,24.047335,"45,46"
437054764,5176.01,PC,PC,14.6831,2459553.71434,20.3550739068238,3.50189364652252,37499.7343542388,15.9675665,"44,45,46"
350033870,5177.01,PC,CP,8.8471,2460284.438815,2.2085904,3.992,151,28,"45,46,72"
149969625,5178.01,KP,KP,10.7875,2459560.41257,14.0666014064463,2.70783725139596,1450.82503071382,7.6214685,46
288671122,5179.01,PC,PC,11.3617,2459768.887248,0.2874782,0.445,1940,48,"14,18,19,20,24,25,26,40,47,52"
346972413,5180.01,PC,PC,12.2175,2459413.390215,2.7779767,1.753,7890,16,"26,40"
346667887,5181.01,PC,PC,11.7242,2459415.698567,3.8922407,2.652,6100,37,"26,40"
99654378,5182.01,PC,PC,11.1303,2459598.659187,7.3039588,3.218,2050,21,"26,40,47"
298829544,5183.01,PC,PC,13.4685,2460368.824795,2.73955910989122,3.42951222595561,9227.42184812371,14.733875,"15,40,56,73,74,75,76"
28643432,5184.01,EB,FP,11.649,2460314.616401,2.2750902661828967,2.758312467388089,4241.331425844738,44.190247,"14,26,40,74,80,81"
462808933,5185.01,PC,PC,12.3595,2459414.668268,4.2788309,4.399,7750,27,"26,40"
68453985,5186.01,PC,PC,12.2428,2459416.39218,2.503254,2.828,9960,20,"14,40"
441590110,5187.01,PC,PC,11.6215,2459596.505388,17.8597459,4.862,2180,17,"19,20,26,40,47"
141677268,5188.01,PC,PC,10.5784,2459918.195827,22.43341,6.077,940,17,"19,20,26,40,47,52,59,60"
408549705,5189.01,EB,FP,12.9177,2459753.52285,9.5064017,3.258,8710,16,"19,20,25,40,47,52,59"
289574465,5190.01,PC,PC,11.7191,2459413.172126,5.7488688,4.412,5080,26,"26,40"
359469754,5191.01,PC,PC,12.6103,2459417.858614,3.0278609,3.669,6680,15,"14,40"
336125492,5192.01,PC,PC,12.5231,2459416.096484,4.7271324,4.672,8600,33,"14,26,40"
336126253,5193.01,PC,PC,11.8002,2459408.15505,18.9972068,3.906,2960,11,"14,26,40"
288612903,5194.01,PC,PC,12.1605,2459408.106913,7.0485133,3.543,4950,27,"26,40"
357145112,5195.01,PC,PC,12.1391,2459416.086326,3.1523405,3.111,6440,19,"14,40"
383828887,5196.01,PC,PC,13.2357,2459418.347453,2.5677096,2.882,10430,18,"14,40"
219431828,5197.01,PC,APC,11.906,2459588.291193,20.5773388,1.503,8520,26,"20,40,47"
193628179,5198.01,EB,FP,11.9993,2460315.759495,3.262344589180432,3.0845119159574748,8471.372276227912,83.76515,"25,26,40,74,78,79,80"
298049015,5199.01,PC,FP,14.9652,2459438.721301,3.9131371,1.846,37860,10,"40,41"
21101556,5200.01,PC,PC,11.3862,2459887.497008,17.4372954,2.967,2060,17,"14,15,18,21,25,26,40,41,48,58"
267810289,5201.01,PC,PC,13.306,2459686.760358,3.8558229,3.462,13730,63,"14,15,16,17,20,23,40,41,47,50"
320324079,5202.01,PC,PC,11.5405,2459684.507843,34.6141657,2.66,1470,12,"14,15,16,17,18,19,20,21,22,23,24,25,26,40,41,47,48,49,50,51"
158323182,5203.01,PC,PC,12.6934,2459423.366212,15.1255732,6.424,2080,9,"14,15,26,40,41"
65845738,5204.01,PC,PC,12.3428,2459825.299287,1.593603,3.244,5300,26,"15,41,56"
419411415,5205.01,PC,CP,13.6136,2459443.470673,1.6306523,1.202,68050,84,41
159117779,5206.01,PC,PC,12.8715,2459634.597943,4.4716261,6.451,5000,11,"14,20,21,26,40,41,47,48"
147892178,5207.01,PC,PC,13.2754,2459585.838983,24.6951647,3.696,13290,18,"14,20,40,41,47"
147892178,5207.02,PC,PC,13.2754,2459679.677932,67.84102093751775,3.0940126826482324,16244.539006902092,21.473853128495715,"14,20,40,41,47,53,60,74"
110738386,5208.01,PC,PC,11.4731,2459423.385838,12.2307873,3.627,4330,14,"14,40,41"
111108561,5209.01,PC,PC,12.8462,2459443.478986,2.635737,2.207,21500,38,"14,40,41"
265979849,5210.01,PC,PC,11.4194,2459443.959352,4.5661309,3.543,7630,77,"15,41"
215595454,5211.01,PC,PC,13.3285,2459445.520941,2.0961984,3.22,13710,18,"40,41"
424699834,5212.01,EB,FP,12.8257,2459826.176137,2.40114065612324,3.69264110111552,3193.98930376973,18.24495,"14,15,16,17,20,23,24,40,41,47,50,56,57,58,60"
247356332,5213.01,PC,PC,12.8179,2459445.58846,4.5333993,1.083,7690,10,"14,15,41"
7583660,5214.01,PC,PC,12.0228,2459445.571125,5.3333965,5.577,2710,18,"14,25,26,40,41"
236632480,5215.01,PC,PC,12.8507,2459443.206935,7.4244269,3.655,7290,15,"15,41"
256561562,5216.01,PC,PC,12.9392,2459714.938781,1.8951273,3.518,2130,24,"14,15,16,17,18,21,24,41,47,48,51,57"
215018906,5217.01,PC,PC,10.9992,2459790.808604,4.3713133,4.113,2960,23,"40,41,54"
259172249,5218.01,PC,CP,14.5179,2459825.392121,4.29148786096161,2.34626557175045,19180.72337748,23.207605,"41,47,48,49,56,57,59,60"
378708888,5219.01,PC,PC,13.4066,2459442.47017,2.88753,3.547,7680,15,"14,15,41"
394691478,5220.01,PC,PC,13.1562,2459445.188913,2.0876485,2.873,12940,26,"14,40,41"
233409941,5221.01,PC,PC,13.3911,2459878.821878,4.4247361,2.757,13312,38,"14,15,16,17,41,55,57"
30791047,5222.01,PC,APC,11.3171,2459435.553446,13.3057762,5.5,3700,10,"14,40,41"
377297285,5223.01,PC,PC,13.0628,2460369.865078,4.06569681870147,4.22756319827422,13698.7386687997,65.11341,"14,15,16,19,40,41,49,56,59,60,73,74,75,76"
406361982,5224.01,PC,PC,12.5459,2459818.154198,5.2819763,5.909,3320,18,"14,15,41,55"
383645563,5225.01,PC,PC,12.5117,2459831.811611,22.9367426,1.706,3520,15,"15,16,17,18,19,20,21,22,23,24,25,26,40,41,47,48,49,50,51,52,56,57,59,60"
195093356,5226.01,EB,FP,11.8572,2460340.76795,7.828359170821241,5.633322954813793,30592.168789271138,89.27824,"15,41,75,82"
313453776,5227.01,PC,PC,11.6078,2459632.264968,3.7325203,2.851,4800,86,"15,20,21,40,41,47,48"
154014059,5228.01,PC,PC,12.9534,2459651.416456,8.3221959,2.771,4460,22,"14,15,21,22,41,47,48,49"
288428649,5229.01,PC,PC,11.9919,2459883.298899,5.9184575,2.947,1240,24,"14,15,16,17,18,19,20,21,22,23,24,25,40,41,47,48,49,50,51,52,58"
55778666,5230.01,PC,PC,13.1924,2459630.986564,7.1452343,3.169,14520,33,"15,21,22,41,48"
105387356,5231.01,EB,FP,11.4186,2460313.168065,1.5163302277879733,4.878224089881459,1345.9973600174328,21.234776,"14,41,74,75,81,82"
69356857,5232.01,PC,CP,11.7791,2459440.069991,4.0966887,4.557,5620,26,"14,40,41"
259100469,5233.01,PC,PC,11.1752,2459727.105947,25.763332,1.668,2560,23,"14,15,16,18,19,20,21,22,23,24,25,26,40,41,47,48,49,50,51,52,57,58"
335681838,5234.01,PC,PC,10.8964,2459442.434681,15.1016086,4.403,520,9,"15,16,21,22,23,41,48,49"
154814765,5235.01,PC,PC,10.8131,2459559.856973,26.1442304,2.368,1980,12,"14,19,21,26,40,41,47"
193765661,5236.01,PC,PC,11.3335,2459807.154831,10.9974977,7.182,3400,11,"14,15,41,55"
435740442,5237.01,PC,PC,12.4705,2459444.873065,2.9889845,1.858,13920,10,41
219016883,5238.01,PC,CP,11.637,2459661.51574,4.8721904,2.584,2180,25,"14,15,16,21,22,23,41,47,48,49"
230290708,5239.01,PC,PC,12.7986,2459431.315024,11.3182327,2.956,5080,15,"14,26,40,41"
40055053,5240.01,PC,FP,11.6917,2459444.902109,4.1793301,5.161,4900,26,"14,40,41"
305948428,5241.01,PC,PC,12.1019,2459439.553965,4.8398399,2.818,7040,27,"14,40,41"
426122503,5242.01,PC,PC,12.789,2459445.351035,2.4038486,1.87,16500,22,"14,40,41"
322504451,5243.01,PC,PC,12.5949,2459825.686941,1.6087939,1.966,8160,21,"15,16,41,56"
352151292,5244.01,PC,PC,12.8105,2459827.2985,5.0821798,4.249,4930,13,"14,15,16,41,56"
123041007,5245.01,PC,APC,14.5795,2459446.067776,0.4305826,0.435,15510,16,41
295807723,5246.01,PC,FP,13.4161,2459445.21928,0.6972223,1.095,6460,21,"14,15,16,41"
289307883,5247.01,PC,PC,12.4228,2459440.338894,12.9177538,1.8,11460,23,"15,41"
256154857,5248.01,PC,APC,13.4319,2459794.85633,0.701239,1.05,13700,11,"41,54"
185598695,5249.01,PC,PC,13.4752,2459446.223146,4.6285493,2.844,15300,13,"14,15,41"
278105308,5250.01,PC,PC,11.7781,2459446.167966,5.4463931,2.222,8350,15,"14,41"
436007113,5251.01,PC,PC,12.2492,2459445.018309,2.3205922,2.393,8900,35,"14,15,41"
395385033,5252.01,PC,PC,12.899,2459437.267399,8.5394045,5.884,6460,13,"14,41"
284660935,5253.01,PC,APC,13.286,2459635.041369,1.1110609,1.155,4060,17,"14,15,21,22,41,48"
126225595,5254.01,PC,PC,11.7137,2459440.496405,4.4836616,3.542,3420,28,"15,41"
158325942,5255.01,PC,PC,12.6023,2459441.513501,2.612273,3.005,7680,50,"14,26,40,41"
356146869,5256.01,PC,PC,13.089,2459884.678947,21.1968768,4.228,6630,20,"14,17,21,24,25,40,41,51,52,58"
185226925,5257.01,EB,FP,12.1624,2459825.931812,3.1979589129858743,7.0836351642113975,3626.4304902338727,32.03121,"14,15,41,54,56,75,76,81,82"
147895461,5258.01,PC,FP,12.4322,2459445.918105,0.5919629,1,2450,18,"21,41"
375419034,5259.01,PC,PC,13.0157,2459441.712932,3.0321361,2.078,13790,27,"14,40,41"
326347927,5260.01,PC,FP,11.9625,2459445.564135,7.2617331,6.258,1310,9,"14,41"
402828941,5261.01,PC,PC,12.1444,2459442.968277,4.1509756,2.029,9780,26,"14,41"
274122380,5262.01,PC,FP,11.8225,2459444.494366,2.873138,2.908,1240,10,"14,15,41"
275527293,5263.01,PC,PC,13.1549,2459442.190431,3.1501356,2.201,16270,28,"14,15,41"
435719275,5264.01,PC,PC,11.9275,2459439.859036,4.4274169,5.435,10600,16,"14,41"
219847787,5265.01,PC,PC,11.456,2459892.032608,11.5914514,1.968,832,12,"14,15,16,17,18,19,20,21,22,23,24,25,26,40,41,47,48,49,50,51,52,53,54,56,57,58"
312899686,5266.01,EB,FP,12.7821,2460343.44533,4.413741526628374,1.9777839339974794,9260.6392449133,18.41688,"14,15,41,75,82"
153971295,5267.01,PC,PC,11.9139,2459599.727409,13.7036806,4.766,1020,7,"14,15,22,41,47"
202468443,5268.01,PC,FP,14.5982,2459690.596819,2.0685871,0.598,38060,28,"41,48,49,50"
359321688,5269.01,PC,PC,11.4416,2459446.348846,2.7340756,1.994,1700,12,"14,40,41"
424112727,5270.01,PC,PC,12.7655,2459446.035629,1.0513177,2.562,5720,20,41
296461391,5271.01,PC,PC,10.7988,2459827.010531,4.3108587,3.486,1020,17,"14,16,41,56"
278668358,5272.01,PC,PC,12.4603,2459822.945623,5.0135727,4.396,3520,18,"15,16,41,55"
172871230,5273.01,EB,FP,12.2794,2460315.238226,3.410034090018492,3.5610982006115033,7371.338819613685,28.635277,"14,15,41,74,81,82"
356682805,5274.01,PC,PC,13.1293,2459628.259748,6.1313492,2.447,3730,15,"14,20,21,40,41,47,48"
219466803,5275.01,PC,FP,12.9179,2459618.541036,12.5951009,0.876,4280,11,"14,15,20,21,22,40,41,47,48"
282935857,5276.01,PC,APC,11.7163,2459444.189059,2.3612205,2.303,2410,19,"15,41"
276381737,5277.01,PC,PC,13.233,2459829.069249,15.9929608,3.747,7870,17,"15,16,17,41,55,56"
264301607,5278.01,PC,PC,14.9343,2459825.576076,0.435434965011606,1.05299453402424,104138.560297584,145.49867,"41,47,48,49,50,51,52,56,57,58,59,60"
7681574,5279.01,PC,PC,12.485,2459428.849564,16.0104634,2.151,7450,15,"14,25,26,40,41"
194679333,5280.01,PC,PC,11.1568,2459440.705384,9.0165933,2.886,2650,12,"15,41"
405932063,5281.01,PC,PC,13.1569,2459825.472799,5.5047275,4.025,7530,16,"14,15,16,41,56"
329346586,5282.01,PC,PC,13.1137,2459742.132395,1.392516,1.209,4390,20,"14,25,40,41,52"
399956873,5283.01,EB,FP,11.7513,2459831.192001,6.949428,2.725,3050,25,"14,15,26,40,41,56"
171312653,5284.01,PC,PC,13.4842,2459444.105892,2.0327015,2.019,13040,11,"14,41"
250330564,5285.01,PC,PC,12.9354,2459469.314451,4.3852176,2.188,18080,15,42
301035553,5286.01,PC,PC,13.1789,2459469.122508,3.2988824,2.352,11160,18,42
909930,5287.01,PC,APC,10.7217,2459468.058757,4.1976789,3.829,6960,38,42
857186,5288.01,PC,PC,12.2037,2459465.891746,3.8123614,2.565,18330,35,42
176279915,5289.01,PC,CP,11.8884,2459469.615289,3.4411264,2.669,2660,11,"29,42"
224217761,5290.01,PC,PC,13.491,2459469.15972,2.5688104,2.198,9670,12,42
250983039,5291.01,PC,PC,10.8921,2459467.596354,2.3007511,1.35,2390,15,42
33397739,5292.01,PC,PC,14.8951,2459469.424307,2.0231137,1.133,44030,11,42
250111245,5293.01,PC,CP,13.9766,2459466.496662,2.9304371,1.73,50830,21,42
422486295,5294.01,PC,PC,11.861,2459470.434517,5.6707432,2.294,7770,21,42
4619242,5295.01,PC,APC,13.0176,2459467.507313,4.3023572,1.579,30080,34,42
241102583,5296.01,O,FP,12.4323,2459820.897665,1.7386091,1.691,18980,74,"42,55"
422423972,5297.01,PC,PC,12.2411,2459851.450755,3.3014986,2.106,5640,20,"42,56"
313835568,5298.01,PC,PC,13.4476,2459818.888822,2.6831464,1.952,14010,26,"42,55"
407997410,5299.01,PC,PC,12.3913,2459465.671672,2.5792489,0.528,7090,12,42
267215820,5300.01,PC,PC,12.4559,2459470.418163,2.2623535,1.958,24470,74,42
58825110,5301.01,PC,CP,11.1893,2459494.147012,5.8588751,3.581,2690,26,"17,42,43"
337025682,5302.01,PC,PC,13.0557,2459490.634183,4.2417694,1.832,18430,35,"42,43"
58798731,5303.01,PC,PC,13.101,2459869.502622,9.809558,1.924,7631,13,"17,42,43,57"
293407882,5304.01,PC,PC,13.3526,2459493.482802,3.7079439,2.259,7740,14,"42,43"
408743161,5305.01,PC,PC,12.5679,2459496.393658,4.4632038,3.659,7210,26,"42,43"
387401076,5306.01,PC,PC,12.985,2459492.592296,5.3331348,2.805,5670,18,"4,31,42,43"
369477998,5307.01,PC,APC,12.1314,2459490.963737,5.2976347,1.711,3920,13,"42,43"
422653398,5308.01,PC,FP,11.0208,2459485.685359,8.34034,3.176,7360,58,"4,42,43"
52052461,5309.01,PC,PC,13.0427,2459875.569968,6.4666483,3.284,6916,17,"42,43,57"
306204904,5310.01,PC,FP,12.4887,2459486.096679,11.2036244,3.039,5580,20,"17,42,43"
306401382,5311.01,PC,PC,13.6546,2459453.71507,39.0536929,2.239,32970,22,"42,43"
399724238,5312.01,PC,PC,12.3207,2459450.251093,46.1965072,3.718,8460,24,"42,43"
347469901,5313.01,PC,PC,13.4367,2459495.625991,3.2571037,2.5,15420,28,"42,43"
302202317,5314.01,PC,PC,13.0707,2459879.837056,2.5351022,2.251,13917,47,"42,43,57"
126982221,5315.01,PC,PC,14.5597,2459493.470036,2.4704071,0.948,41450,19,"42,43"
309439436,5316.01,PC,PC,13.0211,2459496.567378,0.9997277,1.574,4890,13,43
408824640,5317.01,PC,PC,12.5035,2459489.509979,8.662046,3.278,7070,23,"42,43"
435871546,5318.01,PC,PC,12.1357,2459881.551547,4.9583217,5.223,5121,26,"17,42,43,57"
246965431,5319.01,PC,CP,12.0828,2459884.041681,4.0785273,1.561,4530,24,"18,42,43,58"
257562160,5320.01,PC,APC,11.422,2459497.672348,0.3852177,0.319,1260,9,"17,42,43"
243153196,5321.01,EB,FP,10.7304,2459854.045026,10.139226746418947,3.1879367307416953,6006.132265119055,56.197926,"17,42,43,57,84"
336691874,5322.01,PC,PC,12.0075,2459872.580817,5.4233428,4.975,13384,90,"42,43,57"
272146465,5323.01,PC,APC,12.2431,2459497.678672,5.8049376,4.055,7130,24,"42,43"
408643099,5324.01,PC,PC,13.1886,2459488.483015,5.0269053,2.676,18460,21,"42,43"
270406298,5325.01,PC,APC,12.0261,2459498.292378,15.057596,1.385,5380,23,"4,31,42,43"
257922326,5326.01,PC,PC,11.7624,2459493.482375,3.133469,2.26,3000,23,"42,43"
303502327,5327.01,PC,PC,12.6345,2459521.337748,4.6671176,2.378,14940,10,"31,42,43,44"
58372253,5328.01,PC,PC,11.2303,2459519.397889,5.4886518,6.921,4580,42,"43,44"
61145589,5329.01,PC,PC,12.7692,2459518.514709,3.7796053,0.695,4080,10,"42,43,44"
436843539,5330.01,PC,PC,12.4333,2459884.465962,4.6303272,3.94,9270,16,"18,42,43,44,58"
387544178,5331.01,PC,PC,12.4433,2459517.930293,22.7545332,3.262,14960,51,"4,31,42,43,44"
387515920,5332.01,PC,PC,12.6345,2459520.191396,3.9544873,1.716,4630,21,"4,31,42,43,44"
96948338,5333.01,PC,PC,11.992,2459507.73612,11.4420309,5.092,2290,13,"19,43,44,59,71"
247409676,5334.01,PC,PC,12.3857,2459520.904138,3.6136326,3.31,7280,35,"42,43,44"
381360750,5335.01,PC,PC,12.5223,2459520.725645,3.6139919,2.008,1780,8,"42,43,44"
430099722,5336.01,PC,PC,12.8019,2459520.536355,4.0153167,3.825,12560,16,44
27294830,5337.01,PC,FP,12.8997,2459522.876624,0.7135221,0.514,4660,18,"43,44"
467615239,5338.01,PC,PC,13.1504,2459522.34129,2.6429687,2.184,17800,40,"43,44"
101348333,5339.01,PC,PC,11.375,2459494.722261,15.1873222,3.535,8710,17,"18,42,43,44"
14156936,5340.01,PC,PC,11.7085,2459519.940368,4.9393117,4.696,6420,59,"42,43,44"
90669930,5341.01,PC,PC,13.3053,2459513.930501,20.6875239,2.57,22490,18,"18,43,44"
356990855,5342.01,PC,PC,11.4217,2459524.058419,0.5894678,0.631,1020,12,"43,44"
34980970,5343.01,PC,PC,11.1828,2459503.519191,12.836391,3.366,1310,10,"42,43,44"
16005254,5344.01,PC,CP,13.2239,2459522.82521,3.7927572,1.47,24440,30,"43,44"
96165095,5345.01,PC,PC,11.0543,2459910.28504,1.1062164,1.728,660,12,"19,43,44,59,71"
26018819,5346.01,PC,PC,13.4348,2459520.301801,3.9783327,2.643,10890,24,"42,43,44"
21119973,5347.01,PC,PC,13.032,2459883.253886,1.7109175,1.625,9710,42,"18,42,43,44,58"
366527844,5348.01,PC,PC,12.4069,2459910.695281,3.08900697511723,2.05831486129247,8845.88667173098,27.441236,"43,44,59,71"
26054627,5349.01,PC,CP,13.8117,2459521.813826,3.3176675,1.796,25010,25,"42,43,44"
68808155,5350.01,PC,PC,11.1846,2459520.679657,7.5811005,4.457,9830,82,"43,44"
27476314,5351.01,PC,PC,12.8807,2459523.18765,2.8817237,1.596,7280,10,"43,44"
69995219,5352.01,PC,PC,12.6022,2459523.255686,2.0389145,1.42,3560,11,"43,44"
113919944,5353.01,PC,FP,12.55,2459524.201966,1.2297408,1.234,4020,8,"42,43,44"
34781378,5354.01,PC,PC,12.0664,2459520.861271,4.7949288,3.898,7220,46,"18,42,43,44,58"
96170689,5355.01,PC,PC,12.0647,2459912.057185,9.6125545,4.242,3470,18,"19,43,44,59"
467684543,5356.01,PC,PC,12.5434,2460211.329446,3.1948695,3.786,4600,21,"43,44,70,71"
150006846,5357.01,PC,PC,12.669,2459513.678245,9.6995203,3.998,12590,37,"43,44"
46631742,5358.01,PC,PC,11.5278,2459450.140226,2.65991324455985,2.16370697977457,1258.84684443986,14.823005,"18,42,43,44,58,70,71"
90767677,5359.01,PC,PC,14.8143,2459522.004048,1.6817287,0.491,15870,9,"42,43,44"
427578289,5360.01,PC,APC,13.3701,2459882.51727,4.0107869,0.829,8290,14,"18,42,43,44,58"
366602797,5361.01,PC,FP,13.0581,2459523.395332,1.3574339,2.315,3380,16,"43,44"
308522539,5362.01,PC,PC,13.357,2459505.662464,13.7279713,3.039,5210,9,"19,43,44"
426448042,5363.01,PC,PC,13.462,2459521.5485,6.7504762,3.105,11900,23,"42,43,44"
366754985,5364.01,PC,PC,10.8227,2459524.130515,1.4466879,0.952,690,12,"19,43,44"
21132157,5365.01,PC,PC,11.0418,2459886.032439,4.0069668,5.848,780,17,"18,42,43,44,58,70"
45034406,5366.01,PC,PC,12.4595,2459521.306343,1.5328484,2.227,2970,12,"43,44"
81178747,5367.01,PC,PC,12.9139,2460234.223007,1.66495847658037,1.57909646476833,8938.54259536972,22.357763,"43,44,71,72"
56457123,5368.01,PC,PC,12.8879,2459519.98093,3.612762,2.8,7510,28,"43,44"
113804153,5369.01,PC,PC,13.1765,2460211.074094,4.24603515753603,4.46191306461451,7633.4520661652,22.268745,"43,44,70,71"
400381085,5370.01,PC,PC,12.4064,2459522.197579,3.7539574,2.544,9040,40,"43,44"
17457400,5371.01,PC,PC,13.3689,2459522.846281,1.27615,0.992,14740,19,"43,44"
371470493,5372.01,PC,PC,11.8941,2460211.199707,11.6270831,2.383,3550,14,"18,42,43,44,70,71"
9155187,5373.01,KP,KP,11.4556,2459582.167296,4.18783747823124,2.99059035976513,11415.1655183157,72.59221,47
20096620,5374.01,KP,KP,9.9596,2459580.063121,2.91640044952125,3.28681000294742,7257.70254811599,144.50359,47
71268730,5375.01,PC,PC,12.456,2459580.736149,1.72155754258619,1.74115251635181,31815.4060060264,113.69737,"40,47,53"
219113246,5376.01,PC,APC,10.8175,2459850.073687,2.9859596,1.671,1900,10,"14,15,16,17,18,20,21,22,23,24,25,26,40,41,47,48,50,51,52,53,54,55,56"
467153319,5377.01,PC,PC,9.3672,2459605.750481,4.4626933,3.643,300,10,"20,47"
321069529,5378.01,PC,PC,10.2275,2459598.389742,5.2841676,3.41,700,9,"20,47"
328325110,5379.01,PC,APC,9.59788,2459942.544324,12.7426508,3.633,10765,129,"47,60"
441587756,5380.01,PC,PC,10.1684,2460339.036648,3.7723119,2.893,470,16,"20,26,40,47,53,60,73,74"
241174783,5381.01,PC,FP,9.54224,2459603.311382,4.08028642176199,1.4789164867393,516.622925003369,7.5044556,"20,47,60"
356472238,5382.01,PC,PC,9.46981,2459961.944111,14.5416243,4.356,711,15,"20,47,60"
166053959,5383.01,PC,PC,7.90653,2459635.64596,2.8114961,3.35,90,10,"15,16,21,23,41,48"
165297570,5384.01,KP,KP,9.6022,2459610.390465,2.9895092,3.350388266192,12117.7788754425,247.27235,48
85266608,5385.01,PC,PC,10.8583,2459608.235785,5.16655485276236,5.97645236805566,4175.90932993757,25.407656,48
202425357,5386.01,PC,PC,11.3502,2459610.417802,3.6215615,1.867,10280,149,"15,16,22,23,48,49,50,75,76"
166086403,5387.01,PC,PC,8.19888,2459660.851073,2.8037514,2.771,70,8,"15,16,21,22,23,41,48,49"
407591297,5388.01,PC,CP,10.5737,2459630.895748,2.594675,0.313,1070,10,"21,48"
39143128,5389.01,PC,PC,14.8017,2459609.44541,10.4014008185337,2.39981276461953,43141.3479041845,15.203625,48
8853478,5390.01,PC,PC,10.9762,2459617.289687,15.0619708266323,3.29141068362721,2775.34945800275,9.694882,48
298600443,5391.01,PC,APC,10.2521,2459865.102473,13.6421377,3.522,413,12,"14,15,18,21,24,25,26,40,41,48,51,52,54,55,57"
198512478,5392.01,PC,PC,8.1319,2460367.300993,17.5313321,4.334,306,13,"14,15,20,21,22,40,41,47,48,49,60,75"
313425396,5393.01,PC,PC,8.59702,2459591.975369,30.0017176,6.737,210,9,"14,20,21,26,40,41,47,48,53"
61109252,5394.01,PC,APC,8.0152,2459561.627836,15.1935123,2.582,5720,167,"45,46,48"
298070500,5395.01,PC,PC,9.74007,2460346.799118,6.5811814,2.982,267,12,"14,20,21,26,40,41,47,48,53,73,74"
202428245,5396.01,EB,FP,9.3373,2460321.827733,32.1400505,2.809,883,13,"15,16,21,22,23,41,48,50,75"
18019350,5397.01,PC,PC,10.1174,2459620.860667,9.6477019,3.003,670,11,"22,48"
8260536,5398.01,CP,CP,9.58055,2459616.492055,10.590923,4.105,10290,81,48
8260536,5398.02,CP,CP,9.58055,2459628.618083,4.7728997,2.906,920,16,48
284688043,5399.01,PC,FP,9.8008,2459790.23977,4.0625969,3.952,320,7,"14,40,41,54"
332564140,5400.01,PC,PC,10.9815,2459970.522326,19.8067259,4.5,2060,16,"8,35,61,62"
397058826,5401.01,PC,CP,6.33044,2458930.89446,6.82910294360144,9.87814725923828,815.483296467715,34.899895,"23,46,50"
29781207,5402.01,PC,PC,12.3768,2459037.064971,3.31740262863391,3.02127203394431,462.378356653021,10.062739,"27,28,29,30,31,32,33,34,35,36,37,38,39,61,62,63,64,66,67,68,69"
438519486,5403.01,PC,PC,12.5648,2459533.44912,12.8355591,1.805,12450,17,"6,33,44,45"
56798909,5404.01,PC,PC,13.2476,2459546.130937,2.177475,2.454,4450,13,"44,45"
172353721,5405.01,PC,PC,13.424,2459538.83454,9.0711977,4.183,10360,14,"20,43,44,45"
127226712,5406.01,PC,PC,13.1891,2460234.198381,0.8045139,1.259,3750,18,"6,43,44,45,71,72"
372424377,5407.01,PC,PC,12.8161,2459549.018978,5.4683192,3.251,10640,25,"44,45"
430093142,5408.01,PC,PC,12.8456,2460234.83245,0.9598377,1.429,2270,12,"43,44,45,71,72"
115628210,5409.01,PC,APC,13.0709,2459550.047281,0.594385,0.573,2280,12,"19,43,44,45"
76882795,5410.01,PC,PC,13.2148,2459543.466503,4.1059353,3.031,11400,18,"44,45"
76032342,5411.01,PC,PC,13.176,2459549.378495,3.0604071,3.175,12460,14,"43,44,45"
386197662,5412.01,PC,PC,10.8006,2460234.16084,0.3828485,0.493,960,28,"6,33,44,45,71,72"
269838674,5413.01,PC,PC,10.883,2459534.921329,12.612483,3.406,1510,14,"43,44,45"
371164829,5414.01,PC,PC,14.3554,2459529.149554,10.7833596,3.957,26560,13,"44,45"
52517713,5415.01,PC,PC,13.2792,2459544.736928,2.9858191,2.966,9730,36,"6,43,44,45"
87405719,5416.01,PC,PC,12.9331,2460239.554771,13.0086903125686,3.7378335496727,20626.9583178852,38.27591,"45,71,72"
79316101,5417.01,PC,PC,12.7225,2459549.214251,2.8675385,2.88,14570,68,"43,44,45"
115564354,5418.01,PC,FP,11.6985,2459550.466346,1.6421819,2.459,1100,18,"19,43,44,45"
68443254,5419.01,PC,PC,13.3683,2459544.75985,4.8002161,2.439,10620,20,"20,44,45"
195155818,5420.01,PC,PC,12.9624,2459549.135055,6.0614403,3.601,4760,14,"43,44,45"
47132480,5421.01,PC,PC,11.7692,2459541.720815,6.5552932,3.016,4730,26,"43,44,45"
80611440,5422.01,PC,PC,11.2391,2460235.918085,5.37679969837488,4.77925117892086,4420.74512064465,23.170832,"43,44,45,71,72"
47319867,5423.01,PC,PC,12.6165,2460234.24663,5.71884138453482,2.21728490569352,3214.06595199183,8.356461,"44,45,71,72"
47319867,5423.02,PC,PC,12.6165,2460235.223316,3.39280269009677,2.20951410794707,2201.63661144272,7.826687,"71,72"
436099179,5424.01,PC,FP,12.5284,2459548.984631,0.8999342,1.606,1720,17,"6,43,44,45"
429501231,5425.01,PC,APC,12.8591,2459550.242065,0.4553752,0.604,3490,22,"43,44,45"
127957099,5426.01,PC,APC,10.9753,2459913.277313,5.8095099,2.427,1750,20,"19,43,44,45,59,71"
52420398,5427.01,PC,PC,11.659,2459548.748875,5.2374183,3.741,11630,92,"6,43,44,45"
76545118,5428.01,PC,APC,11.9736,2460236.04103,3.0343155,1.664,3200,19,"43,44,45,71,72"
5800958,5429.01,PC,FP,11.9696,2459545.884668,4.2318085,2.558,1780,9,"43,44,45"
46774573,5430.01,PC,PC,13.2621,2459546.30366,3.8635521,3.896,11350,29,"43,44,45"
302895184,5431.01,PC,PC,13.1207,2459541.977239,4.788785,3.135,7600,27,"6,43,44,45"
86898676,5432.01,PC,PC,11.444,2459546.030839,2.9525486,2.694,5730,27,"43,45"
75697959,5433.01,PC,PC,14.9819,2459544.293745,4.1459886,2.604,26190,13,"43,44,45"
307377219,5434.01,PC,FP,12.4151,2459542.814078,4.1629444,2.064,3670,18,"6,33,43,44,45"
294309873,5435.01,PC,PC,12.1706,2460234.949733,1.2699324,1.596,1325.19922000547,16,"33,43,44,45,71,72"
155369758,5436.01,PC,PC,13.3742,2459545.797843,11.9285531,2.283,20690,27,"6,33,44,45"
6853696,5437.01,PC,PC,13.4489,2459544.097774,3.42015,3.801,11140,29,"43,44,45"
367193060,5438.01,PC,PC,11.5419,2459549.679322,2.5842514,1.837,2360,23,"44,45"
247912728,5439.01,PC,PC,13.3853,2459547.015426,5.0775738,4.053,8620,25,"6,33,44,45"
29374525,5440.01,PC,FP,11.8338,2459545.296726,3.813812,2.572,2310,20,"43,44,45"
91697121,5441.01,PC,PC,13.3605,2460236.091612,2.8633026,0.941,4710,10,"6,33,43,44,45,71,72"
406684949,5442.01,PC,APC,12.1047,2459541.585225,12.7091678,1.746,4620,13,"8,35,45"
400515645,5443.01,PC,PC,12.8173,2459548.509059,1.6757659,2.248,2580,12,"43,44,45"
367193046,5444.01,PC,APC,12.1258,2459543.136534,10.2780324,1.642,7350,17,"44,45"
255735567,5445.01,PC,APC,11.8888,2459539.887666,6.3780197,1.226,7050,16,"44,45"
84788795,5446.01,PC,FP,12.7601,2460234.491504,4.49773074756828,3.25734473621535,5324.06155198169,13.131567,"43,44,45,71,72"
239722954,5447.01,PC,FP,13.1472,2459550.515708,1.4958429,1.534,2830,12,"19,43,44,45"
291016451,5448.01,PC,PC,12.1629,2459547.931745,3.214031,2.215,5730,18,45
119130170,5449.01,PC,PC,13.4597,2460234.363267,2.5444539,3.709,5440,15,"43,44,45,71,72"
6653897,5450.01,PC,FP,11.4541,2459549.122766,0.8857522,1.579,760,11,"43,44,45"
69028091,5451.01,PC,PC,12.6819,2459606.277449,1.6822448,1.388,12090,58,"44,45,47"
101569583,5452.01,PC,PC,12.6167,2460234.666189,0.990791447449521,1.59089572603706,4860.10489974957,16.193258,"44,45,71,72"
58997701,5453.01,PC,PC,13.1132,2460241.06545,8.37624426477932,3.68565513742394,7670.68893643319,13.44412,"44,45,71,72"
26406123,5454.01,PC,PC,13.2612,2459547.086573,3.7196227,4.948,4280,17,"33,44,45"
75171363,5455.01,PC,PC,13.3462,2459545.639101,4.267781,4.58,5120,15,"43,44,45"
87044036,5456.01,PC,FP,12.3128,2459550.184214,1.0711292,2.213,2030,19,"43,44,45"
456971986,5457.01,PC,PC,11.7207,2460234.435805,1.2452975,2.086,1410,19,"43,44,45,71,72"
367434266,5458.01,PC,PC,10.6275,2459940.781377,22.0632968500409,2.2329319006603,4597.49767197592,30.113792,"20,44,45,60,71,72"
1942969,5459.01,PC,PC,12.8255,2459912.805476,2.8078585,1.516,4820,17,"19,43,44,45,59"
445990611,5460.01,PC,PC,12.8132,2459547.690911,6.2987919,4.909,3920,9,"33,44,45"
118963720,5461.01,PC,PC,11.8517,2459535.991914,7.4603194,2.516,3070,10,"43,44,45"
79971247,5462.01,PC,PC,10.86,2459547.439961,3.5533716,1.856,1470,15,"43,44,45"
437786834,5463.01,PC,PC,13.1584,2460234.836257,1.10080402558729,1.48560334283168,3509.22245636564,11.330362,"43,44,45,71,72"
171646471,5464.01,PC,PC,14.9671,2459635.559804,1.1606902,1.232,32450,20,"45,48"
87827371,5465.01,PC,APC,12.8749,2460237.819448,4.39834920403595,2.06389590433568,10124.908118605,20.764627,"44,45,71,72"
45368525,5466.01,PC,PC,12.7625,2459548.180924,2.8066134,2.483,14530,47,"43,44,45"
83275782,5467.01,PC,FP,11.8423,2459545.353155,2.6570006,2.125,4050,31,"43,44,45"
172222885,5468.01,PC,PC,12.2122,2460245.609282,20.9233666,2.47,9470,24,"20,43,44,45,60,71,72"
302419660,5469.01,PC,PC,11.9567,2459548.558907,29.3312035,3.269,3470,13,"6,32,43,44,45"
367267217,5470.01,PC,APC,12.5627,2459550.285455,1.450491,1.286,3870,21,"43,44,45"
47132361,5471.01,PC,PC,13.2751,2459543.544673,4.9017215,2.3,6600,12,"43,44,45"
76798849,5472.01,PC,PC,12.8015,2460235.013961,2.2703829,1.947,12110,39,"43,44,45,71"
81808065,5473.01,PC,PC,12.2605,2459550.383201,7.5554044,4.003,6170,29,"43,44,45"
97669493,5474.01,PC,PC,11.6861,2459546.5996,8.4332312,8.47,2010,19,"43,44,45"
78601408,5475.01,PC,APC,12.2106,2459540.386039,10.0532043,1.543,5160,9,"43,44,45"
353361266,5476.01,PC,PC,13.197,2459545.688864,10.3413829,3.595,10410,22,"43,44,45"
127229631,5477.01,PC,PC,13.0406,2459544.877302,5.8936518,2.217,9580,22,"6,43,44,45"
95122849,5478.01,PC,APC,12.0515,2459592.058475,8.3026667,5.728,6940,45,"20,44,45,46,47"
95122849,5478.02,PC,FP,12.0515,2459593.124173,10.1197017,2.129,2570,14,"20,44,45,46,47"
67444896,5479.01,PC,PC,12.2773,2459570.004911,15.1306782,4.204,6030,23,"22,45,46"
46307587,5480.01,PC,PC,12.352,2460284.323305,3.6079916,2.991,6055,69,"44,45,46,72"
69295263,5481.01,PC,PC,13.4144,2459577.936935,3.9315754,3.427,5580,18,"7,34,44,45,46"
459947163,5482.01,PC,PC,12.9922,2459573.446379,7.9923268,2.176,5780,12,"22,45,46"
192982424,5483.01,PC,PC,12.2304,2459574.246156,3.7702854,2.343,10030,54,"45,46"
443961200,5484.01,PC,APC,11.394,2459577.988902,1.1282471,1.411,2920,56,"7,34,44,45,46"
186815660,5485.01,PC,PC,12.8125,2460280.266853,2.5840753,1.666,1757,33,"44,45,46,71,72"
291109653,5486.01,PC,PC,12.2937,2459691.062965,2.0247088,1.34,4390,20,"23,46,50"
302305400,5487.01,PC,PC,12.8708,2460234.705916,4.6549271,4.06,3500,17,"44,45,46,71,72"
281815702,5488.01,PC,PC,13.324,2459578.318799,3.1910454,1.619,12090,24,"45,46"
468983280,5489.01,PC,PC,11.6923,2458493.706931,3.15221310420767,1.463778383373,1039.76702373194,11.376482,"7,34,44,45,46,72"
468983280,5489.02,PC,PC,11.6923,2458496.325665,4.92127878927644,1.40725151285912,884.579233703866,7.478614,"7,44,45,46,72"
59575189,5490.01,PC,PC,12.5501,2459578.060946,2.5193047,3.596,4540,30,"44,45,46"
247166992,5491.01,PC,PC,11.5182,2459572.370099,5.0280368,2.161,1360,11,"44,45,46"
350024178,5492.01,PC,PC,13.1211,2459576.04381,2.9238483,2.773,11130,32,"45,46"
468979441,5493.01,PC,PC,10.7421,2459235.609176,24.4383239376569,5.58990065560655,2401.87400645123,31.388807,"7,34,44,45,46,61,72"
468979441,5493.02,PC,PC,10.7421,2459230.46413,9.40436517882412,4.16277061299192,456.69405478073,9.72721,"34,44,45,46,61,72"
468979441,5493.03,PC,CP,10.7421,2459238.318898,14.5643289257534,4.60390574999855,451.953458974601,8.498223,"34,44,45,46,61,72"
14440334,5494.01,PC,PC,11.7628,2460234.952036,2.0760349,2.043,2480,25,"44,45,46,71,72"
380671216,5495.01,PC,PC,10.6421,2459559.909482,9.6569059,4.278,800,10,"22,45,46"
323658120,5496.01,EB,FP,10.7717,2459517.120732,43.8418559,4.599,4630,37,"44,45,46"
270679144,5497.01,PC,PC,12.3902,2459559.919615,11.2120396,3.454,5450,23,"8,34,45,46,61,72"
262736264,5498.01,PC,PC,12.6811,2459554.026541,18.2050594,3.347,10830,33,"8,35,45,46"
386772576,5499.01,PC,PC,12.8935,2459571.791808,4.8038446,2.038,17000,51,"44,45,46"
62740096,5500.01,PC,PC,13.189,2459575.934108,1.7530712,1.019,11660,17,"44,45,46"
94823134,5501.01,PC,PC,12.3295,2459571.771281,24.166804,5.257,4020,13,"44,45,46,71,72"
126322519,5502.01,PC,PC,10.3404,2459578.359235,11.6260799,2.937,840,7,"21,44,45,46"
350044062,5503.01,PC,FP,12.3391,2459578.528696,5.9522831,1.966,7280,70,"45,46,72"
95079513,5504.01,PC,PC,10.8343,2459563.048371,13.2414304,3.989,1430,13,"44,45,46"
374350678,5505.01,PC,PC,12.8078,2459573.870053,11.1064221,2.12,15290,25,"45,46"
385312460,5506.01,PC,PC,13.259,2459556.878421,19.5862903,6.924,24300,49,"36,46"
377097547,5507.01,PC,PC,10.8055,2459526.218674,1.5068165277376,0.862545477744604,734.051211587629,10.872958,"45,46,72"
406140233,5508.01,PC,PC,13.4649,2459577.584368,3.1816478,3.493,9300,20,"45,46"
35285308,5509.01,PC,PC,12.5879,2459572.855698,5.7656076,2.955,6750,29,"44,45,46"
26865340,5510.01,PC,PC,11.4769,2459574.244787,5.7380349,5.045,8720,49,"44,45,46"
389040826,5511.01,PC,PC,12.8656,2459575.042484,4.7174703,1.205,11520,27,"8,35,45,46"
366698929,5512.01,PC,PC,12.5869,2459573.138543,4.5589188,1.873,10330,27,46
184869170,5513.01,PC,FP,12.3467,2459578.095795,7.7235903,5.953,2720,14,"44,45,46"
63190194,5514.01,PC,PC,13.4277,2459575.660235,1.7459947,2.217,18190,31,"45,46"
55275863,5515.01,PC,PC,10.5182,2459577.408076,8.59263328645024,3.385970815054,885.556923191427,13.723305,"44,45,46"
70678449,5516.01,PC,PC,12.2614,2459574.484627,4.3776584,2.864,3900,20,"45,46"
307951656,5517.01,PC,PC,13.4016,2459578.586941,4.5867288,4.382,7710,21,"21,45,46"
386620582,5518.01,PC,APC,10.927,2459572.280265,4.469996,3.524,9280,153,"44,45,46"
443582629,5519.01,PC,PC,11.7119,2459284.396693,5.85125865012478,1.84171062355699,1275.09932949342,9.779658,"9,36,45,46,72"
374180079,5520.01,KP,KP,10.6269,2459267.668855,14.6980800316566,3.73706956010911,1897.66414960031,17.847313,"35,45,46,62,72"
374180079,5520.02,KP,KP,10.6269,2459263.380209,19.4834832961293,4.66633010144039,1509.68327214618,14.835018,"35,45,46,62,72"
396932137,5521.01,PC,PC,8.94302,2460279.249516,18.5146638,1.337,1480,15,"22,45,46,49,72"
366409685,5522.01,PC,APC,11.9589,2459230.030899,1.3852160668388522,0.762924674091766,1913.3334637297635,14.144756,"34,44,45,46,61,71,72"
443616612,5523.01,PC,PC,13.7701,2459533.35413,.0,13.5723660929053,28182.0217131579,18.807981,"36,45,46"
443616612,5523.02,KP,KP,13.7701,2459281.403586,3.47128026239719,2.43820152242157,4280.38831087361,10.950912,"36,45,46,63,72"
277833995,5524.01,KP,KP,11.758,2458518.126625,2.29799150846319,0.984865049008475,1354.96409157128,9.132032,"8,45,46,72"
345450130,5525.01,PC,PC,11.8693,2458440.199907,2.75215954735489,0.960782734589114,1025.53912374955,8.606394,"5,42,43,44"
335540507,5526.01,PC,PC,10.8228,2459283.877264,10.864727950461518,3.1780358641034,1018.9934406540065,13.912306,"36,46,63,90,91"
415399713,5527.01,PC,PC,10.3965,2459176.647091,346.161482833276,7.41794507107852,727.155412804931,11.649622,"32,43,44,70,71"
458686847,5528.01,KP,KP,12.7482,2459230.014002,1.2916033570324492,1.3077870847698807,1566.795954492626,9.714793,"34,44,45,46,72"
366411016,5529.01,KP,KP,11.8964,2459235.706758,8.86528860869203,3.29045177249489,1699.94422117774,7.7792764,"34,44,45,46,61"
244170332,5530.01,PC,PC,11.3978,2458382.170928,0.477438201731769,0.952523007901515,423.153282609112,7.8540916,"3,30,42"
88114177,5531.01,PC,CP,8.5727,2458873.596672,4.53522547354428,3.07335421273842,195.404867524895,7.7052875,"21,45"
318836983,5532.01,PC,PC,11.5212,2458412.247364,5.65396888659613,2.63707175828648,1223.17894505941,11.463379,"4,42,43,70,71"
318836983,5532.02,PC,PC,11.5212,2458412.532109,2.39298013545685,1.6934260478954,570.986537605123,7.776486,"4,42,43,70,71"
155093420,5533.01,PC,PC,10.8475,2459202.20091,1.60989538874813,1.79004537484654,412.671048825374,7.99894,"33,44,45"
176868951,5534.01,KP,KP,11.3328,2459280.989488,0.369305719843571,1.00277809611943,755.653593485102,10.460236,"36,46,63"
411697517,5535.01,KP,KP,14.4087,2459174.356092,3.38631713617807,3.26710572822833,6259.85180405604,11.276282,"32,43,44,71"
268143410,5536.01,PC,PC,10.4756,2460228.201463,3.1479748,2.391,478,19,"43,44,70"
17555760,5537.01,PC,PC,10.4422,2459519.631378,22.2897649,12.435,1060,30,"43,44,71"
337648770,5538.01,PC,PC,13.1748,2459534.758896,23.8995950169509,2.03951565315582,15998.7683281845,12.630234,"44,45,46"
178266267,5539.01,PC,PC,10.0286,2460271.408598,7.1123703,2.644,497,47,"44,45,46,71,72"
456305193,5540.01,EB,FP,10.2003,2460338.238011,1.0995742,0.952,3168,39,"20,47,60,74"
231721006,5541.01,PC,PC,12.2916,2459327.819795,9.0182382,3.199,3480,15,"3,4,6,7,10,13,27,30,31,32,33,34,37"
466206508,5542.01,CP,CP,11.8452,2458979.845973,75.1247037,8.599,11171,23,"13,27"
17385917,5543.01,PC,CP,10.659,2459474.857475,3.5424465963528,2.23081791588293,1923.82703954229,22.316936,"43,44,70,71"
68893269,5544.01,PC,PC,10.3535,2459477.465265,4.20507412692213,1.15741291900377,1280.17939856485,13.469249,"43,44,71"
301624989,5545.01,PC,PC,14.245,2459526.447465,1.96133691104496,1.63236701200412,9235.03847484784,9.2966385,"45,46"
59744366,5546.01,PC,PC,12.3047,2459478.724995,9.84793255833199,1.81828648905428,6398.02026973285,11.171223,"43,44"
63013648,5547.01,PC,FP,10.8481,2459516.534272,19.630497760606,3.20738316781053,7651.88989521058,42.92127,"44,46"
155012162,5548.01,PC,PC,9.8978,2459536.496887,18.9690014181982,3.34310455126548,595.06062799278,8.070707,"45,46"
6499453,5549.01,PC,PC,11.1971,2459475.124498,7.43238816128124,2.77593488265719,838.330684933603,7.69716,"43,44,45"
195187769,5550.01,PC,PC,9.62527,2460259.180414,13.955959,3.293,398,29,"44,45,46,71"
387974148,5551.01,PC,PC,12.4507,2459474.72141,2.40541002756624,1.60877898461514,1279.20234380643,7.3953786,"43,44,45"
3224605,5552.01,PC,PC,11.9901,2459483.003266,28.6503406883569,4.48021054697847,9472.16387990726,36.8197,"43,44,45,59,71"
218354669,5553.01,PC,PC,10.6853,2459448.89457,1.76171650796953,1.92807243915252,356.402976322587,8.219018,"42,43,44"
91287873,5554.01,PC,PC,9.83733,2459515.17161,26.6942789818044,3.78313012490327,1854.29243236489,14.786411,"44,45"
388804061,5555.01,KP,KP,11.2373,2459537.250096,32.9373716794679,2.30595891350263,3192.14294388034,13.458305,"45,46,72"
55315929,5556.01,KP,KP,8.89098,2459526.091298,0.719571209844274,1.75752191994997,159.640398493719,9.630962,"45,46"
323687123,5557.01,CP,CP,12.4289,2459502.342761,4.01798053812883,1.11956162231804,2808.91184240208,9.523334,"44,45,46,72"
14570099,5558.01,KP,KP,11.0384,2459521.873206,26.1944548547795,3.83540882598051,1202.77166753273,10.987817,"44,45,46,71,72"
456945304,5559.01,KP,KP,10.3729,2460258.421812,2.1408063,1.569,628,13,"43,44,70,71"
238606535,5560.01,PC,PC,10.4105,2459568.299107,702.469226968295,2.36246320229915,2078.90239427707,14.626088,"44,45,46,72"
330637910,5561.01,PC,PC,15.1792,2459502.148194,2.00745282887239,0.934047486250039,20674.1145084612,10.061832,"44,45,46"
17307715,5562.01,KP,KP,11.4529,2459476.992391,13.8532745404664,3.19695419649119,1068.13305536142,8.807528,"43,44,71"
239198720,5563.01,PC,PC,10.7986,2459534.266195,.0,6.11211773761672,3186.78472523496,20.425915,"45,46,48,72"
127505658,5564.01,PC,PC,11.6871,2459600.588807,760.05300384461,6.902,10000,21,"19,43,44,45,59"
127505658,5564.02,PC,PC,11.6871,2459487.941282,45.4964928,5.137,9740,34,"19,43,44,45"
117892246,5565.01,PC,PC,12.932,2459600.94115,3.2601896,3.835,11570,38,47
73250068,5566.01,PC,PC,13.1133,2459603.327711,14.5814997,5.489,5490,13,"20,47"
456335739,5567.01,PC,PC,13.2573,2459585.367829,13.62636,3.245,14390,19,"21,47"
142785421,5568.01,PC,PC,13.2187,2459603.278361,16.2601049,1.602,7670,12,"14,20,21,40,47"
267484403,5569.01,PC,PC,13.3273,2459604.042729,5.4021326,1.678,6710,12,"14,15,16,17,41,47,56,57"
302381442,5570.01,PC,PC,13.4113,2459567.884238,23.1678315,4.295,11480,17,"19,20,40,47"
88565745,5571.01,PC,PC,11.2245,2458854.228883,731.4778512,3.41,5900,31,"20,47"
9151337,5572.01,PC,PC,10.4309,2459960.725859,5.8586824,2.168,1146,13,"20,47,60"
459762279,5573.01,PC,CP,13.6281,2459600.45002,8.7960328,2.48,23090,22,47
268405086,5574.01,PC,FP,11.6643,2459598.137675,6.8242909,2.787,700,9,"18,19,20,25,26,40,47"
160162137,5575.01,PC,PC,14.0127,2459747.65944,32.0736228,2.347,145640,77,"41,47,52,53"
137543637,5576.01,PC,FP,12.574,2459605.677896,1.2833113,1.353,4450,12,"20,40,47"
98833877,5577.01,PC,PC,11.1947,2459606.67024,0.358558,0.274,960,14,"20,47"
154563411,5578.01,PC,PC,12.3681,2459583.65004,13.4659853,2.936,2100,9,"14,21,40,41,47"
252928337,5579.01,PC,PC,13.5426,2459583.260949,19.8628449,1.965,30940,16,47
366298702,5580.01,PC,PC,12.2989,2459603.122108,5.2782582,3.379,2000,11,"20,47"
456306892,5581.01,PC,PC,11.8294,2459390.959117,33.53868911943386,3.943914894430207,12678.430952236025,48.040836,"20,26,40,47,53,73,74"
392064198,5582.01,PC,PC,11.2713,2459604.334385,4.51125,4.541,760,13,"20,44,45,46,47"
357244603,5583.01,PC,PC,14.2833,2459601.814247,3.0650073,1.548,23190,15,"40,47"
29169215,5584.01,PC,PC,10.7314,2459580.448333,18.6300789,3.4,1620,15,"21,47"
188389305,5585.01,PC,PC,13.0348,2459606.464477,1.8434549,1.444,4360,9,47
160165689,5586.01,PC,PC,13.4794,2459594.081803,8.9165771,3.224,4360,10,"14,19,20,25,40,47"
29069242,5587.01,PC,PC,13.3834,2459605.449939,3.7349773,3.891,7830,21,"20,47"
141762491,5588.01,PC,PC,12.4506,2459918.835052,8.9109435,1.876,9850,36,"19,20,26,40,47,59,60"
51094586,5589.01,PC,PC,11.4972,2459595.836324,5.6895053,5.158,3840,24,"20,47"
9907513,5590.01,PC,PC,11.9639,2459606.061518,1.2749899,1.146,1140,9,"20,47"
192969211,5591.01,PC,PC,12.1721,2459599.966864,12.8665269,6.599,1930,11,"20,47"
88529975,5592.01,PC,PC,12.136,2459606.194577,2.6085851,1.573,8610,50,"20,47"
468433454,5593.01,PC,PC,13.2201,2459599.997854,4.7974601,5.952,4890,12,47
53394475,5594.01,PC,PC,12.826,2459589.072503,9.2271917,3.781,5540,15,"20,47"
302908969,5595.01,PC,PC,12.1765,2459598.869415,5.9900508,2.104,3680,15,"20,47"
203144354,5596.01,PC,APC,13.2995,2459606.549481,0.3642961,0.689,3430,15,"20,47"
85284138,5597.01,PC,PC,13.4913,2459634.509247,1.9784368,2.359,39470,25,48
237108775,5598.01,PC,PC,14.7371,2459900.651734,6.2948747,1.878,16707,12,"40,41,47,48,51,52,53,55,58"
159160230,5599.01,PC,PC,11.2785,2459627.128945,5.4368408,4.473,1020,13,"15,16,48"
287268770,5600.01,PC,PC,13.1922,2459630.693169,10.717359,2.784,22680,13,"14,21,41,47,48"
237097499,5601.01,PC,PC,13.3757,2459834.266444,9.5197732,2.636,2200,9,"14,15,16,17,18,20,21,22,23,24,40,41,47,48,49,50,51,53,54,55,56"
101592219,5602.01,PC,PC,13.4409,2459628.710083,5.4853379,1.964,12040,16,"21,48"
224293782,5603.01,PC,PC,11.6494,2459635.463547,0.5736183,0.793,670,15,"15,21,22,41,48"
237015185,5604.01,PC,PC,11.2399,2459840.574967,11.1801504,4.364,2220,9,"15,16,17,18,24,48,55,56"
252469648,5605.01,PC,PC,11.0737,2459629.650414,5.9133875,2.019,980,9,"21,48"
171599496,5606.01,PC,PC,13.3591,2459635.464877,1.236949,0.358,8250,19,"45,46,48"
233070717,5607.01,PC,PC,13.1953,2459825.973413,3.2750907,3.09,6510,46,"14,15,16,17,18,19,20,21,22,23,24,25,40,41,47,48,49,50,51,52,56,57,58,60"
229713401,5608.01,PC,PC,12.6975,2459846.423245,6.4424263,2.604,1430,12,"14,15,16,17,18,19,21,22,24,25,26,40,41,47,48,49,50,51,52,53,54,55,56"
17122808,5609.01,PC,PC,13.4584,2459630.970134,4.019251,1.354,11830,14,"21,48"
252481136,5610.01,PC,PC,14.8686,2459628.937156,7.9454767,1.493,36680,9,48
232624234,5611.01,PC,PC,12.1235,2459868.59365,11.3630224,3.031,1048,13,"14,15,16,17,18,19,20,21,22,23,24,25,26,40,41,47,48,49,50,51,52,53,54,55,56,57"
232624234,5611.02,PC,PC,12.1235,2458960.498001,26.7159918460168,4.75918479216392,1252.00712379722,8.105808,"24,56,57,58,59,60"
18021087,5612.01,PC,PC,13.1082,2459634.277413,7.1314563,2.809,7550,18,"22,48"
165413340,5613.01,PC,PC,11.7963,2459615.444572,12.782983,2.762,8060,28,48
148960849,5614.01,PC,PC,13.0076,2459628.761503,4.172202,2.263,1980,9,"14,15,21,41,47,48"
235711993,5615.01,PC,PC,13.0669,2459919.252913,11.7672708,3.098,13190,9,"14,15,18,19,20,21,25,40,41,47,48,51,52,59"
154220877,5616.01,PC,CP,14.6877,2460341.539242,2.0027030122800076,1.577833808884748,25076.514741547795,17.858404,"75,76"
9376973,5617.01,PC,PC,13.0537,2459635.766515,3.154201,2.857,7690,24,"22,48"
56999883,5618.01,PC,PC,12.9882,2459630.759188,3.5254325,3.31,5790,23,"22,48"
224299081,5619.01,PC,PC,10.7131,2459626.901517,37.9984529,5.928,3050,10,"15,21,22,48"
165414210,5620.01,PC,PC,11.9683,2459630.841495,3.2856588,2.384,17910,94,48
219467837,5621.01,PC,FP,12.64,2459594.438445,39.9753375,6.088,9160,39,"14,15,20,21,22,40,41,47,48"
288162228,5622.01,PC,PC,13.2859,2459632.965356,3.0594206,4.191,2000,17,"14,15,19,20,21,40,41,47,48"
420174131,5623.01,PC,PC,13.1388,2459827.806024,3.6636707,1.167,3890,22,"14,15,16,17,18,19,20,22,23,24,25,40,41,47,48,49,50,52"
53498154,5624.01,PC,CP,10.0326,2460355.525687,13.7317565,3.831,2095,18,"22,48,49,75"
53498154,5624.02,PC,CP,10.0326,2460361.102632,3.3903593,2.168,877,15,"22,48,49,75"
53498154,5624.03,PC,CP,10.0326,2460344.837553,7.8854383,3.083,796,11,"22,48,49,75"
53498154,5624.04,PC,CP,10.0326,2460364.819364,21.4904723,3.802,985,10,"22,48,49,75"
137020480,5625.01,PC,PC,9.1189,2459661.055081,3.4645195,4.649,410,12,"22,49"
376645976,5626.01,PC,PC,9.80675,2460376.255958,716.2159783,2.267,9757,61,"23,49,76"
335813590,5627.01,PC,PC,12.0051,2459641.138875,7.5575607395815,2.02331406655719,17756.8766059711,47.952286,49
135100529,5628.01,PC,CP,14.4733,2459640.620156,4.34150966691661,1.77939085335423,103523.691836971,22.50197,49
298437387,5629.01,PC,PC,10.4671,2459689.357738,2.2853731,1.022,1410,10,50
316416562,5630.01,PC,PC,10.3331,2460419.070296,3.2220038,3.262,536,11,"24,50,51,77"
347430350,5631.01,KP,KP,9.32423,2459689.309412,2.2438471,2.574,10310,231,50
420779000,5632.01,KP,KP,10.9016,2459666.190171,4.23421531199059,2.51662574190242,6137.40698692874,30.451473,50
119131709,5633.01,PC,PC,11.1586,2459673.539325,17.2837171955732,3.81048337740667,2759.69318133246,10.650741,50
119585136,5634.01,PC,CP,14.9839,2459663.422584,2.2054776,1.633,28280,10,49
233173039,5635.01,PC,PC,12.899,2459645.513474,25.0577354,4.741,3500,14,"14,16,21,22,41,48,49"
105616091,5636.01,PC,PC,11.3476,2459658.577043,4.2744435,1.958,1960,12,"23,49"
136992839,5637.01,PC,PC,11.9229,2459629.323433,17.7916498,6.405,1550,10,"15,16,22,49"
154258295,5638.01,PC,PC,11.2836,2459662.847938,1.0034686,1.56,600,10,"15,22,23,49"
166054851,5639.01,PC,PC,12.5811,2459658.16387,3.3957241,3.226,1370,12,"15,16,21,23,48,49"
373729723,5640.01,PC,FP,12.0633,2459645.758477,13.0518467,3.333,39070,148,"23,49"
141202786,5641.01,PC,PC,14.5044,2459663.478353,2.1808015,1.343,23790,11,49
160521907,5642.01,PC,PC,12.9947,2459752.672435,10.2682326,1.469,4380,15,"14,15,16,19,20,21,22,25,26,40,41,47,48,49,52"
284592754,5643.01,PC,APC,12.3255,2459644.889804,17.1101127,2.631,8560,17,49
441658213,5644.01,PC,APC,11.9816,2459660.036393,6.640285,1.257,5700,29,"15,16,22,23,49"
156377968,5645.01,PC,PC,12.4054,2459659.856199,4.5362433,2.936,3390,10,"22,49"
366804698,5646.01,PC,CP,10.8829,2459687.382078,2.4277208,3.158,990,16,"23,46,50"
67743054,5647.01,PC,PC,12.1436,2459713.269594,4.0134273,1.445,10480,33,"24,50,51"
23863106,5648.01,O,FP,13.8994,2459685.753789,3.3078803,1.508,32920,19,50
392319808,5649.01,PC,PC,12.4399,2459681.976922,4.7518771,2.459,8670,23,"23,24,50"
353807936,5650.01,PC,PC,12.469,2459853.128755,34.2825595,6.989,2540,20,"14,15,16,17,18,19,20,21,22,23,24,25,40,41,47,48,49,50,51,52,56,57,58,59,60"
256326844,5651.01,PC,PC,12.3879,2459860.750256,10.6893108,6.883,1349,15,"14,15,16,17,24,41,47,50,54,55,56,57"
232628532,5652.01,PC,PC,13.1125,2459839.287079,18.2598774,6.544,3140,15,"14,15,16,17,18,19,20,21,22,23,24,25,40,41,47,48,49,50,51,52,56,57,58,59,60"
298729646,5653.01,PC,PC,12.8625,2459708.153898,7.4992916,3.724,1480,10,"14,15,16,18,19,20,21,22,23,24,25,26,40,41,47,48,49,50"
233465389,5654.01,PC,PC,11.4459,2459713.011926,4.2528141,1.67,2390,18,"24,50,51"
282940781,5655.01,PC,PC,10.686,2459663.533882,29.120986,3.98,950,11,"15,16,22,23,48,49,50"
458458156,5656.01,PC,PC,12.3503,2459685.802056,3.2487833,1.626,3110,11,"23,50"
441736986,5657.01,PC,PC,13.441,2459825.659468,0.8037513,0.912,7880,40,"14,15,16,17,18,19,21,22,23,24,25,40,41,47,48,49,50,51,52,56,57,58,59,60"
119178132,5658.01,PC,PC,14.5486,2459689.095962,1.6064494,0.946,26980,12,50
207491214,5659.01,PC,APC,13.0445,2459911.312652,6.2230846,4.405,12370,63,"15,16,17,19,22,23,24,25,49,50,51,52,58,59"
311116297,5660.01,PC,PC,13.419,2459710.421834,4.8183501,1.816,10370,12,"50,51"
349312122,5661.01,PC,PC,12.958,2459715.238616,2.8329023,2.029,18630,40,"50,51"
422217860,5662.01,PC,PC,11.8706,2459689.673073,2.3144207,1.402,1720,12,"23,46,50"
198161914,5663.01,PC,PC,13.2643,2459870.094224,45.0854117,1.646,7870,10,"15,16,17,18,19,20,21,22,23,24,25,40,41,47,48,49,50,51,52,57,58,59,60"
158022899,5664.01,PC,PC,12.5757,2459687.461371,3.8863969,3.906,3340,12,"24,50"
274223601,5665.01,PC,PC,13.3931,2459912.436846,2.2465076,4.181,4340,19,"16,17,23,24,25,50,51,52,59"
235684964,5666.01,PC,PC,13.0994,2459827.478708,5.468394,2.809,11340,75,"14,15,16,17,18,19,20,21,22,23,24,40,41,47,48,49,50,51,52,56,57,58,59,60"
28242530,5667.01,PC,PC,13.3272,2459675.883062,19.511064,3.25,25510,25,"23,24,50"
357347296,5668.01,PC,PC,10.8833,2459685.023774,4.1753448,3.941,810,10,"23,50"
162577468,5669.01,PC,PC,12.1196,2459710.833713,3.676651,3.663,4280,36,"23,24,25,50"
860207014,5670.01,PC,PC,10.3918,2459297.645648,14.616858,9.085,9117,10,"35,36,62"
23863105,5671.01,PC,PC,14.8084,2459685.753346,3.3079817,1.666,81180,21,50
461239485,5672.01,KP,KP,11.4063,2459693.716285,3.03908506593102,1.64550758759816,12337.5570731928,31.328146,51
175772482,5673.01,KP,KP,12.2688,2459695.204858,2.83862150637352,2.33264701668645,15270.0987847929,19.525824,51
368805700,5674.01,KP,KP,12.1159,2459695.989749,3.57718908979436,3.06699782470339,15679.392124228,20.421024,51
181949561,5675.01,KP,KP,11.3763,2459694.284607,4.055283210790846,2.868068006176064,23434.80524856877,136.59636,"51,91"
311133118,5676.01,KP,KP,10.5319,2459701.925342,3.50616494167509,1.60096579914222,18379.4360483842,108.076965,"50,51"
287959034,5677.01,PC,APC,9.50835,2460776.120808,3.8480524247354935,1.0142568672138603,2571.11632773841,19.721104,"51,91"
209464063,5678.01,CP,CP,10.6691,2459140.665271,119.3355264,6.863,2400,9,"4,30,31"
143257768,5679.01,PC,PC,11.2016,2459058.716872,1.6622263,3.415,12560,90,"13,27"
368739874,5680.01,PC,CP,12.9463,2459714.264611,3.3575477,1.788,26240,20,51
207439380,5681.01,PC,APC,12.8086,2459743.020121,1.1041295,1.18,12540,30,"16,17,22,23,24,25,49,50,51,52"
17538423,5682.01,PC,PC,13.0266,2459716.773324,3.1159994,3.966,6920,22,"24,25,51"
155949264,5683.01,PC,PC,14.812,2459716.685508,0.7748443,0.431,21020,12,"50,51"
32260988,5684.01,PC,PC,12.4344,2459716.552601,1.1000285,1.561,29080,26,51
460396820,5685.01,KP,KP,11.0062,2459714.654156,2.3409909,2.5,12040,25,51
255928426,5686.01,PC,PC,12.012,2459738.845604,4.2366102,3.559,14790,121,"24,25,51,52"
281100535,5687.01,PC,APC,11.536,2459716.984797,2.924439,1.448,11110,23,51
193634953,5688.01,PC,CP,14.2085,2459750.623008,2.9479689,1.584,24090,19,51
323250919,5689.01,PC,PC,13.3173,2459713.34968,3.3299795,2.101,23460,16,51
115508409,5690.01,PC,PC,12.6502,2459733.445085,10.4995545,2.123,7030,18,"24,25,51,52"
17652022,5691.01,PC,PC,12.6151,2459742.60535,3.3894889,2.372,3650,16,"24,25,51,52"
37150278,5692.01,PC,PC,12.5806,2459717.172631,1.6929628,1.546,14820,15,51
272519426,5693.01,PC,PC,12.169,2459712.634476,2.8900249,0.506,25960,14,51
23638678,5694.01,PC,APC,14.4753,2459717.468321,1.1544795,0.817,51180,11,51
103865797,5695.01,PC,FP,14.2399,2459740.631465,2.2232698,0.648,31700,15,51
393546540,5696.01,PC,PC,9.1352,2457925.865418,1637.265104,5.981,1323,45,"45,46"
393546540,5696.02,PC,CP,9.1352,2460250.964538,32.429738,4.419,988,55,"45,46,72"
393546540,5696.03,PC,PC,9.1352,2460284.714061,.0,8.0912057730791,1204.44427165039,13.458055,"45,46,72"
416739490,5697.01,PC,PC,10.8327,2458439.346135,6.21833216425513,2.59587094795193,744.74634411042,7.550826,"5,42,43,44,70"
264052454,5698.01,PC,PC,11.3529,2459907.39037,2.346931,0.955,5198,62,"17,18,19,20,24,25,26,40,52,53,58"
224328450,5699.01,PC,PC,10.4488,2459704.151933,22.0183163,3.48,3736,20,"25,51,52,78"
76193403,5700.01,PC,PC,10.4557,2459742.169976,1.7812778,2.261,540,9,"26,40,52"
43276438,5701.01,PC,PC,10.36,2460466.662908,15.0764899,3.981,678,12,"24,25,51,52,78,79"
141985686,5702.01,PC,FA,9.83993,2459738.417473,3.1291319,1.993,680,9,"25,52"
10792081,5703.01,PC,PC,10.0223,2460650.613081,10.1694553,4.534,852,22,"18,24,25,52,58,78,79,85,86"
148673433,5704.01,PC,CP,10.6147,2458901.78789,3.7711066303438,2.3375061149659,1647.67303135846,11.196726,"22,48"
165625229,5705.01,PC,PC,9.77081,2460418.025369,10.5998647,3.021,924,17,"16,22,23,24,49,50,76,77"
137843225,5706.01,PC,PC,10.7641,2459637.749066,0.3576555131155072,0.4834950433139844,996.708172922805,17.85816,"15,16,22,23,49,50,76,77"
441614965,5707.01,PC,PC,9.73378,2460339.436824,2.0364271,1.847,268,12,"20,26,40,47,53,60,74"
335813325,5708.01,PC,PC,9.1454,2459552.817321,2.69536978311322,0.762848908655456,757.773375549487,9.067633,"46,49"
286813592,5709.01,PC,PC,11.1501,2458899.969827,3.38102268268616,1.90124514964972,797.261751824445,7.8154817,"22,45,46,49"
173002823,5710.01,PC,PC,10.305,2458882.469833,28.4064642761436,4.00088045426227,886.162064980873,7.15548,"21,48"
441804533,5711.01,PC,PC,11.506,2458753.183872,16.3036749781653,3.22193198371296,1119.96252539735,15.518317,"16,17,22,47,48,49,50,51,52,53,54,55,56,57,58,59,60"
388898854,5712.01,PC,PC,10.5591,2459532.009387,8.20772638373267,4.43533354996394,667.686843230002,8.4749565,"45,46,49,72"
219041246,5713.01,PC,CP,12.7022,2458745.677964,10.4419896103344,1.7143489982959,3992.43726439973,8.136899,"16,22,23,49"
467158766,5714.01,PC,PC,10.3463,2458843.312379,7.77849472846206,2.605685006031194,760.4735321611827,10.059338,"20,47,74"
147923561,5715.01,PC,PC,11.4201,2458684.160507,6.282299322424259,1.9391524128602582,632.5840624693445,9.562816,"14,20,21,40,41,47,48,74,75"
298074836,5716.01,PC,CP,13.1066,2458683.61592,6.76627285241156,1.05750631287556,1998.37387208562,7.9898353,"14,15,20,21,22,40,47,48,60"
53481079,5717.01,PC,PC,10.8222,2458871.538689,13.478722016270785,4.098760777528804,1323.2275743699986,13.950997,"21,48,75"
17932757,5718.01,PC,PC,10.8075,2458903.539448,716.842689379311,4.4248640359985,1562.81364852007,10.995461,"22,48"
4843495,5719.01,PC,PC,9.67055,2459633.025142,.0,7.62305838186289,511.737322892104,8.741696,"21,48"
230055368,5720.01,PC,CP,11.6196,2458900.645029,1.43446023836647,0.934887724935997,1028.21878524315,7.4162726,"22,49"
85292615,5721.01,PC,PC,9.92937,2458888.709894,729.482347157133,6.93977148350692,819.48324696022,9.071953,"21,48"
458481611,5722.01,PC,PC,12.9454,2459432.534544,61.3191144086435,5.74553091357523,6593.13821921861,16.376131,"41,48,50,54,57"
235901733,5723.01,PC,PC,12.8857,2459413.809229,170.64651463341,6.18362775249462,12283.6633675471,41.516407,"40,47,52,53,54,58,59,60"
162631539,5724.01,PC,PC,6.9014,2458978.277627,697.403769798257,4.96586906628228,448.874977376587,16.230043,"23,24,25,50"
1042432,5725.01,PC,PC,11.4053,2458882.106824,746.954535565538,2.77303999575446,1671.1171293219,7.4939885,"21,48"
71582156,5726.01,PC,CP,9.16067,2458843.596098,5.49113023427399,1.90620984334076,448.45164695496,13.045012,"20,26,47,53,60"
357048995,5727.01,PC,PC,10.5988,2459422.895595,6.3928693910136,3.71289268025249,451.956323484664,16.506613,"41,47,48,49,50,51,52,53,54,55,56,57,58,59,60"
219875976,5728.01,PC,PC,12.4896,2458685.097165,11.4974559035731,2.3907992513193,843.106233571574,7.6579084,"14,15,16,17,18,19,20,21,23,24,25,26,40,41,47,48,49,50"
103605399,5729.01,PC,PC,12.6265,2458886.836539,554.498967635392,2.90523631359747,6058.59475886258,9.085244,"14,20,21,40,41,47"
138820713,5730.01,PC,CP,11.1557,2458900.38758,1.92712250793848,1.45303987982942,898.682130234615,9.596964,"22,49"
188668950,5731.01,PC,PC,11.241,2459130.335118,270.303816035578,6.68246798579654,2898.27319645126,10.09025,"24,26,40,47,50"
335952150,5732.01,PC,PC,10.2071,2460264.24567,60.1702823,3.337,1941,22,"14,17,21,24,25,26,40,41,47,50,51,52,53,54,57,58,59,60,73,74"
224297408,5733.01,PC,PC,10.968,2458711.604346,8.275196553505285,2.074990269998563,958.0302035917632,12.075789,"15,22,48,49,75,76"
9989136,5734.01,PC,CP,8.5446,2458848.68514,6.18416879889915,2.58984969184785,1052.35091682847,18.214756,"20,47,60"
157769780,5735.01,PC,PC,12.2822,2458683.544649,2.12081555044183,0.842776353277223,1148.87732374385,7.801814,"14,20,26,40,47,60"
310380289,5736.01,PC,PC,11.982,2458738.901194,0.6489868032686127,1.1349755106778923,615.5445069224012,10.571972,"16,49,50,76,77"
229618478,5737.01,PC,PC,12.3105,2458698.868058,19.4480945904977,3.51075882427336,1327.10997229094,11.952113,"14,17,18,19,21,22,23,24,25,26,40,47,48,50,51,52,53,54,55,57,58,59,60"
198162530,5738.01,PC,PC,12.1898,2458683.640443,0.768125005544612,0.999206238963782,491.435018509951,8.062698,"14,15,16,17,18,19,21,22,23,24,25,47,48,49,50,51,52,54,55"
198162530,5738.02,PC,PC,12.1898,2458693.593974,28.5462089350188,1.76666663763546,1744.46599664564,8.434045,"14,15,16,17,18,19,21,22,23,24,25,47,48,49,50,51,52,54,55"
328934980,5739.01,PC,CP,7.1367,2458930.773235,8.43061623951584,5.58238805098633,182.908957177561,8.148228,"23,50"
230087765,5740.01,PC,PC,11.958,2458684.235662,1.68944203904042,1.33591418193034,318.775676125129,7.390143,"14,15,16,17,18,19,20,21,22,23,24,25,26,41,47,48,49,50"
159851831,5741.01,PC,PC,10.4514,2459754.333656,24.0004143,3.138,1240,13,"25,26,40,52,53"
258557847,5742.01,EB,FP,10.042,2459765.579293,3.965824,2.911,680,10,"26,40,53"
308300731,5743.01,PC,PC,10.4748,2460494.575115,7.6603722,2.159,9918,85,"26,53,79,80"
157768969,5744.01,PC,PC,9.75577,2459758.400187,5.7488832,5.003,190,10,"14,20,21,40,41,47,53"
18016577,5745.01,PC,PC,9.8127,2459630.305591,.0,4.58736790387481,863.297992030756,8.775896,"22,48"
318209162,5746.01,PC,FP,10.5295,2458891.862067,711.764282514602,3.41764426488005,20978.1367865924,62.410282,"21,47"
4918918,5747.01,PC,CP,10.7818,2458870.47457,0.57347655188524,0.900450829427625,818.390340319063,9.799914,"21,48"
407495930,5748.01,PC,PC,12.9255,2459738.329356,3.0269043,3.819,7120,15,"18,19,24,25,52"
387329912,5749.01,PC,PC,10.7778,2459734.363125,5.4328364,7.38,1420,15,"15,16,18,22,24,25,52"
310262516,5750.01,PC,PC,14.6578,2459741.118344,1.9044134,0.952,31200,13,"51,52"
426144112,5751.01,PC,PC,13.3889,2459742.829034,1.7465205,1.453,7080,22,"18,19,24,25,52"
349440621,5752.01,PC,PC,13.4016,2459723.423495,6.7113743,2.294,22640,21,"25,52"
332365162,5753.01,PC,PC,13.1895,2459742.005654,7.4242482,2.873,8060,13,"25,51,52"
135267558,5754.01,PC,PC,12.6025,2459736.090495,3.6479472,1.683,9470,19,"25,51,52"
256584532,5755.01,PC,PC,12.9079,2459736.246115,5.4397285,3.099,8020,28,"17,18,24,25,52"
72889156,5756.01,PC,APC,14.0287,2459742.759507,7.6408565,0.99,23050,11,"51,52"
219506608,5757.01,PC,PC,13.1351,2459703.44826,32.6116713,2.052,15640,20,"24,25,50,51,52"
82598822,5758.01,PC,PC,13.4932,2459728.922004,10.9299688,2.407,15520,14,"25,51,52"
317594531,5759.01,PC,PC,13.2038,2459729.912231,8.350615,1.62,8550,16,"18,19,24,25,52"
255907107,5760.01,PC,PC,12.5992,2459739.173528,7.924204,4.458,8160,29,"24,25,51,52"
428703516,5761.01,PC,APC,11.7149,2459722.313637,19.5422056,3.465,4120,19,"19,25,26,52"
257531677,5762.01,PC,PC,12.6536,2459735.332063,3.946066,1.792,8410,16,"25,52"
354832924,5763.01,PC,PC,13.185,2459729.976853,6.9541458,4.077,7080,15,"18,19,25,52"
150476057,5764.01,PC,PC,12.768,2459739.415504,5.0859973,1.594,9400,14,"25,52"
397763985,5765.01,PC,PC,11.5437,2459908.635769,3.8779743,3.294,4676,28,"52,58"
353225230,5766.01,PC,APC,13.0009,2459742.700661,0.5721596,1.127,6530,14,"25,52"
351652998,5767.01,PC,PC,13.4429,2459741.644195,4.015073,3.229,22900,29,"25,52"
470990157,5768.01,PC,PC,12.8212,2459766.375076,3.7749324,3.902,5920,18,"26,40,53"
462715015,5769.01,PC,FP,11.5578,2459767.984121,1.7548863,1.314,2620,18,53
23179035,5770.01,PC,PC,13.0383,2459766.399806,1.4529225,1.604,17180,45,53
459836041,5771.01,PC,PC,13.038,2459758.243282,6.6867154,2.945,3870,15,"19,20,25,40,47,52,53"
313609787,5772.01,PC,PC,13.442,2459764.635726,3.5023306,1.31,11020,15,"25,52,53"
445795465,5773.01,PC,PC,12.4443,2459767.6163,2.7404478,3.422,5340,30,"19,26,52,53"
9701368,5774.01,PC,PC,13.2035,2459764.180646,5.4049747,2.932,22870,34,"25,52,53"
289666986,5775.01,PC,PC,14.8831,2459765.105281,2.4369467,3.969,26190,18,"52,53"
310728245,5776.01,PC,PC,12.1884,2459765.925587,4.1816344,4.13,4180,16,"26,52,53"
459189798,5777.01,PC,PC,11.8799,2459758.926644,6.9171675,2.038,1250,10,"19,20,26,40,47,53"
264468702,5778.01,PC,PC,14.0296,2459762.212892,6.0962241,1.866,21520,16,"52,53"
102846772,5779.01,PC,PC,13.1293,2459754.990877,10.2515829,4.588,4270,14,"20,40,47,53"
43333094,5780.01,PC,PC,13.4747,2459758.226742,7.5358996,1.413,15840,13,"25,52,53"
279920478,5781.01,PC,PC,11.8987,2459765.779081,5.38265,7.477,1110,18,"18,19,25,26,52,53"
158845573,5782.01,PC,PC,10.6582,2459766.339783,5.0048582,5.027,750,15,"26,40,53"
319684122,5783.01,PC,PC,9.0745,2459793.278295,5.4459647,2.437,850,14,54
302814895,5784.01,PC,FP,9.96017,2459795.90211,8.6800186,2.41,870,9,"14,40,41,54"
456367532,5785.01,PC,PC,10.421,2459819.460241,3.0783215,2.701,2660,47,"54,55"
40292751,5786.01,PC,CP,9.77301,2460319.524905,12.7791964,5.242,3008,19,"14,40,41,54,74"
446616059,5787.01,EB,FP,9.77017,2460530.955198,3.1072375,4.485,737,16,"54,81"
42883782,5788.01,PC,CP,9.6069,2459786.442643,16.2134274,3.551,530,11,"14,40,41,54"
42883782,5788.02,PC,CP,9.6069,2459788.410948,6.3346129,3.341,330,9,"14,40,41,54"
87216634,5789.01,PC,CP,6.5715,2459776.255982,12.9256051,1.691,790,21,54
187333348,5790.01,PC,APC,8.73331,2459793.865917,2.1981511,1.747,3880,17,54
110936761,5791.01,PC,FP,10.4519,2459793.645262,2.2906144,1.949,1390,11,54
95423778,5792.01,PC,APC,10.492,2459795.466098,0.7036041,0.81,3360,34,54
398895470,5793.01,KP,KP,10.5523,2459771.189014,2.69403477519242,4.10735119666153,11715.9037128663,75.68031,54
273874849,5794.01,KP,KP,13.6414,2459825.552259,1.48571479660261,2.32758517417478,21303.5958288643,24.90904,"41,54,56"
151724385,5795.01,CP,CP,10.1872,2459770.674699,6.140620703386301,3.36722446273626,2469.432247442106,41.283733,"54,81,92"
391958006,5796.01,KP,KP,11.6659,2459771.551589,1.74301433466147,2.28721008515822,32205.6970804334,78.75304,54
374530847,5797.01,KP,KP,10.9984,2459770.231395,2.15216301908733,1.75319659945122,16986.6330129759,68.14215,54
305243225,5798.01,KP,KP,11.734,2459770.519892,1.21291385424878,2.18627848147331,14617.2679583444,126.76937,"54,55"
328081248,5799.01,PC,CP,11.1798,2459772.334479,4.16454481953557,1.57254224897364,2612.23974835356,12.77098,54
151759246,5800.01,PC,CP,8.6133,2459771.71321,2.62826056730241,1.24082107115955,731.208268383617,10.211792,54
243921117,5801.01,KP,KP,10.3622,2459770.026754,3.06781598971137,2.11033245289084,34536.7848172645,216.99556,54
399402994,5802.01,KP,KP,11.8886,2459770.470612,2.71612982158826,3.5299033351722,14527.4470152474,20.856627,54
466382581,5803.01,PC,CP,9.937,2460550.945001,5.3829728,1.382,1078,16,"55,82"
303055194,5804.01,PC,FP,9.78095,2459822.907614,1.7615631,1.171,1050,16,55
378390325,5805.01,PC,PC,9.30608,2460511.215717,20.5676815,5.523,1112,22,"14,15,41,55,75,81"
283621618,5806.01,PC,CP,8.2942,2459850.812572,3.1856488,1.304,4750,109,"55,56,82"
188646744,5807.01,PC,CP,6.8806,2460540.26317,14.2423724,4.046,225,19,"15,41,55,56,75,82"
459735346,5808.01,PC,PC,8.9415,2460558.651872,7.1701672,2.859,731,19,"55,82"
283471501,5809.01,PC,PC,9.3206,2460541.532262,9.2103194,2.341,853,24,"15,55,56,75,76,82"
379824738,5810.01,PC,PC,10.291,2460548.226894,5.6857105,6.105,6330,94,"55,82"
331484419,5811.01,PC,FP,7.74689,2460549.411097,6.25656,3.509,875,28,"55,82"
388909695,5812.01,KP,KP,10.4106,2460549.461351,10.1466193,5.519,8161,55,"55,82"
388909695,5812.02,PC,PC,10.4106,2460536.083418,.0,5.935,5553,36,"55,82"
92439980,5813.01,PC,PC,9.77358,2460519.238639,27.0525472,3.862,953,14,"14,41,54,55,75,81,82"
427041513,5814.01,PC,PC,10.4008,2460360.849074,6.254395,2.466,1174,14,"14,15,41,55,75"
375942197,5815.01,KP,KP,11.5352,2459797.700003,3.89938313864639,5.1857346613628,6492.48433243335,26.122198,55
194076601,5816.01,PC,PC,11.2546,2459842.062383,20.4282929,7.501,7660,36,"14,15,41,55,56"
418604868,5817.01,PC,CP,8.0581,2459799.303854,15.6146057515396,5.8168055050842,467.14373068761,13.417658,"55,82"
283419843,5818.01,KP,KP,12.5375,2459799.022189,2.6052673672121,4.2452100139334,11139.9639243272,19.833286,55
330218897,5819.01,PC,PC,10.828,2459797.705428,3.42000733489216,1.93391667220032,746.044173991156,8.357875,55
459730973,5820.01,KP,KP,11.07,2459799.366946,3.91568480467045,3.58477598967792,6668.80077985208,24.473438,55
354619337,5821.01,KP,KP,8.08821,2460556.771408,2.1425095,5.163,7961,170,"55,82"
466390120,5822.01,KP,KP,12.0671,2459797.810597,1.54872452039385,2.82585311721689,9869.03189214112,25.932486,55
248853232,5823.01,KP,KP,8.8628,2459798.775459,3.86814921752745,2.16101945681072,17259.9935362439,236.89902,55
272366748,5824.01,KP,KP,14.8018,2459800.057422,3.85558968989324,3.237964370373,16813.9237374172,11.369815,"41,55"
269243313,5825.01,PC,PC,9.95806,2460541.913603,9.73482949887001,4.325,1017,12,"55,82"
48253329,5826.01,PC,PC,11.7134,2459788.107629,2.8140207,3.191,7400,28,54
369062542,5827.01,PC,PC,12.9192,2459788.904875,5.0493049,3.885,7850,18,"14,40,41,54"
351077390,5828.01,PC,PC,12.2148,2459796.072414,1.1951761,2.4,2970,14,"14,40,41,54"
363029616,5829.01,PC,PC,11.3492,2459793.849156,1.3502386,2.178,1650,11,"14,54"
224418572,5830.01,PC,FP,11.8512,2459791.235591,2.8465928,2.664,2110,20,"26,40,53,54"
308504559,5831.01,PC,PC,10.9653,2459786.127171,3.7846792,2.51,5870,11,54
287934343,5832.01,PC,PC,12.776,2459795.478353,5.1357505,3.504,11560,22,"14,41,54"
213875310,5833.01,PC,PC,13.1692,2459793.44982,2.6721807,2.433,15750,12,54
281118572,5834.01,PC,PC,12.231,2459792.712699,3.5242025,1.79,23590,33,54
346859243,5835.01,PC,PC,13.0949,2459795.463879,6.4226101,3.007,16970,30,"53,54"
354727907,5836.01,PC,PC,14.5478,2459786.404289,8.4498763,1.773,71390,15,54
395143000,5837.01,PC,PC,12.4152,2459795.48348,2.9665122,3.346,8220,27,54
222485202,5838.01,PC,PC,12.8557,2459791.742675,3.5982966,1.614,28570,19,54
355732304,5839.01,PC,FP,12.3367,2459794.235051,2.5411063,3.491,8720,19,54
68345291,5840.01,PC,PC,13.4506,2459793.910188,4.006489,3.949,11560,24,"53,54"
350882505,5841.01,PC,PC,12.1201,2459795.704556,4.2025514,4.028,3360,20,"53,54"
23937608,5842.01,PC,PC,12.5432,2459791.805537,2.8091879,1.927,3080,12,"26,40,53,54"
24113219,5843.01,PC,PC,13.3247,2459795.126527,4.197866,3.223,10650,20,"53,54"
230292034,5844.01,PC,PC,11.9963,2459791.961303,6.0671557,2.12,2080,16,"14,25,26,40,52,53,54"
209935997,5845.01,PC,PC,11.4599,2459794.325106,1.9081122,2.094,2660,15,"41,54"
75784122,5846.01,PC,PC,12.8895,2459794.162274,10.5353472,1.098,9570,20,"25,26,40,52,53,54"
95574586,5847.01,PC,PC,11.8895,2459795.998964,2.5641981,4.469,2840,11,54
808243,5848.01,PC,PC,13.4236,2459795.467392,1.5101054,2.993,13090,14,54
71459120,5849.01,PC,PC,11.2543,2459781.133754,3.9964264,1.722,12340,14,54
151728428,5850.01,PC,FP,10.9951,2459786.271014,3.9997367,0.384,7460,13,54
277329402,5851.01,PC,PC,12.8137,2459790.948702,4.5049415,2.372,14400,13,54
387844266,5852.01,PC,PC,13.4781,2459788.337798,3.9956793,2.056,38380,15,54
278623780,5853.01,PC,PC,11.9781,2459793.844498,3.7219898,2.306,15860,57,54
346154016,5854.01,PC,PC,12.647,2459795.758929,4.449914,2.449,13550,41,"26,40,53,54"
41422753,5855.01,EB,FP,12.3924,2460313.59698,2.471086481541494,3.379114977091339,8009.9707144608565,31.001158,"14,40,41,54,74,75,81"
3680800,5856.01,PC,PC,11.0263,2459795.607863,0.5498864,1.588,1110,11,54
336072306,5857.01,PC,PC,13.4236,2459790.127873,3.415047,1.406,8610,19,"14,40,52,53,54"
256046749,5858.01,PC,PC,12.3224,2459778.065425,7.1476512,3.03,13510,20,"41,54"
114947483,5859.01,PC,PC,13.1338,2459794.556309,3.3787501,1.837,9480,19,"14,40,53,54"
462372373,5860.01,PC,APC,12.0019,2459795.355448,5.2498931,1.666,9200,21,54
11034516,5861.01,PC,PC,12.5375,2459771.875591,14.3033451,4.769,26130,63,"14,41,54"
20988926,5862.01,EB,FP,12.0997,2460317.86752,5.319443734120623,5.236898738406747,5531.728794350851,41.958202,"14,40,41,53,54,74,80,81"
345205395,5863.01,PC,PC,12.7354,2459788.352176,2.8492565,1.846,24100,30,54
184531966,5864.01,PC,PC,12.9564,2459818.412119,10.4453589,4.548,9360,19,"14,41,54,55"
383216635,5865.01,PC,PC,11.3471,2459815.836665,6.6314176,2.372,3080,15,55
341297143,5866.01,PC,FP,11.1838,2459813.907629,3.8421028,1.184,8920,39,55
380517859,5867.01,PC,FP,14.9156,2459823.570109,1.109435,2.723,27240,16,"54,55"
236158940,5868.01,PC,PC,11.3283,2459817.28767,2.677573,2.885,3310,24,"41,55"
210169818,5869.01,PC,PC,13.2483,2459818.89692,3.3879742,4.127,9990,19,55
305375697,5870.01,PC,PC,10.7974,2459817.799423,.0,3.516,3736,18,55
373816781,5871.01,PC,PC,12.7966,2459822.281701,1.343636,2.275,26070,57,"15,16,55"
138671052,5872.01,PC,PC,12.3295,2459820.867127,2.2425137,2.062,2730,16,"15,16,55"
353146308,5873.01,PC,PC,14.0135,2459823.922122,0.4131063,0.368,21940,25,55
376454594,5874.01,PC,PC,12.3072,2459820.144262,2.5784481,1.253,7620,22,55
283165117,5875.01,PC,PC,13.1099,2459821.117967,5.216581,3.314,7060,11,55
106114491,5876.01,EB,FP,10.6372,2460319.385057,9.721143459256911,4.187847489672485,1812.1446312966618,17.878357,"14,54,55,74,75,81,82"
282890159,5877.01,PC,PC,12.0836,2459820.307042,6.9100016,4.536,4310,18,"14,41,54,55"
247172524,5878.01,PC,PC,12.8056,2459820.871737,3.4363074,2.861,27910,77,"15,41,55"
258037656,5879.01,PC,PC,14.3602,2459848.100684,4.0331416,1.348,37790,24,"55,56"
184521624,5880.01,PC,PC,13.3573,2459819.765194,3.1162505,3.289,11400,22,"14,41,54,55"
360142739,5881.01,PC,PC,12.5366,2459821.497839,2.2377411,4.079,3640,23,"14,41,54,55"
232941965,5882.01,PC,CP,10.6338,2459818.905315,7.1487697,6.864,1900,10,"15,41,55"
283759999,5883.01,PC,APC,12.5701,2459823.64314,0.5223032,0.685,4390,18,55
13574009,5884.01,PC,PC,10.5002,2459822.29685,5.8311038,3.283,4240,34,"15,55"
233788275,5885.01,PC,PC,12.5816,2459820.312506,4.7264391,3.196,3150,16,"14,15,16,55"
15682927,5886.01,EB,FP,12.3886,2460340.696887,0.9656051727696028,1.9504482924067752,3903.799634122351,18.586597,"14,15,41,55,75,82"
277987172,5887.01,EB,FP,12.4276,2459824.052187,6.3989216,2.781,3830,13,"14,41,54,55"
273780062,5888.01,PC,PC,12.6212,2459796.460281,15.2501659,4.331,4560,12,"14,15,41,54,55"
383214426,5889.01,PC,PC,12.9722,2459823.071657,2.4013188,1.988,27340,56,55
279179610,5890.01,PC,PC,13.1251,2459823.01973,5.9029732,3.337,8450,12,"15,16,55"
202941251,5891.01,PC,PC,11.3909,2459823.631848,4.1784844,4.307,5000,32,"15,41,54,55"
375199523,5892.01,PC,FP,11.6866,2459822.064534,1.9447712,1.345,2880,16,55
321790238,5893.01,PC,PC,11.4879,2459817.171119,.0,5.718,7997,26,55
398038296,5894.01,PC,PC,13.1645,2459815.862759,3.0076713,3.094,10740,20,55
243464977,5895.01,PC,APC,12.0995,2459817.305132,3.6491012,1.691,5880,17,"14,41,55"
14956304,5896.01,PC,FP,14.6656,2459823.401763,0.9965843,2.633,14280,14,"41,55"
305612552,5897.01,PC,PC,12.7968,2459813.353902,6.9349089,3.234,14850,17,"54,55"
467211520,5898.01,PC,PC,12.5037,2459823.601388,9.7884653,3.894,2590,15,"14,16,40,41,54,55"
126171392,5899.01,PC,FP,12.935,2459823.081326,0.7835688,1.095,7440,18,"15,41,55"
224635135,5900.01,PC,PC,13.3192,2459820.275438,2.4667486,2.984,7030,16,"14,15,41,55"
294173437,5901.01,PC,FP,12.5454,2459820.580689,5.555905,3.459,3750,22,"14,15,16,41,54,55"
65737977,5902.01,PC,PC,12.2866,2459823.039452,4.8292589,4.084,5930,29,"15,41,55"
60542708,5903.01,PC,PC,12.5937,2459819.281287,2.4707357,1.597,5560,12,55
408317165,5904.01,PC,PC,13.4171,2459820.780325,5.6567374,3.223,7790,11,55
341299943,5905.01,PC,PC,12.8127,2459821.999767,3.0233509,2.369,17150,37,55
276376289,5906.01,PC,APC,11.2922,2459801.150591,30.1181253559274,3.31321764074992,14201.3576215859,36.610523,"15,55,56"
387318486,5907.01,PC,PC,12.4411,2459823.85046,0.6583175,0.796,3740,18,55
452483795,5908.01,PC,FP,13.0008,2459823.08489,2.4515393,3.005,7520,19,"14,54,55"
354489554,5909.01,PC,PC,12.6132,2459819.17807,4.7729363,3.344,4300,14,55
273774284,5910.01,EB,FP,13.4177,2460321.232178,17.218994006962262,10.045156248101673,6398.606421047776,11.733811,"14,15,41,54,55,74,75,81,82"
239361732,5911.01,PC,PC,12.8343,2459821.653139,4.009823,4.015,7750,24,"15,41,55"
16538820,5912.01,PC,PC,12.1486,2459840.917097,6.9038328,5.483,3790,22,"55,56"
289313987,5913.01,PC,APC,11.7685,2459819.81816,10.1522322,6.614,9641,24,55
187416256,5914.01,PC,PC,12.0389,2459816.804217,4.3887257,3.243,5820,14,55
329709756,5915.01,PC,FP,14.3196,2459849.154995,12.5482879,3.396,49260,22,"55,56"
305506996,5916.01,PC,CP,14.5249,2459817.689666,2.3682389,1.866,48700,16,55
239529652,5917.01,PC,PC,12.7031,2459816.841312,4.0387941,3.537,5560,19,"14,41,54,55"
305790119,5918.01,PC,PC,12.8978,2459821.637072,2.0353259,2.032,12030,24,55
165948070,5919.01,PC,PC,12.2869,2459815.454832,4.3686174,2.943,3730,13,"15,55"
467006627,5920.01,PC,FP,11.499,2459801.155922,15.4159906,2.127,4500,11,55
286545058,5921.01,PC,PC,13.0598,2459819.63719,5.0114216,4.514,4940,11,55
364192929,5922.01,PC,PC,13.3113,2459820.922318,5.2079858,3.795,8550,11,55
60491424,5923.01,PC,PC,12.7861,2459817.155209,4.0252588,3.596,8980,23,55
289125016,5924.01,PC,FP,11.429,2459822.527363,6.2043746,5.957,4380,14,55
345193111,5925.01,PC,PC,12.2493,2459814.45684,6.1606297,2.218,10230,27,55
372831381,5926.01,PC,PC,12.0025,2459823.759309,3.8116176,1.997,6560,31,55
163164300,5927.01,PC,PC,12.143,2459817.035918,3.7306955,3.657,6140,17,"15,55"
387318409,5928.01,PC,PC,12.7,2459818.598577,3.246565,3.478,8870,27,55
92217989,5929.01,PC,PC,12.9153,2459816.456562,4.6079976,3.148,7730,14,"54,55"
88266880,5930.01,PC,PC,11.0235,2459817.983009,3.7984372,4.539,4500,18,"54,55"
24833662,5931.01,PC,PC,12.4083,2459823.70837,4.2447791,2.896,5800,19,55
405122173,5932.01,PC,PC,13.0812,2459823.994855,3.1003012,1.826,11350,11,55
322593401,5933.01,PC,PC,13.4538,2459823.723571,5.5901313,1.245,11420,11,"15,16,41,55"
407958640,5934.01,PC,PC,12.9724,2459823.256866,2.5505105,1.463,14510,25,55
276704866,5935.01,PC,PC,12.6045,2459819.923024,3.0200448,1.597,10640,34,"14,15,16,41,55"
396378209,5936.01,PC,APC,13.0338,2459823.973097,0.3781425,0.473,4760,16,55
158552665,5937.01,PC,PC,13.3872,2459797.53357,21.0685273,3.007,15800,19,"14,40,41,53,54,55"
452508760,5938.01,PC,PC,11.3519,2459820.183153,2.260431,2.098,2680,17,"14,41,54,55"
27230283,5939.01,PC,PC,13.1765,2459823.906049,6.13049,6.11,3640,16,"14,15,40,41,54,55"
296898634,5940.01,EB,FP,14.1736,2460340.155094,2.853537855989455,6.85663179983516,16171.61291662329,25.42896,"55,56"
303456821,5941.01,PC,PC,11.9693,2459803.434951,11.0771916,4.091,1920,10,"15,16,41,55"
166190643,5942.01,EB,FP,11.7528,2460340.708399,1.6540508480459526,2.940815249013024,4520.634180472146,47.86425,"15,55,75,76,82,83"
63659057,5943.01,PC,PC,13.0251,2459799.923269,15.7866044,6.116,6960,12,"14,15,41,55"
88101924,5944.01,PC,PC,13.2223,2459821.949437,5.9404096,2.479,15160,19,"54,55"
159104028,5945.01,PC,PC,13.0581,2459820.52275,3.3825012,3.422,4430,21,"14,40,41,54,55"
366846982,5946.01,PC,PC,12.1724,2459843.678568,5.754879,6.944,1820,12,"15,16,55,56"
331691841,5947.01,PC,CP,8.5898,2459842.878692,6.9341584,1.937,510,13,56
419878932,5948.01,PC,APC,10.1223,2459848.707937,7.9058861,0.867,2370,10,56
64282927,5949.01,PC,PC,9.0331,2460421.082231,1.8826035,1.712,337,20,"15,16,56,57,76,77"
64282927,5949.02,PC,PC,9.0331,2460605.807735,3.3751374,1.851,172,9,"15,16,56,57,76,77,83,84"
258738667,5950.01,PC,PC,10.447,2460549.777192,6.4389303,2.879,3079,24,"56,82"
154762431,5951.01,PC,PC,8.80558,2459852.571596,3.1728284,1.777,360,11,"16,56"
287643871,5952.01,PC,PC,9.53851,2460581.969735,45.7138545,4.283,5549,100,"15,16,56,82,83"
27863043,5953.01,PC,PC,9.77894,2460581.473006,7.4924561,6.072,694,17,"56,83"
297153209,5954.01,EB,FP,9.41809,2460575.744158,10.7004632,1.685,2117,41,"15,41,55,56,75,76,82,83"
434116397,5955.01,PC,PC,10.3224,2459825.845336,0.590238672714306,1.04505204681999,518.724099889653,9.309872,56
236785891,5956.01,PC,PC,15.762,2459853.83173,0.929233399545212,0.983716029466115,45240.8420953087,12.116851,"56,57"
407653728,5957.01,PC,PC,13.0091,2459849.767048,3.2520192,3.491,9420,25,"15,16,56"
436764867,5958.01,PC,CP,9.5236,2459825.785407,2.30621252937405,1.50989769358905,400.639011713873,7.161833,56
199671901,5959.01,KP,KP,10.9726,2459855.872666,4.4571443713053,6.10897114376715,7175.68018908472,39.646626,"56,57"
188876052,5960.01,KP,KP,9.7758,2459827.429945,3.07632903681377,3.90160580020701,9490.83968422085,162.07138,56
262689575,5961.01,PC,CP,9.0392,2459447.785905,1.61748702775443,1.28092668134387,342.185210191733,12.116314,"42,56,70"
239541449,5962.01,EB,FP,10.9417,2459826.818457,1.9259663255854746,0.9572802249590153,3769.2430414256337,46.050972,"56,83"
436478932,5963.01,KP,KP,10.9644,2459826.311145,4.32262294185784,3.36990246699019,11939.7472842646,118.921036,56
200606159,5964.01,PC,PC,12.6108,2459853.689253,3.9816471,3.247,15590,36,"16,56,57"
405788729,5965.01,PC,PC,11.7066,2459828.070265,4.2254747650406,4.83902648512505,1577.25722504925,13.770326,"56,58"
404610583,5966.01,EB,FP,10.5332,2459826.813014,3.5382323690299162,2.4813694096141576,11908.906356146135,116.84637,"56,83"
369532319,5967.01,PC,PC,10.1233,2460563.656882,15.343585,3.901,1344,14,"16,56,83"
431810418,5968.01,PC,PC,9.50492,2460583.854715,753.822332,4.495,520,10,"56,83"
431810418,5968.02,PC,CP,9.50492,2460570.60536,9.2152386,3.487,695,15,"56,83"
91051152,5969.01,KP,KP,11.5549,2459830.349006,7.91926045274687,2.50538728554157,21472.3061237207,58.602276,56
431701493,5970.01,KP,KP,11.5189,2460561.869567,3.0927432135819966,2.2215324330161916,28695.10121590075,153.21634,"56,83"
160432093,5971.01,PC,PC,10.9852,2459828.685263,3.99140120490971,4.25796342613999,8891.56031474432,59.46701,56
420814525,5972.01,KP,KP,7.1274,2460552.87974,3.5247546,2.958,17803,395,"56,82"
154353849,5973.01,PC,PC,12.4884,2459878.635235,3.1643744,2.506,3842,20,"16,56,57"
354173595,5974.01,PC,PC,10.8221,2459447.904188,1.7266942878876,0.905143263617673,1037.78157987049,12.383432,"42,56,70"
376847633,5975.01,PC,PC,10.6338,2459408.627517,373.038163748946,15.3281374901983,2858.62237904749,21.003796,"40,41,47,49,50,51,52,53,54"
348054109,5976.01,EB,FP,12.0575,2459010.514417,0.43780539968948406,1.4525646178589011,1497.9557524335703,16.329504,"26,40,53,54,80"
12938488,5977.01,PC,APC,14.6343,2459419.98927,0.431712366064594,0.86741638739143,19454.20653606,13.067723,"41,54,55"
266023807,5978.01,PC,PC,9.64057,2458711.885411,0.739481789312516,1.24737198582592,153.531900286653,8.37773,"15,41,55"
137151335,5979.01,KP,KP,9.4087,2460332.777222,4.7267257,3.014,283,11,"14,40,41,54,55,74"
164652245,5980.01,KP,KP,9.0638,2458708.932559,79.5839994687166,4.39967521547363,585.714886851865,11.099208,"14,40,41,53,54,55"
120045750,5981.01,PC,PC,11.8086,2459423.517172,7.01424581466326,2.65553277869672,1867.31799224331,12.583472,"41,53,54"
299087490,5982.01,KP,KP,13.2147,2459409.912265,38.4787613099131,5.18697368322855,23972.895713611,27.975418,"40,41,53,54,55"
356871098,5983.01,PC,PC,12.7949,2458683.819904,1.02718788625003,0.988999246113059,863.091202358108,11.641634,"14,15,16,17,18,19,21,22,24,25,26,40,47,48,49,51,52,53,54,55"
120692092,5984.01,KP,KP,14.0672,2459392.151066,3.41307808908694,2.578792782734,4017.82983992082,7.8737493,"40,41,53,54"
272782368,5985.01,PC,PC,10.6894,2458684.123357,2.41576651920038,2.17008124007895,242.499233505258,7.612235,"14,15,16,17,18,20,21,23,24,26,47,48,49,50,51"
158657354,5986.01,KP,KP,11.7942,2459406.492987,38.5835888603263,11.0403764815672,1501.20636528134,8.700123,"40,41,53,54,55"
284900292,5987.01,PC,PC,12.3932,2458769.981797,48.713084294678,4.81555711565351,1609.7433088884,8.968461,"17,19,20,22,23,24,25,26,40,41,47,48,49,50"
377780790,5988.01,KP,KP,10.4767,2458683.867901,0.837499676505658,1.96408115030391,248.957116809521,9.27727,"14,40,41,53,54,55"
154437244,5989.01,PC,PC,11.0644,2459395.360784,6.86696565838831,3.88125838618554,796.554381452612,8.088625,"40,47,53"
29385858,5990.01,PC,PC,9.43301,2458976.923578,700.962256637727,6.21941924999448,456.569834720391,7.72336,"24,50,51"
230064711,5991.01,PC,PC,8.77912,2458689.479623,7.08931621726198,3.37954249264313,127.611232081906,8.606117,"14,15,16,17,21,22,23,41,47,48,49,54"
159054620,5992.01,KP,KP,15.0277,2459391.6426,8.02768209250625,2.95742571731607,11271.5765811837,8.653823,"40,41,53,54,55"
27534138,5993.01,KP,KP,11.2877,2459419.054916,28.5410557316464,10.6581230767746,1280.58982645742,7.3322496,"40,41,54,55"
63283780,5994.01,KP,KP,13.0702,2459397.430362,7.97266437122265,2.53955489036654,3581.14939225501,8.613391,"40,41,54,55"
352011875,5995.01,KP,KP,11.7971,2458686.187589,6.24688132848871,9.04000193574407,516.127311311737,7.9771624,"14,26,40,41,53,55"
293880523,5996.01,PC,PC,10.2403,2459467.902664,109.050294566713,7.3613042545522,3819.91220995588,33.74752,"40,41,47,50,54,55,56,57,60"
39516274,5997.01,PC,CP,9.2576,2458985.158761,5.65501795462306,1.7818546193532,356.813694967015,7.836735,"25,26,52,53"
370907864,5998.01,PC,PC,11.5118,2459397.788566,9.33802520304996,2.8573106945702,1771.50475921843,9.305417,"40,54"
120317234,5999.01,KP,KP,10.4081,2460326.535519,6.8834027,1.92,771,9,"14,26,40,41,53,54,74"
259233660,6000.01,PC,CP,13.1638,2458683.576042,0.448958911953033,0.763747725238208,674.827701648546,8.3127985,"14,15,16,17,18,19,20,21,22,23,24,25,26,40,47,48,49,51,52,53,54,55"
139104940,6001.01,KP,KP,14.5855,2459422.453454,3.00390101041347,3.87504767504936,10093.1737818985,8.019291,"41,54,55"
102734241,6002.01,PC,CP,12.6396,2458692.759945,10.9048392461916,1.55306476821479,4030.77609932034,7.6758533,"14,41,54,55"
121731834,6003.01,KP,KP,10.593,2458686.103572,5.85993922192109,4.08423911792563,289.448773485226,7.2082953,"14,40,41,54,55"
48353358,6004.01,KP,KP,12.1042,2458685.778397,9.87868379953592,1.88520417170868,1728.74538208164,9.8170185,"14,26,40,41,53,54,55"
123357864,6005.01,KP,KP,10.8515,2458697.413913,16.1455898171819,4.54317107859519,919.533626184334,8.10099,"14,26,40,41,53,54,55"
123309556,6006.01,KP,KP,12.1773,2459392.21042,2.50808154880029,1.17243983199367,1292.71525229953,9.532586,"40,41,53,54,55"
279922257,6007.01,PC,PC,11.8288,2458799.852581,949.790595165536,4.22220634723545,3029.15858471924,8.103081,"18,19,25,26,52,53"
286201103,6008.01,PC,CP,12.2936,2458711.372904,0.857372697894355,0.547859807639078,2045.70912208089,8.719756,"15,16,41,55,56"
128558444,6009.01,PC,PC,10.4403,2459852.869635,1.5500607,1.225,2550,43,"16,56"
199949052,6010.01,PC,PC,10.4963,2460422.399415,0.5868508,0.494,1005,26,"16,56,57,76,77"
414019147,6011.01,PC,PC,12.598,2459880.708932,2.3179699,1.496,12009,33,"16,17,24,57"
432280671,6012.01,PC,PC,10.5418,2459861.658508,16.2117628624491,5.34955844841114,3669.00227783733,24.81528,57
53728859,6013.01,KP,KP,12.3396,2459853.92256,3.2573898016453,3.14008263299369,13770.1931363821,40.388447,57
57984377,6014.01,KP,KP,11.1355,2459854.549103,2.51991455670087,3.71213629233706,12429.3724558819,163.28555,57
288246496,6015.01,KP,KP,11.5639,2459854.005471,4.30482901389489,3.53112663340487,7531.42211974336,37.088776,57
327369524,6016.01,PC,CP,11.3864,2459877.793195,4.0236805,3.71,8925,37,"17,18,24,57"
291751373,6017.01,KP,KP,12.355,2459855.494899,2.50791765457186,3.06522694989512,6997.45912122021,21.09248,57
67881560,6018.01,PC,PC,10.3337,2459854.35292,2.33225242355764,1.44075557411049,571.313889644921,7.7265925,57
125520907,6019.01,PC,CP,10.0651,2460589.743637,14.5478626,5.488163724777017,3222.8170072004664,14.761625,"57,84"
334597566,6020.01,EB,FP,12.0471,2459854.717427,9.109850688141181,9.579596075556623,8159.781484195877,71.78012,"16,17,18,24,57,77,78,84,85"
291685334,6021.01,KP,KP,12.489,2459853.85413,2.03198834488875,3.49374627811632,12273.0056922608,40.163723,57
455947620,6022.01,PC,PC,13.7057,2459854.589182,1.92810923048424,1.41744995002751,107974.235954274,116.11209,"17,57"
455947620,6022.02,PC,PC,13.7057,2458765.940349,1.54544924333617,2.78215275002004,4280.7714918259,8.388674,"17,57"
341444900,6023.01,EB,FP,8.629,2460419.861806,9.0330414,5.965,227,17,"16,17,56,57,76,77"
56231866,6024.01,EB,FP,9.3185,2460605.495796,2.7218347,1.663,560,15,"57,83,84"
439942982,6025.01,PC,PC,9.645701,2459880.796253,1.0222806,2.071,1280,13,"17,57"
396234347,6026.01,PC,PC,8.9553,2459881.735855,1.2757761,1.313,230,11,"17,57"
368678195,6027.01,PC,PC,13.8504,2459882.348252,2.8406462042365,2.74406124468192,57872.8336090667,30.907064,58
250707118,6028.01,KP,KP,11.2791,2459885.016838,5.72385819309734,3.85451413513856,8682.24660287776,51.948875,58
419523962,6029.01,PC,CP,11.6593,2459904.818632,5.7998626,5.684,2387,19,"17,18,24,58"
245392284,6030.01,KP,KP,11.9004,2459883.279834,1.74428305047365,2.19283721045,7445.24790473682,16.365398,58
292152376,6031.01,KP,KP,10.7696,2459883.617765,2.14999072037241,3.10269682836296,25640.8126074774,302.27103,58
285466025,6032.01,PC,PC,7.98475,2459887.395272,7.37239062537613,7.82170788961434,347.787687859379,10.681877,58
67711670,6033.01,PC,PC,10.6492,2459885.981072,18.0401494432717,6.0379225837678,5645.29753747202,31.996292,58
388076422,6034.01,PC,CP,13.2297,2459883.905467,2.57617955980314,1.58793786759182,49904.2528728366,56.127953,"56,57,58"
323194443,6035.01,PC,PC,13.859,2459885.398621,3.90741880945638,2.50522024082317,15476.6369435738,25.24891,"57,58"
129756316,6036.01,PC,APC,9.74061,2460623.037278,6.5234669,5.814,7191,52,"18,58,85"
352924930,6037.01,EB,FP,10.3755,2460472.582214,4.0158188,6.257,560,18,"18,24,25,52,58,78,79"
194736418,6038.01,PC,CP,9.3229,2460658.012037,5.826731,4.571,1068,20,"18,58,86"
272050287,6039.01,EB,FP,10.244,2459908.575411,8.503614,1.203,1590,21,"17,18,24,57,58"
250839071,6040.01,PC,PC,9.8781,2460632.263441,3.4926045,4.379,7071,146,"58,85"
192415680,6041.01,PC,PC,9.2063,2459890.088192,1094.062167,3.534,2352,33,"18,58"
374919956,6042.01,PC,FP,10.0201,2459904.389425,7.7966237,1.461,2000,15,58
453064665,6043.01,KP,KP,11.8889,2459911.851307,2.64521208547123,3.05598357376245,10456.8418233156,32.981808,59
356916207,6044.01,PC,PC,9.97967,2459911.246864,2.25386419410237,1.510749087565,383.727436889091,7.1491456,59
467649533,6045.01,PC,PC,10.5547,2459913.845278,7.48263248953845,6.56471362806085,2569.94217128431,21.282948,59
66296167,6046.01,PC,PC,13.7471,2459911.708915,3.41370197920539,2.91600914998522,15800.4739836167,18.457575,59
115451738,6047.01,PC,PC,14.1279,2459911.453223,2.08143446337821,6.73074237612026,16749.4607119471,19.349306,"59,71,72"
280024247,6048.01,PC,PC,10.3971,2459915.46858,5.49282457420207,3.40085461330981,1006.15821339647,10.752078,59
353459965,6049.01,KP,KP,11.0878,2459918.20065,10.8614910692476,5.55114668081709,11069.1320346572,75.71807,59
339207264,6050.01,PC,PC,11.2873,2459912.799879,5.48235960301803,4.95509798293441,6502.55142224666,33.826756,59
353960022,6051.01,PC,PC,13.4593,2459913.021886,3.92009192343941,4.11695435347387,22430.0040626338,22.25058,59
9443323,6052.01,KP,KP,12.1957,2459913.801096,4.0135700487779,4.13812017684486,8561.43948662856,24.745403,59
66091052,6053.01,PC,APC,9.89943,2459912.417156,2.21182811376241,2.57386540647149,2215.48318138601,9.209335,59
392681545,6054.01,PC,CP,7.4961,2459913.121951,7.49032706173113,5.80071299483534,225.598876650574,8.938365,59
392681545,6054.02,PC,CP,7.4961,2459919.916627,12.5759947632049,6.52991803395634,284.685526320883,8.120321,59
355640518,6055.01,PC,PC,14.4907,2459910.643629,0.849719431432759,1.35216746972867,69488.1410322177,34.13334,59
102808276,6056.01,PC,PC,14.6332,2459912.905528,3.14204945907693,2.66913189671174,18253.753965999,12.461929,59
104734832,6057.01,PC,PC,9.51295,2459912.751153,10.3274379870238,8.80211143177618,1239.15636439443,12.537905,59
144006874,6058.01,PC,PC,9.5951,2460660.38401,2.3673691,1.474,592,14,"19,59,73,86"
321578632,6059.01,PC,PC,10.2596,2459928.523425,6.3667329,2.628,778,9,"19,59"
428867906,6060.01,PC,PC,9.86105,2459930.334093,3.3906311,2.344,720,9,"19,59"
239823606,6061.01,PC,PC,8.895701,2459925.632107,8.1309123,3.313,313,9,"19,43,44,45,59,73"
122629761,6062.01,PC,PC,9.47632,2460647.93515,8.2125318,3.203,898,15,"19,59,73,86"
67031480,6063.01,PC,PC,10.4246,2459935.39745,2.1142179,1.655,949,10,"19,59"
428767018,6064.01,PC,PC,10.409,2459919.688691,15.3058859,3.463,6498,38,"19,59"
172033454,6065.01,PC,FP,9.4526,2459948.69132,8.2065998,3.785,417,10,"20,43,44,45,60"
219697927,6066.01,PC,PC,8.85042,2460337.368428,1.8330979,2.742,168,10,"14,20,40,60,74"
198458010,6067.01,PC,PC,9.76711,2459936.170064,87.2129046,2.986,659,12,"14,16,17,18,20,21,23,24,25,26,40,47,48,49,50,51,52,53,54,56,57,58,59,60"
400093502,6068.01,PC,PC,9.67596,2460292.788766,10.66839,2.717,460,11,"19,20,26,53,59,60,73"
259099556,6069.01,IS,FA,8.92071,2459937.955167,1.6290925678759605,4.631518917092565,411.7525108219782,9.041644,60
29106627,6070.01,PC,PC,11.1878,2459942.330357,9.5128915993387,3.12541705931567,1191.60674363731,9.423777,"47,60"
440624788,6071.01,PC,PC,12.9311,2459939.481098,5.36644567464123,2.29759548344027,8748.74364128288,13.849086,60
147797743,6072.01,KP,KP,10.7447,2459940.374302,3.69155898990421,2.72075803945963,16316.0231993151,105.76829,60
271424111,6073.01,KP,KP,14.3999,2459393.028617,3.26870634762913,3.63985725527105,9692.54159341537,10.690438,"40,41,54,55"
99896567,6074.01,PC,PC,6.8456,2458690.53445,12.1324506434323,1.57517331243291,171.276426229121,7.390087,"14,15,41,55"
424388628,6075.01,PC,PC,9.4287,2458794.771156,832.923625392567,8.6876380764824,594.23760693833,7.41604,"14,15,16,17,18,19,20,21,23,24,25,26,40,41,47,48,49,50,51,52,53,54,55"
308301091,6076.01,PC,PC,9.82897,2459030.36672,720.574239906942,6.66020760588991,1456.90318471282,9.610138,"26,52,53"
196066560,6077.01,PC,PC,12.3475,2458713.480434,2.2111104214132,2.10602790919096,1956.01168333229,11.161335,"15,55"
119973835,6078.01,PC,PC,9.1641,2460443.834513,9.6703611,2.037,684,9,"25,51,52,78"
119973835,6078.02,PC,PC,9.1641,2460440.795272,25.0882806,3.769,705,10,"25,51,52,78"
272670038,6079.01,PC,PC,10.5083,2458912.458751,104.289279828713,5.87310290772273,2021.57936793112,19.292593,"21,22,40,41,47,48,49,50,53,54,56,57,60"
116048097,6080.01,PC,PC,10.5912,2459397.070061,8.05557162698505,3.58531721474857,913.862173768744,10.547556,"40,52,53"
271431851,6081.01,KP,KP,14.4952,2459397.093442,7.88642182497306,4.94293777851912,6241.56724429505,7.481163,"40,41,54,55"
199712572,6082.01,PC,PC,8.793181,2460504.761666,3.5941651,1.882,100,13,"15,16,17,18,19,20,21,22,23,24,25,26,40,47,48,49,50,52,53,54,55,56,57,58,59,60,73,74,76,77,78,79,80"
299089652,6083.01,KP,KP,11.9363,2459752.893746,.0,9.30550947697115,3608.26634955441,7.213671,"40,41,53,54,55"
294283951,6084.01,EB,FP,11.7056,2459422.148907,4.372244746900511,1.0713440396225915,1815.2111180145764,15.659034,"41,54,55,75,76,81,83"
160223936,6085.01,PC,PC,8.7475,2458691.848481,.0,14.1230558348298,317.976645791019,7.2045913,"14,19,20,25,26,40,47,52,53"
18318288,6086.01,PC,CP,12.4106,2458984.759725,1.38885844016764,0.826700235192078,1372.51368337488,8.86141,"25,26,52,53"
48448369,6087.01,KP,KP,11.8216,2459806.508801,.0,2.29963572728836,2097.11646682108,7.295672,"40,41,53,54,55"
122375047,6088.01,KP,KP,11.3992,2459398.896348,9.28667326119068,3.25938080999382,713.849435184599,7.342691,"40,41,54,55"
350814622,6089.01,KP,KP,11.7266,2459391.482922,3.21356358670838,4.31416113701979,654.732282128857,9.909683,"40,41,53,54,55"
268159158,6090.01,KP,KP,14.5892,2459420.863418,4.708241387356926,3.701381713410086,10708.303582975626,11.871762,"41,54,55,74,75"
336255880,6091.01,PC,PC,11.9323,2459392.109891,5.18555066268537,1.97341329504368,1496.79192639108,8.203974,"40,53,54"
339591840,6092.01,PC,FP,12.9805,2459746.250584,.0,4.6672536133866,12855.6961210613,10.6106615,"53,54"
97165413,6093.01,PC,PC,10.0452,2459986.445346,1.2710408,1.113,1115,32,"6,7,33,34,61"
35883621,6094.01,PC,FP,9.65609,2459984.008322,3.0519843,2.868,892,16,"7,34,61"
157081737,6095.01,PC,PC,10.0956,2459986.834869,2.1613171,1.289,529,13,"6,7,33,34,61"
262781201,6096.01,EB,FP,9.34567,2460283.55214,1.3154261,2.121,285,17,"8,35,45,46,61,72"
293743169,6097.01,PC,PC,10.4284,2459986.783761,1.1256838,1.773,3620,33,"7,61"
269341832,6098.01,PC,CP,8.7699,2460010.125461,2.7297541,1.439,362,20,"7,9,34,35,61,62"
118914286,6099.01,PC,PC,9.4499,2460009.893574,5.2887576,2.284,598,17,"8,35,61,62"
170434745,6100.01,PC,PC,11.9433,2459963.874823,1.22801556800094,1.06779744775323,1316.74620205012,8.335865,"8,61"
19342878,6101.01,PC,CP,10.8042,2459963.429938,1.33282518275466,2.04961740847406,19240.1766705933,242.24312,"7,34,61"
55849732,6102.01,PC,PC,13.5803,2459965.390963,5.37082926173113,2.91338168940288,14601.0562246234,55.36645,"61,62,63,64,65,66,67,68,69"
92590258,6103.01,PC,PC,10.6664,2459965.819135,3.24224240761246,3.16625191513628,10616.25978038,15.381104,61
265010875,6104.01,PC,PC,10.4146,2459968.466203,6.40955547115517,8.47374375267198,2845.14324659749,16.704277,"7,34,61"
182405015,6105.01,PC,PC,10.8235,2459963.367968,3.1122458171442675,2.4986472420965224,14146.472440944186,157.51451,"8,61,62"
258234731,6106.01,PC,APC,11.646,2459964.624513,6.42409440351428,4.03073416141896,19637.6137844304,59.273636,61
152245179,6107.01,PC,PC,11.8338,2459966.339978,3.78990177079963,3.9779406343356,7609.26878733574,23.109795,"8,61"
255780160,6108.01,PC,PC,13.7453,2459962.90561,3.87833414391513,3.62116258033706,7843.48673232937,11.893313,61
384984325,6109.01,PC,CP,10.3622,2459908.090635,8.5386633,2.337,1730,15,"18,58"
384984325,6109.02,PC,CP,10.3622,2459900.819501,5.6952223,1.107,1470,13,"18,58"
7439480,6110.01,PC,PC,13.0739,2459360.305123,1.2541235,1.105,23010,46,"11,38"
189322727,6111.01,PC,APC,11.6894,2459848.780642,5.8340292,1.289,11944,23,"15,41,55,56"
258741560,6112.01,PC,PC,11.2223,2459852.026484,1.8859353,1.373,2197,15,56
116631353,6113.01,PC,PC,12.307,2459845.197517,4.9218915,6.715,6245,18,"15,55,56"
419840740,6114.01,PC,PC,12.4185,2459849.328185,8.9539287,2.618,5133,11,56
120115768,6115.01,PC,PC,13.3897,2459848.944054,3.5529033,1.722,17309,21,"16,56"
364408162,6116.01,PC,FP,11.785,2459848.690225,3.1256662,2.903,4065,35,"15,16,41,55,56"
436508469,6117.01,PC,PC,11.5989,2459850.257269,9.866312,5.285,5737,23,56
125367522,6118.01,PC,PC,11.8495,2459849.216859,4.6474314,8.452,2652,20,"15,55,56"
322498101,6119.01,PC,PC,13.2225,2459846.467914,4.2070367,2.712,13290,22,"15,16,41,55,56"
435851868,6120.01,PC,PC,12.3983,2459852.217468,2.1350899,1.997,22574,81,56
165682741,6121.01,PC,PC,11.5823,2459845.747089,4.2916798,3.088,9377,46,"15,56"
352442207,6122.01,PC,PC,11.6925,2459847.211624,4.6107024,5.626,5689,46,"15,16,41,54,55,56"
91101364,6123.01,PC,PC,13.1618,2459852.086372,4.0833335,4.406,15664,26,56
269488987,6124.01,PC,PC,12.3101,2459850.465827,2.8474853,2.303,22441,97,"15,55,56"
404516402,6125.01,PC,PC,12.8119,2459849.022331,2.3107907,1.963,18595,52,56
129004637,6126.01,PC,PC,12.2601,2459843.27509,7.1603723,4.672,9174,20,56
313975346,6127.01,PC,PC,13.0551,2459853.020155,6.9191027,4.908,4926,12,"15,17,56"
100769500,6128.01,PC,FP,12.2652,2459852.594597,4.5016419,1.897,2992,9,56
115739057,6129.01,PC,PC,13.261,2459847.900848,5.0310168,3.334,18296,28,"16,56"
210083929,6130.01,PC,CP,10.5581,2459849.639834,2.3927114,1.806,13405,123,56
357872559,6131.01,PC,PC,12.5948,2459852.087815,2.5530138,3.109,6564,27,"15,16,55,56,75"
188800346,6132.01,PC,PC,13.4411,2459835.100347,18.8155978,4.153,18261,17,"15,16,41,55,56"
129107501,6133.01,PC,FP,11.5102,2459850.633702,3.6534344,3.519,24705,51,56
199721945,6134.01,PC,PC,12.8813,2459847.488707,4.679209,4.261,9667,19,56
100909102,6135.01,PC,PC,12.0052,2459852.086444,3.1106751,3.129,10899,55,56
468692991,6136.01,PC,PC,12.8196,2459852.825181,3.9779111,1.843,19441,23,56
44295981,6137.01,PC,PC,14.5158,2459852.35875,0.520403,0.995,143020,103,56
352892371,6138.01,PC,PC,12.2562,2459848.448736,9.7824078,3.889,3218,12,"15,16,55,56"
468765355,6139.01,PC,PC,13.1008,2459843.593313,10.3299557,3.666,7172,10,"16,56"
456783397,6140.01,PC,PC,13.2907,2459846.816346,3.4742682,2.577,9883,16,56
217980791,6141.01,PC,PC,12.4789,2459848.304998,2.6607389,1.538,16613,30,56
129108133,6142.01,PC,APC,13.2516,2459852.072224,4.9564809,1.617,8884,9,"16,56"
423903685,6143.01,PC,FP,12.266,2459845.510624,4.0938735,4.537,16964,18,56
115683877,6144.01,PC,PC,13.1564,2459849.06266,6.3765906,5.303,4465,11,"16,56"
404488903,6145.01,PC,PC,13.3616,2459852.114072,3.9921399,3.299,9866,16,56
372178596,6146.01,PC,PC,13.1289,2459851.168508,4.5803096,4.962,6130,14,"15,16,56"
402740809,6147.01,PC,FA,12.95,2459851.468348,1.5801759,0.645,6187,11,56
371573539,6148.01,PC,PC,11.351,2459849.631231,8.3753156,2.687,3994,13,56
195606729,6149.01,PC,PC,12.4814,2459831.751003,13.3562254,7.214,5815,20,"15,41,55,56"
434186655,6150.01,PC,PC,13.5156,2459851.633598,1.3094686,1.108,18418,19,56
312289279,6151.01,PC,PC,11.5561,2459852.311661,1.4354814,2.174,698,10,"15,16,55,56"
117068362,6152.01,PC,FP,12.1566,2459849.027362,4.2005957,2.587,4448,16,"15,55,56"
411343008,6153.01,PC,PC,12.9172,2459848.656116,3.6720231,3.064,15619,26,56
301986302,6154.01,PC,PC,12.8213,2459850.43416,2.301919,1.614,22440,47,56
120051913,6155.01,PC,PC,11.8355,2459851.726873,1.6029811,0.955,5502,29,"16,56"
117072799,6156.01,PC,APC,12.5126,2459852.126647,12.6885127,1.507,12512,19,"15,55,56"
86005116,6157.01,PC,FP,14.9131,2459852.547945,0.4916402,0.453,29113,16,"55,56"
404456775,6158.01,PC,CP,14.5372,2459851.207721,3.0444485,0.916,30036,12,56
422037524,6159.01,PC,PC,13.2906,2459852.651612,4.1846077,1.805,10662,10,56
294904059,6160.01,PC,PC,12.4261,2459832.762752,40.7401072,2.833,21776,36,"14,15,16,41,55,56"
188001223,6161.01,PC,PC,12.8566,2459846.665072,5.7415661,1.414,5879,11,"14,15,41,55,56"
164260243,6162.01,PC,PC,10.9837,2459852.11669,1.8478843,2.809,11766,82,"16,56"
422457210,6163.01,PC,PC,12.7912,2459843.241782,9.9754699,3.465,26035,36,"42,56"
239542854,6164.01,PC,PC,12.6951,2459850.906915,3.6948038,1.203,17237,30,56
287863314,6165.01,PC,PC,14.2349,2459852.213309,4.3172876,2.178,23720,14,56
190822775,6166.01,PC,PC,12.128,2459850.643171,1.8021196,2.407,15426,45,"15,16,56"
330665027,6167.01,PC,PC,11.5534,2459841.643838,6.7080688,4.67,4622,18,"16,56"
10593553,6168.01,PC,PC,11.9966,2459848.409536,5.0809743,4.08,5709,22,56
193979250,6169.01,PC,PC,11.5337,2459844.944589,17.9661374,3.791,3183,16,"14,15,41,55,56"
51637609,6170.01,PC,CP,12.1088,2459849.075692,2.709631,3.282,10819,12,56
67478724,6171.01,PC,PC,11.0537,2459848.430555,3.7473877,4.812,3898,11,56
26583436,6172.01,EB,FP,13.0091,2460318.538775,6.143260903357856,5.281347432032044,3620.724787898372,22.548132,"14,15,40,54,55,56,74,75,81,82"
416486384,6173.01,PC,PC,13.0745,2459848.262349,3.8753785,4.275,4016,15,"15,16,41,55,56"
164280385,6174.01,PC,CP,13.2513,2459847.722268,3.5257269,3.457,4435,10,"16,56"
258738570,6175.01,PC,PC,12.1384,2459845.063156,4.1877227,1.891,16840,59,56
298776943,6176.01,PC,PC,13.3976,2459844.363828,9.6422713,2.946,28921,24,"55,56"
331456189,6177.01,PC,PC,12.7145,2459847.553938,3.89989,1.888,10637,14,"16,56"
314649737,6178.01,PC,PC,12.6685,2459844.841088,5.8878118,1.815,9767,26,"15,16,56"
257056367,6179.01,PC,PC,13.2368,2459818.612268,19.2445211,5.3,17453,16,"15,16,56"
452743735,6180.01,PC,PC,13.0636,2459849.581128,2.7432173,2.595,25316,54,56
199162630,6181.01,EB,FP,11.8563,2460367.732634,2.765480182576735,2.0446094420434076,3442.1954700951965,22.668507,"56,76,77,83"
97249514,6182.01,PC,PC,12.8026,2459848.402483,4.7783263,5.374,5107,10,56
351864831,6183.01,PC,PC,12.9591,2459840.156934,8.7311119,4.4,4827,15,"14,15,16,41,55,56"
257207557,6184.01,PC,PC,11.8836,2459847.821903,3.6153701,2.714,14305,69,56
346077232,6185.01,PC,PC,12.7875,2459880.180162,6.3720834,1.322,5659,10,"17,24,57"
345333936,6186.01,PC,FP,12.4033,2459880.953725,1.4252334,1.673,6901,28,"17,24,57"
251894891,6187.01,PC,PC,13.4144,2459875.809804,5.5133822,3.601,7833,11,"24,57"
469702377,6188.01,PC,PC,12.1075,2459873.021669,4.7061119,3.03,2559,11,"16,17,56,57"
63844530,6189.01,PC,PC,13.2903,2459880.415341,5.5867425,2.46,15688,23,"15,16,56,57"
440636649,6190.01,PC,PC,11.6283,2459878.295658,3.5595352,1.027,3006,13,"17,57"
197743152,6191.01,PC,PC,11.4105,2459880.418253,3.7752321,1.465,7352,42,"16,56,57"
194234471,6192.01,PC,PC,12.545,2459880.976064,3.563037,1.66,4185,12,"17,57"
387933822,6193.01,PC,PC,12.6449,2459876.615391,2.8953095,4.137,5366,23,"15,16,56,57"
176861415,6194.01,PC,PC,12.863,2459871.681397,8.6738593,2.582,5327,8,57
155258153,6195.01,PC,PC,10.5489,2459881.257523,3.1989808,0.785,1860,13,"17,57"
330944099,6196.01,PC,FP,13.4836,2459876.327103,3.6119975,4.013,11983,21,"16,17,24,56,57"
196261799,6197.01,PC,PC,12.5814,2459880.365159,3.7294859,3.315,7112,22,"17,57"
202514659,6198.01,PC,PC,11.7644,2459877.340534,3.6166109,2.711,7012,21,57
302201081,6199.01,PC,PC,10.6336,2459877.909014,3.8311803,1.892,1170,10,"17,42,43,57"
44621795,6200.01,PC,PC,11.6166,2459877.87044,3.1923193,1.548,5162,29,"17,57"
455727012,6201.01,PC,PC,12.12,2459880.993679,2.9172231,1.243,8434,28,"17,57"
422223456,6202.01,PC,PC,11.4737,2459876.667144,2.8979408,2.932,4503,29,"16,17,56,57"
437756191,6203.01,PC,PC,10.5505,2459855.605714,25.1745344,4.865,2786,18,"17,57"
325410269,6204.01,PC,PC,12.8643,2459881.637411,4.0673088,2.623,10855,32,"16,56,57"
154351773,6205.01,PC,PC,13.1349,2459874.30158,3.9089363,4.636,7390,26,"16,56,57"
154576989,6206.01,PC,PC,12.8939,2459856.664269,13.1471808,4.471,7691,15,"16,56,57"
432422552,6207.01,PC,FP,12.1134,2459881.332399,9.7712443,3.956,34227,94,57
326475995,6208.01,PC,PC,11.9806,2459872.105147,5.2266285,5.412,6662,31,"16,17,56,57"
200606486,6209.01,PC,APC,12.9672,2459881.944818,0.747693,0.684,3434,15,"16,56,57"
326116570,6210.01,PC,APC,11.707,2459876.706893,7.8580085,6.999,4378,27,"16,17,56,57"
25758870,6211.01,PC,PC,12.6474,2459881.500754,10.3473602,2.365,7695,12,"17,57"
173671381,6212.01,PC,PC,13.0803,2459879.477717,3.6444426,3.296,6276,14,"16,17,57"
430751891,6213.01,PC,PC,12.3642,2459878.065088,2.3921761,2.792,8040,18,"16,56,57"
314088020,6214.01,PC,PC,12.4954,2459868.609542,7.0346299,2.565,3746,14,"15,16,17,56,57"
431114892,6215.01,PC,PC,13.0454,2459879.050673,2.0323202,2.786,8896,30,"16,17,56,57"
428317266,6216.01,PC,PC,12.0152,2459831.799479,29.5406035,3.382,13065,29,"16,17,24,57"
375116172,6217.01,PC,PC,13.1013,2459881.159824,3.0365848,3.089,8184,18,"15,16,55,56,57"
202283090,6218.01,PC,PC,11.702,2459878.34576,5.1570194,2.42,16586,80,57
252585354,6219.01,PC,PC,13.2805,2459881.309267,2.4784193,1.687,3910,10,"16,17,57"
325653071,6220.01,PC,PC,10.7981,2459868.567359,19.6518502,2.525,3125,14,"16,56,57"
456910600,6221.01,PC,PC,12.5316,2460223.782824,9.8326403,4.827,2767,13,"17,42,43,57,70,71"
150907983,6222.01,PC,PC,12.0861,2459878.774673,9.4321076,3.852,7052,19,57
288144647,6223.01,PC,CP,12.6758,2459879.618086,3.8553342,1.895,6624,17,57
66726479,6224.01,PC,PC,13.2049,2459881.612767,1.5554236,1.916,18149,34,"16,17,57"
352147273,6225.01,PC,APC,13.104,2459867.415663,8.555965,1.865,12373,11,"17,57"
176789447,6226.01,PC,PC,13.0145,2459880.971907,3.8857292,1.928,6215,13,"17,57"
53874375,6227.01,PC,PC,14.3279,2459879.248503,3.0922512,1.936,44139,19,57
66788350,6228.01,PC,PC,11.6181,2459880.856197,3.3338016,2.902,5100,39,"16,17,56,57"
437736517,6229.01,PC,PC,12.9192,2459875.788906,4.6071277,2.266,17579,28,"17,57"
252610172,6230.01,PC,PC,12.6848,2459880.187207,4.3518774,3.284,6682,24,"16,17,57"
406783172,6231.01,PC,PC,12.735,2459836.451005,24.8366994,4.793,10898,21,"16,17,24,57"
202087931,6232.01,PC,PC,13.0754,2459870.641636,9.8538051,4.048,14768,28,"17,57"
431660224,6233.01,PC,PC,11.1585,2459876.499866,3.7069545,2.38,7766,35,"24,57"
202282233,6234.01,PC,PC,12.8741,2459869.410711,6.6283182,4.344,5378,15,"17,57"
150902766,6235.01,PC,APC,12.8967,2459872.368343,7.8209807,1.183,15145,13,57
405532603,6236.01,PC,APC,11.4715,2459882.031252,3.3045926,1.322,8637,42,57
430431091,6237.01,PC,PC,13.2587,2459878.064073,4.1533998,3.857,6043,13,"16,56,57"
125489084,6238.01,PC,PC,13.3351,2459879.172244,5.7419523,2.08,7850,11,"16,17,57"
319294834,6239.01,PC,PC,12.483,2459872.189739,6.0749198,2.728,6328,15,"17,24,57"
249776059,6240.01,PC,PC,12.9847,2459881.923097,1.1797412,3.391,7122,33,"16,56,57"
15654898,6241.01,PC,PC,12.0227,2459879.12449,3.7812464,2.13,2521,12,"17,57"
437740083,6242.01,PC,FP,11.0999,2459879.464465,5.6020298,1.893,6146,35,"17,57"
276250096,6243.01,PC,PC,10.7106,2459875.523593,3.5653226,1.7,902,11,"16,17,56,57"
431216437,6244.01,PC,APC,10.5508,2459879.165546,2.5553078,2.332,12879,169,"16,17,57"
446157122,6245.01,PC,PC,12.133,2458818.754695,3.21499374162644,0.702266441411609,1438.82973997563,8.336911,"19,20,26,40,52,53,59,60"
388505345,6246.01,PC,PC,7.7085,2459723.376477,6.77864033372871,1.89639430047245,1146.3653640779,11.1778145,"52,53,58,59"
418301643,6247.01,PC,PC,9.62005,2460602.195042,24.091624,4.759,521,17,"17,18,19,24,25,52,57,58,59,77,78,79,84,85"
154304816,6248.01,PC,PC,12.7841,2459828.699823,3.85289330861965,2.2041562469395,8132.24154441662,18.92265,"56,57"
456260074,6249.01,PC,PC,9.0449,2458853.470005,1092.00229897156,5.60492896452886,1689.5997266505,30.469858,"20,60"
456260074,6249.02,PC,PC,9.0449,2458844.107949,15.5739142526762,2.42692621286294,779.919369125268,8.035878,"20,60"
455737331,6250.01,PC,PC,9.51477,2458780.693422,1076.60941651454,6.78038313840184,626.613019076062,11.369339,"17,57"
52005579,6251.01,CP,CP,10.1769,2459458.900535,12.7614705843325,1.04977611413834,1215.24958010682,9.489927,"42,43,57,70"
307734818,6252.01,PC,PC,13.7607,2459661.706445,2.1077445,1.779,33127,25,49
287152495,6253.01,PC,PC,11.6807,2458686.243474,9.234734841313,0.961997187785116,354.607495847713,7.2694163,"14,15,16,17,18,19,20,21,22,23,24,25,26,40,41,47,48,49,50,51,52,53,54,55,56,57,58,59,60"
432758245,6254.01,PC,PC,10.4564,2458765.54076,1.53611368167626,1.13703017454937,543.776736931168,7.1577888,"17,57"
261135533,6255.01,PC,CP,10.4458,2458738.712374,0.238182333577565,0.476353557961978,493.976395669302,11.5334835,"16,56"
373017793,6256.01,PC,PC,10.2602,2459722.052653,7.99455027678079,4.76453625502729,484.983026923932,8.384741,"52,58,59"
237204346,6257.01,PC,PC,10.6713,2458796.051294,6.54520144213766,4.19311244411609,356.028621278037,9.30532,"18,19,24,57,58,59,60"
435878153,6258.01,PC,PC,12.0398,2458764.784402,0.557086891906361,0.991697527366155,995.217211423614,7.712143,"17,57"
294497466,6259.01,PC,PC,10.2279,2460009.295861,3.2376482,2.038,698,12,"9,10,35,36,62"
60984804,6260.01,PC,PC,7.11719,2460009.508249,2.3898191,2.766,210,17,"8,35,62"
181748381,6261.01,PC,PC,10.4441,2460013.716939,5.4920894,2.934,3962,29,"8,9,35,61,62"
180575165,6262.01,PC,PC,9.9551,2460013.011321,1.4945947,2.71,280,10,"35,61,62"
293547742,6263.01,PC,PC,9.1348,2460009.249357,3.0178746,2.679,193,9,"8,9,35,36,62"
291471222,6264.01,PC,PC,10.1972,2460011.204616,5.6928845,4.261,291,10,"7,8,9,33,34,35,61,62"
344927749,6265.01,PC,PC,7.4829,2460280.914997,5.7935723,3.395,133,13,"8,35,45,46,62,72"
344927749,6265.02,PC,PC,7.4829,2460282.885839,4.1793325,3.012,102,9,"8,35,45,46,62,72"
193023697,6266.01,PC,PC,8.5953,2460013.265158,2.7895524,1.969,262,10,"9,36,62"
296737508,6267.01,PC,PC,9.19706,2460005.986483,733.99109376,4.719,1675,23,"8,35,62"
434477274,6268.01,PC,PC,12.2659,2459989.600491,2.8959153305136,1.7993552035741,7042.93519565846,20.659163,62
168281028,6269.01,KP,KP,11.8134,2459991.434964,4.37446138036514,3.04844944149777,3270.98285564573,17.267347,62
192976435,6270.01,PC,PC,12.8122,2459992.528067,4.227538872745116,4.430571629797188,8677.549546992374,27.440392,"62,63"
134528212,6271.01,PC,PC,13.7025,2459963.609262,1.6046069881626306,2.276121793769341,16676.3800579538,17.003588,"61,62"
33303538,6272.01,PC,APC,10.7852,2459989.253135,2.51414058793831,2.54190140010579,3574.88503134313,22.879612,62
142211778,6273.01,KP,KP,13.9069,2460016.846502,3.05205702480118,3.48177919898711,9403.09260110119,11.614146,63
465933345,6274.01,PC,PC,10.4819,2460014.407066,1.1109316147603425,1.9803067981906648,2227.4346261663086,11.329898,"63,64"
49043968,6275.01,CP,CP,11.6337,2460017.858526,6.24622520490738,4.25083606822295,13270.5292659393,60.30014,63
397362481,6276.01,PC,CP,6.7213,2460017.117135,6.203160787553441,1.5987379437159261,210.84043491515945,9.706822,"63,64"
397362481,6276.02,PC,CP,6.7213,2460014.847216,4.4660679656068965,1.6847831806693867,210.70326909051144,11.220005,"63,64"
397362481,6276.03,PC,PC,6.7213,2460018.572448,7.87086605309432,1.63558979885999,190.794735305962,8.474716,"63,64"
462206806,6277.01,PC,PC,11.9905,2460016.245278,3.3733920801237622,2.8544594580222054,16371.249626930685,94.818214,"63,64"
157230659,6278.01,KP,KP,11.6634,2460019.14123,7.53376570240877,5.58438360869278,4697.17530859535,7.1724796,63
449951606,6279.01,PC,FP,10.3879,2460032.930262,5.1681189,3.736,1759,17,"10,11,63"
370877263,6280.01,PC,FP,9.927,2460087.169174,15.9865412,1.636,1451,19,"9,10,11,36,38,63,64,65"
152569268,6281.01,PC,PC,9.9542,2460038.110256,1.0542548,1.271,423,13,"10,36,37,63"
370009806,6282.01,PC,PC,9.1848,2460205.518926,12.4751631,3.937,236,12,"1,2,3,13,27,28,29,30,63,67,68,69"
361218772,6283.01,PC,PC,9.3478,2459287.316463,51.6708185,3.449,4697,21,"9,10,11,36,37,38,63"
286763141,6284.01,PC,PC,9.72334,2460035.841876,3.4475935,1.731,320,9,"9,35,36,62,63"
308778563,6285.01,PC,PC,10.6006,2459908.497832,6.8581311,5.186,2790,42,"18,58"
354285962,6286.01,PC,FP,12.4721,2459907.595404,5.6289226,9.272,1850,20,"18,24,25,52,57,58"
22712134,6287.01,PC,FP,12.6502,2459908.580448,1.640758,1.326,2129,11,"18,58"
240714633,6288.01,PC,PC,12.383,2459895.113278,18.0370154,2.356,8355,16,"17,57,58"
292469572,6289.01,PC,PC,13.2644,2459905.132375,3.7077543,2.662,9913,26,"18,58"
256576519,6290.01,PC,PC,10.6382,2459893.809226,17.6037996,3.574,882,11,"16,17,18,24,57,58"
26390980,6291.01,PC,PC,13.0735,2459900.051272,5.2556421,3.434,4390,17,"18,42,43,44,58"
238751619,6292.01,PC,PC,11.627,2459908.735558,0.8236066,1.71,1090,16,"18,58"
34977731,6293.01,PC,PC,13.1745,2459899.168188,13.3673993,3.63,10278,20,"18,42,43,58"
34977731,6293.02,PC,PC,13.1745,2459480.391456,405.0756576,5.339,15337,9,"18,42,43,58"
434813314,6294.01,PC,PC,12.4533,2459893.51801,9.288704,3.019,14044,48,"24,57,58"
456171328,6295.01,PC,PC,11.4381,2458799.419698,1106.220834,3.759,6252,15,"18,58"
373894336,6296.01,PC,PC,12.7859,2459908.370097,4.2234273,4.384,7945,20,58
369907772,6297.01,PC,PC,12.0782,2459904.298736,4.2771464,3.867,6104,39,"18,58"
285233023,6298.01,PC,FP,12.4487,2459904.85743,2.8577028,2.264,2695,11,"17,18,24,58"
285505979,6299.01,PC,PC,10.9907,2459905.450417,4.7089027,0.942,2426,19,"18,58"
271747067,6300.01,PC,PC,13.1987,2459909.013557,2.8976822,1.973,7602,29,"17,18,24,57,58"
326809267,6301.01,PC,PC,12.8355,2459899.627921,7.1436336,5.668,5205,25,"17,18,58"
177712122,6302.01,PC,PC,13.2402,2459907.648297,2.8465714,1.419,16671,29,"18,58"
186810676,6303.01,PC,PC,12.9386,2459901.013491,9.4852479,2.713,32417,36,"18,58"
186989177,6304.01,PC,PC,12.9385,2459908.949571,3.645356,4.787,4942,23,"18,58"
320505267,6305.01,PC,PC,12.8245,2459909.455446,6.6245939,2.751,3526,11,"17,57,58"
445370101,6306.01,PC,PC,12.3693,2459902.833152,3.662222,4.253,4017,29,"17,18,58"
202869426,6307.01,PC,PC,14.6617,2459909.820633,2.4589458,1.553,31394,15,58
301414902,6308.01,PC,PC,13.3683,2459908.862323,1.7555108,1.355,13415,30,"18,58"
412887082,6309.01,PC,PC,12.6134,2459901.581317,28.8005547,3.773,7292,18,"16,17,24,57,58"
353893493,6310.01,PC,CP,11.8443,2459906.481901,3.3528597,2.08,1762,21,"18,42,43,44,58"
52260140,6311.01,PC,PC,12.9697,2459899.571654,6.2808216,3.366,7787,20,"18,24,58"
470724594,6312.01,PC,PC,12.1827,2459907.258256,16.8498547,3.778,3933,25,"17,18,24,57,58"
192487723,6313.01,PC,PC,13.4257,2459906.770206,4.9570983,6.687,4860,13,"18,58"
272218608,6314.01,PC,PC,13.3085,2459904.680527,3.1777383,3.922,8754,35,"17,18,24,57,58"
354742440,6315.01,PC,PC,12.0193,2459906.723061,4.4532909,6.572,2866,37,"17,18,24,57,58"
444753130,6316.01,PC,PC,12.6927,2459905.111048,3.0057526,3.594,12169,44,"18,25,58"
85281192,6317.01,PC,PC,14.1332,2459903.350981,4.244335,1.969,18385,13,58
292852583,6318.01,PC,PC,10.8357,2459903.846019,5.8310296,0.682,2116,9,"18,58"
12980264,6319.01,PC,PC,11.5706,2459906.8349,3.2964006,3.959,5999,57,"18,58"
196474344,6320.01,PC,PC,13.022,2459903.193487,3.6360128,4.088,14704,68,"17,57,58"
301991463,6321.01,PC,PC,13.0057,2459909.227937,2.9086778,2.887,10323,30,"18,58"
270132709,6322.01,PC,PC,12.8545,2459906.805369,4.2807899,3.9,5943,25,"17,24,57,58"
63586213,6323.01,PC,PC,12.6167,2459908.696077,4.071096,2.988,5872,26,"18,58"
372207328,6324.01,PC,CP,10.97,2459909.915493,0.2792211,0.409,779,23,"16,17,18,24,58"
200775844,6325.01,PC,PC,13.3415,2459908.419586,3.7307609,1.587,12648,17,58
307201632,6326.01,PC,PC,12.1684,2459907.561815,2.3556749,3.351,9377,98,"17,57,58"
196973090,6327.01,PC,PC,12.6978,2459900.57604,10.4612769,3.208,9238,25,"17,58"
249884767,6328.01,PC,PC,11.0888,2459886.611066,16.672227,2.703,3851,19,"18,58"
283845022,6329.01,PC,PC,12.6447,2459905.91407,15.2334037,1.947,3624,10,"17,18,58"
308120029,6330.01,PC,PC,13.7853,2459901.36046,6.8498533,1.525,33133,22,58
415875608,6331.01,PC,PC,13.228,2459905.5747,5.4454541,3.41,5731,18,"18,58"
101133275,6332.01,PC,PC,13.3773,2459906.799332,1.6630135,3.133,5964,18,"18,58"
5724439,6333.01,PC,PC,11.5517,2459909.673379,2.7205913,2.321,905,11,"18,42,58"
63718617,6334.01,PC,PC,11.4808,2459905.971048,3.8363055,7.175,3861,50,"18,58"
407156755,6335.01,PC,PC,12.0066,2459900.666047,4.7924038,6.012,2562,29,"17,18,24,25,58"
327126871,6336.01,PC,PC,11.5821,2459893.689503,39.810528,3.576,3102,11,"17,24,57,58"
381591826,6337.01,PC,PC,13.4209,2459909.763948,6.8793455,1.299,16480,13,"18,58"
186715217,6338.01,PC,APC,14.2955,2459909.930562,1.4491171,1.051,23384,18,58
332496784,6339.01,PC,PC,10.8179,2459909.082915,2.5938771,2.706,974,14,"18,58"
376765646,6340.01,PC,PC,12.2164,2459904.952825,8.2686298,4.906,3650,35,"18,24,25,52,57,58"
285328782,6341.01,PC,PC,13.2013,2459907.877418,2.7182588,1.682,12333,36,"17,18,24,58"
184739529,6342.01,PC,APC,12.7058,2459895.572362,9.3568116,1.117,28673,52,"18,58"
256349966,6343.01,PC,FP,12.0913,2459906.003673,14.5877856,3.517,3374,28,"17,18,24,25,57,58"
327093061,6344.01,PC,PC,13.0366,2459907.818792,3.5297965,3.283,11120,36,"18,58"
241062925,6345.01,PC,PC,11.6424,2459905.064219,6.2378654,3.174,1802,16,"18,58"
260040728,6346.01,PC,PC,13.4352,2459933.411238,6.3111727,3.039,14495,19,"19,59"
467690903,6347.01,PC,PC,11.2367,2459935.419244,3.9332583,4.438,5042,43,59
321258259,6348.01,PC,PC,13.3256,2459933.238043,3.6894234,2.085,5484,12,"19,59"
470450936,6349.01,PC,PC,12.2124,2459931.665595,2.7934699,2.8,2479,15,"19,59"
266609407,6350.01,PC,PC,13.3199,2459933.220302,2.4766677,2.457,9727,22,"19,59"
392674549,6351.01,PC,PC,12.982,2459926.653788,6.7510278,4.011,6350,18,"19,59"
459102737,6352.01,PC,APC,11.0529,2459936.48409,7.4562671,1.682,3106,26,"19,59"
259810421,6353.01,PC,PC,12.5755,2459935.210603,2.5048108,3.434,6195,30,"19,59"
355418639,6354.01,PC,PC,12.0763,2459907.478398,18.7541398,3.925,6338,20,"19,59"
98613492,6355.01,PC,FP,11.8275,2459934.888565,1.0617107,1.067,2369,22,"19,59"
9136777,6356.01,PC,PC,11.8848,2459930.555384,3.7799201,3.493,16559,128,"19,59"
122881136,6357.01,PC,PC,13.2012,2459933.829498,5.1941869,1.581,5955,9,"19,59"
259708416,6358.01,PC,PC,12.566,2459930.30884,5.3802465,3.538,3829,15,"19,59"
267617257,6359.01,PC,PC,13.0074,2459934.924254,2.4398136,3.751,4363,18,"19,59"
458987621,6360.01,PC,PC,11.6033,2459936.550769,1.9765848,1.347,3430,31,"19,59"
450308346,6361.01,PC,PC,13.4852,2459926.607636,5.9419732,2.361,21804,22,59
148514918,6362.01,PC,PC,13.3133,2459932.637758,6.0602101,3.036,8917,17,"19,59"
311284709,6363.01,PC,PC,11.6603,2459929.14978,6.583694,4.635,4902,41,"19,59"
407517154,6364.01,PC,PC,13.2114,2459899.625001,25.8866192,3.737,13915,30,"18,19,24,25,52,58,59"
272994016,6365.01,PC,PC,13.4756,2459934.072463,3.0496565,3.455,6761,15,"19,59"
279851358,6366.01,PC,APC,10.9113,2459932.031487,18.893475,3.457,6252,36,"19,59"
259502942,6367.01,PC,FP,14.4594,2459933.713713,2.1653281,2.732,18747,13,59
274002141,6368.01,PC,FP,14.5853,2459935.162255,1.6197991,0.95,31095,12,59
274472658,6369.01,PC,PC,11.4974,2459934.394703,13.2329062,6.245,3001,21,"19,59"
251705938,6370.01,PC,PC,12.0907,2459934.386386,2.9124991,4.175,7343,82,"18,58,59"
279725262,6371.01,PC,PC,12.0402,2459934.367358,1.8597817,1.156,5579,39,"19,59"
115899725,6372.01,PC,PC,11.3035,2459934.577923,6.5587386,2.196,1396,13,"19,43,44,45,59"
286951368,6373.01,PC,PC,12.5799,2459932.578534,4.9613647,4.318,6047,30,"19,59"
468501184,6374.01,PC,PC,12.7022,2459933.264523,4.5944948,3.482,10846,62,"18,19,24,58,59"
390410937,6375.01,PC,PC,13.1429,2459934.24396,3.0679061,2.645,7144,26,"18,19,58,59"
9441591,6376.01,PC,PC,12.7346,2459934.822357,4.7185893,5.576,3868,17,"19,59"
187532854,6377.01,PC,FP,12.2059,2459934.8744,1.6513066,0.82,1751,10,"19,59"
251594291,6378.01,PC,PC,13.4948,2459916.231219,12.9589981,3.683,16753,21,"18,58,59"
450308271,6379.01,PC,PC,12.8552,2459936.127449,1.5057127,0.244,5373,12,59
458890024,6380.01,PC,PC,11.8123,2459933.989586,5.1404883,1.988,2896,20,"18,19,59"
470653603,6381.01,PC,PC,10.7233,2459929.634393,8.9270275,2.409,2360,23,"19,59"
367522211,6382.01,PC,PC,12.6924,2459894.73853,35.3712924,1.907,4376,10,"19,43,44,45,59"
328513434,6383.01,PC,CP,14.4506,2459933.595246,1.7904917,1.223,47315,28,59
16550540,6384.01,PC,PC,14.394,2459959.556369,2.4810218,1.541,24673,15,60
16552586,6385.01,PC,PC,13.4358,2459958.847447,2.8895991,3.647,13586,43,"20,47,60"
138344895,6386.01,PC,PC,13.0817,2459958.684389,6.2663565,1.359,5720,12,"19,20,40,52,53,59,60"
459982699,6387.01,PC,PC,14.9787,2459961.822257,1.1669652,0.562,28171,49,"40,41,47,48,49,50,51,52,53,54,55,56,57,58,59,60"
16776356,6388.01,PC,PC,13.3476,2459962.155168,1.3940614,0.925,9143,15,60
239159011,6389.01,PC,PC,12.7613,2459960.48611,15.8034785,1.648,7000,16,"20,44,45,46,47,60"
318071201,6390.01,PC,PC,13.032,2459956.120171,5.2434358,2.19,8157,28,"20,47,60"
171922657,6391.01,PC,PC,12.9713,2459958.667743,5.01345,3.437,7627,29,"20,44,45,60"
88460991,6392.01,PC,PC,12.7094,2459961.921815,6.9603975,3.734,6218,25,"20,47,60"
147821208,6393.01,PC,PC,11.7801,2459961.061588,9.5315703,2.695,1095,10,"14,20,40,41,47,60"
309512152,6394.01,PC,PC,12.5085,2459944.684979,13.026976,5.16,10320,38,"20,60"
191998744,6395.01,PC,PC,11.475,2459958.614324,2.8140328,4.309,5247,22,"20,47,60"
73244652,6396.01,EB,FP,11.8431,2459944.885164,8.2100627547652,1.3005779094413374,3706.847439841116,14.428245,"20,47,60,74"
359629653,6397.01,PC,PC,13.1766,2459960.018674,1.6707289,0.707,2758,31,"14,15,16,17,18,19,20,21,22,23,24,25,40,41,47,48,49,50,51,53,54,55,56,57,58,59,60"
353586703,6398.01,PC,FP,12.1953,2459961.599204,3.0043128,0.714,6000,19,"20,60"
287207371,6399.01,PC,PC,13.1843,2459960.22282,12.6427441,7.917,7747,29,"20,47,60"
88999533,6400.01,PC,PC,12.349,2459983.780715,5.0358501,6.391,3956,19,"7,34,61"
150470555,6401.01,PC,PC,12.6839,2459983.676263,3.0199448,2.129,11319,22,"7,8,34,61"
265076459,6402.01,PC,PC,12.23,2459986.099782,3.4053234,1.794,4804,30,"7,34,61"
94405787,6403.01,PC,PC,12.9298,2459979.393533,742.682809,5.052,11798,13,"7,34,61"
141395223,6404.01,PC,PC,12.4628,2459985.463213,3.7442969,1.378,6943,26,"7,34,61"
142908390,6405.01,PC,PC,12.2657,2459980.170942,6.7392054,0.839,5180,14,"7,61"
31605271,6406.01,PC,PC,13.0461,2459984.134429,2.2314165,1.255,17612,59,"7,34,61"
97925605,6407.01,PC,PC,12.1158,2459973.681274,8.9913818,6.905,3320,32,"7,33,34,61"
452867348,6408.01,PC,PC,13.9983,2459986.095759,8.0924283,2.047,21701,12,61
97279971,6409.01,PC,PC,12.2411,2459987.356029,1.5304279,2.951,9499,111,"6,7,33,34,61"
142916753,6410.01,PC,PC,12.6159,2459979.307311,5.1491091,4.667,8719,30,"7,34,61"
106829921,6411.01,PC,PC,13.075,2459987.565605,8.2165446,3.438,5304,13,"7,33,34,61"
176082442,6412.01,PC,PC,13.1167,2459981.680244,3.9802888,1.382,4073,13,"7,34,61"
170466784,6413.01,PC,PC,12.9494,2459974.167838,10.8310228,1.516,7728,17,"7,34,61"
169191182,6414.01,PC,PC,10.3377,2459987.730483,17.7607727,4.474,1391,20,"7,34,61"
157050713,6415.01,PC,PC,13.4164,2459981.628151,20.8380576,3.561,10875,18,"6,7,33,34,61"
106626059,6416.01,PC,PC,13.097,2459980.202369,8.2330943,3.172,29859,47,"7,33,34,61"
95191643,6417.01,PC,PC,11.7024,2459987.101904,3.3458255,3.821,6065,60,"34,61"
36022284,6418.01,PC,PC,12.5598,2459980.519131,4.6478092,3.454,9297,48,"7,34,61"
144037593,6419.01,PC,PC,12.9149,2459981.589903,4.160454,2.572,10349,20,61
143526233,6420.01,PC,PC,12.4877,2459985.848349,6.9615164,2.403,6492,20,"7,8,34,61"
107617930,6421.01,PC,PC,13.2808,2459985.803053,3.750778,3.127,13942,28,"7,34,61"
140740440,6422.01,PC,PC,12.6968,2459985.504594,3.7521603,2.1,5473,16,"7,34,61"
141458054,6423.01,PC,PC,13.3579,2459985.558593,1.364829,1.25,4664,15,"7,34,61"
98159959,6424.01,PC,PC,13.2535,2459984.928734,2.0396825,2.473,4429,14,"7,33,34,61"
107776260,6425.01,PC,PC,11.9634,2459977.389004,12.1422411,3.453,4584,24,"7,34,61"
142420436,6426.01,PC,PC,13.1896,2459984.741697,3.8801586,3.656,8142,19,"7,34,61"
22972676,6427.01,PC,PC,12.4642,2459961.906987,18.372561,4.807,4311,17,"7,8,33,34,61"
238914510,6428.01,PC,PC,13.1815,2459986.706088,1.6763835,1.509,13272,66,"1,5,6,7,8,11,28,32,34,35,38,61"
348501452,6429.01,PC,PC,12.3056,2459987.620891,2.4257176,2.581,1855,11,"34,61"
50211272,6430.01,PC,PC,14.329,2459981.428415,3.6024986,2.055,20792,12,61
54141697,6431.01,PC,PC,13.1583,2459981.409845,3.5423487,1.35,3496,10,"7,34,61"
141933255,6432.01,PC,PC,12.7819,2459984.307515,3.356169,1.434,7442,23,"7,34,61"
266486214,6433.01,PC,PC,11.3461,2459237.888296,9.6355,3.178,4365,14,"34,61"
32296259,6434.01,PC,CP,12.2757,2459987.239352,2.7775786,1.9,4270,30,"7,34,61"
60189629,6435.01,PC,PC,11.0464,2459987.023429,6.1161423,1.424,3588,17,"7,33,34,35,61"
290415036,6436.01,PC,PC,12.6738,2459976.878311,6.1879019,2.432,9168,34,"7,34,61"
139707575,6437.01,PC,PC,11.6147,2459987.838206,8.31001,7.754,5667,35,"7,34,61"
332383229,6438.01,PC,PC,10.4099,2459980.013021,16.1268294,2.019,974,10,"7,34,61"
122981686,6439.01,PC,APC,12.2879,2459982.473246,2.9896663,2.168,13951,65,"7,34,61"
348297468,6440.01,PC,PC,11.5876,2459982.180104,3.8190051,1.199,1907,19,"7,34,61"
422031406,6441.01,PC,PC,12.5605,2459981.657715,4.5579065,2.621,15309,66,"7,34,61"
97921547,6442.01,PC,CP,11.1007,2459986.409366,2.8279716,2.237,14846,129,"7,33,34,61"
125563127,6443.01,PC,PC,11.8052,2459971.064943,9.9872075,2.861,2884,17,"7,34,61"
97588014,6444.01,PC,PC,13.3362,2459978.35554,12.2925281,5.394,10299,23,"7,33,34,61"
323569398,6445.01,PC,PC,12.2099,2459965.970231,26.3926606,1.812,3447,15,"8,34,44,45,46,61"
122798633,6446.01,PC,PC,14.1224,2459983.882874,4.2240015,1.605,35494,16,61
347442932,6447.01,PC,FP,13.346,2459986.820098,0.6646521,1.272,7197,32,"8,61"
320411045,6448.01,PC,CP,12.3239,2459971.671935,14.8442674,2.748,7245,21,"33,34,61"
168936945,6449.01,PC,PC,14.9728,2459984.192328,2.4404127,1.354,67496,15,61
47244580,6450.01,PC,CP,12.9007,2459984.16862,3.6092665,2.376,6975,30,"8,34,61"
150559728,6451.01,PC,PC,13.3935,2459978.277606,5.495078,2.962,5504,12,"7,8,34,61"
7562528,6452.01,PC,PC,12.8743,2459987.078877,5.2477739,3.138,6694,17,"7,34,61"
66242670,6453.01,PC,PC,13.0537,2459977.256094,6.8688474,5.418,4404,15,"7,33,34,61"
146413471,6454.01,PC,PC,11.0427,2459948.818566,22.5012924,4.055,3758,24,"7,8,34,35,61"
146413471,6454.02,PC,PC,11.0427,2459974.384105,10.9835772,3.26,2290,15,"7,8,34,35,61"
255588086,6455.01,PC,PC,10.9421,2459963.646985,0.89705593764128,1.76886354047209,2702.78741178666,37.972553,"6,61,68,69"
270456887,6456.01,PC,APC,11.8895,2459963.887975,2.2685932038762,2.46123084560223,8092.85235334418,26.882883,"8,61"
328502522,6457.01,PC,PC,10.4475,2460280.041806,41.4186335,8.11713348974445,5598.93223501836,46.13237,"44,45,47,60,71,72"
2507547,6458.01,PC,PC,6.4843,2458817.030487,9.78319312241627,3.58731510285306,141.843958968324,10.631178,"19,43,44,45,59,71"
238317637,6459.01,PC,PC,10.3823,2460008.619686,5.1494363,3.67,737,15,"7,9,34,35,61,62,90"
93862917,6460.01,PC,PC,11.601,2459984.409752,4.4044418,2.581,1649,16,"7,34,61"
123133954,6461.01,PC,PC,11.139,2459982.300342,4.064628,1.304,3114,14,"7,34,61"
453009027,6462.01,PC,PC,11.9319,2459980.581682,3.8720204,3.999,7202,55,"7,34,61"
180989820,6463.01,PC,PC,11.2854,2459992.239565,9.8738838739848,8.53090233245468,4750.3264568977,20.8662,62
190643105,6464.01,PC,PC,11.4749,2460008.968908,9.6742544,6.594,2923,25,"8,9,62"
184801054,6465.01,PC,PC,14.2084,2460013.850462,0.6593681,0.395,20252,19,"35,61,62"
186707229,6466.01,PC,PC,13.2722,2460013.533512,1.4571902,0.568,6297,15,"8,35,61,62"
385157401,6467.01,PC,PC,12.7401,2460009.154035,11.9964056,5.207,4821,20,"9,35,62"
180931993,6468.01,PC,PC,11.9468,2460007.96996,12.1228168,4.577,6029,18,"8,35,61,62"
4598935,6469.01,PC,PC,11.4274,2459972.631689,24.7104662,5.259,3534,22,"8,9,35,36,62"
12061971,6470.01,PC,PC,12.1958,2459998.192483,13.7333847,1.641,4741,10,"9,35,36,62"
410901394,6471.01,PC,PC,13.1352,2460008.932044,3.0758364,2.567,2346,13,"6,7,8,33,34,35,61,62"
140706833,6472.01,PC,PC,13.2967,2460011.106992,2.6808268,4.872,6451,17,"8,9,35,61,62"
410303247,6473.01,PC,PC,13.4379,2460011.956516,1.0992893,1.044,6570,17,"9,35,62"
189097100,6474.01,PC,PC,12.198,2460012.369919,1.6069363,2.609,4618,24,62
132314633,6475.01,PC,PC,12.3164,2459997.919926,26.5988575,9.151,8222,34,"7,8,34,35,61,62"
380528770,6476.01,PC,PC,12.5776,2459998.505612,8.1168658,5.237,7595,33,"8,35,62"
11927677,6477.01,PC,PC,12.6602,2460006.687707,3.6860654,3.531,6642,36,"9,35,62"
332657786,6478.01,PC,PC,13.0041,2458536.766582,1462.2115148,3.105,34206,32,"8,35,62"
181208298,6479.01,PC,PC,12.3987,2460008.643088,2.9193825,1.507,11876,46,"8,35,61,62"
81089255,6480.01,PC,PC,11.8409,2460010.445952,750.2395535,3.922,6713,21,"7,8,34,35,61,62"
101225566,6481.01,PC,PC,12.5284,2460007.897962,6.2796518,2.26,4992,18,"9,35,62"
189300053,6482.01,PC,PC,13.1388,2458522.214136,1483.5175058,5.424,11723,15,"8,35,62"
355449539,6483.01,PC,PC,12.4716,2460007.257989,5.2076995,0.887,4315,16,"7,8,33,34,35,61,62"
294394558,6484.01,PC,PC,12.0808,2459989.462343,18.2457829,3.64,3157,22,"6,7,8,9,33,34,35,36,61,62"
281286325,6485.01,PC,PC,13.4446,2460013.556944,17.0180939,4.558,13730,28,"9,35,62"
46772529,6486.01,PC,FP,12.8397,2460011.847824,10.6332248,3.436,36558,95,"8,35,62"
37754672,6487.01,PC,PC,12.1185,2459994.435005,14.13519,2.273,3863,13,"8,35,62"
238124845,6488.01,PC,PC,11.8187,2460010.258574,8.0850515,2.817,1521,15,"6,7,8,33,34,35,61,62"
423445163,6489.01,PC,PC,12.5035,2460010.70579,2.917882,1.483,1937,11,"9,36,62"
118754987,6490.01,PC,PC,13.1011,2460012.251052,7.842208,4.914,7095,21,"8,35,61,62"
25212199,6491.01,PC,PC,12.3727,2459999.851216,7.5520411,4.338,3881,21,"8,9,35,62"
47143972,6492.01,PC,PC,14.2991,2459262.1237,731.8319734,2.747,46413,15,"35,62"
445522339,6493.01,PC,APC,12.4802,2460007.949022,3.0667073,1.486,3497,21,"7,8,34,35,61,62"
438376091,6494.01,PC,PC,12.2137,2460037.919088,3.5327892,2.093,4509,25,"9,10,35,37,62,63"
36808091,6495.01,PC,PC,12.973,2460034.982322,3.7781679,4.416,5635,21,"9,36,63"
374741750,6496.01,PC,PC,13.1263,2460037.882769,0.9942215,2.554,7298,29,"9,10,36,37,63"
303426966,6497.01,PC,PC,13.1074,2460035.301628,2.1439841,1.793,13382,21,"10,37,63"
371596277,6498.01,PC,PC,13.0303,2460031.276647,22.5095172,4.509,26199,27,"10,11,36,37,38,63"
45881495,6499.01,PC,PC,14.6334,2460024.214602,9.0441543,1.196,25006,10,"35,36,62,63"
72806004,6500.01,PC,PC,11.9865,2460038.185655,4.4156851,1.091,3166,12,"9,36,62,63"
35973654,6501.01,PC,PC,12.834,2460035.416251,4.4581792,3.561,5095,20,"9,36,62,63"
75580659,6502.01,PC,PC,12.9544,2460030.946212,5.0711656,6.032,5325,26,"8,9,35,36,62,63"
358838026,6503.01,PC,PC,12.9435,2460032.665492,3.9535041,3.684,6493,22,"9,10,63"
177257073,6504.01,PC,PC,13.2222,2460040.002324,6.8328077,5.311,4454,45,"1,3,4,5,6,7,8,9,10,11,13,27,28,29,30,31,32,33,34,35,36,37,38,39,61,62,63"
376800517,6505.01,PC,PC,14.1994,2460020.4559,15.8951857,3.711,40821,14,"37,63"
469008497,6506.01,PC,PC,13.0582,2460015.235883,13.0795854,4.918,12002,26,"9,35,36,62,63"
54145416,6507.01,PC,PC,12.9845,2460034.719502,5.267165,1.743,5142,12,"9,36,63"
142277868,6508.01,PC,CP,14.3088,2460038.984559,18.9926881,1.506,223710,56,"37,63"
358164738,6509.01,PC,PC,12.0622,2460035.128051,5.6022404,6.027,4365,61,"9,10,11,36,37,62,63"
361154154,6510.01,PC,PC,12.2544,2459987.504092,37.98781,4.309,7798,22,"9,11,36,37,63"
303030789,6511.01,PC,PC,12.7121,2460001.825924,21.5962209,4.511,9216,23,"10,11,37,38,63"
72542944,6512.01,PC,PC,13.1724,2460038.289329,2.5011016,1.366,4644,11,"36,62,63"
29780740,6513.01,PC,PC,14.8212,2460037.851741,2.4214702,1.395,20899,27,"31,35,36,37,39,61,62,63"
439618305,6514.01,PC,PC,11.9783,2460034.691388,4.0236761,5.03,6216,55,"9,10,36,37,62,63"
101961987,6515.01,PC,PC,13.3092,2460034.628679,3.8149372,4.366,6444,22,"9,36,63"
446524637,6516.01,PC,PC,13.1386,2460018.647355,18.8392786,4.036,6440,12,"9,10,36,37,63"
5709314,6517.01,PC,PC,12.3947,2460038.98992,2.6185048,1.096,3523,16,"9,35,36,62,63"
139314045,6518.01,PC,PC,12.5611,2460035.739125,2.1978944,1.619,3203,16,"9,10,36,37,63"
188128470,6519.01,PC,PC,11.5447,2460026.546049,10.397262,9.97,3143,48,"9,36,63"
382688257,6520.01,PC,PC,12.7216,2460029.644705,7.6016156,2.116,2969,10,"8,9,35,36,62,63"
382187347,6521.01,PC,PC,14.9198,2460033.08159,3.581253,1.874,41493,40,"31,36,37,39,61,62,63"
71674064,6522.01,PC,PC,11.3742,2460034.344843,4.7383479,1.935,1843,13,"9,36,62,63"
167720788,6523.01,PC,PC,12.8603,2460908.229186,7.809463,4.133,11239,129,"1,3,4,5,6,7,8,9,10,11,13,27,28,30,31,32,33,34,35,36,37,38,39,61,63,96"
356921678,6524.01,PC,PC,14.478,2460039.991677,0.8515408,0.648,51018,53,"35,36,37,62,63"
147193084,6525.01,PC,PC,13.463,2460018.452985,731.3548427,3.429,19143,17,"9,10,36,63"
57694405,6526.01,PC,PC,12.6161,2460026.901592,14.7478214,2.355,6095,17,"10,36,63"
437774844,6527.01,PC,PC,14.7698,2460037.607112,5.389491,2,49190,21,"36,37,62,63"
363417404,6528.01,PC,PC,13.2466,2458551.974298,1484.1934287,3.05,13469,15,"9,36,63"
54238138,6529.01,PC,PC,10.8273,2460035.361451,7.4476397,2.266,1021,12,"9,36,63"
49066806,6530.01,PC,PC,11.213,2460031.360183,5.332805,2.142,1795,14,"9,36,63"
297853363,6531.01,PC,PC,13.2786,2460037.428926,4.416076,4.677,7620,25,"9,10,35,36,62,63"
72542131,6532.01,PC,PC,12.4974,2460037.030104,5.4736892,2.699,14590,66,"9,36,62,63"
464544047,6533.01,PC,PC,13.2022,2460036.616077,2.8656356,3.523,5530,23,"9,10,36,37,63"
459604398,6534.01,PC,PC,12.4454,2460035.270028,3.4542618,3.93,5344,27,"36,37,63"
46104747,6535.01,PC,PC,11.7347,2460020.202715,20.8359197,3.321,2451,13,"8,9,10,35,36,37,62,63"
280647591,6536.01,PC,PC,13.4696,2460031.461041,4.2380294,3.699,4699,14,"9,35,36,62,63"
80384677,6537.01,PC,PC,12.131,2460033.390882,3.6477926,2.667,1747,8,"10,36,37,63"
306248357,6538.01,PC,PC,11.9319,2460037.150566,5.7180689,5.215,2864,22,"10,37,63"
310497279,6539.01,PC,PC,13.2487,2460036.316219,2.3645949,2.442,5263,15,"9,10,36,63"
142171554,6540.01,PC,PC,13.4905,2460035.449501,4.5127799,3.11,7453,14,"10,37,63"
457337619,6541.01,PC,PC,9.1069,2460065.150815,5.8991458,4.815,275,9,"36,37,63,64"
255851356,6542.01,PC,FP,9.9747,2460065.683162,2.4018591,3.471,655,14,"38,64"
390151888,6543.01,PC,PC,9.2889,2460067.846787,15.5523703,5.554,723,18,"10,11,37,38,64"
161738745,6544.01,PC,PC,9.6235,2460067.409044,3.6249482,2.294,748,17,"10,11,37,64"
72504017,6545.01,PC,PC,9.74,2460067.553154,5.6177467,2.307,670,11,"10,37,64"
9385460,6546.01,KP,KP,12.5329,2460044.202478,3.37796143335662,4.2709189187804,7198.74711253128,17.646152,64
915110182,6547.01,KP,KP,14.7028,2460042.540561,1.4328254862015,2.07185183067293,51089.4348603512,9.99859,"63,64"
302212110,6548.01,PC,PC,12.4715,2460047.264124,8.5473,3.54510319187053,2857.19123787129,9.716477,"11,63,64"
290777444,6549.01,PC,PC,12.2311,2460042.872392,6.10795751753644,5.12611644827891,14668.3220678801,87.10332,"64,65,67,68"
133850380,6550.01,PC,PC,10.8597,2460002.897395,6.9153868,6.156,5765,102,"7,8,34,35,61,62"
166527623,6551.01,CP,KP,9.1871,2460044.634922,6.9593972138038,4.85532694479919,4826.86560365413,20.406057,"11,64"
220460087,6552.01,PC,PC,12.4338,2460017.528216,3.27062038174372,4.01019432290228,7558.70701060048,14.319151,"63,64,65,66,67,68,69"
324422520,6553.01,PC,PC,9.5605,2460090.512031,3.6342494,3.683,380,9,"11,38,65"
94483093,6554.01,PC,PC,10.37,2460089.671764,2.6141047,2.639,695,12,"12,65"
259606227,6555.01,PC,PC,9.4738,2460090.426135,10.1298877,4.796,634,13,"12,38,39,65"
179739873,6556.01,PC,PC,10.1115,2460085.168154,12.9623248,3.564,2427,18,"38,65"
141074654,6557.01,PC,PC,9.8987,2460082.161972,12.5383316,3.084,846,10,"11,38,65"
420529106,6558.01,PC,PC,10.3012,2460090.325874,9.5327064,2.55,1177,10,"11,38,65"
313671132,6559.01,PC,PC,10.0778,2460071.107871,733.3796728,4.101,2996,15,"11,38,65"
47667,6560.01,PC,APC,9.17446,2460086.740768,17.2051468,1.464,1975,22,"11,38,65"
3728481,6561.01,PC,PC,10.1676,2460089.816641,3.1739329,1.192,1590,17,"12,39,65"
368713985,6562.01,PC,PC,11.7584,2460071.647261,4.09474846516049,5.1910541481091,5981.48940088232,18.194672,65
210441429,6563.01,PC,PC,11.5744,2460069.195099,2.40530363791429,3.35156127821444,11063.0791519303,37.483795,65
453668803,6564.01,PC,PC,9.5687,2460071.370156,3.98544647250642,4.51811311235486,8800.61448163916,113.69812,65
392914193,6565.01,PC,PC,11.5643,2460069.279602,0.877872949079179,1.00851598413736,1704.04448788801,11.180147,65
121560868,6566.01,PC,PC,12.0824,2460070.365899,7.58378458165841,2.05982256663206,3059.06894253931,10.211322,65
366316586,6567.01,PC,PC,11.7803,2460070.335763,4.94861159905989,1.32973633464845,6987.09216099764,13.248653,65
253126207,6568.01,PC,PC,11.1102,2460068.759071,17.4368078640403,4.37862588023705,15418.7232537546,28.690565,65
22560356,6569.01,PC,PC,14.9074,2460059.263217,5.9337178,1.089,36149,9,"37,64"
73310180,6570.01,PC,PC,12.4071,2460052.705385,10.9799801,3.39,4626,19,"10,37,64"
243550555,6571.01,PC,PC,10.9535,2460062.22621,11.5379235,3.661,1405,13,"11,38,64"
124617560,6572.01,PC,PC,13.2336,2460062.895722,3.6462287,3.662,6153,18,"37,64"
419503191,6573.01,PC,PC,12.5489,2460056.670983,8.1618477,2.17,4647,12,"11,37,38,64"
464542805,6574.01,PC,PC,12.0407,2460045.509051,13.0953097,1.925,3028,11,"9,10,36,37,63,64"
272251987,6575.01,PC,PC,12.351,2460062.603665,3.3047459,3.735,1724,11,"11,37,38,64"
304363215,6576.01,PC,PC,13.0093,2460045.171715,19.3111424,3.92,18500,29,"10,37,63,64"
144321743,6577.01,PC,PC,12.0263,2460047.80824,729.9391752,1.515,10806,23,"10,37,64"
144077896,6578.01,PC,PC,12.0438,2460061.045162,2.7543175,1.471,1368,10,"10,37,64"
308010949,6579.01,PC,PC,13.3562,2460066.773925,3.4732477,2.541,6428,16,"10,37,63,64"
170627138,6580.01,PC,PC,11.7921,2460061.735735,10.9600975,6.171,4111,32,"37,64"
94012094,6581.01,PC,PC,11.4291,2460058.281391,4.9156665,2.561,2218,15,"10,37,64"
438629686,6582.01,PC,PC,11.0608,2460030.55009,19.6500878,2.277,2605,11,"11,37,38,64"
377771417,6583.01,PC,PC,11.3329,2460066.40706,7.447404,1.479,6142,21,"10,11,36,37,63,64"
374155286,6584.01,PC,PC,12.3896,2460065.199093,3.6850751,1.859,4456,11,"9,10,11,36,37,63,64"
162729620,6585.01,PC,FP,12.3613,2460051.304076,13.4364908,5.375,4735,24,"10,36,37,63,64"
363259409,6586.01,PC,PC,12.1162,2460067.268245,5.0953453,5.025,5956,59,"9,10,11,36,37,64"
131312528,6587.01,PC,PC,12.2657,2460039.044084,17.0116833,3.129,9188,24,"10,64"
289389326,6588.01,PC,PC,14.9692,2460064.512133,1.7988855,1.415,38230,10,64
91794828,6589.01,PC,PC,13.3831,2460066.991139,3.0589547,3.696,12864,37,"10,37,63,64"
72123144,6590.01,PC,PC,13.4995,2460064.240702,7.0911739,5.635,8187,14,"10,37,64"
463868678,6591.01,PC,PC,11.983,2460061.434997,5.7881587,6.879,1372,20,"9,10,36,37,63,64"
398945279,6592.01,PC,PC,12.8316,2460059.616028,9.5098954,1.448,6596,11,"10,37,64"
241297273,6593.01,PC,PC,12.925,2460056.002371,8.4325164,1.731,8796,13,"11,38,64"
49411575,6594.01,PC,PC,12.9822,2460064.819932,2.67581,2.288,9116,22,64
361344753,6595.01,PC,PC,10.9743,2460064.504203,7.5138657,2.121,1104,11,"9,37,63,64"
306249066,6596.01,PC,PC,10.5353,2460059.058585,26.1622122,3.631,6329,48,"10,37,63,64"
131195882,6597.01,PC,APC,12.9505,2460065.943685,0.9097915,1.044,3698,16,"10,37,64"
22452837,6598.01,PC,PC,12.9661,2460066.23955,10.8089555,2.71,6392,15,"10,37,64"
166145361,6599.01,PC,PC,11.9686,2460041.770755,2.20591671766059,0.93951686341571,2594.73836214095,8.125701,64
325647810,6600.01,PC,PC,11.0686,2460091.633257,3.8030207,2.537,2103,17,"11,38,64,65"
167573692,6601.01,PC,PC,14.6483,2460131.942667,32.5444769,1.661,101822,25,"31,35,36,37,39,61,62,63,64,65"
392027961,6602.01,PC,PC,12.0139,2460094.284112,1.5840089,1.134,1137,10,"11,37,38,64,65"
90048949,6603.01,PC,PC,12.9595,2460090.855431,5.015806,5.154,4470,14,"38,64,65"
56884,6604.01,PC,PC,12.1967,2460088.668722,3.917482,2.619,8397,27,"38,65"
263207857,6605.01,PC,PC,13.4442,2460087.153755,12.2981251,3.98,14968,12,"12,38,39,65"
242532142,6606.01,PC,PC,13.2738,2460092.591766,2.5354002,1.744,11001,18,"11,38,65"
400968492,6607.01,PC,PC,12.2525,2460080.819177,11.1860909,5.989,4416,23,"10,11,37,38,64,65"
366315051,6608.01,PC,PC,12.8314,2460093.589256,7.3144752,1.481,19146,27,"11,38,65"
291668351,6609.01,PC,PC,13.2079,2460083.77241,12.9414603,3.75,13164,13,"11,38,65"
289076007,6610.01,PC,PC,11.1708,2460089.141513,3.1651539,3.416,8746,39,"11,38,65"
403368444,6611.01,PC,PC,12.1404,2460111.963815,6.5568726,2.755,8511,39,"12,39,65"
76706043,6612.01,PC,PC,11.7332,2460092.286886,2.3207203,1.797,12787,85,"11,38,65"
426904354,6613.01,PC,PC,13.4146,2460121.932395,2.5001306,1.61,16650,18,"12,39,65"
149179763,6614.01,PC,PC,12.5738,2460150.584875,25.0709977,2.379,12286,42,"1,2,3,4,5,6,7,8,9,11,12,13,27,28,29,31,32,33,34,35,36,37,38,39,62,63,65"
145804834,6615.01,PC,PC,12.0846,2460090.248705,3.5911377,1.623,13850,41,"38,65"
349503728,6616.01,PC,PC,14.9482,2460123.871658,1.1235117,1.039,48991,22,"39,65"
439381274,6617.01,PC,PC,12.0669,2460093.414898,4.315664,6.135,3530,19,"11,38,64,65"
350432166,6618.01,PC,PC,11.2822,2459997.460352,35.7890962826391,8.6915412617463,2255.79005174247,17.607521,"1,2,3,4,5,6,7,8,9,10,11,12,13,27,28,29,30,31,33,34,35,36,37,38,39,61,62,63,64,65,66,67,68,69"
399195246,6619.01,PC,PC,12.6705,2460092.280152,1.6930171,2.759,10940,55,"10,11,37,38,64,65"
241592217,6620.01,PC,PC,13.2261,2460094.093286,3.8647617,4.038,7591,15,"11,38,65"
374908396,6621.01,PC,PC,12.8143,2460118.609287,4.2807848,2.073,2031,12,"1,3,4,6,7,10,11,13,27,30,31,33,34,36,37,61,62,63,64,65"
260539542,6622.01,PC,PC,13.3296,2460075.149187,37.8575614,7.424,5180,23,"1,2,4,5,6,7,8,9,11,12,28,29,31,32,33,34,35,36,38,39,61,62,65"
207937389,6623.01,PC,PC,13.0339,2460094.305669,3.1791661,2.844,16245,18,65
443199889,6624.01,PC,PC,10.8833,2460087.460245,10.3031578,3.44,3072,17,"11,38,64,65"
258409964,6625.01,PC,PC,12.9268,2460088.145466,5.4863844,4.339,8862,23,"12,38,39,65"
148691985,6626.01,PC,PC,14.6186,2460092.410385,1.2864856,1.328,104433,32,65
411463659,6627.01,PC,PC,12.8709,2460092.036359,4.8934688,3.157,9659,20,"37,38,64,65"
75650448,6628.01,PC,CP,12.0836,2460093.829735,18.184189,3.696,9343,27,"11,38,65"
160442729,6629.01,PC,PC,14.2251,2460086.317717,4.3664669,2.004,26747,11,65
312612366,6630.01,PC,PC,13.1227,2460082.169306,7.7103227,4.406,6083,13,"11,38,65"
457446242,6631.01,PC,PC,12.716,2460094.270096,3.4714821,3.245,9502,22,"11,38,65"
292349703,6632.01,PC,PC,11.5555,2460085.93471,5.8778295,3.392,1326,9,"11,12,38,39,65"
38584799,6633.01,PC,PC,12.1821,2460149.073884,6.5479496,2.331,988,15,"1,2,3,4,5,6,7,8,9,10,11,12,13,27,28,29,30,31,32,33,34,35,36,37,38,39,61,62,63,64,65"
400491269,6634.01,PC,PC,11.2405,2460073.545149,23.136755,7.179,2514,17,"10,11,37,38,64,65"
330424797,6635.01,PC,PC,12.363,2460091.419966,8.6243051,5.584,9216,20,"11,38,65"
209054294,6636.01,PC,PC,12.3531,2460092.869314,3.5171227,2.327,4327,15,"11,38,65"
256124756,6637.01,PC,APC,13.4658,2460094.009392,2.231293,1.796,16216,15,"38,64,65"
460316238,6638.01,PC,PC,13.4986,2460092.279142,4.140097,2.896,40878,52,"11,38,65"
446918603,6639.01,PC,PC,12.4865,2460117.137039,8.0136668,4.056,7657,22,"12,39,65"
167654347,6640.01,PC,PC,12.392,2460128.654886,16.9356875,3.256,2618,20,"1,2,3,4,5,6,7,8,9,10,11,12,13,27,28,29,30,31,32,33,34,36,37,38,39,61,62,63,64,65"
241525834,6641.01,PC,PC,14.85,2460092.673541,1.9647786,1.586,60692,15,65
23111,6642.01,PC,PC,13.0934,2460093.397359,3.3421583,1.284,14573,17,"38,65"
332887363,6643.01,PC,PC,12.7886,2460088.11645,4.8332515,4.323,5964,18,"11,38,65"
149450435,6644.01,PC,PC,12.5687,2460150.015347,42.7305626,5.591,2711,19,"1,2,3,4,6,7,8,9,10,11,12,13,27,28,29,30,31,32,33,34,35,36,37,38,39,61,62,63,64,65"
15827263,6645.01,EB,FP,10.4263,2460505.209665,3.9525732,2.378,857,9,"26,40,53,80"
346855283,6646.01,PC,PC,9.56062,2459763.657293,17.7505864,5.578,1395,14,"26,40,53,54"
439943973,6647.01,PC,CP,9.65566,2460606.995622,3.9963956,3.878,635,17,"17,57,84"
440150441,6648.01,PC,PC,9.99685,2459879.945252,20.86399,5.624,1040,16,"17,57"
258940847,6649.01,PC,PC,9.7664,2459881.362939,5.9867942,0.904,1170,11,"17,57"
64837857,6650.01,PC,PC,10.0252,2460582.711665,20.3292125,6.584,10524,128,"16,17,57,77,83,84"
64837857,6650.02,PC,PC,10.0252,2460578.526718,30.5055627,6.967,1773,15,"16,17,57,77,83,84"
64837857,6650.03,O,FP,10.0252,2460599.086821,8.9965133,2.842,988,13,"16,17,57,77,83,84"
64837857,6650.04,PC,PC,10.0252,2459878.034895,.0,6.426,1437,9,"16,17,57,77,83,84"
174328045,6651.01,CP,CP,9.60892,2460601.085824,5.0569708,3.401,795,18,"17,57,84"
283884522,6652.01,PC,PC,9.1993,2459881.334131,3.8388774,2.391,350,12,"17,57"
150901009,6653.01,PC,PC,9.1129,2459856.471891,.0,2.623,1000,12,57
278726770,6654.01,PC,FP,10.1032,2460973.585036,9.516003188969588,2.2744219517236086,527.9494010437076,36.86362082128556,"1,2,3,4,5,6,8,9,10,11,12,13,27,28,29,30,31,32,33,34,35,36,37,38,39,61,62,63,64,65,66,67,68,69,87,88,89,90,93,94,13369,57,97"
304690618,6655.01,PC,PC,10.1763,2460843.981883,6.867121637109874,2.9373009784149318,679.0633899988187,28.110032775589524,"13,39,66,93"
304690618,6655.02,PC,PC,10.1763,2460836.183092,12.958774379784295,3.7177196348076684,837.1081497238155,31.332111789829774,"13,39,66,93"
262457587,6656.01,V,FA,10.318,2460854.857123,0.8219466004214665,2.147,11452.335052302275,128.40683903644816,"12,38,39,65,66,93"
96475638,6657.01,PC,PC,8.5861,2460854.350751,4.061108881051828,2.131843021269363,521.4793098699839,17.674279180039235,"12,39,66,93"
292221593,6658.01,PC,PC,8.641,2460124.089204,5.6494351,5.214,200,9,"13,39,66"
272768631,6659.01,PC,PC,10.2443,2460852.881403,7.312090962195565,1.556019363829488,1281.0187740772922,22.897124755642512,"13,66,93"
468178519,6660.01,PC,PC,12.0054,2460097.764118,2.98521926414539,3.77604994612175,12776.0570800351,111.147865,"66,67"
355895977,6661.01,PC,PC,11.7085,2459425.19571,10.5789533747805,2.84441951341591,1530.58781741095,9.452929,"41,48,49"
418343229,6662.01,PC,CP,10.8861,2458816.18615,0.293949334013454,0.542235899459342,746.423188409976,24.188742,"19,20,26,40,52,53,59,60"
415732733,6663.01,PC,PC,10.594,2459598.653805,.0,7.1157206765039,3065.81597076965,22.29688,"47,60"
147561732,6664.01,PC,PC,8.03278,2459391.966673,.0,18.1537085057039,1602.38017246443,12.668225,"14,20,21,40,41,47,60"
192014454,6665.01,PC,PC,8.89177,2458847.263963,735.797916961691,5.94842180452722,479.474489971493,12.002909,"20,47"
256429408,6666.01,PC,PC,8.43041,2458962.161311,.0,16.6572310092934,789.173569954641,23.895393,"16,17,18,24,25,57,58"
161169240,6667.01,PC,APC,12.122,2459083.310651,.0,6.66214526122124,5126.83371176487,21.16096,"28,68"
206361691,6668.01,PC,PC,8.3408,2458363.222084,718.652002993821,14.6548942764436,479.466611291098,11.99449,"2,28,29,69"
333736132,6669.01,PC,CP,12.0742,2459283.547474,731.996653902604,2.89254296731904,16102.9689948534,30.369656,"36,63"
126797048,6670.01,PC,PC,8.8855,2459284.365229,.0,22.9026500979218,2389.51865225241,23.811523,"8,35,36"
53843023,6671.01,PC,PC,10.3852,2458328.036098,.0,2.47558730788245,1566.58403484399,8.971992,1
331644554,6672.01,PC,PC,9.61487,2458757.026893,.0,6.6644694280543,1352.2809087793,16.85236,"16,56"
99989903,6673.01,PC,PC,7.2861,2458703.010134,19.7468103186491,7.165896729953,276.365608746584,9.343354,"14,15,21,41,48"
452920657,6674.01,PC,PC,12.6973,2458810.577102,.0,5.1715271599073,12885.3671957195,10.717895,18
141522677,6675.01,PC,PC,9.40853,2459410.616258,.0,5.46539213586114,1323.09286983274,12.34305,"19,20,26,40,47,59,60"
423360793,6676.01,PC,PC,7.848,2458397.063928,22.6957088155721,5.32667553899024,309.017841584214,12.914396,"3,30,42,43,70"
62085710,6677.01,PC,PC,10.4679,2460149.234691,5.4496736,0.203,917,15,"13,27,67"
253864764,6678.01,PC,PC,8.8688,2460149.83497,3.4268387,1.288,844,16,67
344034178,6679.01,PC,PC,10.7742,2460128.277222,2.31700532386705,1.122278974599,1719.09717307956,10.98915,67
6898572,6680.01,PC,PC,10.6264,2460130.649376,4.381696593633,5.60162095561548,2801.31824717758,8.401747,67
425817867,6681.01,KP,KP,12.0491,2460129.98959,3.77834011974399,2.8296299895596,24582.4117133995,117.05939,67
254141733,6682.01,PC,PC,11.3648,2460127.201762,4.24362397531,3.88695426371578,2634.01688573976,12.097772,67
394126269,6683.01,PC,PC,15.331,2460129.293947,3.8568000520111,2.85870403670195,23589.8587424648,12.627069,"67,68"
273270473,6684.01,PC,PC,13.6702,2460100.292201,2.70864442182451,2.15547076119939,25164.5811951636,47.916718,"66,67"
6764171,6685.01,PC,PC,10.2692,2460134.88206,10.7715897579698,4.22037933055368,947.434065492558,9.609548,67
269217040,6686.01,KP,KP,10.2748,2460128.917227,4.16612652830454,3.70003265646615,15441.360657576,178.48795,67
396246765,6687.01,PC,PC,12.3872,2460129.194083,3.44141883841799,3.0026348010058,7380.93425683313,19.598433,67
464658144,6688.01,PC,PC,10.6834,2460128.994512,4.95949924831106,1.24636025576711,2778.73726402611,13.424255,"27,67"
410119093,6689.01,PC,PC,12.7602,2460127.625425,4.12874268218296,2.76019384198763,12670.851217468,21.82492,67
149989864,6690.01,PC,PC,10.2969,2458327.776304,761.709227570951,7.62960155991442,545.010573418643,7.8895607,"1,2,3,4,5,7,8,9,10,11,12,13,27,28,29,30,31,32,33,34,35,37,38,39"
149989864,6690.02,PC,PC,10.2969,2458433.203898,904.534798095,22.1692458168398,603.060495237759,7.417027,"1,2,3,4,5,7,8,9,10,11,12,13,27,28,29,30,31,32,33,34,35,37,38,39,61,62,63,65,66,68,69"
382258844,6691.01,PC,PC,8.6235,2458507.519753,.0,15.1057103656879,183.655978909489,7.3823886,"1,3,4,5,6,7,8,9,10,11,13,27,28,30,31,32,33,34,36,37,38,39,61,63,64,65,66,67,68,69"
324609409,6692.01,PC,PC,11.1163,2459378.417556,.0,10.7778243853155,3281.16855612522,21.958086,"39,66,67"
35377903,6693.01,EB,FP,10.3313,2459797.57471,2.993758709116834,4.69618830062327,3142.652292451062,40.17792,"55,92"
27414976,6694.01,PC,PC,13.7846,2459667.751833,3.97592507721077,2.40266322587723,31337.468725141,19.445705,50
118339710,6695.01,PC,PC,10.3541,2459249.547139,.0,8.66688493150103,2315.44243579747,22.675947,"34,35"
104195270,6696.01,PC,FP,10.9988,2459883.679951,3.68599576499905,5.19722263614458,12982.7214564412,132.16777,58
441546821,6697.01,CP,CP,7.7897,2459339.037269,.0,14.647392438219883,2626.7704893634595,24.448391,38
441546821,6697.02,PC,CP,7.7897,2460063.512098,.0,12.9674226904938,6318.07305828019,48.27154,"38,64,65"
5966772,6698.01,PC,PC,10.4795,2459331.091898,.0,3.66762751305096,1168.78780582338,7.3583975,37
341405597,6699.01,PC,PC,10.4012,2460132.340656,5.322002,3.193,955,11,"13,27,67"
167085203,6700.01,PC,PC,12.2301,2459977.682137,15.5177539035,1.25724044928763,3717.31651265724,12.018602,"61,63,64,65"
349789882,6701.01,PC,PC,11.3908,2459972.53548,10.0181020044092,2.65622856405479,1791.21243463423,18.065956,"61,62,63,64,65,66,67,68,69"
179442778,6702.01,PC,PC,12.9757,2459036.541035,2.18747117125677,6.15435597868336,768.888543997259,13.289006,"27,28,30,31,32,33,34,35,36,37,38,61,62,64,66,67,68,69"
255560319,6703.01,PC,PC,8.4379,2458365.827298,49.6178222962937,14.0758927020753,88.0818848987376,8.389019,"1,2,5,7,8,11,12,28,29,31,32,33,34,35,38,39,61,62,65,66,67,68,69"
342449055,6704.01,PC,PC,10.746,2459229.7834,2.86073843716158,1.89638972132473,928.471268862186,10.573465,"34,35,36,37,61,62,63,64"
342449055,6704.02,PC,PC,10.746,2459235.555909,6.82751014387057,3.29039240803475,1559.47702057373,10.666681,"34,35,36,37,61,62,63,64"
379717270,6705.01,PC,PC,10.2734,2459336.341283,8.44570424804983,1.68618785919645,3848.71791654058,27.319323,"38,65"
411731278,6706.01,PC,PC,8.239,2458597.457184,7.57574464605691,1.86991025247886,3661.66960275995,14.622001,"11,38,65"
287328202,6707.01,PC,PC,12.3332,2459966.304106,3.83472822512614,3.49511078248249,1112.33887581315,13.318333,"61,62,63,66,67,68,69"
269849065,6708.01,PC,PC,12.8676,2458326.156737,4.22908556426263,1.89435219981818,2605.43084198947,10.895087,"1,8,12,65,66,67,68"
20375215,6709.01,PC,PC,8.8392,2458544.543307,2.34773358292565,1.86242656043675,182.943491377687,8.518339,"9,36,63"
143842198,6710.01,PC,PC,9.7367,2458491.70673,2.06712301607452,1.92632344057301,394.238416915004,7.5839176,"7,8,61,62"
303364023,6711.01,PC,FP,13.0055,2458543.252411,10.3469944548486,2.59347131818463,1601.2547389767,7.8731074,"9,10,11,36,37,38,63,64,65"
192943720,6712.01,PC,PC,7.71299,2458544.224717,1.89878955830971,1.92623398931722,98.2034718785602,8.6795635,"9,36,62,63"
428673146,6713.01,PC,PC,7.0276,2458571.522303,2.1538048644427,1.65410066067953,137.931231329082,9.205823,"10,36,63"
261264800,6714.01,PC,APC,14.5913,2458326.238234,4.76744210907332,1.32103099754484,4898.62186060553,7.140531,"1,4,11,12,13,27,28,31,34,39,61,65"
460950389,6715.01,PC,PC,11.649,2460014.968644,2.86187817378244,2.28397913897098,2450.98999558107,9.851493,"63,64"
112115898,6716.01,PC,PC,11.7735,2458495.165624,4.71856903681235,1.14507854137467,1734.86739472296,8.033537,"7,34,61"
34986694,6717.01,PC,PC,13.9087,2459281.317965,0.470747585270121,0.500960662692243,5060.83352771705,7.977471,"36,45,62"
405428714,6718.01,PC,PC,11.529,2460126.814381,2.95321448777976,3.97955321671141,3110.6890791634,18.666235,"67,68"
92449173,6719.01,KP,KP,12.2247,2460155.27651,2.1764874697474,3.44037228060598,8114.68295564768,24.540974,68
281541545,6720.01,CP,KP,13.7813,2460158.117981,4.1470359233501,2.31976943381038,12886.9879910065,10.971245,68
253917292,6721.01,PC,PC,13.6732,2460156.710458,4.60864135254032,3.56109707238538,27081.6985753326,18.014408,68
220524097,6722.01,PC,PC,13.6157,2460156.166339,3.9613113664845,2.5843337071246,15578.113687269,34.246136,"68,69"
370010846,6723.01,PC,PC,13.8564,2460156.827447,3.48523619563391,3.03189680448112,14856.8972599868,28.5826,"68,69"
261646133,6724.01,PC,PC,10.4225,2460117.812125,42.8614655,7.635,908,12,"1,13,28,66,67,68"
150320610,6725.01,PC,PC,9.755,2460193.054335,2.1476974,1.669,136,11,"2,3,5,6,7,8,9,10,12,13,27,28,29,30,32,33,35,36,37,38,39,61,62,63,64,65,66,67,68"
121490076,6726.01,CP,KP,8.9988,2460160.495921,14.2456603,3.403,1084,9,"1,28,68"
47482754,6727.01,PC,PC,10.1172,2460199.010164,15.3471548,3.703,946,13,"2,28,69"
287326127,6728.01,PC,PC,9.608,2460190.897245,24.9636551,5.444,461,13,"3,6,7,8,9,13,30,33,34,35,36,61,62,63,67,69"
426032475,6729.01,PC,CP,9.0529,2460931.459417,7.83745495299467,4.708210647093237,148.62818302776392,21.63482866072832,"1,2,13,27,28,29,66,67,68,69,93,94,95,96"
426032475,6729.02,PC,CP,9.0529,2460204.991575,3.8638303,2.992,109,9,"1,2,13,27,28,29,66,67,68,69"
382521776,6730.01,PC,PC,12.8021,2460186.072113,4.3934743671834,3.05476225900697,11541.7099365264,22.620964,69
9032367,6731.01,PC,PC,14.3604,2460183.745577,1.632229470436059,1.7533945489453118,19841.23885490991,27.4484,"69,70,92"
349891396,6732.01,PC,PC,14.2548,2460121.49861,1.3003394,1.341,38320,22,66
221566773,6733.01,PC,PC,12.8086,2460118.586103,3.2529571,4.813,6055,11,"12,39,66"
412666676,6734.01,PC,PC,13.0013,2460114.258841,4.6068687,3.286,15647,14,"12,39,66"
76899250,6735.01,PC,PC,12.533,2460123.698289,3.3357969,1.39,5024,12,"13,39,66"
324150445,6736.01,PC,PC,13.3991,2460121.987455,2.9879341,2.501,14088,18,66
171886633,6737.01,PC,PC,13.0057,2460119.938915,2.8475582,2.979,12974,24,"12,39,66"
89417257,6738.01,PC,PC,12.0409,2460122.480944,3.6234424,4.383,3332,19,"13,66"
91324328,6739.01,PC,PC,12.5258,2460115.369124,4.6588405,1.429,12845,19,"13,66"
174070181,6740.01,PC,PC,13.3912,2460121.946449,3.3505941,3.542,8973,15,"12,39,66"
263203229,6741.01,O,FP,12.792,2460117.886705,5.0061978,3.521,6438,17,"12,38,39,65,66"
307232923,6742.01,PC,PC,13.2152,2460116.805629,8.1678648,4.797,4097,10,"12,13,39,66"
361403927,6743.01,PC,PC,12.2914,2460118.469508,5.9097139,5.732,8420,28,"12,39,65,66"
345056639,6744.01,PC,APC,13.2719,2460124.072758,0.8674623,1.457,5547,17,"13,39,66"
301247383,6745.01,PC,PC,12.9951,2460122.255614,5.2452852,5.117,5568,13,"12,39,66"
367900542,6746.01,PC,PC,13.2738,2460124.08177,1.20306,1.028,14933,17,"12,39,66"
343717397,6747.01,PC,APC,12.2566,2460124.204944,0.7025922,0.733,1740,9,"12,13,39,66"
421056636,6748.01,PC,PC,13.1351,2460124.161299,4.5932835,3.185,7417,11,"12,39,66"
426901646,6749.01,PC,PC,12.0574,2460111.87343,8.6121286,4.155,4777,15,"12,39,65,66"
299876474,6750.01,PC,FP,14.4757,2460122.219768,2.5950111,2.524,28870,11,"39,66"
381448973,6751.01,PC,PC,12.6752,2460117.399031,2.9419791,3.363,14460,22,"12,39,66"
87422071,6752.01,PC,PC,11.1938,2460112.64133,11.3648628,4.025,4113,11,"13,66"
301248781,6753.01,PC,PC,13.2441,2460122.789122,1.0169814,2.353,7976,30,"12,39,66"
261192051,6754.01,PC,PC,13.1408,2460120.22728,1.9943104,3.316,10353,9,"12,39,66"
381468938,6755.01,PC,PC,13.0852,2460111.552813,5.7585993,2.737,13636,14,"13,39,66"
314193010,6756.01,PC,PC,13.4559,2460121.785937,4.9354155,4.672,12554,14,"13,66"
89659632,6757.01,PC,PC,13.3397,2460117.588573,3.5193417,5.025,6522,11,"13,66"
383313006,6758.01,PC,PC,11.7958,2460099.197812,12.6136992,2.533,2172,9,"13,38,65,66"
57011946,6759.01,PC,PC,13.2337,2460120.891242,1.318678,1.758,11891,10,"13,66"
361467239,6760.01,PC,PC,13.1542,2460120.980857,5.2820398,2.762,12532,17,"12,39,66"
234540647,6761.01,PC,PC,12.3837,2460117.006376,4.3430254,4.425,11142,12,"12,39,66"
360224870,6762.01,PC,PC,14.5665,2460118.397701,5.1778752,1.718,29835,9,"39,66"
96829917,6763.01,PC,PC,13.2539,2460120.726052,2.4519381,2.834,11446,22,"12,39,66"
148523092,6764.01,PC,FP,12.9573,2460121.604648,2.8562935,3.785,22525,23,66
420369105,6765.01,PC,PC,12.1662,2460122.567238,2.7967251,1.626,5786,12,"12,39,66"
311856080,6766.01,PC,PC,12.6801,2460123.680189,2.2104947,2.925,7893,19,"39,66"
90156362,6767.01,PC,PC,12.8821,2460121.855547,2.3519086,1.43,16808,23,"13,66"
365952328,6768.01,PC,FP,12.4154,2460120.784046,4.8741147,2.049,4613,17,"13,39,66"
304430662,6769.01,PC,PC,12.976,2460118.790382,5.6858804,4.185,10855,29,"12,39,66"
375297961,6770.01,PC,PC,13.33,2460122.610587,14.6768874,2.617,15152,16,"27,66,67"
61621800,6771.01,PC,PC,11.5315,2460140.325183,6.8552506,3.525,4540,19,"13,27,67"
469813927,6772.01,PC,PC,12.3102,2460144.814548,3.940549,3.78,3700,19,"13,27,67"
355138852,6773.01,PC,PC,13.136,2460149.775459,3.272056,3.3,7709,23,"27,67"
79660831,6774.01,PC,PC,12.5912,2460150.349919,4.5833112,2.275,4988,13,"13,27,67"
100263315,6775.01,PC,APC,13.4902,2460150.90073,0.5940157,1.035,4094,10,"27,67"
344552721,6776.01,PC,PC,14.1345,2460150.311774,1.9519092,1.056,31413,16,67
32443914,6777.01,PC,PC,11.9656,2460150.328123,3.3615701,4.502,6992,62,"13,27,67"
421990278,6778.01,PC,PC,12.7488,2460150.496193,3.9718475,1.09,5487,10,"13,27,67"
467931774,6779.01,PC,PC,12.7308,2460151.439845,1.3504913,1.586,9835,57,"13,39,66,67"
419738713,6780.01,PC,PC,13.0863,2460132.486562,13.4570562,4.073,11282,18,"1,27,67"
411955845,6781.01,PC,PC,13.0965,2460146.79051,2.7638775,1.559,7451,12,"13,27,67"
254209017,6782.01,PC,PC,13.2542,2460150.087656,1.7278017,2.771,17825,24,"13,27,67"
291013124,6783.01,PC,FP,14.5979,2460143.626198,6.0368213,1.984,108361,25,67
253857911,6784.01,PC,PC,13.1622,2460145.68361,3.1539313,4.023,14772,30,"13,67"
219978369,6785.01,PC,PC,11.9955,2460129.520123,16.2501976,7.487,2930,17,"13,27,67"
253788533,6786.01,PC,PC,13.3278,2460150.08621,2.7142282,3.44,23021,38,"13,67"
201658484,6787.01,PC,PC,11.8193,2460146.920966,2.9588636,3.438,8605,84,"13,27,67"
319568755,6788.01,PC,PC,13.1004,2460116.929651,24.092358,3.907,14405,19,"13,27,67"
90935909,6789.01,PC,PC,12.6442,2460143.989118,4.2221583,2.921,7098,22,"27,67"
129458276,6790.01,PC,PC,12.6118,2460140.927713,6.1030299,3.689,13335,30,67
101272159,6791.01,PC,PC,12.9998,2460131.53882,18.8224069,1.76,13388,11,"13,27,67"
326327260,6792.01,PC,PC,12.3197,2460151.019184,7.9605908,3.236,6040,26,"27,67"
352438619,6793.01,PC,PC,12.4415,2460149.312562,6.5516113,0.786,6717,14,"13,27,66,67"
408609355,6794.01,PC,PC,12.227,2460140.000542,7.3099457,6.439,4484,17,"13,27,67"
269372232,6795.01,PC,PC,13.2392,2460149.798408,2.1250402,2.897,8318,13,"13,27,67"
32046665,6796.01,PC,PC,13.1197,2460145.113806,3.7871416,3.257,6722,13,"13,27,67"
164249928,6797.01,PC,APC,13.1505,2460149.846988,0.9898852,1.352,4914,14,"27,67"
290403522,6798.01,PC,PC,10.2912,2460136.574569,22.3751134,11.966,6829,119,"1,13,27,67"
387295547,6799.01,PC,PC,11.7301,2460150.892425,0.664786,0.66,1215,10,"27,67"
254174907,6800.01,PC,PC,11.6114,2460150.796117,4.1518071,2.653,1556,10,"13,27,67"
90935995,6801.01,PC,PC,12.0887,2460148.794994,1.2245052,1.091,24584,121,"27,67"
262470965,6802.01,PC,APC,14.8107,2460149.841929,1.1079142,1.106,36019,13,67
166495921,6803.01,PC,PC,12.3544,2460149.719129,3.3522572,1.934,6919,18,67
100264497,6804.01,PC,PC,12.0533,2460148.145956,3.7724643,2.099,8796,36,"27,67"
112989868,6805.01,PC,APC,13.2735,2460150.27002,1.040425,0.979,9568,16,"13,27,67"
144327080,6806.01,PC,APC,11.3272,2460202.860746,23.2490769,3.914,48641,192,68
441076258,6807.01,PC,PC,13.3396,2460166.639771,6.6210878,2.297,13071,12,"1,28,68"
261680542,6808.01,PC,PC,12.3079,2460177.656706,3.0449187,2.988,19894,54,"1,13,27,28,66,67,68"
29821723,6809.01,PC,PC,14.3972,2460177.250009,2.6855972,1.744,31004,16,68
214515989,6810.01,PC,PC,13.29,2460174.448428,11.3498282,4.564,10625,20,"1,28,68"
129711632,6811.01,PC,PC,14.3355,2460178.78732,1.1602698,0.489,18692,10,68
92443533,6812.01,PC,PC,12.5372,2460160.520834,12.6357243,3.717,8255,12,68
364267778,6813.01,PC,PC,12.0721,2460175.787286,2.3557153,1.866,740,9,"3,7,8,9,10,13,27,30,33,34,36,37,61,62,63,67,68"
211352962,6814.01,PC,PC,11.417,2460178.823544,0.7941828,0.905,2393,14,68
233964924,6815.01,PC,PC,13.169,2460196.836562,17.9217736,4.309,44474,81,"1,2,3,28,29,68"
278525028,6816.01,PC,PC,13.0109,2460163.798501,10.9267866,6.548,9304,24,"1,68"
402027382,6817.01,PC,PC,13.2874,2460203.125303,3.1998039,1.816,3672,10,"1,2,28,29,68"
281666033,6818.01,PC,PC,11.5508,2460191.693968,10.1956949,1.526,3293,13,"2,28,68"
327917279,6819.01,PC,PC,11.4741,2460168.772416,8.5467163,3.813,2387,16,"27,28,67,68"
350821320,6820.01,PC,PC,12.8958,2460203.14375,2.014214,1.854,971,11,"1,2,3,4,5,6,7,8,9,10,11,12,13,27,28,29,30,31,32,33,34,35,37,38,39,61,62,63,64,65,66,67,68"
197643976,6821.01,CP,KP,12.5638,2460179.094875,3.535713,2.148,3116,12,"1,28,68"
261679541,6822.01,PC,PC,14.3703,2460176.063659,2.7492112,1.866,26414,22,"66,67,68"
259884973,6823.01,PC,PC,12.3104,2460206.518219,2.8411187,1.993,1915,18,"1,2,27,28,29,67,68"
197642926,6824.01,PC,PC,12.5602,2460177.60094,5.407469,2.87,13091,37,"28,68"
197598125,6825.01,PC,PC,11.5321,2460170.128876,16.4547455,4.517,2186,12,"1,28,68"
55450156,6826.01,PC,PC,12.1851,2460197.006591,6.4375108,2.572,730,11,"1,2,3,4,5,6,7,8,9,10,11,12,13,28,29,30,31,32,33,34,35,36,38,39,61,62,63,65,66,67,68"
302453291,6827.01,PC,PC,12.1331,2460177.942017,4.4738444,6.406,2985,32,"1,28,68"
278666476,6828.01,PC,PC,12.7844,2460174.845087,3.4894537,2.134,8533,21,"1,28,68"
469967533,6829.01,PC,PC,12.714,2460144.981658,23.842,5.577,12487,41,"1,2,28,29,68"
29430403,6830.01,PC,PC,11.4907,2460154.705372,1.87786469294387,1.51788992182956,15157.0212857346,64.83137,68
380884709,6831.01,PC,PC,10.7052,2460150.88151,57.1050077,5.271,3388,36,"42,43,70"
8995204,6832.01,PC,PC,12.449,2460230.688907,5.1392756,2.426,862,20,"2,29,42,69,70"
4610830,6833.01,KP,KP,11.5018,2460219.144796,8.2616616,2.862,1343,25,"42,70"
49735922,6834.01,KP,KP,12.1093,2460226.787328,6.3392677,3.02,1739,31,"2,29,42,70"
301235044,6835.01,KP,KP,10.0298,2460232.513071,0.2803246,0.868,507,47,"42,70"
422618449,6836.01,KP,KP,9.3742,2460229.092386,9.100412,2.181,1085,13,"42,70"
262584907,6837.01,PC,PC,7.13,2460232.290266,0.9494413,1.392,136,11,"42,70"
278892590,6838.01,KP,KP,13.8529,2460209.808352,1.51094471179194,0.640149871039871,10693.4881603416,7.9035006,70
126982911,6839.01,PC,PC,12.5377,2460210.87087,2.99447417568428,3.09987806514576,3499.75471236061,10.590795,70
380886534,6840.01,PC,PC,13.8694,2460208.636707,8.90003342005107,1.85424768935434,22163.2825658684,8.014883,70
257467784,6841.01,PC,PC,12.8988,2460217.184676,13.9285074209964,3.998612280145,13364.3594607491,17.468699,70
58858008,6842.01,PC,PC,11.5955,2460209.338746,5.39209550111425,4.2434028601165,15466.3588482693,60.16794,70
369474541,6843.01,PC,PC,11.1862,2460210.09279,5.49778723725309,4.94002485887945,6357.72688793668,36.236965,70
311086350,6844.01,PC,PC,14.1277,2460209.334584,3.8068712326332,2.26909105269717,17898.9103154289,12.498632,70
399571743,6845.01,PC,PC,12.6204,2460199.691734,4.7443604,1.139,9002,17,"2,29,42,69"
254296853,6846.01,PC,PC,12.8903,2460203.094247,3.334884,2.559,12501,38,"2,29,69"
150063444,6847.01,PC,PC,13.1315,2460205.921102,1.3939452,0.922,5131,16,"1,2,3,4,5,7,8,9,10,11,12,13,27,28,29,30,31,32,33,34,35,36,37,38,39,61,62,63,64,65,66,67,68,69"
230982415,6848.01,PC,PC,13.6193,2460199.33583,7.5954765,2.533,45085,39,69
434100688,6849.01,EB,FP,9.9309,2458371.510523,1825.048364,3.62,2576,13,"2,69"
9166136,6850.01,PC,PC,10.508,2460198.638691,6.0803777,2.486,1366,10,"29,69"
350861689,6851.01,PC,PC,12.4722,2460185.03648,12.0101118,2.82,1204,9,"1,2,3,4,5,7,8,9,10,11,12,13,27,28,29,30,31,32,33,34,35,36,37,38,39,61,62,63,64,65,66,67,68,69"
166671025,6852.01,PC,PC,12.4031,2460176.964493,16.7382238,3.529,15139,50,"2,3,29,30,69"
197808753,6853.01,PC,PC,12.5478,2460189.688644,10.636983,5.378,2913,18,"2,4,29,30,31,69"
55363630,6854.01,PC,APC,13.1113,2460203.737449,2.7663479,1.212,2476,11,"1,2,4,5,6,7,8,9,10,11,12,27,28,29,30,31,32,34,35,36,37,38,39,61,62,63,64,65,67,68,69"
274017513,6855.01,PC,PC,12.1227,2460165.854371,26.3333899,2.783,8665,29,"2,3,29,30,69"
254301731,6856.01,PC,PC,14.9737,2460206.118513,0.6541517,0.823,35193,14,69
281596890,6857.01,PC,PC,14.504,2460195.35678,10.0512067,1.763,22227,12,"68,69"
201254754,6858.01,PC,PC,11.8272,2460202.53261,3.3024845,1.465,1241,11,"1,2,28,68,69"
237909527,6859.01,PC,PC,12.6565,2460188.562657,9.6804752,3.922,10071,45,"1,2,28,29,68,69"
36646052,6860.01,PC,PC,12.9887,2460232.578666,0.6183488,0.587,5306,10,70
293267224,6861.01,PC,PC,12.3945,2460232.158547,3.7942532,3.769,6913,17,"42,43,70"
408508003,6862.01,PC,PC,11.8423,2460225.54574,8.2241876,3.501,8621,34,"42,43,70"
419957314,6863.01,PC,PC,13.0613,2460247.384759,7.8407154,2.891,5326,11,"4,31,42,43,70"
25959926,6864.01,PC,PC,12.6092,2460255.84952,15.5106583,4.356,5014,14,"42,43,44,70"
405269313,6865.01,PC,PC,12.7937,2460231.800776,2.4465664,1.753,2778,9,"42,43,70"
344224831,6866.01,PC,FP,12.5227,2460224.827591,8.0179256,1.018,8684,15,"42,43,70"
405230669,6867.01,PC,PC,13.0507,2460231.339643,3.6810755,2.49,8544,20,"42,43,70"
408506314,6868.01,PC,PC,12.8562,2460227.771761,3.4106422,4.174,4984,22,"42,43,70"
28872266,6869.01,PC,PC,14.2212,2459466.023416,763.9701133,3.659,28404,12,"42,43,70"
58726656,6870.01,PC,PC,10.1341,2460277.871744,6.6968572,3.398,589,11,"44,45,71,72"
426471754,6871.01,PC,PC,8.9496,2460258.271979,12.4652143,3.635,1127,17,"43,70,71"
150096001,6872.01,KP,KP,12.3252,2460251.64402,11.0248821,2.917,1943,24,"43,44,70,71"
67395329,6873.01,PC,PC,8.6781,2460236.840703,18.8204254771565,2.4015590936446,983.854965832664,11.8792515,71
4426490,6874.01,EB,FP,12.1616,2460261.710021,2.6687292242677825,2.885607005590309,17904.578561231952,39.77714,"71,72"
403693870,6875.01,PC,PC,13.1378,2460235.651353,3.52456888877354,3.15002396340877,20956.9478295752,20.600958,71
377024332,6876.01,PC,FP,9.089871,2460282.740869,15.1771428,4.556,538,11,"45,46,72"
365007485,6877.01,KP,KP,11.6575,2459521.373701,33.5920255,6.385,3352,70,"45,46,72"
262135904,6878.01,EB,FP,10.1063,2460688.286547,2.0990769442228885,2.343,501,88.27410222134387,"33,44,45,71,72,87"
364955057,6879.01,PC,PC,10.4398,2460263.238568,13.5853161,5.271,850,11,"45,46,72"
4486230,6880.01,PC,PC,10.2919,2460257.596462,14.9166631,3.709,659,13,"20,44,45,46,60,71,72"
431899136,6881.01,PC,PC,12.7034,2459934.873589,1.9769396,3.021,11495,32,"18,59"
293075732,6882.01,EB,FP,12.7726,2460098.202957,0.5666806,0.722,1530,9,"12,39,66"
393818343,6883.01,CP,CP,8.9797,2460509.987562,16.249935683,4.003,13412,179,"55,81"
156514476,6884.01,PC,CP,11.4834,2459645.912631,14.4217699364712,2.34064105449243,2348.45658004413,10.156802,49
154067753,6885.01,PC,PC,12.4434,2459617.529465,11.6515286660369,4.11307363429777,15415.7300299542,49.44828,48
397053253,6886.01,PC,PC,12.7451,2459638.336302,4.80033408631548,1.99993978931241,6286.50161579994,11.010837,49
39174810,6887.01,PC,PC,12.1938,2459647.31349,6.58834805667,5.36520992239597,5547.40459338107,15.649819,49
312543349,6888.01,PC,PC,10.6594,2459886.753156,19.9253902859253,7.15807513963196,4510.28403641151,30.210464,58
282794970,6889.01,PC,PC,13.2247,2459665.724956,10.5465818350526,3.4172956238187,26790.7015541811,34.17052,50
5364106,6890.01,PC,PC,11.0866,2459256.542863,.0,8.80648964475512,1970.17799225902,15.217741,"35,62"
165312726,6891.01,PC,PC,13.4184,2459614.499062,8.31066034027041,1.65066856095045,9717.19341982357,7.6166553,48
253054954,6892.01,PC,PC,13.0658,2459616.90412,17.8961831705181,5.83023465721618,6620.00977743499,12.904695,48
272125414,6893.01,PC,PC,8.18933,2460231.546682,.0,13.4131846202057,1002.27304528613,25.204124,70
67512645,6894.01,PC,CP,14.9046,2459639.258654,3.3706302672769,1.51839443887979,166589.910738589,49.979717,49
252537013,6895.01,EB,FP,10.4505,2460600.030798,7.0469712,2.551,1020,13,"16,17,57,77,84"
9707944,6896.01,PC,PC,10.6939,2459107.483645,19.73583845987703,5.174985681045866,1173.2272365863857,17.143877,"29,42,69,70,92"
89043973,6897.01,PC,PC,13.5242,2459068.397736,8.33017403123219,3.7768039921522,8477.60528790894,11.890831,"28,68"
441158994,6898.01,PC,PC,10.5941,2460876.356919,18.10813857172977,3.2738723574195463,2211.4061697501375,30.593046534874503,"1,28,68,95"
441158994,6898.02,PC,PC,10.5941,2460172.083716,43.868159502735594,2.6386520362311066,1461.4750110890877,8.444072225875232,"1,28,68,95"
139879080,6899.01,PC,PC,9.3703,2458327.520562,2.86259369827738,2.66393891230724,150.700761211749,7.4549885,"1,27,28,68"
140893722,6900.01,PC,PC,11.5872,2458332.823317,13.9223368323627,3.08973411579335,551.956821221666,8.67672,"1,2,3,4,5,6,8,9,10,11,12,13,61,62,63,64,65,66,68,69"
262928973,6901.01,PC,PC,10.61,2459036.647119,3.27278591587038,1.70341502136011,450.923548230266,7.6137133,"27,28,66,68"
167656187,6902.01,PC,PC,5.6801,2458358.329043,36.435858931109,9.25225338286972,384.044181723472,20.04161,"2,3,4,5,6,7,8,9,10,12,13,27,28,29,30,31,32,33,34,35,36,37,38,39,62,63,64,66,67,68,69"
9216075,6903.01,PC,APC,8.7302,2458357.606713,4.96767840777522,0.926965957078131,540.793476946355,8.405678,"2,29,69"
387294150,6904.01,PC,PC,11.4353,2459038.047363,16.8267434242312,2.4103679106128,1999.91284289486,8.290459,"27,67"
354846183,6905.01,PC,PC,10.4547,2459044.538434,1083.55759866227,8.35008125416704,2930.07141075459,36.1946,"27,67"
195192253,6906.01,PC,PC,13.6336,2460260.963304,3.47701708868591,2.51012180960406,19986.425352409,18.759932,72
198185513,6907.01,PC,PC,13.8213,2460286.464218,3.37950992822688,2.70552810164629,18575.2343450977,18.954876,73
197039766,6908.01,PC,PC,11.2167,2460288.919876,3.71207760544966,3.07348162121719,1532.39956688411,8.428779,73
252913663,6909.01,PC,PC,14.0865,2460286.806094,4.42846763843038,2.44950316657288,11582.5189831234,7.9259105,73
288471046,6910.01,PC,PC,13.7111,2460286.751606,2.513930224290295,2.991238448134915,12564.196452583534,34.9886,"73,74,75,76,77,78"
428812049,6911.01,PC,PC,8.96016,2460645.525605,16.2520546,8.647,220,14,"19,20,25,26,52,53,59,60,73,79,86"
67181830,6912.01,PC,PC,8.5627,2460302.339448,7.63779,2.251,318,9,"19,59,73"
121070864,6913.01,PC,PC,10.4371,2460312.097225,0.5843146,0.555,1043,13,"19,73"
59369068,6914.01,PC,PC,11.926,2459541.688032,9.3079811,3.235,6907,22,"44,45,71"
367439938,6915.01,PC,PC,10.5681,2460307.879824,2.4915545,1.2,667,9,"19,43,44,45,59,71"
264159776,6916.01,PC,PC,12.8463,2459222.28434,3.9155539,3.72,12003,24,"7,33,71"
47220926,6917.01,PC,PC,13.2757,2460251.990426,9.7716812,5.281,4411,13,"6,32,43,44,45,71"
365509373,6918.01,PC,PC,12.292,2460237.50057,14.2308461,5.835,4278,21,"5,32,43,44,70,71"
69054388,6919.01,PC,APC,12.3552,2460257.988955,0.7603078,0.363,5657,23,"43,44,71"
84126162,6920.01,PC,FP,13.3268,2460254.527369,3.6688102,2.151,8447,14,"43,44,45,71"
58474992,6921.01,EB,FP,12.1157,2460195.279658,25.714253,6.373,33131,68,"43,44,70,71"
114422211,6922.01,PC,PC,12.7166,2460279.448492,5.0989519,2.118,4236,11,"44,45,71,72"
418184767,6923.01,PC,PC,12.7155,2460279.688465,6.7274903,2.944,15103,34,"45,46,72"
91777086,6924.01,PC,PC,12.24,2459402.288342,91.9283414,4.343,7033,13,"6,33,43,44,45,71,72"
57147191,6925.01,PC,PC,14.8966,2460282.555616,5.9785287,2.481,59578,20,"44,45,71,72"
76731445,6926.01,PC,PC,12.1756,2460278.003661,8.2864221,5.859,3916,21,"43,44,45,71,72"
67349298,6927.01,PC,PC,13.0985,2460285.161253,4.3427321,1.23,7461,20,"44,45,46,71,72"
45376816,6928.01,PC,PC,13.3511,2460284.495498,3.8978437,3.523,14344,18,"71,72"
49524528,6929.01,PC,PC,12.7026,2459561.065029,719.5740937,2.942,19525,16,"46,72"
462507821,6930.01,PC,PC,12.9171,2460273.053249,7.2218817,2.116,8080,18,"44,45,46,71,72"
307375528,6931.01,PC,PC,12.8582,2460283.230469,2.2183625,2.773,4409,23,"6,33,43,44,45,71,72"
63307816,6932.01,PC,PC,13.1823,2460267.79967,8.9533044,5.747,6349,13,"45,46,72"
78290597,6933.01,PC,PC,11.7123,2460279.092063,9.765482,5.01,2552,13,"46,72"
19560484,6934.01,PC,PC,12.8359,2460282.962785,2.8398671,3.091,8268,22,"71,72"
270048796,6935.01,PC,PC,14.4404,2460285.453378,1.763034,1.849,21098,14,"71,72"
63082902,6936.01,PC,PC,12.2709,2460266.812702,10.298566,2.022,4219,15,"44,45,46,71,72"
294434193,6937.01,PC,PC,11.8356,2460283.743107,1.3809769,1.229,927,12,"6,33,43,45,71,72"
114600571,6938.01,PC,PC,13.1593,2460277.283118,4.8789974,6.112,4762,15,"43,44,45,71,72"
88929544,6939.01,PC,PC,13.3117,2460282.14487,1.9207699,1.448,8247,11,"43,44,45,71,72"
421006834,6940.01,PC,PC,12.5437,2460285.534539,0.3052608,0.309,1620,13,"7,44,45,46,71,72"
74389253,6941.01,PC,PC,13.4258,2460280.356726,2.9371797,4.009,6422,16,"43,44,45,71,72"
238506223,6942.01,PC,PC,10.9542,2460266.427734,11.2320736,2.549,5174,23,"43,44,45,71,72"
262137985,6943.01,PC,PC,12.3361,2460285.451604,5.6906792,5.548,3155,14,"33,71,72"
421005422,6944.01,PC,PC,10.7077,2460271.568328,12.3027503,3.596,1304,12,"7,71,72"
392022763,6945.01,PC,PC,12.9455,2460271.367836,14.8547783,5.931,8228,15,"44,45,71,72"
14435301,6946.01,PC,PC,13.0434,2460269.63296,13.2272686,1.676,11013,10,"71,72"
457039843,6947.01,PC,PC,11.9687,2460274.152856,6.5202038,4.73,9263,49,"33,44,45,71,72"
438329568,6948.01,PC,APC,12.4004,2460282.695103,5.4911822,0.523,4727,13,"6,33,43,44,45,71,72"
45905504,6949.01,PC,PC,13.4456,2460280.811771,3.2232502,3.185,7301,15,"43,44,45,71,72"
165965790,6950.01,PC,PC,14.9577,2460284.719845,2.0478359,1.559,40591,14,"71,72"
83180637,6951.01,PC,PC,13.3694,2460279.795164,3.7279887,3.303,13982,29,"43,44,45,71,72"
400466395,6952.01,PC,FP,12.2479,2460311.734906,5.1391542,0.633,6171,16,"43,44,71,72"
70435923,6953.01,PC,APC,12.9312,2460285.315548,0.8204734,1.171,2903,16,"44,45,46,71,72"
443607377,6954.01,PC,PC,11.4374,2460283.831447,4.0207557,2.017,1556,14,"9,36,45,46,72"
81963214,6955.01,PC,PC,12.1032,2460277.209487,5.1185703,6.274,2687,15,"43,44,45,71,72"
294350792,6956.01,PC,PC,13.4137,2460276.864165,12.3900547,5.787,6904,13,"33,43,44,45,71,72"
30853990,6957.01,PC,PC,10.8865,2458377.045676,160.676020785621,9.53449182436045,959.828571487707,12.473484,"1,2,3,4,5,6,7,8,10,11,12,13,61,62,64,65,66,67,68"
219108677,6958.01,PC,PC,14.034,2460316.951093,5.98157445098558,2.55744435879608,41908.6246041418,25.677565,74
230013442,6959.01,PC,PC,14.3021,2460313.98926,3.13819137282553,2.73067850294263,15708.9640285167,10.943628,74
204496071,6960.01,PC,APC,12.6862,2459062.124632,1.30594943758272,1.08680402519669,8517.93333347765,32.956352,"28,68"
404715325,6961.01,PC,PC,11.0921,2459460.590554,17.2367433081828,5.52965103008049,946.150062158661,10.50674,"42,43,70,71"
435339558,6962.01,KP,KP,11.2235,2459456.138592,21.9903619373797,3.87323814310393,1122.30210888484,7.2423134,"42,43,44,70,71"
56658270,6963.01,PC,CP,12.8131,2459475.615758,8.83492609575306,6.24428107720681,6132.25534368024,13.213384,"43,44,59,70,71"
243208884,6964.01,PC,PC,10.0394,2460210.583136,4.76458378597341,0.933230448458517,855.721727499178,8.3950815,"70,71"
80224448,6965.01,PC,PC,6.3103,2459505.193695,5.96933974788986,3.441037976088,105.542420454069,9.836741,"44,45,71,72"
80224448,6965.02,PC,PC,6.3103,2459508.008646,28.06939485536,6.03938180960746,154.300817131919,8.092052,"44,45,71,72"
243030574,6966.01,PC,PC,10.6839,2459449.712088,2.16595219375353,1.59262158265157,431.281517330406,8.518496,"42,43,44,70,71"
27635334,6967.01,KP,KP,11.6736,2459502.375963,4.73355750514672,3.20892344814356,930.250351853628,8.475602,"44,45,46,71,72"
121990418,6968.01,PC,PC,12.0086,2460340.703809,2.34750505672534,2.82812224642093,1972.37182934227,11.758662,"74,75"
17129975,6969.01,PC,FP,12.367,2460340.479242,1.5142292181356,1.71904157544925,5271.45586353974,15.659901,75
17129975,6969.02,PC,PC,12.367,2460342.859563,4.5565613542041,2.79664709224438,5389.41061934515,14.334471,75
271749758,6970.01,KP,KP,13.9354,2460342.99711,11.7144469816301,3.51318220606517,12763.9935021849,8.963072,75
354031707,6971.01,PC,PC,8.49335,2460343.972407,4.18669885376681,6.55439181450792,2199.89363037156,37.50253,75
219824470,6972.01,PC,PC,10.388,2459661.074326,5.4809114,4.908,2237,28,"16,22,23,49"
427765233,6973.01,PC,PC,8.7622,2459857.549027,31.6527509,3.72,940,23,"17,18,24,57,58"
348684814,6974.01,PC,PC,11.5622,2459976.900453,7.7517707,3.975,4381,16,"8,35,61"
158381418,6975.01,PC,APC,11.9453,2460038.793473,2.1449013,3.043,6115,45,"9,36,63"
5972036,6976.01,PC,PC,9.9853,2460037.517533,1.7346044,1.084,1007,24,"9,35,36,62,63"
436575927,6977.01,KP,KP,11.4398,2460250.885968,5.0957983,1.772,714,26,"43,44,70,71"
320847025,6978.01,PC,PC,7.5621,2458661.083459,9.12581361530243,3.17301203013736,169.721822252026,8.087693,"13,27,67"
26078330,6979.01,KP,KP,11.584,2459451.225412,8.75470797754477,3.46444025073986,1527.6748938752,10.061081,"42,43,44,70,71"
422912527,6980.01,PC,PC,7.9859,2459463.700632,.0,2.85546996243588,409.34134813689,8.643342,"4,42,43,71"
443823169,6981.01,PC,PC,11.6627,2459559.051804,425.450696267,2.947261593329469,4753.282994318885,13.416479,"7,34,44,45,46,61,71,72"
113921235,6982.01,PC,CP,11.3281,2459518.397405,59.847399221,4.36966642059026,11392.7507656146,67.36197,"42,43,44,70,71"
368628986,6983.01,PC,PC,9.57157,2459465.951361,31.1571613012446,5.9839921882392,336.599084092973,7.970287,"42,43,70,71"
83181153,6984.01,KP,KP,12.7079,2460256.948124,.0,5.12894521062612,3407.84868644241,7.561934,"43,44,45,71,72"
59490344,6985.01,PC,PC,8.3323,2459509.801369,748.714625138397,6.66891520173361,1655.35090655182,14.2413435,"44,45,46,71,72"
366302410,6986.01,PC,PC,14.7975,2460310.606085,1.2117417,1.046,33487,20,"43,44,59,73"
21035365,6987.01,PC,PC,12.9994,2460311.481638,4.6017382,2.615,17212,27,"19,59,73"
70897115,6988.01,PC,PC,13.1421,2460291.074464,13.414031,4.578,6670,15,"19,59,60,73"
261141602,6989.01,PC,FP,11.9409,2460310.065308,1.4956727,1.965,3708,24,"19,59,73"
353302490,6990.01,PC,PC,13.4815,2460309.569095,1.5829358,1.64,11242,27,"19,43,44,45,73"
440562226,6991.01,PC,APC,13.4136,2460311.068106,0.9902419,1.405,16490,29,"60,73"
259330386,6992.01,PC,PC,10.7962,2460306.67632,15.1389808,2.71,1596,10,"19,59,73"
408656366,6993.01,PC,APC,12.2414,2460312.391299,0.3695622,0.446,2001,15,"19,59,73"
55390413,6994.01,PC,FP,13.2387,2460309.126842,1.8819016,1.162,5107,11,"19,20,60,73"
383829317,6995.01,PC,PC,11.2722,2460320.796139,9.9444971,3.171,3078,19,"14,26,40,53,54,74"
41875043,6996.01,PC,FP,12.9691,2460337.887281,0.9602835,1.497,3132,15,"14,40,41,53,54,74"
357858008,6997.01,PC,PC,12.6255,2460310.677091,16.179367,3.903,10730,17,"26,54,74"
350733403,6998.01,PC,PC,12.6338,2460370.355785,27.035894,3.477,3817,15,"14,17,18,19,20,21,23,24,25,26,40,47,50,51,52,53,54,57,58,60,73,74"
444977814,6999.01,PC,FP,12.4889,2460328.262835,11.3689753,5.492,5979,17,"20,47,74"
154926644,7000.01,PC,PC,12.5322,2460336.036755,2.7897577,3.375,3360,44,"14,19,20,21,26,40,41,47,52,53,59,73,74"
85113291,7001.01,PC,PC,14.5962,2460317.2434,16.3475547,1.873,46329,12,"40,53,74"
317290270,7002.01,PC,PC,12.866,2460338.349222,4.9792822,4.331,4376,15,"26,40,53,54,74"
219707850,7003.01,PC,PC,14.2717,2460338.155539,0.7331156,0.559,45524,59,"40,47,53,60,74"
390207998,7004.01,PC,PC,12.5926,2460321.753883,9.8162989,5.37,2369,12,"14,26,40,41,53,54,74"
99834321,7005.01,PC,APC,12.8725,2460366.005379,8.1420107,1.89,5380,13,"14,21,41,47,48,74,75"
343336312,7006.01,PC,PC,12.8066,2460393.557616,51.9120896,4.975,15569,30,"15,16,17,24,55,56,57,58,75"
289441015,7007.01,EB,FP,12.695,2460394.089956,1.5342604,3.271,1768,10,"15,16,55,56,75"
335661164,7008.01,PC,PC,12.9055,2460365.878231,0.8406912,1.489,2554,27,"14,15,19,20,21,26,40,41,47,48,53,60,73,74,75"
405837291,7009.01,PC,PC,12.9341,2460392.364327,2.3206673,0.969,2935,12,"14,15,16,41,54,55,56,57,74,75"
233867481,7010.01,PC,PC,13.0287,2460415.354189,4.1976032,1.971,10045,31,"14,17,41,55,57,75"
167631701,7011.01,PC,PC,12.9664,2460369.656214,19.394038,4.082,10061,13,"15,16,55,56,75"
322369867,7012.01,PC,PC,13.3792,2460387.423383,4.0197822,3.18,5109,14,"15,16,41,55,56,75"
67246795,7013.01,PC,PC,12.6968,2460362.063352,4.2451891,2.663,5546,14,"15,41,55,75"
158657991,7014.01,PC,APC,12.5233,2460366.837105,0.7406805,0.598,2428,17,"14,40,41,53,55,74,75"
11894726,7015.01,PC,PC,14.3528,2460359.065148,7.0687489,0.515,50423,15,"48,75"
16740548,7016.01,PC,PC,13.3901,2460366.663055,1.598803,2.438,14208,40,"14,15,41,55,75"
1881298619,7017.01,PC,PC,13.1719,2460363.019969,5.0826878,5.11,7327,19,"14,15,41,54,55,74,75"
156512187,7018.01,PC,PC,12.9092,2460352.534386,20.3158735,5.276,39235,110,"14,15,20,21,26,40,41,47,48,53,60,73,74,75"
366119858,7019.01,PC,CP,12.7199,2460328.380324,48.2590904,6.299,6743,22,"14,18,25,26,40,41,48,52,53,54,55,58,74,75"
233287217,7020.01,PC,PC,11.3226,2460394.056309,3.1642475,1.115,2330,20,"14,15,54,55,56,74,75"
233855268,7021.01,PC,PC,12.2564,2459881.26001,49.5355004,8.483,5687,17,"14,15,16,41,55,56,57,75"
125366299,7022.01,PC,PC,12.9085,2460392.427201,2.8583729,1.236,11829,26,"15,55,56,75"
230856987,7023.01,PC,PC,13.1587,2460365.559902,2.3404152,2.522,11265,17,"15,41,55,75"
354032153,7024.01,PC,PC,14.0905,2459634.914183,1.9639208,1.467,30553,22,"48,75"
219803922,7025.01,PC,PC,11.3683,2460340.028469,66.9954225,2.024,5477,28,"14,15,16,17,18,19,20,21,22,23,24,26,40,41,47,48,49,50,51,53,54,55,57,59,60,73,74,75"
219809549,7026.01,PC,PC,13.0172,2460314.948852,65.5580424,4.167,6381,16,"14,15,16,18,19,20,21,22,23,25,40,41,48,49,50,52,53,55,59,60,73,74,75"
164783371,7027.01,PC,PC,13.0105,2460367.077518,4.2885021,1.427,4402,12,"14,40,41,53,55,74,75"
416195843,7028.01,PC,PC,12.9405,2460420.816602,2.4596079,2.168,2195,25,"14,15,16,17,19,20,22,23,24,25,26,40,41,47,49,50,52,53,54,55,56,57,58,59,60,73,74,75"
446166017,7029.01,PC,PC,14.8347,2460392.777339,1.9271521,1.201,58745,26,"48,49,75"
430930679,7030.01,PC,PC,9.6396,2460419.652587,2.5604496,1.339,423,10,"16,17,56,57,76,77"
284592989,7031.01,PC,PC,14.367,2460368.419612,1.79110158449618,1.31927514933677,12254.9439752333,8.21445,76
22903436,7032.01,PC,PC,8.1532,2460397.022821,17.7456043,2.675,1203,27,"23,49,50,76,77"
29953537,7033.01,PC,PC,10.2097,2460013.337525,0.7312783,1.289,322,11,"8,9,35,36,62"
418981325,7034.01,PC,APC,10.4875,2460448.381202,0.9082202,1.461,605,14,"17,18,24,58,78"
366074071,7035.01,PC,PC,10.2955,2460448.966726,4.18142,4.43,7013,52,"17,18,24,25,58,78"
284300833,7036.01,PC,PC,14.4804,2460434.686218,3.05132975724929,1.49112456106813,23465.9068147292,8.032618,78
269343479,7037.01,PC,APC,12.0302,2459244.90244,4.1279985,1.698,3450,14,"7,34"
210904767,7038.01,PC,PC,8.9498,2460079.460235,8.6000492,3.059,639,17,"12,39,65"
329981856,7039.01,PC,PC,10.0679,2460088.850177,3.3206355,4.732,667,11,"11,12,38,65"
277039287,7040.01,PC,PC,11.6081,2460128.288364,21.0562421910897,4.41903977403748,2640.33719882415,8.68239,67
201175570,7041.01,PC,CP,10.264,2460160.362835,9.69946657672456,15.7960067603457,512.9617960606,8.977671,"68,69"
345724317,7042.01,PC,FP,10.4875,2460478.507055,2.817627,1.455,868,9,"25,52,79"
57299130,7043.01,PC,PC,9.094,2460463.610974,17.3840061,3.932,561,13,"24,25,51,52,78,79"
263723967,7044.01,PC,PC,10.1135,2460473.081723,15.9669794,3.514,2229,16,"25,52,79"
21720215,7045.01,PC,PC,9.90787,2460477.847283,2.2775983,1.3,1131,14,"25,79"
201899356,7046.01,PC,PC,12.1788,2459139.157588,3.1084574,2.534,9902,86,"2,3,29,30"
31142436,7047.01,PC,PC,11.7732,2459199.606231,5.2729668,3.738,1177,13,"5,6,32"
235015217,7048.01,PC,PC,12.269,2460175.328426,4.0863647,2.213,4671,10,"1,28,68"
337217173,7049.01,PC,PC,11.5546,2460214.323255,40.3833862,2.345,6555,3,"4,31,42,70,71"
50592053,7050.01,PC,PC,10.3139,2460505.634065,1.4182984,0.654,2124,28,"26,40,53,80"
18574158,7051.01,PC,FP,10.3552,2460500.349484,4.9131459,1.25,4488,17,80
22038430,7052.01,PC,PC,8.9588,2460500.659766,2.8862017,0.487,412,12,"26,40,52,53,79,80"
329821992,7053.01,PC,PC,7.78306,2460503.94237,2.8637988,2.746,266,11,80
62676654,7054.01,PC,PC,11.9766,2460482.548909,14.759560141625,5.57900651312134,16406.5561432771,38.529953,80
167227214,7055.01,KP,KP,11.6961,2460482.92975,3.12904756214867,3.4092950457737,13426.2063185097,52.13905,80
110178537,7056.01,KP,KP,12.419,2460481.443181,2.9932819744440065,2.5766956490895483,14780.300954580605,17.353601,80
325670253,7057.01,KP,KP,12.8999,2460480.135888,3.37774192505337,2.81474351833484,17290.4349880852,15.525996,80
317520667,7058.01,KP,KP,10.1154,2460480.429067,2.46518010117032,3.56681451955112,11993.572763013,48.531815,80
104866616,7059.01,KP,KP,11.1323,2460481.357046,4.4626646561842485,3.080270494759224,7983.827051886782,40.222755,80
469810663,7060.01,PC,PC,10.0094,2460844.812136,5.849681925912327,3.4496487175681363,439.1501485099378,15.620189573511881,"13,27,66,67,93"
469810663,7060.02,PC,PC,10.0094,2460121.59996,1064.700399,3.285,1294,10,"13,27,66,67"
244089109,7061.01,KP,KP,9.13055,2460532.279247,2.1376682,1.879,8819,159,81
23961340,7062.01,PC,PC,8.863,2460528.435521,10.5137924,2.275,1611,19,81
248769312,7063.01,PC,PC,8.8868,2460527.926189,3.7570477,1.938,340,10,"55,81"
376867898,7064.01,PC,PC,8.47427,2460466.125236,61.5555962,6.996,182,11,"14,15,16,17,19,20,21,22,23,24,25,26,40,41,47,49,50,52,53,54,55,56,57,58,59,60,73,74,75,76,77,79,80,81"
383723559,7065.01,PC,FP,9.58671,2460530.686654,2.6667526,2.594,190,12,"14,26,41,53,54,74,80,81"
405010127,7066.01,KP,KP,13.8215,2460509.503679,13.2341261104799,2.37051567420922,18389.509247178,8.3981695,81
139158696,7067.01,KP,KP,14.5293,2460509.909088,15.3573521576225,3.58944674310863,21072.3970721469,7.589142,81
137685450,7068.01,KP,KP,11.4605,2460517.615013,.0,20.5949466047953,4156.28182034657,17.3525,81
160428500,7069.01,PC,PC,10.4371,2460549.089507,8.7201675,3.11,957,13,"15,55,56,82"
289218489,7070.01,PC,PC,9.55763,2460555.634073,4.4563756,3.316,308,9,"55,82"
14203588,7071.01,PC,FP,8.58502,2460555.517038,5.5334128,6.74,169,14,"14,15,41,55,81,82"
298658399,7072.01,PC,PC,10.032,2460557.683136,0.8118915,0.909,1245,38,"15,55,56,82"
276922692,7073.01,PC,PC,12.3907,2460554.021047,13.1689848,7.607,2592,13,"14,15,16,41,56,75,76"
138609069,7074.01,PC,PC,13.4554,2460555.870633,4.6504794,5.051,6221,13,"15,16,55,56,76"
66266024,7075.01,PC,PC,13.3337,2460557.746647,2.8120379,1.647,11880,26,"15,41,55,56,75,76"
138225319,7076.01,PC,PC,12.9805,2460553.136841,3.4747684,3.054,4548,13,"15,16,55,56,75,76"
188814758,7077.01,PC,PC,11.86,2460557.395627,6.403011,5.82,3868,18,"15,41,55,56,76"
233266582,7078.01,PC,PC,12.177,2460553.361723,6.3962557,2.826,2257,15,"14,16,54,55,56,74,75,76"
287191183,7079.01,PC,APC,11.9823,2460388.539526,12.1252851,6.998,2706,27,"14,15,16,40,41,54,55,56,60,74,76"
366725641,7080.01,PC,PC,12.3503,2460377.247914,36.6892187,6.446,7413,19,"41,55,56,75,76"
142385671,7081.01,PC,PC,13.4426,2460394.126272,12.7617794,4.223,26352,51,"14,15,21,22,41,48,49,75,76"
22740615,7082.01,PC,PC,14.2582,2460393.685953,2.253174,1.118,81734,30,"49,76"
286923515,7083.01,PC,PC,12.8442,2460380.018139,7.6253466,6.702,2810,9,"15,16,22,49,76"
165337974,7084.01,PC,PC,11.5681,2460544.198459,21.8153374,4.087,2502,14,"15,55,56,75,76"
364571121,7085.01,PC,APC,14.7751,2460554.822529,2.202258,1.046,48647,18,"55,56,75,76"
199289712,7086.01,PC,FP,13.3747,2460393.22877,1.0092447,1.472,7501,18,"56,76"
233266797,7087.01,PC,PC,13.0721,2460555.516756,7.9039906,3.996,3040,11,"14,16,54,55,56,74,75,76"
274411493,7088.01,PC,APC,11.5896,2460545.183019,7.1554749,2.213,1811,10,"15,55,56,75,76"
195933415,7089.01,PC,PC,9.3672,2460366.591502,1.5852089,1.137,450,16,"15,41,55,56,75"
166178400,7090.01,PC,APC,11.4434,2460291.411091,60.6825768,3.983,8480,27,"14,15,16,21,22,23,48,49,75,76"
296327387,7091.01,PC,PC,13.1968,2460549.960401,4.8510805,3.132,9714,22,"14,16,41,55,56,75,76"
195483731,7092.01,PC,PC,13.0673,2460558.163842,1.102219,1.538,4361,13,"15,16,41,55,56,75,76"
62867537,7093.01,PC,APC,11.9812,2460556.437706,2.8371938,1.904,15303,63,"15,16,55,56,76"
452864692,7094.01,PC,PC,12.527,2460422.037504,2.1125062,1.228,5858,24,"16,17,56,57,76,77"
395214388,7095.01,PC,PC,12.3311,2460416.357819,4.6745746,8.627,1731,15,"16,17,56,57,76,77"
199488690,7096.01,PC,PC,12.0366,2460565.044613,3.3505745,4.633,3685,21,"56,57,76,77"
293949992,7097.01,PC,PC,12.6142,2460554.558834,4.1560086,2.954,2503,17,"14,16,41,54,55,56,57,74,75,76,77"
313922260,7098.01,PC,PC,13.1922,2460420.866667,1.3821651,2.435,9250,16,"16,17,57,77"
430415564,7099.01,PC,PC,12.9147,2460570.432916,4.4264918,6.059,3584,16,"56,57,76,77"
325765282,7100.01,PC,PC,13.1187,2460418.422197,7.4156006,2.76,12272,20,"16,17,56,57,76,77"
444209952,7101.01,PC,PC,12.308,2460422.426526,1.8471592,1.958,6589,25,"17,24,57,77"
469523613,7102.01,PC,PC,13.3122,2460422.721923,1.1838059,1.307,4487,11,"15,16,17,57,76,77"
197604890,7103.01,PC,PC,11.0011,2460565.253325,5.3590843,2.477,3018,30,"16,56,57,76,77"
371579161,7104.01,PC,FP,12.0545,2460423.29306,2.2215349,2.869,3539,19,"16,17,57,77"
417564823,7105.01,PC,PC,13.3592,2460421.980929,17.0548288,4.555,5295,10,"15,16,17,24,56,57,76,77"
66545173,7106.01,PC,FP,13.3622,2460568.642831,2.7945508,2.978,8242,13,"16,17,57,77"
237019002,7107.01,PC,PC,12.1748,2460418.354009,8.6145655,4.84,6195,43,"15,17,24,41,55,56,57,75,76,77"
430406538,7108.01,PC,PC,13.0372,2460419.743954,2.4425105,2.964,5639,20,"16,56,57,76,77"
430845815,7109.01,PC,PC,12.8137,2460419.556623,3.2396607,2.42,6158,20,"16,56,57,76,77"
266488971,7110.01,PC,PC,13.2009,2460541.666163,8.8182594,2.169,5493,13,"14,15,16,40,41,50,54,55,56,57,60,74,75,76,77"
200465781,7111.01,PC,PC,12.9436,2460422.363607,7.0634276,2.056,5286,9,"16,56,57,76,77"
66286602,7112.01,PC,PC,13.3724,2460569.248825,3.424993,2.134,6276,14,"16,17,56,57,76,77"
335624180,7113.01,PC,PC,12.6686,2460418.978111,4.6351977,3.856,11113,36,"16,17,24,57,76,77"
365712006,7114.01,PC,FP,13.0267,2460421.843189,3.0436916,2.414,8182,19,"15,16,56,57,76,77"
361944563,7115.01,PC,APC,13.0031,2460422.939267,0.8738186,1.229,5487,16,"16,17,57,77"
325908483,7116.01,PC,PC,12.3657,2460547.31876,18.9438583,4.108,12167,26,"56,57,76,77"
199676274,7117.01,PC,APC,12.7978,2460570.346055,8.8691255,1.588,10597,19,"16,56,57,76,77"
286382849,7118.01,PC,PC,10.8086,2460335.382473,37.8016862,3.788,1734,15,"15,16,17,24,56,57,76,77"
420383981,7119.01,PC,PC,12.2118,2460422.161169,2.5933417,3.253,9482,43,"16,17,57,77"
64198376,7120.01,PC,PC,12.8736,2460417.301478,3.1739167,3.65,2669,10,"15,16,56,57,76,77"
469436001,7121.01,PC,FP,13.149,2460558.272226,0.9739887,1.594,2904,16,"15,16,17,41,55,57,75,77"
277853911,7123.01,PC,PC,14.8916,2460422.955042,0.3075961,0.49,124509,102,"56,57,76,77"
345596003,7124.01,PC,PC,13.3745,2460448.586834,2.6414334,2.508,19204,41,"17,24,57,77,78"
272829240,7125.01,PC,PC,13.9933,2460435.644849,21.7276636,2.924,43934,19,"57,58,77,78"
344855300,7126.01,PC,PC,12.066,2460443.355876,3.2966077,3.965,4963,31,"17,24,57,58,77,78"
256418577,7127.01,PC,PC,12.3008,2460443.235696,3.3683989,4.63,3874,25,"18,24,58,78"
269231011,7128.01,PC,PC,12.8934,2460446.225112,2.9650741,2.412,6279,16,"17,24,57,58,77,78"
434086605,7129.01,PC,PC,13.2574,2460446.144686,8.8204144,7.63,4100,14,"17,24,57,58,77,78"
434270112,7130.01,PC,PC,13.2252,2460448.282106,1.2433877,1.65,2757,13,"17,18,24,57,58,77,78"
419524589,7131.01,PC,PC,12.551,2460442.171452,5.3295884,3.713,5530,19,"17,18,24,58,78"
404898080,7132.01,PC,PC,13.1626,2460447.098472,1.4716633,1.23,9168,33,"16,17,18,24,56,58,76,77,78"
420018238,7133.01,PC,PC,12.7389,2460444.955587,3.8282053,3.891,4275,19,"17,18,24,58,78"
269102377,7134.01,PC,PC,12.4029,2460447.741586,3.5899561,3.434,3727,16,"17,18,57,58,77,78"
188539008,7135.01,PC,PC,12.6634,2460428.760564,10.6185545,1.537,10466,12,"24,51,78"
470749725,7136.01,PC,PC,13.027,2460439.074838,5.6897753,4.153,6064,13,"17,18,24,57,58,77,78"
161687209,7137.01,O,FP,12.8161,2460556.902324,1.2529962,1.083,14080,69,"15,16,22,24,49,50,51,76,77,78"
269514008,7138.01,PC,PC,12.081,2460449.126023,5.4149624,1.24,4028,12,"17,24,57,58,77,78"
269330087,7139.01,PC,PC,12.6728,2460446.086485,3.8850223,1.209,6113,19,"17,18,24,57,58,78"
371909591,7140.01,PC,PC,12.5317,2460444.617322,5.1879527,5.979,3524,17,"24,57,77,78"
235717158,7141.01,PC,PC,14.2442,2460478.279335,2.4141149,1.329,10760,15,"40,41,47,52,53,59,60,73,74,79"
263723781,7142.01,PC,PC,13.3053,2460468.090924,6.5433068,3.114,26297,21,79
408548144,7143.01,PC,PC,12.6106,2460478.124385,1.1376981,1.02,1217,11,"19,20,25,40,47,52,53,59,60,73,74,79"
400235555,7144.01,PC,PC,12.7353,2460479.275372,0.5289141,1.087,2503,13,"26,52,53,79"
8416274,7145.01,PC,PC,13.0371,2460411.471118,23.2471066,2.031,12754,12,"24,25,51,52,78,79"
402848417,7146.01,PC,FP,12.2041,2460452.349237,28.4664618,5.958,4267,20,"18,19,25,26,52,53,58,59,73,78,79"
405542683,7147.01,PC,PC,13.7182,2460478.300226,1.3473988,0.444,11164,13,"51,52,78,79"
351599985,7148.01,PC,PC,12.1285,2460479.465086,1.3432587,1.534,2215,12,"25,52,79"
459323923,7149.01,PC,CP,14.8294,2460475.347656,2.6520679,1.53,126188,36,"51,52,78,79"
352284958,7150.01,PC,PC,13.085,2460478.398152,0.8818115,1.558,2067,12,"18,19,24,25,52,58,59,78,79"
331619598,7151.01,PC,PC,11.5576,2460466.65721,7.1467369,3.913,1157,13,"19,25,26,52,53,59,73,79"
378860702,7152.01,PC,PC,11.878,2460475.218903,3.1875721,1.825,4278,23,"18,25,58,59,78,79"
154869806,7153.01,PC,PC,12.1854,2460435.799232,27.6174987,4.509,2176,11,"19,20,25,26,40,47,52,60,73,74,79"
377622130,7154.01,PC,CP,11.9445,2460464.049893,8.8600515,2.493,10563,29,"26,52,53,79"
468350765,7155.01,PC,PC,11.8389,2460477.353609,3.8949005,2.171,1071,13,"18,19,25,26,52,58,59,73,78,79"
376354189,7156.01,PC,PC,14.6049,2460478.565091,1.9299641,0.37,26801,11,"52,59,79"
469523619,7157.01,PC,PC,12.3132,2460422.722728,1.1838063,1.233,1853,11,"15,16,17,57,76,77"
431033767,7158.01,PC,PC,13.1238,2460423.52283,3.338577,3.519,3620,14,"16,17,56,57,76,77"
444159424,7159.01,PC,PC,12.492,2460418.158216,8.8922064,3.709,5250,10,"16,17,57,77"
154264903,7160.01,PC,PC,12.934,2460571.181382,3.0825102,3.708,4011,20,"16,17,56,57,76,77"
415461195,7161.01,PC,PC,11.951,2460417.120955,3.8285502,5.248,2531,22,"16,17,57,76,77"
341005781,7162.01,PC,PC,14.4397,2460555.536835,8.6393678,2.325,22505,12,"56,57,76,77"
343774169,7163.01,O,FP,11.2584,2460414.450374,5.3913891,1.995,4086,17,"16,17,57,77"
326470400,7164.01,EB,FP,9.8447,2460087.796502,736.5528811,4.735,1432,13,"11,38,65"
239277658,7165.01,KP,KP,14.1223,2460534.504554,3.25096567932248,3.22611611142941,7218.2612357673,7.5902185,82
288421619,7166.01,PC,CP,13.123,2460537.646846,12.9228111305089,1.59802069233177,8723.25644591001,10.537934,82
456482025,7167.01,PC,PC,11.8246,2460563.749169,13.7237530378138,2.35938780275188,3129.08136484906,9.015418,83
427685831,7168.01,KP,KP,11.3819,2460560.085062,1.74977464574241,1.86910362386687,29973.7051609248,209.54361,83
372048733,7169.01,PC,PC,11.908,2460560.150984,3.43757105366328,3.92554367987658,10435.070842856,26.600117,83
63100069,7170.01,PC,PC,12.8317,2460234.779918,1.91709596119284,1.04020813653838,4017.07920741427,12.882789,"71,72"
420191136,7171.01,PC,PC,8.98453,2460577.801284,23.5367004,5.715,443,15,"16,56,57,76,77,83,84"
302173245,7172.01,PC,PC,11.5702,2460585.788869,2.75479489558646,2.26531649783824,1434.20269539642,7.3292003,84
268727719,7173.01,PC,FP,13.3892,2460584.788484,0.625735199660581,0.836198523333261,13403.1636987354,18.25266,84
25472026,7174.01,PC,PC,11.6951,2460586.04538,4.2422767486372,2.86054966055649,4728.47409468695,19.666172,84
26999884,7175.01,PC,PC,9.54026,2460607.53278,2.9944941,3.62100701461563,2479.36713336512,15.251588,"17,24,57,77,84"
44161614,7176.01,PC,PC,10.4361,2459835.668518,.0,4.281,15884,105,"56,83"
51768374,7177.01,PC,PC,9.94212,2460584.132916,6.8434236,3.179,767,15,"56,83"
419877797,7178.01,PC,PC,8.3898,2460581.426091,5.2169076,2.299,334,11,"56,83"
196201652,7179.01,PC,PC,10.3065,2460581.193199,2.7384363,3.018,871,19,"15,16,41,55,56,75,76,82,83"
314992600,7180.01,PC,PC,10.3767,2460582.91736,3.2607791,3.152,574,11,"56,83"
419878733,7181.01,PC,PC,10.3618,2460583.260996,5.1794403,4.628,796,17,"56,83"
408469564,7182.01,PC,CP,8.1891,2460563.963848,14.7126653,3.56,305,10,"42,56,70,83"
422159302,7183.01,PC,FP,9.504,2460602.073075,10.5739387,3.484,493,11,"16,17,24,57,76,77,83,84"
426956677,7184.01,PC,PC,9.70916,2460608.104995,1.1976555,1.257,303,9,"57,84"
77490011,7185.01,PC,PC,14.1398,2460611.292588,2.68813176590528,0.922376422919748,22717.9494983262,10.89585,85
124895104,7186.01,PC,PC,12.4401,2460506.050366,1.7024504,2.913,8210,22,"54,80"
350064389,7187.01,PC,PC,13.38,2460504.187865,2.1570981,1.688,8963,12,"40,53,80"
317849098,7188.01,PC,PC,12.2275,2460500.980635,4.773664,3.987,9489,17,80
18885659,7189.01,PC,CP,13.8273,2460503.943244,2.8890956,2.232,36105,18,80
277499689,7190.01,PC,PC,11.854,2460498.570097,4.1223508,3.103,9275,19,80
364007087,7191.01,PC,PC,12.4188,2460497.252216,5.6604695,4.651,3523,18,"26,52,53,79,80"
123234747,7192.01,PC,PC,10.3691,2460492.948027,16.3425332,3.985,748,11,"14,26,40,41,53,54,74,80"
325086150,7193.01,PC,FP,11.9742,2460495.627524,5.4934218,3.658,18470,19,80
24499407,7194.01,PC,PC,12.5502,2460499.275203,4.167309,4.056,7537,15,80
62682198,7195.01,PC,PC,12.8559,2460498.7426,3.8242663,2.337,20057,19,80
39464158,7196.01,PC,PC,13.3874,2460503.962418,2.7998534,1.415,27117,50,"25,52,53,79,80"
415377888,7197.01,PC,PC,13.0147,2460501.95525,2.5122863,2.23,11307,12,80
317170536,7198.01,PC,PC,13.0084,2460501.081878,4.2271814,3.25,15027,35,"40,53,54,74,80"
310586478,7199.01,PC,PC,13.1385,2460500.30979,3.1540886,1.662,23864,16,80
205044976,7200.01,PC,PC,13.3775,2460500.369706,5.0660693,2.042,18438,12,"54,80"
159893748,7201.01,PC,PC,13.129,2460501.339233,7.2229767,4.132,16049,46,"25,40,52,53,79,80"
116262653,7202.01,PC,PC,13.3328,2460491.080651,7.7600907,1.477,16068,19,"25,40,52,53,79,80"
44388479,7203.01,PC,PC,13.4285,2460502.668438,5.7351935,2.927,18384,13,"79,80"
71083829,7204.01,PC,PC,11.5415,2460532.059652,3.8080897,2.916,8079,31,"54,81"
345009464,7205.01,PC,PC,13.335,2460524.417105,3.4844157,2.963,11801,17,"54,81"
120313529,7206.01,PC,PC,12.6594,2460532.55643,3.5689392,0.9,3138,11,"14,26,40,41,53,54,80,81"
342276668,7207.01,PC,PC,11.0587,2460524.501577,12.0080349,4.649,2736,10,"54,81"
388371132,7208.01,PC,PC,12.4574,2460529.165726,3.6366231,3.385,8385,26,"54,81"
425706173,7209.01,PC,PC,12.6037,2460529.881502,2.6343177,4.765,3792,22,"14,40,41,54,80,81"
466928064,7210.01,PC,PC,12.0768,2460530.938115,2.2609143,1.972,3320,12,"55,81"
374800835,7211.01,PC,PC,12.2983,2460533.070197,10.548504,2.901,7496,20,"55,81"
377253700,7212.01,PC,PC,12.5661,2460572.944785,75.6979471,6.261,6920,28,"14,15,16,17,18,19,20,21,22,23,24,25,26,40,41,47,49,50,51,52,53,54,56,57,58,59,60,73,74,76,78,79,80,81"
336264393,7213.01,PC,PC,12.5392,2460475.688854,36.9870862,3.771,5950,18,"14,26,40,41,53,54,74,80,81"
251803342,7214.01,PC,PC,12.8891,2460517.837184,8.9093753,4.595,9278,14,"54,81"
23912656,7215.01,PC,PC,12.368,2460528.863508,2.7705702,2.502,10283,18,81
69436501,7216.01,PC,PC,12.9812,2460532.675988,3.1243759,3.93,6498,15,"54,81"
151760597,7217.01,PC,PC,12.3942,2460530.653241,3.9859545,3.729,6488,20,"54,81"
279331929,7218.01,PC,PC,12.0952,2460528.877221,4.9030173,3.098,4872,18,"14,41,54,81"
242674266,7219.01,PC,PC,11.9146,2460532.39306,2.9069573,1.568,12330,44,"54,81"
344416349,7220.01,PC,FP,11.86,2460525.487115,7.8365317,2.271,4532,12,"54,81"
110828766,7221.01,PC,PC,13.3537,2460530.577486,1.6233128,2.169,22087,30,"54,81"
466890210,7222.01,PC,PC,11.7068,2460525.773378,5.1869453,4.736,2193,13,"55,81"
157808355,7223.01,PC,PC,13.325,2460532.148419,5.3384038,3.152,4170,13,"14,53,54,74,80,81"
466966249,7224.01,PC,PC,12.0776,2460524.480696,5.5698339,3.807,4318,16,"55,81"
209320688,7225.01,PC,PC,11.8425,2460515.96761,9.7461668,4.218,3751,10,"54,80,81"
350268913,7226.01,PC,PC,13.0054,2460524.612751,3.5191197,3.162,11040,29,"40,53,54,80,81"
287948915,7227.01,PC,PC,12.9248,2460529.786285,2.3593338,2.092,10088,26,"14,41,54,55,81"
397653875,7228.01,PC,PC,12.9816,2460528.227293,2.9324083,2.758,10392,19,"54,80,81"
363040636,7229.01,PC,PC,13.018,2460530.325697,16.7880823,2.882,11919,12,"14,41,54,55,81"
238239232,7230.01,PC,PC,13.4721,2460530.797207,4.3041912,2.64,19405,22,"54,81"
89362689,7231.01,PC,PC,12.8434,2460531.193621,11.0658881,2.254,13656,18,"14,40,41,54,74,81"
282113152,7232.01,PC,PC,14.0292,2460528.404538,3.3221412,1.052,63580,32,"55,81"
394924803,7233.01,PC,PC,13.1494,2460530.610836,3.8413801,3.631,11058,29,"14,40,41,54,74,81"
418629890,7234.01,PC,PC,12.6402,2460532.544337,3.4202745,3.766,7438,20,"54,81"
20607624,7235.01,PC,PC,10.84,2460531.032727,3.4940194,2.014,8323,71,"14,26,40,41,53,54,74,80,81"
374521355,7236.01,PC,PC,13.4732,2460529.436692,4.626302,3.09,11063,12,"54,81"
439598736,7237.01,PC,PC,12.635,2460532.468185,5.7694396,4.625,5455,12,"54,81"
251743761,7238.01,PC,PC,12.5489,2460526.803768,3.930467,2.281,19093,31,"54,81"
383364626,7239.01,PC,PC,10.88,2460524.13603,14.3938942,3.298,6518,27,"55,81"
41839508,7240.01,PC,PC,12.9258,2460532.456668,6.8911882,4.811,4518,19,"14,40,53,54,74,80,81"
456401439,7241.01,PC,PC,11.629,2460532.793481,6.3377947,1.639,9130,43,"54,55,81"
426122272,7242.01,PC,PC,12.371,2460530.42933,2.9383886,3.088,13226,64,"14,40,41,54,74,80,81"
288953761,7243.01,PC,PC,13.434,2460530.263939,3.7352012,2.892,14256,31,"14,40,53,54,74,80,81"
435673126,7244.01,PC,FP,13.1744,2460510.057066,11.5175506,4.259,12852,17,"14,41,54,81"
305026599,7245.01,PC,FP,11.7356,2460530.018458,1.6877647,2.189,1655,19,"14,41,54,55,81"
407135911,7246.01,PC,PC,12.9658,2460529.280209,2.5698331,2.412,10411,28,"14,40,54,74,80,81"
51318828,7247.01,PC,FP,11.3321,2460532.301638,6.8782937,4.407,11342,47,"54,81"
358975793,7248.01,PC,PC,12.9402,2460532.255737,3.8148598,1.404,8744,20,"26,40,53,54,74,80,81"
219089784,7249.01,PC,PC,14.9881,2460659.002541,6.0387706,1.637,29537,22,"49,52,53,56,57,58,59,60,73,77,78,79,80,81,82,83,84,85"
459728249,7250.01,PC,CP,12.2685,2460552.910086,8.9653531,1.893,7094,18,"55,82"
298291597,7251.01,PC,PC,12.4963,2460556.207025,11.5588657,2.368,4691,12,"14,15,41,55,81,82"
289047954,7252.01,PC,FP,13.1872,2460557.285603,1.4207284,1.988,4092,15,"14,54,55,81,82"
383358873,7253.01,PC,PC,11.7715,2460549.611028,5.4240992,2.487,2519,16,"55,81,82"
260767135,7254.01,PC,APC,11.8653,2460580.975917,5.0769983,1.171,3683,15,"15,16,56,82"
166099360,7255.01,PC,FP,12.6221,2460555.161485,1.6831237,1.382,2192,12,"55,56,75,76,82"
334798754,7256.01,PC,PC,11.6578,2460651.068411,8.5748036,11.208,795,33,"15,16,17,19,20,22,23,24,25,26,40,47,49,50,51,52,53,54,55,56,57,58,59,60,73,74,76,77,78,79,80,81,82"
274057129,7257.01,PC,PC,11.5276,2460584.336274,1.0495702,1.54,573,10,"15,16,55,56,75,76,82"
298189225,7258.01,PC,PC,13.033,2460555.634937,6.2384297,2.066,13808,24,"14,15,41,55,81,82"
160103855,7259.01,PC,PC,12.1708,2460570.814668,16.4591808,5.575,4396,14,"15,55,56,82"
418866096,7260.01,PC,FP,12.2011,2460557.305162,6.6308943,1.72,6379,15,"55,82"
297413553,7261.01,PC,PC,13.4962,2460583.45088,2.3273503,1.74,11266,23,"15,16,55,56,75,76,82"
87932853,7262.01,PC,PC,12.3598,2460555.256621,6.4093679,3.114,11126,36,"55,82"
269130683,7263.01,PC,PC,10.7836,2460273.197819,49.2145201,4.537,3135,19,"14,15,41,54,55,74,75,81,82"
258279359,7264.01,PC,PC,13.4315,2460538.176764,10.5637482,2.227,9607,10,"55,82"
275717567,7265.01,PC,CP,14.0157,2460576.091201,4.1723,1.684,46257,22,"55,56,75,76,82"
125695940,7266.01,PC,PC,11.679,2460552.586115,3.8789319,4.488,4722,25,"55,82"
276385231,7267.01,PC,PC,13.4182,2460594.266726,10.3486661,5.78,5059,16,"15,16,17,41,55,57,75,76,77,82"
406548952,7268.01,PC,PC,12.8391,2460536.608775,13.5647678,3.17,10194,27,"14,41,55,81,82"
267817947,7269.01,PC,PC,12.6975,2460597.476483,11.656295,2.665,2171,12,"14,15,16,20,23,40,41,47,50,54,55,56,57,60,73,74,75,76,77,81,82"
184527843,7270.01,PC,PC,12.716,2460546.403491,8.9197222,2.763,4742,14,"14,41,54,55,74,75,81,82"
63232997,7271.01,PC,PC,12.5873,2460573.096573,7.1304113,3.081,4490,15,"15,16,56,76,82"
398099429,7272.01,PC,PC,12.5626,2460543.181468,7.5801393,5.019,3799,12,"55,82"
63550960,7273.01,PC,APC,12.1475,2460553.795518,2.2473177,1.325,6242,38,"14,15,41,55,75,82"
83299322,7274.01,PC,PC,14.6826,2460550.49062,8.908871,1.142,70444,13,"41,54,55,74,75,81,82"
172376068,7275.01,PC,FP,12.585,2460558.594989,6.1211661,2.501,4248,15,"14,41,54,55,74,75,81,82"
267808774,7276.01,PC,PC,12.0813,2460591.368539,14.2317652,8.372,912,15,"14,15,16,20,23,40,41,47,50,53,54,55,56,57,60,73,74,75,76,77,81,82"
396723723,7277.01,PC,PC,13.3795,2460543.106593,7.915274,4.614,13798,20,"55,82"
170440216,7278.01,PC,PC,13.4783,2460552.718219,7.6316525,3.452,30467,43,"14,15,41,54,55,74,75,81,82"
41067039,7279.01,PC,PC,14.9114,2460555.311247,3.1168715,1.742,31842,14,"41,54,55,75,81,82"
396731435,7280.01,PC,APC,12.7871,2460558.081293,0.4246068,0.486,1952,10,"55,82"
198358065,7281.01,PC,PC,14.654,2460658.637173,4.3095502,0.224,17371,15,"40,41,47,48,49,50,51,52,53,54,55,56,57,58,59,60,73,74,75,76,77,79,80,81,82"
387346503,7282.01,PC,PC,13.1439,2460558.617621,5.3346707,3.181,11290,21,"55,82"
298189384,7283.01,PC,PC,11.4542,2460540.259174,9.0612809,6.985,1732,15,"14,15,41,55,81,82"
96885837,7284.01,PC,APC,12.5965,2460556.495248,0.8760587,0.969,2336,11,"55,82"
60446303,7285.01,PC,PC,11.2298,2460554.876539,2.1384533,1.111,1240,10,"55,82"
452741216,7286.01,PC,PC,12.7283,2460568.169556,10.7994273,4.858,9221,27,"15,56,82"
199417958,7287.01,PC,PC,12.7478,2460552.765807,3.9258703,2.993,7452,27,"14,15,41,55,81,82"
405689470,7288.01,PC,PC,12.1096,2460554.000941,7.9871247,2.382,1897,13,"14,15,26,40,53,54,55,74,75,80,81,82"
291976834,7289.01,PC,PC,12.3769,2460557.318845,2.855993,2.734,9706,34,"55,82"
62501513,7290.01,PC,PC,12.4646,2460581.58444,3.776966,3.671,9271,29,"15,16,82"
233533589,7291.01,PC,PC,12.2089,2460620.739957,23.9712428,1.645,2387,12,"14,15,17,18,19,20,22,23,24,25,26,40,47,48,49,50,52,53,54,55,56,57,58,59,60,73,74,75,77,78,79,80,81,82,83,84,85"
160255140,7292.01,PC,PC,13.4003,2460564.802348,10.641726,3.708,10160,17,"15,55,56,82"
417514666,7293.01,PC,PC,12.4712,2460554.418528,3.3202789,3.766,7240,30,"55,81,82"
42110638,7294.01,PC,PC,13.0581,2460559.167573,1.6047466,2.097,5940,18,"14,15,41,54,55,75,81,82"
99796664,7295.01,PC,APC,13.0363,2460557.298119,0.7729056,1.022,2749,11,"14,15,41,55,82"
233735354,7296.01,PC,PC,12.8771,2460536.411577,170.3363911,4.173,12411,24,"14,15,16,17,18,19,20,21,22,23,24,25,26,40,41,47,48,49,50,51,52,53,54,55,56,57,58,59,60,73,74,75,76,77,78,79,80,81,82"
418375357,7297.01,PC,PC,13.0138,2460555.103641,8.1563148,1.852,12127,18,"55,81,82"
276909255,7298.01,PC,PC,11.2213,2460609.093853,5.2554768,2.109,935,11,"15,16,41,55,56,57,75,76,77,82"
85216969,7299.01,PC,PC,12.9491,2460556.839056,2.7299474,1.104,10021,19,"55,82"
125744840,7300.01,PC,APC,13.0055,2460557.356019,0.6439909,0.645,7794,22,"55,82"
375192273,7301.01,PC,PC,11.098,2460608.037238,21.6836634,2.641,1546,10,"15,17,56,57,76,77,82"
399613138,7302.01,PC,FP,12.1245,2460555.962026,8.1958135,1.182,8230,20,"55,81,82"
415739607,7303.01,PC,PC,10.8249,2460557.77568,2.3368358,1.405,5916,46,82
321785052,7304.01,PC,PC,12.3846,2460553.558312,3.4977997,0.475,4914,13,"55,82"
262148317,7305.01,PC,PC,13.4847,2460553.593628,13.9753579,4.503,14290,16,"55,82"
418543326,7306.01,PC,PC,13.4192,2460582.235596,6.1418356,3.525,18607,31,"15,55,56,82"
372077289,7307.01,PC,PC,12.1023,2460566.453403,23.955645,6.011,6259,20,"15,16,56,76,82"
287768299,7308.01,PC,PC,12.4978,2460579.276403,3.7002646,4.459,7616,16,"15,16,82"
161687285,7309.01,PC,PC,14.1288,2460544.09306,7.7561532,2.036,14454,11,"49,50,51,76,77,78,82"
375855364,7310.01,PC,PC,13.3341,2460528.746789,19.8088367,2.87,9500,10,"55,81,82"
387416841,7311.01,PC,APC,12.9141,2460555.005617,1.5525382,1.49,7123,15,"55,82"
292023054,7312.01,PC,PC,11.6721,2460555.350036,4.2990991,3.805,6567,24,"55,82"
341157650,7313.01,PC,PC,12.4958,2460557.122528,4.1186706,5.025,3571,21,"55,81,82"
265887000,7314.01,PC,FP,12.1678,2460555.836709,2.503415,3.416,1877,19,"15,41,55,82"
297924888,7315.01,PC,PC,11.2755,2460580.3245,9.6713674,1.66,3376,14,"56,82"
301623068,7316.01,PC,PC,13.4237,2460556.647928,0.7474746,0.327,8713,14,"55,82"
427855645,7317.01,PC,PC,12.0331,2460579.947685,2.9712014,1.241,4680,24,"15,16,56,76,82"
387414814,7318.01,PC,PC,13.316,2460555.372343,3.4220041,2.448,16151,24,82
40093986,7319.01,PC,PC,13.4184,2460557.098275,2.5918359,3.933,6221,16,"14,15,41,54,55,75,81,82"
279528230,7320.01,PC,PC,12.4285,2460551.826064,6.6802019,4.664,5941,19,"55,82"
423903016,7321.01,PC,PC,13.3081,2460555.072412,3.0039961,3.621,6490,20,"56,82"
436222251,7322.01,PC,PC,13.2688,2460554.922759,5.5316291,3.91,4176,10,"14,15,41,55,81,82"
421330229,7323.01,PC,PC,11.6346,2460607.93814,4.776694,1.706,1412,22,"14,15,16,23,26,40,41,49,53,54,55,56,57,59,60,73,74,75,76,80,81,82"
210337597,7324.01,EB,FP,11.8096,2460557.747746,0.5257499,0.864,1028,13,"14,15,41,55,82"
286857537,7325.01,PC,PC,12.2442,2460555.970444,2.0394246,2.635,9236,39,"55,82"
193081156,7326.01,PC,PC,13.1443,2460576.037023,5.4584109,4.164,2807,11,"14,15,41,55,56,75,76,81,82"
279472966,7327.01,PC,PC,13.4215,2460552.846016,5.0789699,4.451,13539,21,"55,82"
99025225,7328.01,PC,PC,11.883,2460556.908662,12.5069936,5.739,4522,19,"14,41,55,81,82"
387377484,7329.01,PC,PC,12.2993,2460549.817574,4.8622127,6.011,3480,18,"55,82"
287444302,7330.01,PC,PC,11.9104,2460581.094802,2.8411706,1.453,4694,29,"15,16,56,82"
160512852,7331.01,PC,PC,13.1678,2460573.21256,6.0011971,1.99,23249,34,"15,55,56,82"
273069412,7332.01,PC,FP,12.3711,2460584.022933,3.5399394,3.443,6448,26,"15,16,55,56,76,82"
160585062,7333.01,PC,PC,12.1567,2460653.73841,6.2644714,2.508,780,12,"14,15,16,18,19,20,21,22,23,26,40,41,47,48,49,51,52,53,55,56,59,60,73,74,75,76,78,79,80,81,82"
352301423,7334.01,PC,PC,13.1543,2460607.644263,1.7085226,0.917,2089,12,"14,15,16,17,40,41,47,50,54,55,56,57,60,74,75,76,77,81,82"
75417968,7335.01,PC,FP,11.599,2460557.475704,3.3815776,3.38,9454,44,"55,81,82"
271017537,7336.01,PC,PC,8.715,2460635.731403,0.5418555,0.776,120,13,"17,18,57,58,77,78,84,85"
323407659,7337.01,PC,PC,9.61315,2460634.782199,4.2619292,5.145,1109,25,"16,18,24,57,77,78,84,85"
309133240,7338.01,PC,FP,8.5565,2460629.884208,3.3847215,3.475,612,15,"18,58,85"
202059363,7339.01,PC,PC,11.2817,2460680.715075,4.2471039417095415,4.210833233055935,4956.875679109503,32.12626509481215,"6,33,87"
238279960,7340.01,PC,PC,10.6498,2460563.616921,7.489467163278589,1.8263380008313856,2097.1814085159353,13.163541,83
238279960,7340.02,PC,PC,10.6498,2460581.957858,3.4438328,2.325,1276,13,83
445276138,7341.01,PC,PC,9.99274,2460635.070989,0.4925418,0.377,545,14,"17,18,58,85"
90950296,7342.01,PC,PC,12.9421,2460562.262828,14.1532848,4.443,8715,17,"56,83"
44451202,7343.01,PC,FP,12.7157,2460580.932781,2.1011992,1.267,11915,29,83
17925767,7344.01,PC,PC,13.0699,2460582.652289,2.4364562,0.978,5295,16,"15,56,82,83"
243283955,7345.01,PC,FP,11.9125,2460570.743707,8.407133,1.272,1490,12,"14,15,16,23,26,40,41,49,53,54,55,56,59,60,73,74,75,76,80,81,82,83"
113542042,7346.01,PC,PC,12.9846,2460581.827979,1.7687035,1.792,6765,19,83
233747840,7347.01,PC,PC,14.446,2460525.83422,60.8344877,6.109,42343,16,"41,55,56,75,76,81,82,83"
289345412,7348.01,PC,PC,12.3366,2460580.738338,3.3390124,0.433,3534,15,"15,16,56,75,76,82,83"
129198098,7349.01,PC,PC,13.2372,2460582.275155,2.980341,3.635,11829,32,"16,56,83"
257052211,7350.01,PC,FP,10.5702,2460580.284648,2.2175244,2.462,1682,18,"15,16,56,76,83"
43921512,7351.01,PC,PC,13.4407,2460576.973568,3.8405138,1.438,8163,9,83
411347315,7352.01,PC,FP,13.1678,2460582.155533,4.0662367,3.721,6676,22,"56,83"
256778317,7353.01,PC,PC,12.3053,2460582.686755,6.2157513,3.295,4008,14,"16,56,83"
259415341,7354.01,PC,PC,11.5882,2460583.073929,3.648769,2.156,1202,10,"15,16,55,56,75,82,83"
160652910,7355.01,PC,PC,13.0513,2460583.557935,3.6814233,5.084,3225,16,"15,55,56,82,83"
402992891,7356.01,PC,PC,11.0144,2460565.340323,17.3986129,3.485,2584,15,"42,56,83"
270494650,7357.01,PC,PC,11.6515,2460516.135267,60.3541599,6.682,2598,21,"14,15,16,20,21,22,23,26,40,41,47,48,49,53,56,60,74,75,76,80,83"
258634801,7358.01,PC,PC,12.2276,2460578.01623,7.0548729,2.44,2068,11,"42,56,70,83"
18023524,7359.01,PC,PC,13.3997,2460580.414015,4.3656102,4.791,5746,15,"56,82,83"
258822347,7360.01,PC,PC,13.2026,2460582.084405,30.7331484,5.473,6436,9,"56,82,83"
120487017,7361.01,PC,PC,11.6715,2460568.344536,8.2158997,3.659,1177,10,"16,56,83"
430666395,7362.01,PC,APC,12.9095,2460582.727079,1.1930966,1.196,3691,16,"15,16,56,83"
306039307,7363.01,PC,PC,13.4117,2460580.54688,6.9929558,4.832,5562,12,"56,83"
236644754,7364.01,PC,PC,12.6976,2460584.089082,2.9257773,1.448,6858,22,"15,16,56,83"
120737368,7365.01,PC,PC,13.2497,2460580.641468,3.1924816,3.211,14119,28,83
21349099,7366.01,PC,PC,12.6275,2460578.561665,3.753877,1.209,7099,16,"56,83"
240535286,7367.01,PC,PC,12.3021,2460578.688447,2.9814911,2.431,19021,85,"15,16,56,76,83"
256783400,7368.01,PC,PC,10.9461,2460546.553568,33.5792968,4.713,3860,28,"15,16,56,83"
139350191,7369.01,PC,PC,11.5809,2460574.789538,10.2887023,2.967,8079,43,"56,83"
97248423,7370.01,PC,PC,12.5013,2460573.539447,13.3079913,3.42,4804,13,"56,83"
452727513,7371.01,PC,PC,13.2777,2460559.124766,18.9104241,3.243,10263,12,"55,56,82,83"
369581703,7372.01,PC,FP,12.7919,2460578.884769,8.508462,2.716,10649,25,"56,83"
10552342,7373.01,PC,FP,12.5058,2460570.968533,7.5414411,2.454,16900,46,"16,56,83"
88641387,7374.01,PC,PC,13.2325,2460582.682876,17.0303122,4.125,8080,11,"56,83"
395790368,7375.01,PC,FP,11.7285,2460580.648685,27.1970496,5.476,4620,19,"15,16,56,76,83"
245349211,7376.01,PC,PC,13.4565,2460581.133031,7.4861705,2.425,9456,9,"56,83"
255998336,7377.01,PC,PC,13.283,2460572.501975,6.7735083,2.36,5189,12,"14,15,16,41,55,56,75,76,82,83"
373196394,7378.01,PC,PC,10.7934,2460582.875797,7.0814677,2.055,1018,13,"15,55,56,75,76,82,83"
427715152,7379.01,PC,PC,13.2782,2460573.721491,10.9911631,1.559,18917,14,"56,83"
53461742,7380.01,PC,PC,13.2956,2460663.330929,4.413687663874425,3.4110580116120133,10509.328962723275,7.866007,87
52745699,7381.01,PC,PC,13.7471,2460664.333169,3.1653382161544164,3.4977252596154935,14923.640795102976,7.3708334,87
124128680,7382.01,PC,PC,9.6069,2460663.461613,1.0370296321156405,1.5186095798903638,304.12287228867024,4.155466,87
11755687,7383.01,KP,KP,12.4821,2460663.454963,3.05226855123679,2.256438837388255,15853.20481345165,19.201805,87
192833836,7384.01,PC,PC,13.694,2460668.525654,6.233515516216681,1.5179746371722314,13899.355596619456,5.7738547,87
235072851,7385.01,PC,PC,13.709,2460664.871072,3.119119558143604,2.0922004421799016,24617.335477592373,14.757073,87
296354161,7386.01,PC,PC,12.3256,2460693.847326,6.004219064620958,6.353381846437692,6642.539062010999,10.654245,88
300381700,7387.01,PC,PC,12.4307,2460724.869283,9.085661666012363,2.973805947465645,6003.3964722085775,10.680132,"88,89"
124573902,7388.01,PC,APC,17.007,2460718.288712,0.3328569446175977,0.39883055864806416,767910.3130979572,8.349922,89
224603921,7389.01,PC,CP,8.86873,2460658.743973,26.345109,6.144,130,11,"14,15,16,17,18,19,20,21,22,23,24,25,26,40,41,47,48,49,50,51,52,53,54,55,56,57,58,59,60,73,74,75,76,77,79,80,81,82,83,84,13368,56"
160075684,7390.01,PC,PC,11.4148,2458689.030976,81.37166805648614,4.8546107144821935,924.1311644781632,8.385888,"14,19,20,21,26,40,41,47,52,53,73,74"
258776466,7391.01,PC,CP,12.7294,2458685.982489,7.4108494594523,1.9719278387407888,1257.5647375213964,5.4019527,"14,15,16,17,18,19,20,21,22,23,25,26,40,41,47,48,49,50,51,52,53,54,55,73,74,75,76,77,78"
198178859,7392.01,PC,PC,10.0976,2458711.827601,7.305057684677933,3.253165082336812,180.4217295871496,8.036201,"15,16,18,19,21,22,23,24,25,48,49,51,52,55"
165598669,7393.01,PC,CP,13.4832,2460369.408442,3.3370666386722765,1.4698923117873959,31534.621255675258,52.474487,"76,77"
161687211,7394.01,PC,CP,13.7088,2460556.902315,1.2529966,1.206730542451604,31852.807626863356,53.289482,"49,50,51,76,77,78"
273234825,7395.01,KP,KP,13.5102,2458719.72728,125.86590481386885,9.149058053964115,11477.52828799119,7.4411273,"14,15,74,75"
273690178,7396.01,KP,KP,12.9879,2458690.740709,14.85898876980426,2.8916037019171297,4164.263357531708,9.745736,"14,15,74,75"
259238498,7397.01,PC,PC,10.7974,2458688.865674,26.679674118212063,5.566569640686991,367.9233810171091,9.239508,"14,15,16,17,18,19,20,21,22,23,25,26,56,57,58,59,60,73,74,75,76,77,78"
122706449,7398.01,PC,PC,13.8836,2460314.772985,2.6068332269059757,2.245894347363957,5122.026232150775,7.3579144,"74,75"
233194447,7399.01,PC,PC,8.71433,2458770.689852,.0,14.447654848389691,374.6741409469704,8.232868,"14,15,17,18,20,21,23,24,25,26,40,41,47,48,50,51,52,53,54,55,56,57,59,60,73,74,75,77,78"
333324340,7400.01,PC,PC,14.903,2460608.304783,1.8289577,1.166,27211,15,"57,84"
177697418,7401.01,PC,PC,12.8837,2460605.876222,4.3181867,3.557,4899,13,"17,57,84"
455733237,7402.01,PC,PC,10.3782,2460599.475512,14.3640841,4.424,1678,17,"17,57,84"
173706852,7403.01,PC,PC,13.0102,2460604.194642,10.1170644,2.991,18151,44,"16,17,57,83,84"
352409708,7404.01,PC,PC,12.3047,2460608.458229,1.463442,3.42,3135,25,"17,57,84"
374173310,7405.01,PC,APC,14.7013,2460604.369491,15.4474502,1.785,31272,11,"56,57,83,84"
173615288,7406.01,PC,PC,11.8685,2460606.164783,2.8885639,2.662,6060,36,"16,17,57,84"
439939258,7407.01,PC,PC,12.9943,2460607.117558,4.4640046,1.764,9715,16,"57,84"
202648961,7408.01,PC,PC,12.7693,2460600.375529,8.0242387,2.189,4500,9,"17,57,84"
432224130,7409.01,PC,PC,12.5455,2460608.457188,2.6800806,1.828,6267,21,"83,84"
352107384,7410.01,PC,PC,10.9417,2460603.493826,3.5043637,0.536,1877,11,"57,84"
440001383,7411.01,PC,PC,13.1482,2460604.178838,3.1551543,2.97,6608,14,"17,57,84"
177494632,7412.01,PC,PC,11.7668,2460608.293547,1.7636086,1.346,2047,15,"17,57,84"
154480367,7413.01,PC,PC,14.6635,2460609.793966,3.8037696,1.507,20290,13,"56,57,77,83,84"
127426341,7414.01,PC,PC,12.3016,2460601.373333,7.899462,1.721,8727,22,"17,57,84"
374177909,7415.01,PC,FP,14.2981,2460610.088051,0.1638211,0.492,14983,21,"57,83,84"
191373021,7416.01,PC,FP,12.8953,2460610.041379,0.3013943,0.407,4894,19,"17,57,84"
25624952,7417.01,PC,FP,13.222,2460609.806852,3.1239462,2.102,5224,12,"17,24,57,77,84"
291732201,7418.01,EB,FP,11.8802,2460604.284664,6.7415334,3.446,23765,94,"17,57,84"
199296714,7419.01,PC,FP,13.1291,2460608.298102,1.3777496,1.862,2957,12,"16,56,57,76,77,83,84"
259188347,7420.01,PC,PC,13.4473,2460592.498987,25.5249554,3.66,50048,56,"16,57,83,84"
354478327,7421.01,PC,PC,12.0377,2460610.28484,0.3489261,0.31,1107,11,"17,57,84"
302477411,7422.01,PC,PC,13.2807,2460635.772641,3.3593261,5.044,4811,16,"18,58,85"
279871772,7423.01,PC,PC,10.8701,2460635.873701,2.889977,2.528,466,10,"17,18,57,58,77,78,84,85"
61520064,7424.01,PC,PC,12.7599,2460631.491286,3.1271505,2.492,4435,10,"17,85"
285592400,7425.01,PC,PC,12.0637,2460633.587611,1.2815706,2.23,13655,80,"18,24,25,58,85"
186530554,7426.01,PC,PC,12.8474,2460635.879998,0.766526,0.927,3529,12,"17,85"
422707559,7427.01,PC,PC,12.8449,2460629.067323,3.5254649,1.013,4544,19,"17,18,24,25,57,58,77,78,84,85"
13036318,7428.01,PC,PC,12.2457,2460631.620681,3.1467998,2.128,1939,11,"17,18,24,57,58,77,78,84,85"
436875993,7429.01,PC,PC,13.0455,2460632.919652,4.7117395,2.216,3703,11,"18,42,43,44,58,85"
264193444,7430.01,PC,PC,11.7258,2460633.869166,21.4930896,3.609,1244,13,"17,18,19,24,25,26,52,53,58,59,60,73,78,79,85"
347018922,7431.01,PC,FP,13.0852,2460635.558306,1.1919382,1.404,2692,11,"17,24,57,58,77,78,84,85"
192321638,7432.01,PC,PC,12.7717,2460626.511505,7.0309061,5.12,3270,11,"18,58,85"
450012972,7433.01,PC,PC,12.3606,2460635.003251,1.8179336,3.057,11040,57,"17,18,24,57,58,85"
250478345,7434.01,PC,PC,12.1594,2460635.36493,2.4228387,1.829,1617,9,"18,58,85"
77258176,7435.01,PC,PC,12.9096,2460631.289575,4.6821297,4.503,2890,9,"18,58,85"
305830609,7436.01,PC,PC,12.1625,2460629.162988,4.0616142,2.202,1882,10,"17,57,58,84,85"
73692250,7437.01,PC,PC,13.9856,2460630.908505,2.5726086,0.927,50028,33,"58,85"
387527174,7438.01,PC,PC,13.48,2460661.88232,1.1253333,2.394,11926,96,"16,17,18,19,24,25,49,52,56,57,58,59,73,76,77,78,79,83,84,85"
335037151,7439.01,PC,PC,13.1632,2460633.469113,3.5466109,1.84,4463,12,"16,17,18,24,57,77,78,84,85"
252045206,7440.01,PC,PC,13.441,2460621.625543,34.0796886,4.571,22876,21,"24,57,77,84,85"
467602108,7441.01,PC,PC,13.1634,2460635.017813,2.2351679,1.735,16302,37,"18,42,43,44,58,85"
196389062,7442.01,PC,PC,13.4818,2460635.299158,2.6358758,2.938,7574,20,"17,57,84,85"
22659404,7443.01,PC,PC,12.7658,2460632.210599,2.7472062,2.548,12816,32,"17,58,85"
470898625,7444.01,PC,APC,11.8286,2460640.734825,5.885604,1.87,4046,20,"18,58,85"
245665919,7445.01,PC,PC,11.1082,2460658.656299,6.2144045,2.994,4499,27,"18,58,85"
374122973,7446.01,PC,PC,13.4348,2460635.953424,3.5044728,2.087,19700,20,"18,85"
400503123,7447.01,PC,PC,10.6796,2460634.26502,1.5016329,1.894,3134,22,"58,85"
104153474,7448.01,PC,PC,12.8502,2460629.552439,5.0458476,4.594,9760,27,"18,58,85"
418262301,7449.01,PC,PC,12.9855,2460653.817057,12.915329,3.48,9844,33,"17,18,19,24,25,52,57,58,59,73,77,78,79,84,85"
73729607,7450.01,PC,APC,14.997,2460634.920306,0.7938732,0.428,29672,11,"58,85"
259381479,7451.01,PC,PC,11.2333,2460632.112731,3.9461778,2.496,3236,17,"18,58,85"
327249454,7452.01,PC,PC,13.2056,2460632.527065,3.0493323,2.079,3620,12,"17,18,24,57,58,77,78,84,85"
347944406,7453.01,PC,PC,12.8868,2460621.924882,8.3873861,4.407,7773,15,"18,58,85"
130087198,7454.01,PC,PC,13.243,2460634.731366,3.1733972,3.857,6260,15,"18,58,85"
196351790,7455.01,PC,PC,13.3063,2460613.499772,13.2026423,3.137,9621,15,"17,57,58,84,85"
158933249,7456.01,KP,KP,11.6455,2459429.620166,.0,12.326890480586366,2130.922736066793,10.238605,"40,41,53,55,74,75"
272840455,7457.01,KP,KP,14.1348,2459424.944384,6.873376807428374,6.566039948219505,3501.1631364136974,8.956039,"41,54,55,56,74,75"
169081296,7458.01,KP,KP,9.85155,2458690.156638,16.238524631760942,3.2716962467629385,684.9090611435106,5.9936776,"14,15,54,55,74"
417829948,7459.01,PC,PC,10.7276,2458846.872354,8.951179669554072,3.079477324392765,845.1516816678167,8.529876,"20,47,74"
159303995,7460.01,PC,PC,11.6906,2460316.994953,46.15783883903313,6.47358658902918,2065.7501545072832,7.4390774,"74,75"
271052158,7461.01,KP,KP,11.9838,2458713.371243,5.96055423169086,2.702206422482439,737.9041819789434,4.6356864,"15,40,41,54,55,74,75"
298897095,7462.01,PC,PC,13.497,2460313.505947,2.6236517734527243,1.4746043438833802,4496.699893438241,3.9923465,"74,75"
274198407,7463.01,KP,KP,12.7994,2459419.9931,4.662631981823557,2.8167212309814955,1943.3492564731844,8.488569,"41,54,55,74,75"
251090642,7464.01,PC,PC,13.0912,2459580.868263,20.04170548952127,3.862450820921196,45278.881007914926,82.921005,"47,74"
167804011,7465.01,PC,PC,12.305,2460749.810162,6.2061962319827195,3.8349189933503878,4394.580900940359,14.554241,90
229172128,7466.01,PC,PC,9.809,2460680.466841,13.622849957581675,3.0335010001006153,804.4319022215253,24.6378072855153,"6,33,87"
319855425,7467.01,PC,PC,10.1775,2460684.810785,2.8766717286625783,3.1970993945501713,9746.189265435505,31.384968681205027,87
2621212,7468.01,KP,KP,11.2309,2460777.441897,.0,3.0241238640637764,2116.7296697963466,8.506316,91
187309502,7469.01,KP,KP,14.1986,2460776.225269,3.5868547124973507,2.1273101103359435,13809.75826803299,10.070971,91
437444661,7470.01,KP,KP,11.3692,2460776.476517,17.975860294960906,3.3462754118072167,3159.4996573857115,14.539449,91
46020827,7471.01,KP,KP,10.4725,2460794.2165,9.391132602011536,4.511764266588201,6074.389409337866,45.046898,91
145368316,7472.01,KP,KP,11.6123,2460775.659327,1.6096873587551714,2.291813308661453,15269.533445312834,113.72351,91
187278212,7473.01,KP,KP,9.2493,2460777.930913,.0,1.6479258178880059,744.3594775333074,8.396396,91
50171060,7474.01,KP,KP,10.0198,2460775.325905,1.2578130051114809,0.9793329893469653,7385.310681614854,85.40033,91
376866659,7475.01,PC,CP,8.14481,2460775.586536,3.252761825639139,4.470528349757293,5247.343334219634,172.28062,91
442530946,7476.01,KP,KP,10.5959,2460804.77465,3.7130279120918197,3.385941745826403,10664.987509758417,124.90179,92
126325985,7477.01,KP,KP,12.5192,2460804.314174,3.3128160405781424,3.0522559192487724,9473.166385951592,33.944595,92
11270200,7478.01,KP,KP,12.2994,2460806.062159,3.14324025965375,4.3767435834864665,4968.9753740529195,20.63656,92
77202722,7479.01,KP,KP,12.4035,2460805.31211,3.356605246629918,2.4455575596357972,17292.29797574061,52.73272,92
71841620,7480.01,KP,KP,9.9543,2460803.446331,5.084333977843146,5.084439149308691,5787.643294572753,90.02273,92
431016234,7481.01,PC,PC,11.0962,2460807.939722,12.38328473977534,5.404619687316351,1735.0237681915237,8.954684,92
188500604,7482.01,PC,PC,13.6023,2460808.113722,5.876720941421712,2.4735451720614208,10167.398667001115,11.139632,92
76835246,7483.01,PC,PC,12.3001,2460803.045671,0.5127743563872414,0.6309023824196798,1833.427396816889,9.007461,92
68952448,7484.01,KP,KP,11.355,2460803.328685,4.614447835542864,1.861326560021872,15541.995749023328,61.172127,92
441122551,7485.01,PC,PC,13.7585,2460805.366309,3.38705048837084,2.710933938667087,18938.30680718085,24.437412,92
336732544,7486.01,KP,KP,13.3102,2460805.293336,3.2771117876140976,2.6850131918451043,15566.144089176827,28.980585,92
301258470,7487.01,KP,KP,11.9039,2460812.205917,12.456369170223331,3.6674287802779215,10352.64239020146,30.014713,92
128168083,7488.01,PC,PC,14.2707,2460805.536432,3.9072365550421395,3.220528434174245,17049.26296833418,14.687094,92
262016897,7489.01,KP,PC,10.0139,2460811.793804,15.145874607090871,3.8705031640893313,1229.6500262025888,11.8303995,92
250977648,7490.01,KP,KP,9.9735,2460807.332477,4.608085407362772,8.903721512659553,435.5578167638541,9.2274,92
119262291,7491.01,KP,KP,13.7805,2460804.961676,4.174714302186362,3.809286735868421,14026.694058451074,18.73955,92
102068384,7492.01,KP,KP,12.9376,2460804.761801,2.500136128058879,2.4822655077378184,13027.063605679466,35.098484,92
12611594,7493.01,KP,KP,12.5866,2460803.361443,1.915525757560286,3.5663951026824012,7383.186707722045,26.612192,92
111778581,7494.01,PC,PC,13.8727,2460804.362235,11.4212058914,2.306741094755363,41150.980909196755,26.503975,92
377240984,7495.01,PC,PC,11.811,2460804.013419,11.5843558517,3.460762081593935,2500.5579553682987,9.022338,92
96847781,7496.01,KP,KP,13.8205,2460804.332152,3.5840999585589497,2.689762978358393,7727.505835440862,9.425063,92
130633912,7497.01,KP,KP,11.8543,2460807.717198,5.291360177520952,3.5122144861717146,11253.275889734039,34.034367,92
441012828,7498.01,PC,PC,12.6438,2460804.322907,2.7892779746411533,4.127422987781171,11140.279197973157,23.686617,92
301031110,7499.01,KP,KP,13.4041,2460803.441097,3.8304162476528156,3.12512050165523,12299.893921040095,23.960032,92
154796579,7500.01,PC,PC,13.2735,2460804.464998,7.464758314831429,1.0430706081429937,10583.825883041942,7.3652215,92
271898990,7501.01,KP,KP,14.0739,2460803.105262,1.7476330450967963,2.185055579798528,16779.798714886663,18.72985,92
169504920,7502.01,KP,KP,11.9801,2460803.114126,3.1052318937975847,2.8083392038600468,13036.15382920209,62.959484,92
11439959,7503.01,KP,KP,13.3735,2460805.763535,3.6188768684565265,4.358380753595063,12658.271876667171,18.336538,92
110795273,7504.01,PC,PC,10.4003,2460708.164893,9.47154040918345,1.6493835208672065,1186.767033314339,22.041758876027277,"7,34,61,88"
110795273,7504.02,PC,PC,10.4003,2460714.291111,4.444306856338675,2.2975903337118218,686.1966722017628,21.404885278887797,"7,34,61,88"
55871761,7505.01,PC,FP,10.4653,2460710.3399,3.8618240618534285,3.1764028843970658,823.5651882635633,58.79370082493786,"7,34,61,88"
270204383,7506.01,PC,PC,14.4469,2460857.579047,3.3335133876094947,2.419218721277978,23835.581212316993,19.130894,94
397231954,7507.01,PC,PC,10.8487,2460863.075816,17.280857016836816,7.727265712629666,3636.17906284317,32.636143,94
327302178,7508.01,PC,PC,12.0974,2460857.100342,1.0065503224846029,1.0105137027623616,2252.966295513392,12.096295,94
355058141,7509.01,PC,PC,10.2892,2460856.517861,0.7105046841911808,0.6101240322840373,874.2673266641798,14.202518,94
118798035,7510.01,CP,CP,11.2937,2460847.17609,11.531727272140452,4.81399560698833,3881.3138889539305,20.470307781019027,"13,39,66,93"
118798035,7510.02,CP,CP,11.2937,2460830.759391,22.570999075952766,5.201901869424253,5726.020996435525,28.633359244523547,"13,39,66,93"
118798035,7510.03,CP,CP,11.2937,2460794.945415,48.862172787272385,4.9745890013528795,4220.566288965689,21.668142097281486,"13,39,66,93"
146364192,7511.01,KP,KP,10.4222,2459090.174433,2.3691651278178476,2.292688673473604,316.0727653636871,8.708744,"29,42,70,92"
380255458,7512.01,KP,KP,12.0213,2459559.04535,6.56920797691,3.661702231205262,14456.01921424417,43.617573,"46,91"
56815340,7513.01,KP,KP,8.56338,2459554.243825,9.580288838391866,3.139282684311792,354.20930664335646,8.812698,"46,91"
56815340,7513.02,KP,KP,8.56338,2459569.376085,1221.2709772616424,4.492164897060411,1006.9865301936896,18.600515,"46,91"
187495749,7514.01,PC,PC,12.8411,2460662.096255,1.84605585284739,2.2618375194963427,3338.0988277319384,14.026525380034187,"59,73,86"
317882327,7515.01,PC,PC,12.9161,2460657.089039,3.5881071773348734,1.6300006960274072,8390.490559708584,50.16763209351011,"19,59,86"
431871952,7516.01,PC,PC,13.6742,2460652.784228,6.249456515257254,1.3020437640752534,33225.00089551139,20.948624815499823,86
461547946,7517.01,PC,APC,12.6552,2460653.133566,10.306786622001592,3.3685664154320216,1651.3666446494988,31.34160555259146,"18,19,20,25,26,40,47,52,53,59,60,73,74,79,86"
368184695,7518.01,PC,PC,10.7963,2460651.762327,6.485647084912398,4.316566900670892,5230.143793161926,30.189886941206787,"19,59,73,86"
156678143,7519.01,EB,FP,11.0139,2460650.887619,7.2585778872979505,3.2188995259031854,3827.339850947089,37.00167794172734,"19,59,86"
456130294,7520.01,PC,APC,12.9273,2460656.721477,10.24610985927107,5.444092594400228,7150.304101734649,31.993522728573772,"18,58,86"
316138059,7521.01,PC,PC,11.8182,2460662.618974,0.8618404292378066,1.029583614625798,1895.2745767466504,59.02563334558166,"18,19,59,86"
459021929,7522.01,PC,PC,14.2244,2460660.562041,21.726250750523135,2.2507396813133376,36253.145493524775,16.684362226195034,"59,73,86"
238959233,7523.01,PC,PC,13.1631,2460657.982326,4.661281745462188,,14867.18694688341,72.61016334250473,"19,59,73,86"
366564164,7524.01,PC,PC,12.3044,2460650.352688,7.524399233304342,1.1407160167396646,3444.9327426019263,28.407547692063996,"17,18,19,20,23,24,25,26,40,47,50,52,53,57,58,59,60,73,77,78,79,80,84,85,86"
367710318,7525.01,PC,PC,12.4099,2460660.889987,1.7184539715894718,1.272527491087883,22129.447452249096,194.15226442132322,"19,73,86"
141524447,7526.01,PC,PC,10.9694,2460468.413217,33.01792215047473,6.367002806059599,824.1461515529643,21.73922488970723,"19,20,26,40,47,52,53,59,60,73,74,79,86"
187495621,7527.01,EB,FP,11.6429,2460658.088959,3.26621371091915,3.2117541519558213,5722.0629589911205,40.60459780372848,"59,73,86"
252851803,7528.01,PC,PC,12.9479,2460655.936079,4.982686824725602,3.2173930691178096,5791.00683517702,15.57392408022681,"18,58,86"
117174065,7529.01,PC,PC,12.9594,2459891.217674,16.603632923500975,4.601390062760394,5889.405664022879,12.615150085155404,"18,58,86"
318491006,7530.01,PC,PC,11.3999,2460679.278071,5.1818498634319905,2.5265146211103677,1738.6870112217343,17.70066952439665,"7,87"
117772549,7531.01,PC,PC,8.855,2460679.25413,7.876485103222931,4.789250497591499,267.14227841136346,20.61867876880346,"6,7,87"
150271800,7532.01,PC,PC,12.6445,2460767.492566,11.403104551893618,3.099167052326874,1851.3526437298028,53.21384622696839,"1,2,3,5,6,7,8,9,10,11,12,13,27,28,29,30,31,32,33,35,36,37,38,39,61,62,63,64,66,67,69,87"
63303430,7533.01,PC,FP,12.2232,2460687.898061,1.7518061231851374,2.5290141846002503,1399.985148136646,54.39519520573406,"6,7,33,34,87"
220621072,7534.01,PC,PC,11.9801,2460666.281405,14.028782602902037,7.321107502039478,1335.050647379258,13.593345380895512,"5,6,32,33,87"
60527976,7535.01,PC,PC,12.7289,2460687.056745,7.581193649217203,4.73464151763419,11448.07931877494,28.035813806997176,"6,87"
438298111,7536.01,PC,PC,12.9163,2460685.917512,3.3287841265123874,5.218040769726818,3382.200663479057,57.62544928072716,"6,33,43,44,45,71,72,87"
231949697,7537.01,PC,PC,11.3301,2460689.466703,0.9072055892059492,0.5710429981415842,780.1900349583883,41.853174408334546,"6,7,32,33,34,87"
37075377,7538.01,PC,PC,8.83335,2460678.586453,28.286464651783923,4.285397988796121,217.92579288936798,10.8771377358597,"6,32,33,87"
72214252,7539.01,PC,PC,12.5597,2460681.091363,8.60010931939638,1.3418737075608873,7924.047747110547,25.013284054752905,"33,87"
89014296,7540.01,PC,PC,12.8711,2460686.978801,1.4945574227377054,1.1899778585459058,3710.392590413818,41.10067871597986,"6,33,43,44,45,71,72,87"
59845928,7541.01,PC,PC,12.6364,2460683.694794,14.6062759512902,3.687205292933031,4409.421315598842,22.156941484379434,"6,33,87"
206763148,7542.01,PC,FP,12.149,2460674.034364,8.945272006769416,3.0824843381840754,4259.7203739479555,24.271692588535377,"6,33,87"
235283051,7543.01,PC,PC,12.308,2460685.379572,9.313782117745687,4.804850729065001,4684.5153093308,20.03686308278108,"6,33,87"
237405551,7544.01,PC,PC,13.8448,2460687.387037,4.874490267579358,1.6654244344642608,20453.406547262213,19.182202020440798,87
283094471,7545.01,PC,PC,12.7754,2460685.6332,11.903935615176112,3.447775307979936,7176.262960658508,22.51153079728191,"6,33,87"
410449566,7546.01,PC,PC,11.4673,2460763.853771,9.64140860273717,2.0000004024451408,1643.363188794565,71.5522268788991,"1,4,5,7,8,9,10,11,27,28,31,34,35,36,37,38,61,62,63,64,68,69,87"
358111035,7547.01,PC,PC,12.4111,2460750.364869,22.008934348242086,8.35733502060397,1870.9194620588619,64.52644069444968,"1,2,3,5,6,7,8,9,10,11,12,13,27,28,29,30,31,32,33,34,35,36,37,38,39,61,62,63,65,66,67,68,69,87"
234187289,7548.01,PC,PC,12.4359,2460681.852034,5.183657810334657,3.850939994537188,5322.109381072597,36.04419398299175,"6,33,87"
72212948,7549.01,PC,APC,12.8058,2460684.337766,2.1610101359722567,1.357589972641424,11790.00561209024,114.05679569674317,"33,87"
220599411,7550.01,PC,CP,12.1198,2460684.733243,4.984396344882251,2.625170301980317,1865.2340837665133,44.26373291011833,"5,6,32,33,87"
178739678,7551.01,PC,APC,11.9184,2460686.302959,17.594514908742237,2.141532439074301,5576.668522211249,18.175639803658385,"7,33,87"
235057120,7552.01,PC,PC,11.1392,2460699.28528,13.174281238060736,3.066378468729047,612.7315778826328,29.828443997516057,"1,3,4,5,6,7,10,11,13,27,30,31,33,34,37,64,65,66,67,68,87"
10487354,7553.01,PC,PC,12.8786,2460686.452679,2.4971198485691004,3.3565507595791346,5451.051564013293,58.614487447357746,"7,87"
322818151,7554.01,PC,PC,14.8294,2460688.706567,2.294859521827193,1.622853676058706,46686.80636994402,32.91410493590133,87
307036187,7555.01,PC,PC,12.3521,2460770.914052,2.840458807904285,2.7474756924016734,1270.692195630157,137.4773544707605,"2,3,5,6,9,10,11,12,13,29,30,32,33,35,36,37,38,39,61,62,63,64,65,66,69,87"
232131043,7556.01,PC,PC,12.8074,2460672.853807,11.103542835301592,3.2765462363575035,4694.552468252688,24.50888411314373,"6,33,87"
284613259,7557.01,PC,APC,11.5995,2460678.995034,6.354899483996254,1.5383267683744555,3362.840564682835,29.146882035317088,"7,33,87"
207334420,7558.01,PC,PC,12.6478,2460685.627327,4.1531567338694755,4.276126387136886,7477.816107880473,85.27073037879862,"7,33,71,72,87"
234009062,7559.01,PC,PC,12.1027,2460687.945574,9.536631324212346,4.030189389097333,5371.186774237549,27.06390928698607,"6,33,87"
60520371,7560.01,EB,FP,12.419,2460685.614629,2.1974263718233242,1.4853911092468572,3435.000818486636,72.92562683296325,"6,33,87"
317924729,7561.01,PC,PC,11.1375,2460687.849605,1.9989902831911985,3.3795683249494264,12614.449794787368,205.73264531601265,"6,33,87"
404970821,7562.01,PC,PC,12.8107,2460767.296171,13.225375558407627,4.824401505696298,1976.2501663854564,25.90856837035052,"1,2,3,4,5,6,7,8,9,11,12,13,28,29,30,31,32,33,34,35,36,37,38,39,61,62,64,65,66,67,68,69,87"
71581518,7563.01,PC,PC,9.522121,2460666.065967,13.758530979496026,6.000993350926002,335.7196533766148,13.235465029834602,"6,33,87"
318756174,7564.01,PC,PC,11.9468,2460683.322858,3.379987918095583,3.1523556814618092,11218.871335996457,62.24819796417756,"7,87"
52555068,7565.01,PC,PC,12.1177,2460685.559578,2.62416813123729,1.038788244789477,8398.778740587519,60.600763727657245,"6,87"
251186192,7566.01,PC,PC,12.0398,2460684.620648,2.953815796589702,1.9083869881575022,4243.89922557936,51.40587408783822,"6,33,87"
5370009,7567.01,PC,PC,12.1622,2460680.237854,5.811959272138797,5.1813020737755915,18302.681325588095,88.11782554030641,"7,33,87"
234595543,7568.01,PC,PC,12.3548,2460688.252244,1.4893903162828153,1.5901153463196325,2119.5334754610744,23.341057379548424,"6,33,87"
95415033,7569.01,PC,PC,11.798,2460686.424505,5.672796017623791,2.916815886929658,1729.3187475699701,39.32485251555046,"6,7,33,87"
172463434,7570.01,PC,PC,11.1909,2460671.596918,11.8106694424263,4.03506083736405,1193.6520260758884,28.829716098435938,"6,7,33,87"
261944532,7571.01,PC,PC,12.997,2460685.963281,5.245680846910686,3.9565339970886733,7349.127405770757,21.71392387499379,"33,87"
237664324,7572.01,PC,APC,12.3219,2460674.553933,11.496145833084787,2.82201587913804,5108.737430023799,14.041605634274898,"33,87"
153696322,7573.01,PC,APC,12.8907,2460688.361671,0.701461347041796,1.0557396051751549,5409.8371025498545,95.36945400898458,"6,33,87"
159084486,7574.01,PC,PC,11.7771,2460683.832618,4.480268910888927,2.5648729799625976,16973.83196838496,43.31571468231756,87
393412295,7575.01,PC,PC,12.889,2460678.505396,13.244286062651472,3.0195759551729706,5825.342862414029,48.15409649344082,"6,7,32,33,34,87"
206947218,7576.01,PC,PC,12.6675,2460682.960738,3.953168057980007,2.1943565275704286,8834.285613589907,121.46667717188693,"6,33,71,72,87"
12090836,7577.01,PC,PC,12.4733,2460682.669057,3.1969893540347556,3.4011226239558967,10968.325805632612,104.44961999027285,"6,33,87"
125260728,7578.01,PC,APC,12.6424,2460679.53992,5.36035356282676,3.414603810631799,7919.779969003646,73.25391923668622,"7,33,87"
95512789,7579.01,PC,PC,13.0266,2460685.452931,2.3277043529818946,1.3305270492147525,6497.637186329977,48.590064469937246,"7,33,87"
143168991,7580.01,PC,PC,11.1773,2460668.361133,19.509922640069604,3.8702181229112336,2576.8365160398935,23.229728649409676,"6,32,87"
143168991,7580.02,PC,PC,11.1773,2460689.187565,5.928480887688548,2.227478591318344,1132.9636688622584,18.345283684871756,"6,32,87"
143168991,7580.03,PC,PC,11.1773,2460668.351861,12.297129803727998,2.7679647711963447,1935.8354612750193,19.071483437462465,"6,32,87"
350934357,7581.01,PC,PC,10.3394,2460460.703803,226.2820776560481,9.443624821871335,541.8167025761318,9.453756920644915,"1,2,3,4,5,7,8,9,10,11,12,13,27,28,29,30,31,32,33,34,35,36,37,38,39,61,62,63,64,65,66,67,68,69,87"
142914189,7582.01,PC,PC,12.1008,2460711.884009,7.632431680610019,4.863378259401879,3254.4247883459952,16.09722005878607,"7,34,61,88"
110110529,7583.01,PC,PC,11.8332,2460717.690064,0.718030641421264,1.448729323774009,1363.8641109049486,60.60994914202737,"7,34,61,88"
57047535,7584.01,PC,PC,11.7387,2460739.851313,18.688328765368695,3.70876068610306,9017.613813833023,81.65065337709093,"8,34,35,61,62,88"
100474173,7585.01,PC,PC,12.0045,2460709.955051,8.933107034541822,7.963051939952855,1987.8147955229717,41.21346616633715,"7,33,34,61,87,88"
142711195,7586.01,PC,PC,12.572,2460713.383204,10.449810959714936,5.512305626828558,4837.921119410978,47.3043103539581,"7,34,61,88"
294668702,7587.01,PC,PC,12.1653,2460865.649717,36.907830258180155,6.321325763951672,1255.5875969067088,32.76180266115375,"1,2,3,4,5,6,7,8,9,10,11,12,13,27,28,30,31,32,33,34,35,36,37,38,39,61,62,63,64,65,66,67,68,69,87,88"
279154795,7588.01,PC,PC,12.4341,2460892.269125,4.183529674992454,1.2519718622137113,6193.595099743269,273.1008218698604,"2,3,5,6,7,8,9,12,13,29,32,33,34,35,36,39,61,62,63,66,67,68,69,87,88"
452837676,7589.01,PC,PC,12.269,2460716.089033,1.486643622455257,1.3546872371414262,16141.379036615146,509.8115749366651,"7,34,61,88"
148322608,7590.01,PC,PC,12.1307,2460713.382013,7.336411724967773,1.3725048921248033,3049.8077305459365,46.63231091918013,"6,7,33,34,61,87,88"
55967712,7591.01,PC,PC,12.4582,2460714.187417,14.228807247469337,5.4489647860562815,5389.825892647197,33.204752096528395,"7,34,88"
267834862,7592.01,PC,PC,12.5472,2460743.285001,18.021432090060124,3.613548843792727,5109.969881761538,45.98505677115187,"7,8,34,35,61,62,88"
238394308,7593.01,PC,PC,12.3594,2460719.885583,34.32997007371953,4.682630638798733,5505.910973038583,32.737756445665525,"7,9,34,61,62,88"
308692360,7594.01,PC,PC,12.1132,2460702.651463,9.989211492147273,4.544580973607684,3903.595946138391,25.987647503233628,"8,35,61,88"
54272884,7595.01,PC,PC,12.3979,2460694.205313,15.482116959657917,2.0080256919159756,3730.402388199783,20.14648059732727,"7,34,61,88"
47248224,7596.01,PC,PC,12.3039,2460713.876269,5.5378584871784335,2.4116924925709355,4517.758036543403,58.67884754920952,"8,35,61,88"
167337562,7597.01,PC,PC,12.743,2460887.213792,50.66606837296091,6.978712381999868,3507.5205293356166,47.62436449045577,"1,2,3,4,5,6,7,8,9,10,11,12,13,27,28,29,30,31,32,33,34,35,36,37,38,39,61,62,63,64,65,66,67,68,87,88"
185620819,7598.01,PC,PC,12.5694,2460718.562922,13.317311530625906,2.126603012422988,9486.456218673275,37.976790648986345,"35,61,62,88"
142757891,7599.01,PC,APC,11.8384,2460717.384483,2.3428516083106072,1.2887115221187955,3030.8533884222793,55.84863870730876,"7,34,61,88"
350230694,7600.01,PC,PC,11.2191,2460705.564397,8.010513757844457,2.552154709273054,1480.9103715278898,21.245536437847086,"34,61,88"
111741396,7601.01,PC,PC,12.6098,2460714.653262,6.723020924108775,5.586931672309505,3462.5089060166065,50.385033938165556,"7,34,61,87,88"
156716001,7602.01,PC,PC,10.9042,2460700.427709,10.29778812572357,3.795566455441514,793.7938858724336,34.61266215196085,"6,7,33,34,61,87,88"
26046851,7603.01,PC,PC,11.7726,2460712.433744,6.680285615389578,6.352235520266032,1395.8731416764367,36.53799329242309,"7,34,61,88"
405255920,7604.01,PC,PC,10.6553,2460712.312261,9.040994743933751,1.1646621587172974,2295.869335857407,22.69638077107387,"34,61,88"
393626873,7605.01,EB,FP,12.2928,2460742.134928,2.513968198037878,2.4474847049540047,1745.3985011167356,50.81039843752825,"8,34,35,61,62,88,89"
63735024,7606.01,PC,PC,11.4492,2460710.535729,4.887058474446538,4.7641319550831565,2411.4664446420156,50.861141001097685,"7,33,34,87,88"
306772292,7607.01,PC,PC,12.5717,2460879.849392,13.867264334702888,7.376354105193589,2635.8724338451416,304.63485390526915,"1,2,3,4,5,6,7,8,9,10,11,12,13,27,28,29,30,31,32,33,34,35,36,37,38,39,61,62,63,64,65,66,68,69,87,88"
177033137,7608.01,PC,PC,12.6398,2460858.033621,26.663112001633245,4.245702434618893,10706.65172447747,471.6488314535231,"1,2,3,4,5,6,7,8,9,10,11,12,13,27,29,30,31,32,33,34,35,36,37,39,61,62,63,64,65,66,67,68,69,87,88"
108748840,7609.01,PC,PC,11.7406,2460711.909408,3.1952200736102467,2.086844183065739,1801.1871378942808,41.05872469504503,"7,34,61,88"
121341000,7610.01,PC,PC,11.7985,2460700.970803,22.144116121362067,4.704595643507032,20133.87451776938,72.8636615560073,"34,61,88"
231451287,7611.01,PC,PC,12.4428,2460691.729519,16.88127357298926,5.111902596646552,3496.180296985494,24.27574698123275,"7,34,61,88"
289481977,7612.01,PC,PC,11.3708,2460697.314225,10.873966187359267,3.1510600027338365,1272.4321897417503,19.896817926866596,"8,34,61,88"
409796937,7613.01,PC,APC,12.8819,2460707.754729,6.316256141061471,2.917073529398471,4216.269968986776,30.61719526615087,"7,8,34,61,88"
132766482,7614.01,PC,PC,14.525,2460697.576014,21.745616865666015,6.400684859872037,24716.69498844005,14.146830043534353,"35,61,88"
348899056,7615.01,PC,PC,11.6915,2460891.65865,2.167009346148281,1.1941661633557856,701.7230167916794,75.28202096394224,"1,2,3,4,5,6,7,8,9,10,11,12,13,27,28,29,30,31,32,33,34,35,36,37,38,39,61,62,63,64,65,66,67,68,69,87,88"
285212983,7616.01,PC,APC,12.8442,2460744.696219,1.9622504415925024,1.5597912022756946,6198.15465255386,131.61561063604998,"7,8,34,35,61,62,88"
385796857,7617.01,PC,PC,12.9022,2460713.810843,3.9335060142103404,4.613347653796232,2873.781362451111,28.512392705227025,"7,34,87,88"
54391400,7618.01,PC,PC,11.5546,2460714.39101,6.772211163044909,2.2996754641675192,1685.5850929372334,28.051027907177733,"7,34,61,88"
412386707,7619.01,PC,PC,10.9238,2460694.523694,39.29595089873448,5.277259347950185,3426.7799457799424,33.24284803175798,"7,34,61,87,88"
167165932,7620.01,PC,PC,12.9173,2460080.660945,145.1966742319639,7.759549424425171,6534.200052106679,28.7103426136841,"1,2,3,4,5,6,7,9,10,11,12,13,27,28,29,30,31,32,33,34,35,36,37,39,61,62,63,64,65,66,67,68,87,88"
130958848,7621.01,PC,PC,12.9679,2460692.774909,14.239196253733203,3.3123123920219504,10746.612187164981,54.27343460763379,"7,8,34,35,88"
141279435,7622.01,PC,PC,13.7763,2460890.941494,40.82165192129185,3.7325004931456593,11161.623725094565,37.13673273991694,"31,35,36,37,39,61,62,64,65,66,67,68,69,87,88"
279262080,7623.01,PC,PC,9.60434,2460434.942225,4.350795575354883,4.35661083976953,328.5061223409012,12.376797,"18,24,25,52,58,59,78,79,85,86"
236817690,7624.01,PC,PC,9.09554,2458718.694562,16.778818777729864,6.143946750849418,200.6502764942055,10.582313,"15,16,18,19,20,22,23,25,26,56,57,58,59,60,73,74,75,76,77,79,80,81,82,83,84,86"
298308533,7625.01,PC,PC,8.41267,2460605.469868,9.3966438,3.9827407909523522,282.7996345144362,10.903548,"16,17,57,77,84"
229605578,7626.01,PC,PC,10.0308,2458687.940568,5.071205880917986,1.814179118246872,229.9404447830631,9.399351,"14,15,16,17,18,19,20,21,22,23,24,25,26,84,85,86"
431838716,7627.01,PC,PC,13.336,2460655.283981,5.281353054061707,3.9653155024605975,10894.130421739546,16.76922218803819,"18,86"
429123881,7628.01,PC,PC,11.9905,2460655.445179,4.039133142421085,4.218958180930204,2421.547196644827,32.65026377653821,"19,59,86"
414919755,7629.01,PC,PC,13.4084,2460660.77646,1.820285708211527,1.3717774279913941,10503.332475163528,37.34644379309537,"19,59,73,86"
391090520,7630.01,PC,PC,11.2691,2460660.030398,1.8307980585651218,2.247870090595463,4934.62798367433,43.59203848050962,"19,59,86"
357956179,7631.01,PC,PC,13.4939,2460633.620542,15.686238483750573,6.1594732831129235,2979.699866053475,12.178523022933772,"19,20,25,40,52,53,59,60,73,86"
434373518,7632.01,PC,PC,13.2499,2460255.857639,19.22747696985428,1.5449241486632497,22321.579452047325,55.026826728798795,"6,33,43,44,45,71,72,87"
234603808,7633.01,PC,PC,13.0042,2460682.036124,3.6746813846941455,2.7511417202591195,14227.986367787793,88.08764160498963,"6,33,87"
124183167,7634.01,PC,PC,13.0384,2460685.378705,2.2807843221567334,1.6988859806379168,4329.748425006679,26.93542407652478,"33,87"
67196266,7635.01,PC,PC,13.1122,2460676.242511,7.651694423927877,5.783299558587725,3842.3395773263724,21.207800464536675,"6,33,87"
97715482,7636.01,PC,PC,13.1498,2460684.783372,3.4291123568495037,2.5331935405716792,6592.194084735878,77.40996745303823,"6,33,43,44,45,72,87"
53596439,7637.01,PC,PC,13.3764,2460682.904645,5.91628196845153,3.8558057570705047,12059.146866863746,78.69547147486807,"6,7,33,87"
120540061,7638.01,PC,PC,13.0509,2460687.094175,1.522850950855607,1.499134004087317,18088.713056001994,171.14888090285558,"6,33,87"
270471727,7639.01,PC,PC,11.1932,2460755.615687,10.45629771649341,3.36340934422849,780.6367647734799,62.52675771055198,"1,2,3,4,5,6,7,8,10,11,12,13,27,28,29,30,31,32,33,34,35,36,37,38,39,61,62,63,64,65,66,67,68,87"
317801157,7640.01,PC,PC,13.3503,2460684.484863,7.006370029350299,3.6492414354259894,21596.179285757826,82.79942870547174,"6,33,87"
148106497,7641.01,PC,PC,13.1402,2460677.624294,10.108387694297909,3.8944479122457962,8066.4904710930905,34.06705535970495,"7,33,87"
64334960,7642.01,PC,PC,12.1432,2460687.21238,3.682284156645839,5.367056450019879,4203.914293953538,53.71369221885773,"7,87"
265078278,7643.01,PC,PC,11.4638,2460682.283204,4.0521478500636565,3.4903499265682854,8739.067785745523,31.899621610496176,87
64250123,7644.01,PC,PC,13.3849,2460670.408988,14.05800673693304,3.471369192627895,14523.626127775318,17.656864292013694,"7,87"
264691112,7645.01,PC,PC,13.2617,2460679.410108,4.75542443613409,5.101038483817904,4327.157702009445,25.223641438393315,"7,33,87"
232399986,7646.01,PC,PC,13.3433,2460684.429211,4.563839104041325,2.767566155142834,13297.48535390674,43.697094581017566,"33,87"
358340733,7647.01,PC,PC,12.521,2460688.318417,3.9582130403596425,4.9552520684346,6700.037210072639,18.509976564765328,"6,87"
279909537,7648.01,PC,PC,13.042,2460688.010282,2.6399819306387644,1.275066721732692,8194.910166346297,38.14050962874461,"6,33,87"
300868410,7649.01,PC,PC,13.2252,2460774.88468,3.145529277416086,1.3250209229173797,10430.805668994723,1012.3262744504065,"1,2,3,4,5,6,7,8,9,10,11,12,13,28,29,30,31,32,33,34,35,36,38,39,61,62,63,64,65,66,67,68,69,87"
10485639,7650.01,PC,PC,13.282,2460686.269931,3.4253517327273695,3.8269515883776792,10090.410754679897,30.161108588368705,"7,87"
270711339,7651.01,PC,PC,11.2734,2460689.16683,1.4790071509841451,1.2986985883298612,2321.044181564481,319.84846619826766,"5,6,7,31,32,33,34,87"
10313047,7652.01,PC,PC,13.1814,2460681.074726,4.5549552573306356,3.8221498557078735,10355.329763949308,33.75538016835727,"7,87"
150429313,7653.01,PC,PC,13.1355,2460765.804854,11.04627883551318,5.662436813675274,3918.4050986261104,169.24000346322498,"2,3,4,5,6,7,8,9,10,12,13,27,29,30,32,33,34,35,36,37,39,61,62,63,64,65,66,67,68,69,87"
300654938,7654.01,PC,PC,13.1733,2460740.287161,26.970139872205074,3.0632840859677204,4870.093047468956,46.19959575891629,"1,2,3,5,6,7,8,9,10,11,12,13,27,28,29,30,31,32,33,35,36,37,38,39,61,62,63,65,66,67,68,69,87"
117885024,7655.01,PC,PC,11.5062,2460704.476735,35.08429831929927,5.044276453008086,2428.108166750386,18.604670661945008,"8,34,35,61,88"
265129950,7656.01,PC,PC,12.5542,2460715.629875,0.738617263591631,0.8425473955741741,3841.532345053149,153.58970015367444,"7,34,61,88"
415084429,7657.01,PC,PC,13.0667,2460717.661255,3.875167233250262,5.378277216033745,3505.8552576328248,33.21987143976773,"7,61,88"
22730066,7658.01,PC,PC,12.4298,2460716.929364,1.6425010410320386,2.407338967775165,7249.765456600234,235.873142163229,"33,34,61,87,88"
142053623,7659.01,PC,PC,13.1323,2460887.644911,6.557078785546738,2.8207621986545623,3477.7414153114173,173.4908851668533,"1,2,3,4,5,6,7,8,9,10,11,12,13,27,28,30,31,32,33,34,35,36,37,38,61,63,64,65,66,67,68,69,87,88"
140938327,7660.01,PC,PC,13.0996,2460881.071973,6.546282308303124,4.311512675667366,2458.698330328538,129.15195998781147,"1,2,3,4,5,6,7,8,9,10,11,12,13,27,28,29,30,31,32,33,34,35,36,37,38,39,61,62,63,64,65,66,67,68,69,87,88"
88865512,7661.01,PC,PC,11.803,2460706.130995,12.526776017249725,1.4136119744546007,3596.7260448535994,29.329489949813574,"7,34,61,88"
5045948,7662.01,PC,PC,12.5037,2460712.209427,5.028696023201132,4.140045732986928,6065.826193159195,67.51630317558501,"33,34,87,88"
88760990,7663.01,PC,PC,13.099,2460711.730485,2.7531520340513467,1.5125770064360764,5328.966757276015,36.63042690457949,"7,34,61,88"
456787558,7664.01,PC,PC,12.2087,2460716.709103,5.944154425597488,1.7144190944978066,8624.040118231565,48.20349060701264,"34,61,88"
182992572,7665.01,PC,PC,9.7907,2460699.321653,24.303102996278692,2.946098819381303,941.9930046752968,25.75866322498829,"8,34,35,61,62,88"
182992572,7665.02,PC,PC,9.7907,2460745.01217,9.027015189218664,2.843244110478856,355.84916344206295,18.900061702940928,"8,34,35,61,62,88"
130295375,7666.01,PC,PC,13.0907,2460717.770654,5.014596313273489,1.6707823439884883,6037.0236099284775,82.42561876091591,"6,7,8,33,34,61,87,88"
299801675,7667.01,PC,PC,13.3074,2460878.04861,16.953701538172243,1.3123072951739472,10577.857897427179,89.93404786433466,"1,2,5,9,12,13,27,28,29,32,35,36,39,61,62,63,65,66,67,68,69,87,88"
2093349,7668.01,PC,PC,12.3383,2460741.212899,16.28169973452343,4.9154791339890345,3062.149921416647,24.645865117545263,"8,35,61,62,88"
148273668,7669.01,PC,PC,13.081,2460696.324979,13.185233177477476,2.965335969207339,19118.59259603606,48.826151453368865,"6,7,33,34,61,87,88"
176604975,7670.01,PC,PC,11.5568,2460703.349134,10.486550485165045,5.514954056129887,1286.3350952960006,35.70490268989448,"8,34,35,61,88"
140190514,7671.01,PC,PC,12.796,2460746.069535,6.42879280102897,2.09801469212628,4522.593562604554,21.473897291582166,"8,34,35,61,62,88"
107779737,7672.01,PC,PC,13.3291,2460716.664824,1.0272008629558873,0.7806028004038659,7681.096780923125,99.42879830188133,"7,34,61,87,88"
25154148,7673.01,PC,PC,11.3769,2460854.316888,27.483925441287084,12.5957778664176,534.1073875949696,33.66617449141343,"1,2,3,4,5,6,7,8,9,10,11,12,13,27,28,30,31,32,33,34,35,36,37,38,39,61,62,63,64,65,66,67,68,69,87,88"
458615187,7674.01,PC,PC,12.2451,2460715.796295,3.88312721710462,5.136921689721751,1662.3404950791996,21.8329367377067,"7,34,61,72,88"
289114603,7675.01,PC,PC,12.0681,2460706.368768,8.176167718199954,8.22958483108764,1624.765815959773,37.97647625197254,"7,34,61,88"
452973397,7676.01,PC,FP,13.005,2460713.138269,1.951883093975092,2.455153850773798,9008.724063223142,95.06008807368933,"7,34,61,88"
349677805,7677.01,PC,PC,13.3953,2460886.049566,11.909640100120818,1.7061658445631032,12410.752680896625,222.0401321092616,"1,2,3,4,5,6,7,8,10,11,12,13,27,28,29,30,31,32,33,34,35,36,37,38,39,61,62,63,64,65,66,67,68,69,87,88"
284586930,7678.01,PC,PC,13.1144,2460716.225118,1.6571231023488862,1.0892543045910807,4226.192549731886,27.25089216836091,"7,33,34,61,87,88"
114011911,7679.01,PC,PC,13.1127,2460708.453049,5.248409861467626,7.36473873610656,3222.1681835128384,28.570293087815053,"7,8,34,88"
334380435,7680.01,PC,PC,11.1994,2460699.171601,13.30405415583594,3.6565057387068958,8831.370476314623,133.80816930419078,"7,34,61,72,88"
59537824,7681.01,PC,PC,13.2799,2460715.900441,1.6498042271950777,1.869797210058421,11301.815821573833,219.95591299997315,"7,34,61,87,88"
159671133,7682.01,PC,PC,9.5973,2460882.38382,1.3409757792564108,2.410173922595547,754.7806204174501,21.457552,95
441422655,7683.01,CP,KP,14.5499,2460883.407275,1.5435057410809994,1.9863723329551066,25465.622299329294,20.887342,95
115942852,7684.01,PC,PC,13.8825,2460908.314904,3.212984886013246,1.8680516551135997,8892.768224645419,10.456205,96
33945661,7685.01,PC,PC,14.1467,2460909.675022,3.4828150909178683,2.7732119660367287,16675.746746725803,16.813168,96
273861354,7686.01,PC,PC,14.2665,2460917.17605,14.001638187364955,1.6984803537329127,17673.151038491607,8.652543,96
51992761,7687.01,PC,PC,11.5502,2460929.791539,14.542141504124821,7.0191153276087785,3139.9865233682654,10.104139,"95,96"
80429950,7688.01,PC,PC,13.5883,2460908.178919,2.5395613831307826,1.7793157657870065,4894.950337992587,8.4951515,96
12999193,7689.01,PC,PC,13.3664,2460908.55343,1.4826120848508613,0.3394875878472489,26874.013421395193,30.910883,96
410774020,7690.01,PC,PC,8.5644,2460406.073409,37.3522191,2.737,878,20,"16,17,18,24,58,77,78"
47762924,7691.01,PC,PC,12.5558,2460313.512323,2.7045293412916136,1.0051634860945329,2030.2035180643168,14.279285,"74,75,79,80,81,82,86"
207463446,7692.01,PC,PC,10.3513,2458712.34468,19.686993586308517,3.507532964353416,346.8196063661676,9.590013,"15,16,18,19,22,23,24,25,75,76,77,78,79,82,83,84,85,86"
341872729,7693.01,PC,PC,11.0063,2460302.148834,32.604563415715695,3.2887383005611106,1196.7834951879354,13.681024,"73,74,75,76,77,78,80,81,83,84,85,86"
199572211,7694.01,PC,PC,13.2528,2458718.010982,13.671565171318099,2.973600640576201,2261.551937248711,12.6516905,"15,16,22,24,41,48,49,50,51,52,55,56,57,58,84,85"
319482278,7695.01,PC,PC,7.7558,2459800.972914,7.272897576414245,2.4441684950267417,176.3319050472889,7.6596627,"55,82"
327996774,7696.01,PC,PC,10.0985,2460932.30887,2.5824371068856635,2.995335924618523,286.02522119696033,18.24163509366242,"2,42,69,70,92,96"
29848696,7697.01,PC,PC,9.0072,2460987.293591,2.5354573158481974,2.7261038393530037,5504.739965652377,80.95223975361075,"3,30,97"
241577487,7698.01,PC,PC,9.81828,2460981.792433,4.570135649838008,2.2214351268763193,341.3785990175247,13.921754326724352,"3,30,70,97"
241577487,7698.02,PC,PC,9.81828,2460978.978391,14.715767223041595,3.5782342693737377,552.9051044264561,14.88788530237677,"3,30,70,97"
241577487,7698.03,PC,PC,9.81828,2460988.134667,1.2377156533335425,1.4174610337100157,240.10120266474712,17.75970474276167,"3,30,70,97"
358289302,7699.01,PC,PC,12.4439,2460937.329627,27.471305097870715,5.976553632074094,5091.343561702733,19.490702,97
164695417,7700.01,PC,PC,11.1993,2460936.435324,3.590771654082882,1.5820185162015012,4309.880913085306,30.042004,97
122522333,7701.01,PC,PC,10.7124,2460945.157754,20.612671834228163,7.976909223283435,1894.892143302984,21.434034,97
25030847,7702.01,PC,PC,11.5448,2460937.556888,9.066335921746523,6.1814329209019485,4031.8282746673926,35.196022,97
88507544,7703.01,PC,PC,12.1451,2460934.319372,2.1523127232103816,2.1712773796924307,24794.819984460937,174.41548,97
138733600,7704.01,PC,PC,12.7639,2460935.634295,3.3434739497871298,3.1594250922587905,10443.75580725534,45.96577,"3,97"
70514245,7705.01,PC,PC,12.8588,2460933.871822,4.047782070159552,2.0598955956227973,20129.93199020028,54.166084,"3,97"
25004866,7706.01,PC,PC,11.4384,2460938.845562,21.72013484667268,3.3388273895026135,11992.262856319514,51.508026,97
123365281,7707.01,PC,PC,12.9726,2460933.964925,2.610394946265863,2.9272953551308385,13059.702732117363,55.06282,"3,97"
321011198,7708.01,PC,PC,13.173,2460938.77101,7.4163881120128625,2.7611561701081992,5782.753704183063,11.255269,97
399789568,7709.01,PC,PC,12.6363,2458703.317924,20.92027909894346,2.9410388632739988,1933.485813640521,10.380311,"14,15,16,17,18,19,20,21,22,23,24,25,26,84,85,86"
261746870,7710.01,PC,PC,9.0387,2460902.12792,3.845853881468585,2.4242355041401638,206.06879699133435,44.576201251802345,"1,13,27,28,39,66,68,93,94,95"
1309019,7711.01,CP,,13.7671,2460991.139707,3.2425264975138677,3.2746471357215357,8033.022054858475,19.033058,98
264460009,7712.01,PC,PC,14.2441,2460988.712833,3.092561828373995,2.626806130796992,21170.417652567554,18.592756,98
77287067,7713.01,CP,,13.5861,2460991.772183,4.076437279489389,3.980575959993625,13033.18618107332,24.978098,98
423785115,7714.01,PC,PC,11.2457,2461002.68347,24.734992192553346,4.791716032894646,20632.295445364955,113.05674,98
200001699,7715.01,PC,PC,10.6396,2460988.797651,0.3236317459834564,0.9465612732325659,488.0446303154429,13.200277,98
200001699,7715.02,PC,PC,10.6396,2460988.604449,6.889620068478693,2.5711600485028168,2202.752854437007,17.837263,98
46432937,7716.01,CP,KP,12.3718,2460989.409304,1.440454446267068,1.2294065948499604,47151.64685574491,220.58372,98
317132251,7717.01,PC,PC,9.95471,2461011.591862,25.208744497455857,7.382056737491044,4558.954805456694,36.92906,98
37348844,7718.01,KP,KP,13.605,2460989.040876,0.7668220578993619,1.1630505226692769,27011.222872483122,20.2908,"87,96"
1333933,7719.01,KP,KP,13.9636,2460989.988472,3.275794451851916,2.391701027032049,11304.975041965992,19.904718,98
421184129,7720.01,PC,PC,10.8967,2461048.446626,8.031536646280458,8.88239062036379,1640.8668641021861,14.864342,99
163029327,7721.01,PC,PC,12.3648,2461046.358123,2.5639669389537976,2.1282743837848077,5340.922036686679,20.097656,99
334981118,7722.01,PC,PC,12.238,2461047.261024,5.590210481357226,5.229909500820943,5057.8273297146925,20.242638,99
162093661,7723.01,PC,PC,13.4955,2461047.698955,6.334038805991679,1.7613960334130043,10427.075896122105,10.5701065,"90,99"
77552382,7724.01,PC,PC,13.0262,2460744.833983,3.5102641120679405,2.393422158976283,4729.403653838691,49.214035087508265,"8,35,62,89"
19269186,7725.01,PC,PC,11.9412,2460746.491837,0.9621291862357807,1.2914720288525092,4852.944298713205,143.37926051746734,"8,9,35,62,89"
289819148,7726.01,PC,PC,13.4645,2460744.007596,7.662140262834386,3.6958062444151487,5499.682005651515,26.167462572571694,"9,36,62,89"
386563408,7727.01,PC,PC,12.1428,2460741.587743,2.5766417559549284,2.120199987270351,1249.3307959165795,38.46041606251167,"9,35,62,89"
52024670,7728.01,PC,PC,11.5564,2460740.630587,4.3739988391340034,1.1236355870466346,2328.301665025831,72.18359105313031,"8,35,62,89"
79936069,7729.01,PC,PC,13.1066,2460735.097318,13.61613531826461,3.581067781904073,4228.593334089877,26.38673137329911,"7,8,34,35,61,62,88,89"
78010250,7730.01,PC,PC,13.3664,2460743.009758,2.787586222674886,2.8314798646921497,4697.276889843345,50.4320195821996,"9,35,36,62,63,89"
455279465,7731.01,PC,PC,12.7722,2460743.039435,3.2874829032743187,3.4725113919714814,16797.437746374646,158.6169532677299,"8,35,62,72,89"
44566945,7732.01,PC,PC,13.4469,2460746.749543,1.5925044953719096,1.3016732197803416,4873.9286220616805,55.80632523462373,"9,35,36,62,89"
296882354,7733.01,PC,PC,11.0252,2460743.571608,1.1838811141400591,1.2490473919596239,2144.5596882685077,102.38606079121334,"9,35,62,89"
133420230,7734.01,PC,PC,12.3908,2460722.047962,26.312573390781022,6.936295128044756,3165.8244162736237,26.388922212836423,"7,8,34,35,62,88,89"
2405205,7735.01,PC,PC,11.8505,2460745.473897,3.161363113262171,1.1876436533134618,2001.7306728126612,31.534317116811124,"8,35,61,62,89"
179240138,7736.01,PC,PC,12.6305,2460738.949868,3.150992800038905,1.548792690337943,3180.2871162930655,50.63025537629556,"9,36,62,89"
238334463,7737.01,PC,PC,12.3429,2460739.393725,6.168225285165661,6.465367808295683,2138.6858326072957,25.762543719655753,"7,8,9,34,35,62,88,89"
332713106,7738.01,PC,PC,13.1795,2460720.636238,22.539833994039455,3.6379359830369182,15297.858830773486,41.663276917107744,"8,35,62,89"
47055436,7739.01,PC,PC,11.9749,2460743.883254,1.3451227260501972,1.5733762575196721,1150.4885826145994,42.09199907163793,"8,35,62,89"
36715978,7740.01,PC,PC,12.9305,2460771.361415,10.196379868558903,2.9772943615256158,3591.784272705322,25.301238531100303,"9,36,62,63,89,90"
308664375,7741.01,PC,PC,12.7293,2460773.850366,3.56863322903257,5.442712188479835,3524.61359126271,248.43506292915959,"1,2,4,5,8,9,10,11,28,31,32,34,35,36,37,38,61,62,64,65,68,69,88,89,90"
73635140,7742.01,PC,PC,11.4614,2460738.255897,18.490348107432045,4.9223594014181895,2351.808888834422,24.6367370653108,"9,36,63,90"
454039549,7743.01,PC,PC,11.8342,2460769.09119,10.965511314972348,8.560896973649944,2198.7112390519137,47.35646886102084,"10,37,63,64,90"
71125919,7744.01,PC,PC,12.5022,2460771.101035,9.261788351993033,3.7225215646537446,8815.662583525118,100.77107089398362,"62,63,89,90"
385699758,7745.01,PC,PC,11.9222,2460774.594157,1.5427028879839193,1.9199962845536571,6433.322418440339,223.57796898614296,"10,35,37,63,90"
362360634,7746.01,PC,PC,13.4195,2460771.253774,4.790250656371899,,5475.782046798206,59.96845717917553,"9,35,36,62,63,89,90"
371315483,7747.01,PC,PC,12.7727,2460774.545634,9.650503350448048,3.2339320284753015,4539.418532646017,56.04259736642661,"10,11,36,37,38,63,64,65,90"
309257123,7748.01,PC,PC,13.3219,2460773.775435,8.32564913601414,3.139381612508847,2720.493192655037,40.29117464437821,"1,8,9,10,11,28,31,35,36,37,38,61,62,63,64,68,88,89,90"
457542392,7749.01,PC,PC,11.2906,2460766.372214,20.644798615205666,1.906621570652344,3830.351298141956,28.091064470666076,"9,10,36,37,63,64,90"
178658245,7750.01,PC,PC,11.578,2460773.592397,1.3404613479124912,1.428205724711499,1145.4443926205147,74.9595277375687,"9,10,36,37,63,90"
362264027,7751.01,PC,PC,11.5437,2460773.087068,2.6759637659765865,5.201654220201564,902.0910499580646,34.61406762699274,"9,10,36,62,63,89,90"
23326828,7752.01,PC,PC,10.3123,2460773.792472,7.093934727179008,3.7212998920109337,970.1113810385834,41.20522568232561,"9,36,63,90"
38579332,7753.01,PC,PC,12.0894,2460771.376511,10.678053904868479,3.343135621327355,2936.8028853731985,32.658981314041405,"10,36,63,90"
38579332,7753.02,PC,PC,12.0894,2460764.613838,4.863235166542334,1.6496797531495329,1751.8974923412904,20.12891444880006,"10,36,63,90"
105712339,7754.01,PC,PC,12.1993,2460744.937842,23.72909547890612,2.1548711445185122,5556.114394628768,37.16655220367792,"9,36,63,90"
269895488,7755.01,PC,PC,13.3557,2460766.888819,7.92505969343294,6.544011445468329,5145.892148799054,59.94845986355944,"9,36,62,63,89,90"
458032939,7756.01,PC,PC,11.7696,2460770.924985,12.055098340396768,4.0038134666679905,1540.3893246537634,23.063492571675354,"9,10,36,37,63,64,90"
93532796,7757.01,PC,PC,13.2463,2460773.637339,0.8258114047742997,1.1749003896190118,3331.2964431627984,34.18664061382436,"10,37,64,90"
142064910,7758.01,PC,PC,13.9673,2460767.084379,4.175729191614183,1.842302569437921,11534.486253569607,32.23825689321043,"37,63,90"
163262279,7759.01,PC,PC,12.8831,2460751.621213,20.00770790807512,4.1657998801935205,4200.403123299417,25.581242095523134,"10,37,63,64,90"
281170011,7760.01,PC,PC,12.563,2460771.585379,2.700188968076657,2.464545038904985,9429.788635914865,107.88790220756314,"9,10,35,36,62,63,89,90"
45636452,7761.01,PC,PC,11.4804,2460725.38789,26.655615016785557,1.7793829218162185,5008.335600372797,85.66062980259646,"8,9,10,35,36,37,62,63,64,89,90"
193318850,7762.01,PC,PC,12.7639,2460754.277052,15.717856274800084,3.2398651759446118,7182.417612101556,28.065974486205672,"9,36,63,90"
33977715,7763.01,PC,PC,11.7783,2460764.315074,6.668746213899108,2.9507301142853173,2033.3190119796486,48.539080746940655,"9,35,36,62,63,89,90"
158200069,7764.01,PC,PC,11.562,2460749.261542,22.434077477083108,6.52523225645539,1104.912779882271,21.55897034282057,"9,36,63,90"
23224540,7765.01,PC,PC,13.4245,2460771.362419,10.50370514195464,6.202650687333118,5016.710334742871,43.91501233338616,"9,36,63,90"
384482338,7766.01,PC,PC,12.39,2460772.107988,3.672716136771796,5.400336782408387,2986.6498195217346,74.29079883541345,"9,10,35,37,62,63,89,90"
163493945,7767.01,PC,PC,13.2189,2460774.575158,2.5082441360351866,2.082628997153291,4971.068924758858,27.976118523536666,"10,37,63,64,90"
36811910,7768.01,PC,PC,12.3026,2460774.803598,5.4018834534587405,7.693256192436046,2222.887419564529,34.03534000883893,"9,10,63,90"
303865520,7769.01,PC,PC,12.5045,2460773.140819,3.14367799627051,1.7234478099553976,1579.1093915578228,53.52922153870755,"9,10,11,36,37,38,63,64,65,90"
73983171,7770.01,PC,PC,13.2109,2460799.533259,2.999729220343826,2.0820525865263724,13040.229924350744,25.34733795452903,91
198294279,7771.01,PC,PC,12.0623,2460800.293762,0.5853026774571098,1.1154808685212263,2873.2583445599794,32.21997771502332,91
309694541,7772.01,KP,KP,12.8222,2460797.035911,3.311951434240907,4.587045690501837,5629.215782469672,15.536636317044522,91
49729638,7773.01,PC,PC,12.5813,2460795.244729,3.2397806196961545,2.6189819848454956,11226.952723472474,21.492692713685464,91
31061885,7774.01,PC,PC,14.9939,2460800.430561,1.7985325952288387,1.674529651163304,29056.76535776063,33.099115702455194,"64,91"
354809215,7775.01,PC,PC,12.2256,2460790.246543,6.271354047739821,7.2154611270492115,3792.8383217028677,19.973819041177617,"39,91"
422568868,7776.01,PC,PC,12.3564,2460799.050601,2.2160532628472605,2.2664667488566304,20467.133064870013,37.6364116821852,91
68123867,7777.01,PC,PC,12.8578,2460796.487974,6.299091550485427,4.781574352782781,5778.065969008072,38.107379413806036,"12,65,91"
347866089,7778.01,PC,PC,14.346,2460802.377342,0.6964039764260391,1.1354617912184637,28716.044637657997,38.388329091199495,91
434620877,7779.01,PC,PC,11.4045,2460799.614671,2.898725225373548,2.4583533713861225,6833.471395382991,26.755077929454,91
437346961,7780.01,PC,PC,11.4508,2460798.73817,2.697807301077231,2.1567737167809584,33283.89149820261,49.652922292607435,91
67607738,7781.01,PC,PC,12.4293,2460793.684691,4.016047635231519,3.032099708763022,11445.563302760667,22.01546602889744,91
77466620,7782.01,PC,PC,13.4066,2460794.923319,3.4695281517579892,1.598662034183713,18214.07733425013,106.24044127714818,"12,38,65,91"
38691375,7783.01,PC,PC,12.1775,2460794.304612,3.0101624557448803,4.071295529987276,4536.365711459821,13.578342344961221,91
26040447,7784.01,PC,PC,12.9426,2460802.528906,0.6109883783451151,0.9534957508100097,6686.252674338819,28.835626891523006,91
115018003,7785.01,PC,PC,14.4211,2460798.514722,1.2932682432158062,1.3938789695539775,37329.54081060077,60.37404176528908,"50,91"
346069206,7786.01,PC,PC,10.9216,2460801.656879,1.0730267799811437,1.370700401207149,2069.561781308116,17.160852707415607,91
17798086,7787.01,PC,PC,12.272,2460799.292447,2.2189649155440874,3.304261767486129,7841.349736783311,20.33119962522032,91
23847464,7788.01,PC,PC,12.7202,2460798.981686,3.21600921682686,2.532896031038487,13267.137157745283,144.11147417604542,"12,38,91"
37126544,7789.01,PC,PC,11.1767,2460791.316715,6.294895801243027,5.6169844896094645,3948.2931684494215,23.417197531013056,"51,91"
434949776,7790.01,PC,PC,12.7586,2460797.497432,3.1764754723522612,3.7166335314269827,6605.222867544984,11.484882597394414,91
51680381,7791.01,PC,PC,13.201,2460823.688549,10.514189024436515,5.454093173584984,7442.018853827001,20.212954298001442,"81,92"
33400193,7792.01,PC,PC,11.247,2460812.012761,14.73109705778345,4.617576461493661,3958.1800259054085,30.380029086717602,"42,70,92"
102181368,7793.01,PC,PC,13.4003,2460827.756992,3.6337831656563533,,14884.740967573542,32.66094782807384,"42,92"
441919395,7794.01,PC,PC,12.3998,2460826.120236,4.746466191460872,3.9647549806542095,9024.115198185527,15.95217089010067,92
68792475,7795.01,PC,PC,11.9241,2460822.181021,3.994806611439932,3.917683686959645,6449.167375166013,20.9574849562726,92
301023390,7796.01,PC,PC,13.3963,2460824.487287,3.2569952074924764,4.044380447053324,8284.259482760364,47.89299048106149,"27,92"
127361441,7797.01,PC,PC,12.6866,2460818.894601,6.358631816412151,3.4257760232085186,15929.569138084631,33.66049317900712,"91,92"
237343052,7798.01,PC,PC,12.9723,2460822.37145,7.719175547611087,,12356.742394695728,39.471778251304,"54,81,92"
309845124,7799.01,PC,PC,14.6213,2460827.357322,2.3516994638008057,1.2353523117488896,90712.37595898095,26.22923159442455,92
311010709,7800.01,PC,PC,12.4878,2460827.294104,1.699246065296545,2.8401539587149696,13574.34429057618,39.74862782691722,92
301271430,7801.01,PC,PC,10.2034,2460799.725495,17.969789632217086,3.7712651065048766,960.5849259917638,19.455323544152986,"42,70,92"
301271430,7801.02,PC,PC,10.2034,2460819.490768,8.248515616605527,3.1106730716850066,942.9139871220858,20.220913055487035,"42,70,92"
335919075,7802.01,PC,PC,12.5838,2460823.579168,3.697599256452843,3.587125617549489,6682.3487270191,43.55054229521984,"42,70,92"
449292005,7803.01,PC,PC,13.0066,2460823.965294,2.9924309315704245,3.1396854630228552,10139.367087468529,21.54073473322363,92
250294534,7804.01,PC,PC,12.8166,2460820.969741,5.8597330781109225,2.943553311989107,3694.3209465813998,13.725762534093494,"42,70,92"
353111680,7805.01,PC,PC,12.1392,2460823.825665,3.1063425180393733,3.897752535515175,6549.971669638194,40.447385553675495,"80,92"
422078739,7806.01,PC,PC,12.8498,2460824.747176,2.2122420379667895,1.1984089672424385,5098.05471608541,34.655744294862195,"42,56,70,83,92"
69538264,7807.01,PC,PC,12.2441,2460824.559654,3.0780546597973766,3.9676097553741245,7819.7430792058685,26.199325088409964,92
166510722,7808.01,PC,PC,11.9385,2460820.381182,5.018475773073205,6.243272702314736,3002.7777635741027,13.837514449767273,"91,92"
206167837,7809.01,PC,PC,13.3095,2460824.190063,3.2526004309749865,2.519,15651.743542616461,37.90063744393343,92
269244393,7810.01,PC,PC,12.8211,2460797.346421,24.730127592787838,6.979601369993472,3750.8576178604144,11.372607441565602,"42,55,82,92"
317916019,7811.01,PC,PC,11.481,2460819.143947,6.117846163135588,6.257639370353932,1216.4018893070347,22.981351817885116,"42,55,82,92"
206553642,7812.01,PC,PC,13.9169,2460823.194794,3.4662324885249207,1.7443305430435778,10730.022570357558,33.21929363086497,"42,68,92"
13663443,7813.01,PC,PC,13.2591,2460822.888558,3.013511122686104,3.917171898648151,7121.021252218219,21.684894860978027,"54,92"
279356,7814.01,PC,PC,9.2344,2460824.499411,3.5575696386478244,4.2539374139777575,7336.446562120483,28.843072439230564,92
913035,7815.01,PC,PC,11.6909,2460827.338433,5.524848543289835,4.132330354354435,5984.474556150648,19.935971091863884,"42,92"
442381495,7816.01,PC,PC,13.4815,2460825.108903,1.9979321484392913,1.8240289146363509,23770.91097549312,26.089037604777847,92
155744976,7817.01,PC,PC,9.43949,2460828.438762,3.880419861293275,2.103579356268079,1673.2556310872255,32.8365421519551,92
51217656,7818.01,PC,PC,12.7186,2460826.42275,3.044875801890104,2.260077519157601,21290.987329454365,17.54372557542974,"91,92"
169725951,7819.01,PC,PC,12.2415,2460822.3006,8.009437345737666,3.1938161442219286,8078.533772932279,15.81844316179833,"13,27,92"
317916466,7820.01,PC,PC,11.4199,2460821.950474,14.1865467581662,4.781817921088044,3036.6199270568463,21.316465326115594,"42,55,82,92"
422037052,7821.01,PC,PC,11.8012,2460814.667377,13.691559321021504,9.451946253669199,1179.6697455068825,12.778929098480152,"42,56,83,92"
146320244,7822.01,PC,PC,10.8867,2461077.315812,4.497298969483863,3.6040970355449424,1955.2045385839322,12.089012,100
1104064500,7823.01,PC,PC,12.4781,2461074.547254,2.0977255768445286,3.3331512579829368,7284.246411968653,20.526386,100
73644471,7824.01,PC,PC,12.4024,2461078.106743,4.59470307105531,4.514763153662623,9707.882556868608,29.22373,100
193096383,7825.01,PC,PC,12.2323,2461077.651518,4.857887906907664,3.039456086329545,3669.9767986241973,12.718226,100
434452008,7826.01,PC,PC,11.4135,2460730.012327,24.33440254022602,7.552489957892282,2442.5649677601286,30.83329064303186,"8,35,62,89"
405421485,7827.01,PC,PC,11.7392,2460725.789828,13.140366782613386,4.446187339762273,1525.6203985286961,12.619705113511186,"8,35,62,89"
441058440,7828.01,PC,PC,12.3723,2460769.00818,3.804468773107221,2.042,4127.548049401659,27.085600552125463,"9,10,36,37,62,89,90"
289909884,7829.01,PC,PC,13.1182,2460764.698545,21.190821143773636,3.8425514615411935,6227.243136086453,19.92208228770918,"9,36,63,90"
340383885,7830.01,PC,PC,11.5747,2460849.05581,4.148390647056612,2.7479186342889883,1709.0800830383837,36.350477071719304,"12,39,65,66,93"
21355897,7831.01,PC,PC,10.2849,2460853.946213,5.3428265997442095,6.68716026446719,2323.3281522502994,10.598476066632934,"39,66,93"
60091800,7832.01,PC,PC,12.2083,2460852.918314,1.7389103452101264,2.9047517084125842,25800.49079241046,147.12259227424397,"13,66,93"
447419723,7833.01,PC,PC,13.1865,2460847.329127,13.861577899607413,4.617291327864203,24446.9296624836,46.304891806044786,"12,66,93"
237164114,7834.01,PC,PC,11.2699,2460851.041502,3.9818576322274364,2.173464847567068,8434.959716352145,66.25851055657974,"12,39,66,93"
326266811,7835.01,PC,PC,12.463,2460853.010046,4.5880019169332975,1.857029934353542,19907.42531398909,146.61630511031674,"13,39,66,93"
161421929,7836.01,PC,PC,12.2163,2460826.042028,22.843947569359273,6.858057395326153,3751.015496459703,12.20275357118483,"12,39,66,93"
265523693,7837.01,PC,PC,10.9565,2460854.444139,0.46695151379185945,1.064428664172617,2827.8046473892073,85.91288064669854,"13,39,66,93"
323624496,7838.01,PC,PC,13.2732,2460853.846602,2.070636484947727,1.7601,12051.18566016034,440.382886287205,"11,12,13,37,38,39,64,65,66,93"
465283863,7839.01,PC,PC,11.5641,2460849.966203,4.5533193590754255,3.1618489577318973,11122.615058772102,52.35346991292676,"12,39,93"
395186430,7840.01,PC,PC,13.1516,2460846.903587,20.400338960377255,2.842097140071968,22386.47472255901,152.57391549283645,"11,12,38,39,65,66,93"
160679177,7841.01,PC,PC,12.7851,2460849.208934,6.028473722403942,4.489885820045439,4405.6042893238355,23.74649038363259,"12,39,66,91,92,93"
307398951,7842.01,PC,PC,12.5891,2460853.046677,4.446843892998649,3.326178612479043,9423.917876970478,53.702779976844006,"12,66,93"
55578720,7843.01,PC,PC,12.206,2460843.81279,6.58355707995906,3.0091775026450853,9592.483467775226,20.65054344746257,"13,66,91,92,93"
395745531,7844.01,PC,PC,10.7318,2460838.235931,20.255082226596226,3.829530045090517,1309.1019865918245,26.333067787239404,"11,12,38,39,65,66,93"
263313709,7845.01,PC,PC,11.8068,2460851.602616,5.702360350952459,2.5609404044503625,1918.1166862896232,28.542110921854672,"12,39,65,66,93"
194721330,7846.01,PC,PC,12.103,2460847.516379,3.9374688432073053,1.419564984269185,13808.868957010225,31.37504246700789,"13,39,66,93"
157703394,7847.01,PC,PC,13.1063,2460852.475039,6.102903372651007,1.7082994225049597,8058.347184778839,19.84658596273548,"12,39,66,91,92,93"
193164274,7848.01,PC,PC,11.1016,2460854.741483,4.0024595904081295,3.3614844753337043,12140.076172147887,98.1060404851233,"12,39,66,93"
447462887,7849.01,PC,PC,13.4919,2460853.779473,1.6083760388169754,1.721,8620.364756210663,46.609867587533266,"12,66,93"
410056850,7850.01,PC,PC,12.6847,2461104.277541,10.612986803698865,5.172628019239962,7245.439887268712,18.376755,101
73232401,7851.01,PC,PC,10.2429,2461102.904233,11.000798257006464,3.751550231319856,1600.9880467342086,17.162632,101
951438622,7852.01,KP,KP,18.8086,2461100.832208,0.23594669997692108,0.5,284760.9684006335,9,101
341497604,7853.01,PC,PC,12.5828,2461101.555301,1.6886247904443263,1.2286673182894043,3335.6164271648668,10.783388,101
124095894,7854.01,PC,PC,13.6239,2461100.976498,1.1260913581054044,0.972703254828333,10028.476864495196,11.18332,101
27846348,7855.01,KP,KP,14.2045,2458689.998872,130.164818358,8.300342533675133,16452.75231280982,8.428363,"14,15,56,74,75,76,81,82,83"
417679385,7856.01,KP,KP,14.987,2460313.089924,0.6535254847077148,1.1193934931286509,5602.270454545594,9.969558,"74,76,80,81,82,83"
408313280,7857.01,PC,PC,11.6684,2460543.209681,.0,3.619722696891629,3118.541354541532,9.953712,"55,82"
158490401,7858.01,KP,KP,11.034,2459394.331975,12.713793859050028,2.4993204230816133,66412.70859072238,413.01416,"14,15,26,40,41,53,54,55,74,75,80,81,82"
416279912,7859.01,KP,KP,12.1351,2460564.052867,.0,10.597432725728664,6769.4027158784065,24.872408,"40,53,54,55,73,74,75,76,80,81,82,83"
299161524,7860.01,KP,KP,14.6048,2460298.278657,12.61181197613828,4.7520364564887885,5274.038554865462,8.429074,"73,74,75,76,80,81,82,83"
317298542,7861.01,PC,PC,13.3015,2460856.400624,15.890851156539787,5.629716813120135,4939.292128078491,23.852967292535165,"12,13,27,38,39,65,66,67,93,94"
379506569,7862.01,PC,PC,12.59,2460870.126441,6.921630036394917,6.517912344205641,1557.1874886339263,30.276286441282085,"13,66,67,93,94"
464286189,7863.01,PC,PC,10.8385,2460853.970936,18.299316736772298,2.4994247664936395,2886.729663461854,36.83466132097752,"13,66,93,94"
379292252,7864.01,PC,PC,12.873,2460859.81684,11.217063387562014,3.537706486052606,7668.215288493921,48.271899531260004,"13,66,67,93,94"
25170592,7865.01,PC,PC,13.2854,2460905.735173,4.584806428589386,5.135524902374384,6061.139129898216,51.00711314780166,"1,28,68,92,95"
260949200,7866.01,PC,PC,12.9927,2460887.479949,30.286026284461308,4.125574216388709,8662.216066314562,94.9964180303804,"1,12,13,27,28,39,65,66,67,68,93,94,95"
197953918,7867.01,PC,PC,14.9505,2460903.866796,2.5356542519855636,0.9016573465352449,126433.02018470944,94.63851385091546,"28,68,95"
47353757,7868.01,PC,PC,14.8287,2460932.336119,0.4349172051912561,0.843421020003084,31994.986869944827,130.30972313816113,"69,96"
188620407,7869.01,PC,PC,11.5725,2460200.335931,43.44881820192871,6.2736346891372445,5134.327712793753,46.1623689862345,"2,29,42,69,70,96"
55497198,7870.01,PC,PC,14.8863,2460932.722898,11.919221611508394,1.5846768257201989,21583.178210295435,37.00573493029981,"31,35,36,37,39,61,62,63,64,65,66,67,68,69,95,96"
279475441,7871.01,PC,PC,11.6823,2460931.895775,2.6812207710214375,1.4489347335557665,602.9054640725958,58.13004734221668,"1,2,3,4,5,6,7,8,9,10,11,12,13,27,29,30,31,32,33,34,35,36,37,39,61,62,63,64,66,67,68,69,87,88,89,90,93,94,95,96"
382521476,7872.01,PC,PC,14.4288,2460930.50354,2.942900791118261,1.8592347956252229,21493.501204773846,21.439583510743773,"69,96"
229149738,7873.01,PC,PC,13.0907,2460929.138598,6.340404349227711,1.6825058603798908,7390.852672873082,54.08399222717893,"2,3,29,30,69,96"
229155120,7874.01,PC,PC,11.3866,2460198.728523,29.538046194473914,4.001214437774845,2565.1529078070316,28.347755349779373,"2,3,29,30,69,96"
52285162,7875.01,PC,PC,12.3862,2460910.94045,35.52644004218749,5.041205700912439,3605.7974533836896,41.82345710604606,"1,2,28,29,68,69,95,96"
141485843,7876.01,PC,PC,12.6053,2460912.211051,23.52555413742694,1.8307,4681.760638111247,46.13064810671134,"1,2,3,4,5,7,8,9,10,11,12,13,27,28,29,30,31,32,33,34,35,36,37,38,39,61,62,63,64,65,66,67,68,69,88,89,90,93,95,96"
262846252,7877.01,PC,PC,12.2497,2460984.33067,5.681369200045135,3.2957,9504.678047688098,173.29013760231922,"30,42,43,70,97"
206455849,7878.01,PC,PC,13.3716,2460982.938839,5.704974017785049,4.163298960580613,3100.686187692987,34.74700277368357,"4,30,31,97"
237926599,7879.01,PC,PC,12.3901,2460974.74062,11.182743344116105,2.517374659014304,1594.544992856735,70.44403719241731,"1,2,3,4,7,8,11,27,28,29,30,31,34,37,38,61,62,63,64,65,67,68,69,88,89,90,94,95,96,97"
328100489,7880.01,PC,PC,11.9524,2460983.572014,4.707170420314137,4.206685768474253,8122.880866347558,75.49888940283974,"3,30,97"
294272188,7881.01,PC,PC,13.4921,2461040.987091,12.799945819330064,5.282526341312331,2945.9623413374184,101.4411132188292,"1,2,3,4,5,6,7,9,10,11,12,13,27,28,29,30,31,32,33,34,35,36,37,38,39,61,62,63,64,66,67,68,69,87,88,89,90,93,94,95,13625,53,98"
307784994,7882.01,PC,PC,13.1066,2461027.919024,14.49214580140013,3.693838640627332,3783.8692355717612,49.088734187552305,"2,9,10,11,12,29,32,36,37,38,39,62,63,65,69,89,90,98"
398778455,7883.01,PC,PC,13.1523,2461045.763067,0.43468524330493025,0.8291709567005395,2693.362712293975,120.63182630155865,"5,32,98"
13133780,7884.01,PC,PC,12.2721,2461040.562034,2.785258175937964,2.230158418606968,1674.712230785905,49.58748775860817,"5,32,98"
43724768,7885.01,PC,PC,12.9399,2461043.132713,2.68300531285038,3.2698684294709803,2630.509079521118,52.282794825125315,"5,32,98"
201369796,7886.01,PC,PC,13.3632,2461045.506024,0.6405726814936634,1.2102614939467153,3475.6773243070893,76.10104131961954,"6,32,98"
319608890,7887.01,PC,PC,12.9974,2460979.775761,35.745390339432774,5.002359537871746,10581.491700580193,70.64723362163473,"6,7,8,33,34,35,61,87,88,96,98"
219396153,7888.01,PC,PC,13.6084,2461017.00421,10.24258341348132,2.9059539957651963,8752.260642755313,30.485444346372848,"31,87,98"
161569903,7889.01,PC,PC,14.2671,2461039.150458,5.902568438043477,1.8073731070775638,46616.66836687653,105.1741710975882,"31,98"
141610717,7890.01,PC,PC,11.7795,2460996.940043,33.29723353948987,5.889907914773218,1331.4857099173746,136.18184998812166,"1,2,3,4,5,6,7,8,9,10,11,12,13,27,28,29,30,31,32,33,34,35,37,38,39,61,62,63,64,65,67,68,69,87,88,89,90,94,95,96,13881,49"
450109396,7891.01,PC,PC,12.528,2461023.41774,19.85623420500123,6.577403263271966,4629.080070193328,22.958022464813524,"5,32,98"
9432774,7892.01,PC,PC,12.3956,2461043.799295,1.649097335537196,1.6263441627063782,3094.157849503446,82.0837641997108,"5,98"
259644493,7893.01,PC,PC,13.3334,2461027.584113,20.610347723817743,5.287003871422721,8602.406767956812,77.67328993936452,"4,5,6,30,31,32,97,98"
167418067,7894.01,PC,PC,14.2444,2461042.3068,2.1055935069278853,1.5592947266413184,4051.306281272109,46.45232610352251,"39,61,62,63,65,66,67,68,69,87,88,89,90,93,94,95,96,97,98"
349522456,7895.01,PC,PC,12.7552,2460903.924039,51.114872751517,2.9460776403861666,3350.350828004955,44.510943711957786,"1,2,3,4,5,6,7,8,9,10,11,12,13,27,28,29,30,31,32,33,34,35,37,38,39,61,62,63,64,65,66,67,68,69,87,88,89,90,93,94,13369,57,97,98"
220436159,7896.01,PC,PC,13.0279,2461044.933207,5.033794121701988,3.215870844128553,2387.354184996725,170.60499649423443,"1,2,3,5,6,7,8,9,10,11,12,13,27,28,29,30,31,32,33,34,35,36,37,38,39,61,62,63,64,65,66,67,68,69,87,88,89,90,93,94,13369,57,97,98"
455073386,7897.01,PC,PC,12.6832,2461039.49062,3.2637989002588603,2.404390988073412,12216.431663339348,107.47366053538255,"5,32,98"
260131577,7898.01,PC,PC,12.537,2460979.029923,14.250137145357712,6.22403055812517,2131.0174099849232,56.32335312046644,"1,2,3,4,5,6,7,8,9,10,11,12,13,27,28,29,30,31,32,33,34,35,36,37,38,39,61,62,64,65,66,67,68,69,87,88,89,93,94,95,13625,53,98"
293225862,7899.01,PC,PC,13.1111,2461037.924141,4.427782186657037,2.8157936638263523,2080.6947431564518,119.25098192224104,"1,2,3,5,6,7,8,9,10,11,12,13,27,28,29,30,32,33,34,35,36,37,38,39,61,62,63,64,66,67,69,87,88,89,90,93,94,95,96,97,14137"
177037840,7900.01,PC,PC,11.7085,2461028.329701,11.243233986241624,3.3894085472912323,537.901909098361,38.77602038179142,"1,2,3,4,5,7,8,9,10,11,12,13,27,28,29,30,31,32,33,34,35,36,37,38,39,61,62,63,64,65,66,68,69,87,88,89,90,93,95,96,13881,49"
237158650,7901.01,KP,KP,13.7592,2459390.87518,4.147014389547674,2.771587520996657,2122.5107053349993,9.621131,"40,41,53,54,74,80,81"
169556484,7902.01,KP,KP,13.9271,2459771.019811,5.333884787838487,7.4448686612701795,4807.536774901189,11.373235,"54,55,74,81,82"
169176556,7903.01,KP,KP,13.6051,2460318.225747,8.025011626561401,5.041132601824641,3499.9191248929224,11.099936,"74,75,81,82"
26584326,7904.01,KP,KP,14.7897,2460316.692852,4.959174000711601,1.796558786782788,16934.666549992024,9.575455,"74,75,81,82"
13574905,7905.01,PC,FP,10.3041,2459798.912541,2.198324568357136,1.7690358610140713,440.8203612184979,10.054263,"55,82"
417660218,7906.01,KP,KP,11.6488,2460527.107696,.0,15.711376374049156,2063.5687975809615,13.98899,"40,41,54,55,74,75,80,81,82"
121865656,7907.01,KP,KP,11.8234,2459438.916059,179.59899086234893,14.605360016818802,981.6642828270479,8.818875,"40,41,54,55,74,75,80,81"
391880567,7908.01,KP,KP,13.4202,2459774.310435,6.21231135156,2.525703928380437,8220.61225384596,8.993587,"54,81"
27454084,7909.01,KP,KP,12.6087,2459840.455462,348.57860617778925,3.7493975844666427,3951.423324417669,9.665884,"56,74,75,81,82,83"
270619211,7910.01,PC,PC,9.7548,2458706.738177,77.4805009966,10.010946654541138,1359.718161415941,10.33764,"14,15,74,75,81"
167902377,7911.01,PC,PC,10.0349,2461071.359289,15.524401880904618,5.949898029754837,662.980139736061,20.487646840294847,"9,35,62,89,99,100"
170598489,7912.01,PC,PC,13.3388,2460854.335036,0.6770226938384366,1.5485192378049604,5117.524032263045,58.43313985218075,"12,66,93"
364700298,7913.01,PC,PC,12.7337,2460831.74023,25.157198682711016,4.178012948587259,6022.119862094766,14.772231150275191,"13,39,66,93"
447485237,7914.01,PC,PC,13.3676,2460849.800788,3.757325394048732,4.5781,5567.979308650733,31.02065398151346,"12,66,93"
193666100,7915.01,PC,PC,13.4132,2460843.674824,5.944505942043601,2.895053791545621,9449.297917465674,24.513594909401718,"12,39,66,93"
220400080,7916.01,PC,PC,12.4979,2460750.453189,69.65799992048737,1.3336070564290812,13153.97242914753,18.983579011179035,"3,4,5,30,31,32,63,66,90,93"
421356266,7917.01,PC,PC,13.1175,2460854.453543,0.551425134727613,0.7518029860717519,4399.201911211904,44.971644400167534,"12,39,66,93"
290355317,7918.01,PC,PC,12.5262,2460827.952621,16.116352644128604,1.539581004162772,6573.578228157646,27.59222836168263,"12,13,39,65,66,93"
463559233,7919.01,PC,PC,12.858,2460842.487717,9.044143696070806,3.888163459883658,6888.092682643722,11.753475716902905,"12,39,66,93"
325210265,7920.01,PC,PC,16.4487,2461127.345968,0.47720479595961035,0.3626736449172697,167613.55753894494,31.873796,102
392747437,7921.01,CP,CP,14.2229,2461128.704142,4.518444737417634,3.8712531281846436,17173.078256613517,16.0539,102
288769849,7922.01,PC,PC,10.2217,2460852.924486,1.2294446891020205,1.353894619331457,498.09198941991815,48.91279943700222,"39,65,66,93"
347030355,7923.01,PC,PC,9.3895,2460851.84666,3.111756060754164,4.155637630001323,306.9991219229467,27.83627087818242,"12,39,66,93"
263350617,7924.01,PC,PC,9.7213,2460833.718037,12.533747775271708,4.455196796777223,542.2320843438729,25.803790019373675,"12,39,65,66,93"
410399327,7925.01,PC,PC,10.4741,2460850.155581,2.6070959821661677,2.122830259002132,392.7482631183963,16.176311225095116,"13,27,66,67,93"
225040372,7926.01,PC,PC,9.8401,2460842.267981,7.576012300796231,1.6845623667280147,1195.7932493335775,21.104309256670827,"12,39,66,93"
346792281,7927.01,PC,PC,10.3403,2460853.054717,1.7154769402565522,1.26021078557892,339.7294407251797,22.02867136894338,"12,13,27,39,66,67,93"
