tic,teff_k,logg_cgs,r_star_rsun,m_star_msun,rho_star_cgs
1003831,5550,4.32801,1.12196,0.977,0.97539
1129033,5605,4.49347,0.933975,0.991,1.7151
1133072,3471,4.74129,0.495561,0.493652,5.71937
1167538,5825,4.42582,1.03876,1.049,1.31963
1449756,6421,3.98115,1.922,1.29,0.256184
1528696,4669,4.5199,0.782888,0.74,2.17446
1950736,4104,4.57209,0.685615,0.64,2.80001
2758565,5807,4.31866,1.17009,1.04,0.915364
2760710,3176,4.99822,0.241339,0.211546,21.2198
4070275,3500,4.76752,0.465777,0.463239,6.46383
4294779,3199,4.70217,0.540483,0.536614,4.7922
4426490,5983.3,4.3234,1.19683,1.1,0.904725
4610830,5281,4.53043,0.857708,0.91,2.03349
4616072,6600,4.39297,1.23733,1.38,1.02716
4646810,4884,4.59786,0.74413,0.8,2.73754
4897275,5853.7,4.38636,1.09271,1.06,1.14553
4918918,3466,4.80761,0.420908,0.41487,7.84458
5024743,8469,3.96002,2.51265,2.1,0.186657
5109298,9385,4.12011,2.22468,2.38,0.304786
5772442,5806,3.64403,2.54901,1.044,0.0888805
5800958,8064,4.16805,1.91046,1.96,0.396333
5882269,4072,4.61883,0.648172,0.637,3.29827
6653897,6238.19,4.41695,1.12614,1.208,1.19264
6663331,5500,4.46678,0.947934,0.96,1.58911
6892385,5411.15,4.48843,0.915405,0.941,1.72969
6893917,7511,4.21485,1.70169,1.732,0.495591
7020254,5742,4.58473,0.85554,1.026,2.31017
7059054,4664.8,4.68264,0.649127,0.74,3.81471
7088246,5759,4.40852,1.05,1.03,1.25454
7439481,3455,4.82691,0.399724,0.391168,8.63578
7548817,6050,4.1419,1.49494,1.13,0.476896
7624182,8959,3.80171,3.12776,2.26,0.104143
8260536,6017.1,4.43956,1.05318,1.113,1.34341
8348911,3244,4.97167,0.261162,0.233038,18.4466
8400842,6673,4.13313,1.68685,1.41,0.414197
8599009,5541,4.35539,1.08603,0.975,1.07325
8767448,5914,4.06962,1.58536,1.076,0.380755
8967242,5690,4.48062,0.956941,1.01,1.62512
9006668,5029,4.59386,0.766028,0.84,2.6349
9032368,5997,4.38895,1.11486,1.11,1.12949
9033144,5954.5,4.3178,1.19908,1.09,0.89146
9100874,5747,4.23543,1.28156,1.03,0.689983
9102327,5366.7,4.08246,1.45148,0.929,0.428351
9155187,5521.95,4.34199,1.10007,0.97,1.02736
9348006,5251,4.54337,0.83944,0.898,2.14056
9385460,6113,4.05769,1.66165,1.15,0.353426
9443323,5679,4.07294,1.53012,1.01,0.397521
9725627,6362.5,4.2569,1.38831,1.27,0.669204
9727392,6421.5,4.08773,1.70005,1.29,0.370187
9804616,3323,4.64795,0.603855,0.591222,3.78592
9828416,6382,3.90208,2.09701,1.28,0.195716
9837861,5235.54,,2.67566,,
9989136,4645,4.62487,0.693766,0.74,3.12473
10837041,4099,4.52041,0.727642,0.64,2.34232
10974783,7932,,,,
11111899,7273,,1.7904,,
11561667,4107,4.5617,0.69386,0.64,2.70136
11996814,3975,4.62844,0.627144,0.609693,3.48521
12421862,3782,4.78389,0.447336,0.4437,6.98888
12862099,5480,4.45226,0.963912,0.96,1.51139
13021029,6244.52,4.20862,1.43256,1.21,0.580312
13023738,5657,3.97078,1.71254,1,0.280734
13349647,5928,4.50732,0.959588,1.08,1.7234
13499636,5518,4.59176,0.824734,0.969,2.43558
13574905,6464,3.61559,2.95037,1.31,0.071922
14203588,10409,4.14921,2.28464,2.684,0.317356
14336130,5878.6,4.28196,1.23517,1.065,0.796864
14344979,5424.82,4.48725,0.916164,0.94,1.72356
14570099,4678,4.60838,0.709927,0.746,2.93979
14614418,5670,4.42812,1.01656,1.01,1.35564
14661418,4724.49,4.51836,0.793235,0.757,2.1385
14770122,6466,4.07444,1.74624,1.32,0.349529
15247229,8263,4.3463,1.58394,2.031,0.720627
15445551,6458,4.16463,1.56803,1.31,0.479105
15565627,6555.54,3.82948,2.34997,1.36,0.147765
15682927,7542,4.11256,1.91879,1.74,0.347284
15692883,6064,3.56749,2.89621,1.13,0.0655856
15827263,,,,,
16187321,6702,4.28755,1.4171,1.42,0.703563
16288184,6218,4.30792,1.27146,1.198,0.82181
16740101,9550,4.10504,2.28773,2.431,0.286278
16920150,5219,4.55718,0.82204,0.889,2.25654
17005768,5766,,1.1282,,
17150865,6121,4.16573,1.47366,1.16,0.511074
17307715,3893.47,4.58272,0.655766,0.6,3.00001
17385917,5058,4.50269,0.853329,0.845,1.91746
17409453,5583.56,4.10924,1.45288,0.99,0.455161
17416749,6398,3.89027,2.12819,1.283,0.187678
17746821,6321.7,4.0591,1.72958,1.25,0.340652
17865622,6011.16,,1.13476,,
17993892,5634,4.24009,1.25599,1,0.711634
18017227,6294,4.02923,1.77572,1.23,0.309745
18310799,4230.58,4.47957,0.774501,0.66,2.00307
18318288,3300,4.97775,0.256456,0.227881,19.0497
19028197,3552,4.73767,0.499698,0.497757,5.62488
19155785,5691,4.44631,0.996974,1.013,1.44137
19342878,5729.25,4.3916,1.06702,1.023,1.18736
19451711,7381,4.12359,1.86219,1.681,0.367039
19684256,5790.35,4.43647,1.02168,1.04,1.375
20096620,5720,3.92298,1.82744,1.02,0.235663
20178111,5870,4.52095,0.935866,1.06,1.82341
20182165,6327.16,4.37297,1.20505,1.25,1.00719
20182780,3422,4.76858,0.464571,0.461976,6.49655
20988926,6987,3.77378,2.65759,1.53,0.114934
21113347,,,,,
21535395,5723.87,4.49543,0.945408,1.02,1.70201
21744120,4790,4.58765,0.740113,0.773,2.68846
21755546,11787,4.09572,2.62432,3.131,0.244261
21832928,5991.11,4.37711,1.12506,1.1,1.08915
22020459,6561,4.12467,1.6729,1.36,0.409591
22221375,5940.41,4.44647,1.03399,1.09,1.39028
22233480,3353,4.84911,0.375859,0.363996,9.66587
22529346,6776,4.23431,1.52253,1.45,0.579284
22712134,6262,4.16098,1.51958,1.22,0.49024
22843856,6019,,1.23599,,
23113034,8638,3.92805,2.64385,2.16,0.164802
23389848,5660,3.85942,1.95168,1.005,0.190616
23434737,5742.22,4.31215,1.17321,1.03,0.899347
23650642,5523.99,4.41288,1.01386,0.97,1.31236
23769326,6227,4.27706,1.31854,1.2,0.738111
24358417,5523,4.32874,1.117,0.97,0.981377
24364065,5246,,3.6427,,
25155310,5675.54,4.25432,1.24175,1.01,0.743774
25375553,6510,3.98198,1.95411,1.336,0.252452
26017005,5198,4.33019,1.06395,0.883,1.03376
26078330,5888,4.5685,0.889347,1.068,2.1408
26547036,5842,4.39929,1.07352,1.054,1.20125
26583436,6291.85,4.24874,1.37917,1.23,0.66111
26584326,5734,4.394,1.06251,1.02,1.19899
26826078,4604.03,4.63858,0.678271,0.73,3.29861
27039476,5509,4.50015,0.916944,0.97,1.77403
27064468,6223,4.32747,1.24471,1.201,0.878121
27318774,5778,4.37783,1.09304,1.04,1.12291
27454084,6418,4.00615,1.86747,1.29,0.279284
27491137,5163,4.60219,0.772148,0.87,2.66463
27534138,6197.21,4.08307,1.64162,1.19,0.379269
27635334,5496,3.93163,1.75896,0.964,0.249763
27649847,3465,4.8084,0.420028,0.413895,7.87543
27677846,5304,4.59704,0.794394,0.91,2.55949
27769688,5509.61,4.47728,0.939951,0.967,1.64183
27774415,5550.93,4.18442,1.32567,0.98,0.593119
27846348,5770,4.59201,0.850059,1.03,2.36434
27848472,6352,4.27096,1.36116,1.261,0.705023
27916356,5613,4.19602,1.31474,0.99,0.614228
27990610,5413,4.39994,1.01304,0.94,1.27486
28230919,4777.56,4.5631,0.759854,0.77,2.47468
28643432,5810,3.98704,1.71408,1.04,0.291181
28873762,6241,4.20304,1.4418,1.21,0.56923
28900646,3457,4.7705,0.462408,0.459708,6.55579
29117085,5373.78,4.50945,0.888753,0.931,1.86993
29191624,5859.45,4.4776,0.983752,1.06,1.56989
29336129,6361,4.09193,1.6787,1.27,0.378533
29344935,5361,4.4198,0.984866,0.93,1.37268
29374525,4689,4.61436,0.706003,0.748,2.9971
29781292,6315,4.23189,1.41189,1.24,0.621216
29857954,5759,3.94627,1.78866,1.031,0.254037
29959761,5027,4.63684,0.727304,0.836,3.06393
29960109,3450,4.7842,0.446984,0.443322,6.99942
29960110,3506,4.75286,0.482388,0.480382,6.03415
30312676,,,,,
30329585,6229,4.30761,1.27456,1.203,0.819233
31114545,6102,3.7494,2.36965,1.15,0.121861
31268146,6012.38,4.14534,1.47579,1.11,0.486931
31374837,4891,4.61853,0.726632,0.8,2.94013
31553893,5846,3.38835,3.44756,1.06,0.0364744
31656385,5963.06,4.08204,1.573,1.09,0.394873
31697707,5642,4.06543,1.53574,1,0.389285
31858843,5737,4.27589,1.22026,1.025,0.795409
31858844,,,,,
32283946,5862,4.12415,1.47779,1.06,0.463112
32487566,6034,4.26998,1.28427,1.12,0.745543
32499655,4840,4.44112,0.885702,0.79,1.60318
32830028,3177,4.91844,0.306648,0.284217,13.8979
32949762,5160,4.49546,0.874601,0.873,1.83994
33153766,5929,3.50138,3.05531,1.08,0.053392
33521996,3749,4.65391,0.596801,0.585471,3.88361
33595516,5311,4.46874,0.922861,0.914,1.63967
33690636,4462,4.34359,0.932128,0.699,1.21694
33692729,5283,4.39253,1.00528,0.91,1.26297
33878688,5168.33,4.61,0.769618,0.88,2.72192
34068865,3536,4.77463,0.457751,0.454797,6.68573
34077285,4935,4.52211,0.816999,0.81,2.0943
34466256,6699,4.18173,1.60071,1.42,0.488167
34551972,7259.26,4.03123,2.03944,1.63,0.270941
35009898,3424,4.80125,0.427953,0.422643,7.60334
35022727,5610,4.51915,0.907682,0.993,1.87225
35315453,6849,3.98516,2.04921,1.48,0.242506
35377903,6106,3.91186,1.9654,1.15,0.213583
35516889,5503,4.40081,1.02805,0.97,1.25876
35857242,6336,4.22943,1.42158,1.25,0.613499
35883621,6251.11,3.78688,2.33186,1.214,0.134998
36352297,6355.07,4.31708,1.29027,1.26,0.827078
36440357,6240,4.42032,1.12271,1.21,1.2056
36592530,6089,4.28359,1.27553,1.14,0.774551
36724087,3331,4.85074,0.374139,0.362023,9.74667
36734222,4124,4.49204,0.757649,0.65,2.1073
37084932,9839,3.9048,2.92734,2.51,0.141083
37168957,5525,4.48412,0.934028,0.97,1.67846
37575651,,,,,
37718056,6239,4.14926,1.53389,1.21,0.472739
37749396,4049,4.65519,0.618173,0.63,3.76036
37770169,5122,4.52401,0.840971,0.862,2.04354
38087018,4377,4.50156,0.766495,0.68,2.12913
38603673,6559.17,3.93344,2.08489,1.36,0.211597
38680052,3228,4.90232,0.321846,0.301683,12.7593
38686737,6689,4.34978,1.31913,1.42,0.872251
38846515,6733,4.09825,1.77457,1.44,0.363333
39077574,5886.64,4.37687,1.10992,1.07,1.10339
39414571,5216,4.44285,0.937166,0.888,1.52119
39516274,4674,4.61121,0.704768,0.74,2.98066
39699648,6023,4.23995,1.32944,1.12,0.672099
39903405,6412.83,4.08576,1.70392,1.29,0.367674
39926974,3236,4.88282,0.341024,0.323833,11.5129
40055053,7349,3.93496,2.30629,1.67,0.191953
40292751,6280,4.27611,1.33475,1.227,0.727547
40954422,6640,3.75689,2.58839,1.396,0.113506
41173048,4590,,8.30059,,
41227743,,,,,
41330864,6220,4.16722,1.49567,1.199,0.505279
41422753,6114,4.52282,0.973537,1.152,1.76041
41865539,6222.07,4.5306,0.984744,1.2,1.77186
42755801,9900,3.67503,3.82895,2.53,0.0635476
42821097,5758,4.02148,1.6395,1.03,0.329549
42883782,5664,4.57739,0.856048,1.01,2.2701
43064903,3145,5.04431,0.211257,0.180245,26.9555
43647325,6072,4.41206,1.09774,1.135,1.2098
44647437,4040,4.58297,0.672832,0.632,2.92561
44737596,3640,4.66214,0.587106,0.577439,4.02324
44745077,3505,4.83353,0.392552,0.383047,8.92853
44745133,5549,4.00193,1.63561,0.98,0.315795
44792534,5756,3.87852,1.93283,1.03,0.201128
44898913,2887,5.15917,0.155498,0.127219,47.7086
46096489,5717.37,4.38737,1.07065,1.02,1.17187
47384844,6203,4.23379,1.38126,1.192,0.637771
47484268,3339,4.83731,0.388469,0.378406,9.10139
47911178,6386,4.28645,1.34556,1.277,0.739092
48103627,6007,4.26689,1.28306,1.11,0.740963
48178229,6863,3.93144,2.1873,1.49,0.200763
48217457,5983,4.3973,1.09921,1.1,1.1678
48276576,6071,4.20355,1.3925,1.13,0.590077
48353358,3759.27,4.86726,0.460619,0.57,8.22371
48448369,5819.72,4.41305,1.05464,1.05,1.26211
48451130,4815,4.5293,0.795118,0.78,2.18785
48476907,6455,4.14638,1.60132,1.31,0.449841
48506505,5461.54,4.50982,0.897403,0.95,1.85344
49043968,6132,4.38741,1.14172,1.16,1.099
49254857,5809.92,4.41859,1.04293,1.04,1.29268
49428710,5643.77,4.35958,1.09457,1,1.0752
49617263,5485.4,3.89509,1.83073,0.96,0.220607
49687222,6101,,1.01859,,
49710555,5920,4.21841,1.33825,1.08,0.63537
49735922,5289,4.45697,0.933403,0.91,1.5778
49899799,6356,4.01866,1.82141,1.263,0.294714
50309953,5411,4.49104,0.912171,0.94,1.7463
50365310,10249,4.18681,2.16986,2.64,0.364355
50618703,4220,4.61404,0.663414,0.66,3.18719
50712784,6410,4.14297,1.59468,1.289,0.448177
50943163,8290,3.94742,2.51268,2.04,0.181318
51024887,2990,5.13581,0.165066,0.135848,42.5892
51234631,6304,4.11042,1.6225,1.238,0.408679
51318828,5657,4.18117,1.34684,1.004,0.579438
51637609,5838,4.122,1.47445,1.05,0.461867
52005579,3376,4.9613,0.269427,0.242168,17.4588
52041724,7455,4.16966,1.78115,1.71,0.426691
52204645,4916,4.60483,0.742779,0.81,2.78692
52368076,5280,4.53596,0.852266,0.91,2.07269
52548453,6296,3.85835,2.16178,1.23,0.171667
52640302,5652,4.35893,1.09539,1,1.07278
52689469,6534,4.09026,1.73409,1.35,0.365036
53189332,6303,4.22968,1.41549,1.24,0.616484
53427308,5846,4.10713,1.50346,1.055,0.437715
53458803,5711,4.26715,1.22959,1.02,0.773639
53498154,5342,4.56787,0.827372,0.923,2.29783
53593457,3284,4.91128,0.313318,0.291869,13.3798
53728859,5698.38,4.40322,1.04613,1.01,1.2439
53735810,7051,4.29219,1.47741,1.56,0.682087
53750200,6405,4.12548,1.62776,1.29,0.421737
54002556,5076,4.53021,0.829157,0.85,2.10247
54044474,7110,4.07713,1.90458,1.58,0.322463
54085154,6380,4.39554,1.18349,1.27,1.08027
54364414,5825,4.43982,1.02214,1.049,1.38503
54390047,8322,4.00774,2.34986,2.05,0.222764
54464870,8153,4.08667,2.11411,1.99,0.296954
54962195,3664,4.7266,0.512361,0.510139,5.34785
55092869,5326,,2.78715,,
55315929,5910,4.27216,1.25505,1.075,0.766738
55383975,5354.96,4.37106,1.0417,0.93,1.16004
55452495,7874,3.81772,2.80061,1.88,0.120676
55525572,5823.7,3.83849,2.04354,1.05,0.173484
55650590,3383,4.87231,0.351676,0.336144,10.8972
55652896,5025.77,4.55428,0.801736,0.84,2.29829
55871761,11396,3.56535,4.73061,3,0.0399566
56231866,4758,,5.53122,,
56399553,5387.06,4.58431,0.817114,0.935,2.41647
56658270,3303,3.84689,1.14998,0.339,0.314302
56815340,6498,4.37319,1.2427,1.33,0.977184
57984377,6116,4.11132,1.56419,1.153,0.424795
58474992,5677.84,4.57828,0.855173,1.01,2.27708
58542531,4402,4.59283,0.695095,0.69,2.89692
58824746,5700,4.54131,0.894563,1.015,1.99918
58825110,6418,3.81984,2.31424,1.29,0.146751
59003115,5055.91,4.61289,0.751207,0.844,2.80725
59843967,5312,4.41232,0.982638,0.91,1.35232
59859387,6778,4.26205,1.47467,1.45,0.637531
60286662,5545.28,4.4095,1.02304,0.98,1.29051
60377863,5967,4.35572,1.14786,1.09,1.01621
61098812,6097.47,3.99566,1.78076,1.145,0.285897
61117473,6504,4.33793,1.29418,1.33,0.865144
61205803,5425.95,4.40983,1.00689,0.95,1.31219
61538902,5977,4.37497,1.12783,1.1,1.08112
61733521,5420,4.50327,0.899416,0.94,1.82165
61980227,6580,4.37512,1.25844,1.37,0.969265
62301521,2891,5.22041,0.133376,0.10777,64.0447
62483237,4405,4.58582,0.700727,0.69,2.82761
62530991,5276.54,4.60436,0.783385,0.9,2.63958
63013648,5509.85,4.39122,1.03786,0.967,1.21965
63189173,4221.54,4.45733,0.794584,0.66,1.855
63211674,6011.95,3.75585,2.31084,1.11,0.126833
63283780,4564.61,4.68645,0.637495,0.72,3.9185
63303499,,,,,
63452790,5616.02,4.4174,1.01895,0.99,1.31946
63898957,5890.3,4.25251,1.28018,1.069,0.718436
64531556,8451,4.00707,2.38018,2.1,0.219589
64553698,6357,4.42707,1.13816,1.263,1.20786
64836837,9195,3.75001,3.37059,2.33,0.0857943
65347776,5095,4.56127,0.802384,0.855,2.33366
65412605,8489,4.03128,2.32026,2.11,0.238172
66356824,5671,4.18936,1.33818,1.01,0.594284
66497310,5885,4.30739,1.20235,1.07,0.867976
66561343,7723,4.43426,1.355,1.82,1.03152
66783360,6483,4.28027,1.37937,1.323,0.710782
66818296,6548,4.1761,1.57323,1.354,0.490296
67247610,,,,,
67309890,6190,3.81749,2.225,1.186,0.151813
67512645,3133,5.02671,0.222121,0.191349,24.6193
67646988,3138,4.91873,0.306378,0.283907,13.9195
67666096,6518,4.1511,1.61079,1.34,0.452076
67926921,6831.42,3.60613,3.1703,1.48,0.0654906
68007716,5775.74,3.98498,1.71814,1.04,0.289118
68152139,6001,4.13973,1.48536,1.11,0.477584
68577662,5981,4.30983,1.21567,1.1,0.863306
69672493,5125,4.55988,0.80602,0.86,2.31569
69679391,9032,4.37873,1.61744,2.282,0.760414
69747919,6129,4.16712,1.47131,1.16,0.513533
69838258,6278,4.12509,1.59016,1.23,0.43132
69997672,6244,3.83726,2.19683,1.21,0.160922
70440470,5957,4.41491,1.07224,1.09,1.24673
70513361,5302.58,4.53963,0.848675,0.91,2.09912
70524163,5618,3.92748,1.79106,0.99,0.242956
70785910,5879,4.10829,1.5121,1.07,0.436378
70887357,5609,3.85553,1.94771,0.992,0.189302
70899085,3779,4.64467,0.607751,0.594367,3.73333
71134735,6495.27,,,,
71347873,3668,4.73795,0.499376,0.497439,5.63217
71396541,4812,4.26458,1.07774,0.779,0.877436
71401634,4886,4.59372,0.747685,0.8,2.69868
71431780,5777,4.38035,1.08725,1.035,1.13544
71582156,5874,4.37711,1.10649,1.064,1.10744
71854732,,,,,
71854745,9225,3.95708,2.66134,2.34,0.175037
73228647,5768,4.46258,0.986649,1.03,1.51206
73244652,6427,3.96843,1.9579,1.3,0.244225
73448352,6739.04,4.20715,1.56437,1.438,0.529616
73540072,4968.77,4.50368,0.839658,0.82,1.9531
73649615,3533,4.73074,0.507628,0.505544,5.44931
73717937,5838,4.21785,1.32039,1.05,0.643139
73723286,5661,4.10398,1.47641,1.01,0.442509
74197917,,,,,
74482749,9255,3.88138,2.90989,2.35,0.13448
75208638,7192,4.56303,1.09883,1.61,1.71099
75262942,4051,4.54826,0.701369,0.634,2.59102
75417968,6662,4.08553,1.78188,1.41,0.351399
75427473,5110.74,,2.65625,,
75650448,5265,4.3163,1.09145,0.9,0.975994
75878355,4406,4.50428,0.769698,0.69,2.13357
76419763,5833,4.35385,1.12956,1.051,1.02824
76420654,5918,3.84438,2.05851,1.08,0.174575
76923707,4753,4.50667,0.805573,0.76,2.04983
77031413,5444,4.4794,0.929381,0.95,1.66864
77031414,5752,4.38679,1.07661,1.03,1.16381
77044471,5863,4.31759,1.18274,1.06,0.903342
77156657,5977,3.86069,2.03885,1.1,0.183001
77156829,3563,4.88565,0.33819,0.320556,11.6853
77228304,,5.19858,0.140853,0.114299,57.6718
78055054,5142,4.49074,0.877856,0.87,1.81329
78154865,6030,4.45168,1.04184,1.12,1.39646
78672342,6804,3.52488,3.45757,1.46,0.0498032
79395355,6099,4.31715,1.23256,1.15,0.865957
79748331,4656,4.57214,0.737189,0.74,2.60444
80275202,8360,4.33835,1.61377,2.07,0.694486
80478272,6360.4,,1.48473,,
81212286,3541,4.8452,0.380019,0.368761,9.47433
81247740,5347,4.33421,1.08099,0.92,1.02694
81429971,12826,,,,
82010657,7519,4.21617,1.70108,1.736,0.497273
82302240,8330,4.04417,2.25884,2.06,0.252018
82308728,5120,4.59801,0.771397,0.86,2.64171
82362447,3674,4.93113,0.295122,0.271062,14.869
82707763,6036,4.00962,1.73314,1.12,0.303346
83053699,6274,3.86057,2.14748,1.22,0.173695
83092282,6706,4.29364,1.4072,1.42,0.718523
83181153,3683,4.72407,0.515263,0.512936,5.28684
83210867,5997,4.0041,1.73248,1.105,0.299625
83275782,6328.71,4.11194,1.62748,1.25,0.408865
84339983,6635.91,4.24728,1.4707,1.394,0.617892
84788795,6544,4.19703,1.5335,1.35,0.527839
85293053,5583.1,4.43783,0.995254,0.99,1.41596
85593751,4926,4.51771,0.82064,0.809,2.064
86263325,3192,4.92226,0.303138,0.2802,14.1829
86280613,6505,4.03609,1.83195,1.33,0.305022
86396382,6154,4.02046,1.74942,1.17,0.308122
87216634,5132,4.48809,0.880535,0.87,1.79679
88114177,5788.42,4.37027,1.10259,1.04,1.09397
88902249,6458,4.03057,1.82972,1.31,0.301533
88992642,6202,3.62554,2.78111,1.191,0.0780687
89020549,5304,4.45011,0.940806,0.91,1.54085
89510024,,,,,
89535068,5683.04,4.38172,1.07235,1.01,1.15488
89643259,7505,,1.87353,,
89702406,5596,,1.06356,,
89759617,7965,3.97803,2.35327,1.92,0.207734
89876424,6125,3.87472,2.06018,1.16,0.187052
90448944,6902,4.25098,1.51912,1.5,0.603302
90504905,3443,4.81617,0.411471,0.404369,8.18426
90544017,8429,,2.16682,,
90850770,6146,4.12146,1.55738,1.17,0.436735
91051152,4302,4.5054,0.758608,0.672,2.17037
91555165,4621,4.54139,0.758575,0.73,2.35801
91576611,7101.94,3.90516,2.31936,1.577,0.178216
91869778,6539,3.99468,1.9358,1.35,0.262402
91987762,6303.91,4.11765,1.61034,1.24,0.418685
92013169,7069,3.88311,2.36994,1.565,0.165775
92226327,3166,5.03724,0.215535,0.184589,25.9939
92352620,6072.6,4.0288,1.71036,1.14,0.321261
92359850,6342,4.14661,1.56755,1.256,0.459771
92449173,5646,4.05052,1.56233,1,0.36974
92783821,7396,3.8868,2.45232,1.69,0.161576
93125144,4852,4.43383,0.893169,0.79,1.56331
93594834,5322,3.81585,1.96337,0.92,0.171397
93963408,10393,4.31893,1.87739,2.679,0.570855
94986319,5320,4.53273,0.860124,0.92,2.03856
95010343,6474,4.32468,1.30863,1.319,0.829872
95129101,6621.86,4.32812,1.33808,1.39,0.818058
95660472,5999,4.09793,1.55859,1.11,0.413375
96097215,5754,4.49028,0.955215,1.029,1.66467
96246348,,,,,
96291218,8001,,2.04508,,
97158538,6852,3.90793,2.24201,1.483,0.185545
97409519,6147,4.45576,1.05985,1.17,1.38569
97486178,5716,4.42497,1.02479,1.019,1.335
97568467,6715,3.79727,2.49897,1.428,0.129022
97700520,,,,,
97735297,9758,3.80498,3.2707,2.49,0.100345
97735908,6327,3.9876,1.87723,1.249,0.266214
97766057,6368,3.91383,2.06072,1.27,0.204628
97921547,7434,4.33052,1.4757,1.7,0.745891
98283926,6208,4.30926,1.26526,1.19,0.828378
98494121,5285,4.69799,0.707232,0.91,3.62722
98545929,8549,4.11325,2.12128,2.13,0.314632
98613492,5589,4.38227,1.0594,0.987,1.17047
98669309,5318,4.33106,1.08492,0.92,1.01582
98796344,3384,4.95336,0.275953,0.249439,16.737
99224131,6955,4.03562,1.96079,1.522,0.284669
99330090,6307,4.47766,1.06393,1.24,1.45178
99834717,4974,4.44059,0.902915,0.82,1.5707
99869022,5618,4.06119,1.53552,0.99,0.385553
100099031,4965,,2.63993,,
100100827,6226,4.25879,1.34658,1.2,0.692959
100389539,5964,4.12907,1.49214,1.093,0.463889
100504381,,,,,
100566492,6282.4,3.92936,1.99207,1.23,0.219386
100589632,4794,4.47446,0.841494,0.77,1.82204
100990000,6161,4.41036,1.11672,1.17,1.18459
101011575,4695,4.71404,0.630294,0.75,4.22329
101037590,5597,4.02842,1.59375,0.989,0.344473
101395259,6518,4.21964,1.48855,1.34,0.572836
101497191,,,,,
101721385,6727.61,4.21633,1.54522,1.433,0.547634
101929303,7550,4.05904,2.0466,1.75,0.287844
101955023,3261,5.02009,0.226407,0.195794,23.7875
102192004,6333.7,4.20584,1.46072,1.25,0.565493
102264230,5576,4.33938,1.11133,0.984,1.01084
102283403,6627,4.3106,1.36534,1.39,0.770038
102713734,6590,4.05129,1.82904,1.373,0.316388
102734241,3272,4.99712,0.242121,0.212382,21.098
102840239,4953.89,4.59095,0.759387,0.82,2.64024
103604037,,,,,
103633434,3912,4.62642,0.629575,0.611578,3.45564
103751498,5783,4.21116,1.32425,1.04,0.631456
104024556,7081,4.05736,1.94225,1.57,0.302138
104195270,6731.3,3.99257,1.99719,1.43,0.253105
104866616,7587,4.39508,1.39514,1.763,0.915411
105387356,6529,3.58386,3.10651,1.35,0.0634943
105801221,6888,4.25068,1.51964,1.5,0.602681
106114491,6702,4.12914,1.70182,1.422,0.406795
106402532,5667,4.49828,0.937681,1.01,1.72733
107728509,11526,4.55724,1.52002,3.04,1.22052
108645766,3301,4.91483,0.309992,0.288049,13.6343
108939482,6325,4.40692,1.15885,1.25,1.13251
110178537,6343,4.13783,1.58601,1.26,0.445323
110428269,9994,4.02098,2.58571,2.559,0.208714
110936761,5651,4.26962,1.21584,1.003,0.786852
111991770,6169,4.15443,1.50321,1.176,0.488165
112099249,6116,4.06541,1.64694,1.15,0.362981
112395568,5577,,3.48732,,
112604564,6687,4.08808,1.78295,1.42,0.353254
113553629,6368,3.24458,4.4529,1.27,0.0202812
113919944,6186.58,4.18741,1.44967,1.18,0.546121
113921235,5765.28,4.37519,1.09215,1.032,1.11701
114103134,6755,3.99809,1.99145,1.44,0.257084
114299824,6781,4.54376,1.0662,1.45,1.68683
114749636,5909,4.21266,1.3409,1.07,0.625765
115010361,5480.81,4.40674,1.01578,0.96,1.29148
115242351,4871,4.25743,1.09429,0.79,0.850068
115446313,6109,4.33438,1.20835,1.15,0.919056
115524421,5455,4.46656,0.943231,0.95,1.5962
115564354,5627,4.63887,0.792405,0.997,2.82536
116156517,6561,4.10223,1.71667,1.36,0.379052
116242971,6350,3.86841,2.16279,1.26,0.175608
116257066,13253,,,,
116264089,5489,4.59342,0.820181,0.962,2.45848
116483514,4184,4.57376,0.68962,0.65,2.79449
116608612,8170,4.23856,1.77761,1.996,0.501041
117256577,,,,,
117275513,4954,4.47272,0.867997,0.816,1.75936
117689799,5863,4.42485,1.04535,1.06,1.30839
117979694,5059,4.61457,0.750197,0.845,2.82196
117979897,6030,4.22492,1.35143,1.118,0.638679
118021229,5490,3.7909,2.0662,0.962,0.153772
118301361,7249.79,3.69092,3.01857,1.631,0.0836124
118327550,3407,4.82015,0.407103,0.399476,8.34827
118798035,5586,4.36766,1.079,0.99,1.11121
118956453,5515,4.38799,1.0428,0.969,1.20486
119081096,3817,4.73434,0.503498,0.501502,5.53986
119292328,5336,4.51025,0.882675,0.92,1.88627
119584412,3815,4.69775,0.545591,0.541272,4.6993
119638424,5730,4.51694,0.923634,1.023,1.8306
120247528,5550,4.33475,1.11499,0.98,0.996867
120255950,5696,4.40025,1.05178,1.014,1.2288
120269103,8844,3.75951,3.25795,2.225,0.0907228
120317234,6133.77,4.32058,1.23303,1.16,0.872484
120585579,6190,4.41022,1.12642,1.19,1.174
120602501,5717,3.96875,1.73364,1.02,0.27602
120610833,5298,4.51338,0.874706,0.91,1.91723
120692092,5410,4.53617,0.865985,0.94,2.04088
120757718,5242.82,4.52404,0.857369,0.896,2.00458
120826158,6156,4.25196,1.34071,1.171,0.685133
120896927,5175.2,4.53209,0.841842,0.88,2.07975
120916706,3423,4.79067,0.439738,0.435505,7.22155
120960812,6212,4.17664,1.47768,1.196,0.522648
121490076,4760,4.56598,0.757341,0.77,2.49939
121660904,5974,3.84282,2.08122,1.1,0.17205
121731834,6149,4.14765,1.5092,1.167,0.478687
121865656,5895,4.07977,1.56257,1.07,0.395443
121966220,5843,3.7177,2.3529,1.054,0.11409
122220263,6277,4.08924,1.65447,1.226,0.38171
122262940,6733,3.88316,2.27319,1.44,0.17285
122375047,5511,4.50367,0.911823,0.967,1.79851
122441491,5211.36,4.54655,0.832631,0.89,2.17395
122485078,7719,3.73764,3.01919,1.817,0.0930898
122596693,5003.05,4.56877,0.783768,0.83,2.43071
122612091,5773.47,3.60099,2.66047,1.03,0.0771225
122617317,5159,4.519,0.850729,0.872,1.99693
122785299,5160,4.39775,0.977054,0.87,1.31517
123106490,6808,4.37228,1.30784,1.47,0.926567
123233041,6179,4.1117,1.5817,1.18,0.420462
123309556,4715,4.57812,0.739515,0.755,2.63224
123357864,4816,4.59996,0.732995,0.78,2.79262
123482865,5811,4.11929,1.47199,1.04,0.459766
123495874,5883,4.25308,1.27992,1.07,0.719533
123627908,6127,4.02057,1.74171,1.16,0.309563
123958679,9856,4.01315,2.58916,2.52,0.204711
124029677,6408,4.26601,1.38459,1.29,0.685236
124095888,6423,4.36128,1.24077,1.29,0.952225
124543547,5895,3.60916,2.68624,1.07,0.0778336
124573851,5624.98,4.44576,0.989198,0.996,1.45088
124702477,6811,4.02166,1.95623,1.467,0.276306
124709665,8924,,5.73255,,
124778445,5457,4.44807,0.963518,0.95,1.49749
125405602,3560,4.78283,0.44852,0.444969,6.9535
125520907,5559.54,3.83622,1.97941,0.98,0.17817
125739286,6527.7,4.10041,1.70757,1.34,0.379479
126606859,3449,4.80176,0.427389,0.422022,7.62226
126733133,6377,4.31015,1.30575,1.27,0.804354
127315102,6996,3.80913,2.55994,1.54,0.129434
127425841,7090.77,4.03179,2.00154,1.572,0.276426
127476180,6711,4.25091,1.48129,1.426,0.618608
127530399,4742,4.52376,0.789877,0.76,2.17447
127793615,6262,4.19895,1.45459,1.22,0.55893
128463355,6333,3.81475,2.2933,1.252,0.146366
128501004,5793,4.42861,1.03097,1.04,1.33818
129539786,6550,4.10933,1.69956,1.355,0.389178
129979528,7308,4.24679,1.60242,1.653,0.566449
129991079,6175.85,4.43645,1.08784,1.179,1.29132
130181866,5694.11,4.53108,0.902932,1.01,1.93453
130611752,5643,4.09618,1.48233,1,0.432897
130924120,5335,4.63533,0.7643,0.92,2.90546
131081852,6072,,1.26126,,
131419878,6681,4.20216,1.55798,1.41,0.525713
131581522,5657,4.37065,1.08071,1,1.11711
131979339,9511,4.05495,2.41805,2.42,0.241345
132320310,5792,3.42121,3.28811,1.04,0.0412491
132534906,6783,4.61955,0.980473,1.46,2.18406
133505138,6529,4.325,1.32343,1.35,0.821207
134200185,4449,4.53093,0.751825,0.7,2.32257
134315574,6033,3.86137,2.0557,1.12,0.181786
134396419,,,,,
134537478,5875,4.10648,1.50815,1.06,0.435703
135083444,6071,4.36174,1.16271,1.134,1.01722
135100529,3427,,,,
136848581,5155,,2.71699,,
136916387,5739,4.42855,1.02607,1.03,1.34441
136971594,5717,3.97426,1.72267,1.02,0.281329
137151335,5655,4.50815,0.922487,1,1.79613
137157546,4939,4.55175,0.790562,0.812,2.31722
137284119,8321,3.7514,3.15808,2.052,0.0918601
137402055,4664.23,4.61963,0.697971,0.74,3.0686
137500798,6653,4.13894,1.66967,1.4,0.42409
137543637,8055,4.48979,1.3157,1.95,1.20721
137683938,3579,4.67905,0.567309,0.560561,4.32895
137685450,6181.58,4.23853,1.36797,1.182,0.651035
137881699,6101.12,3.92024,1.94654,1.15,0.219851
137899948,3792,4.63873,0.614823,0.600017,3.64025
137903329,5828.81,4.14418,1.43728,1.05,0.498638
137906197,5994,4.4016,1.09577,1.104,1.18313
138017750,6104.28,3.84206,2.12802,1.148,0.16797
138168780,6724,4.29084,1.4177,1.432,0.708611
138294130,5981.01,4.07191,1.59874,1.1,0.379559
138359318,,,,,
138361973,6084,4.39124,1.12685,1.14,1.12338
138364831,5483.74,4.38272,1.04426,0.96,1.18868
138497780,6305,4.18499,1.49021,1.24,0.528319
138644215,6136.25,4.15767,1.4874,1.16,0.497045
138819293,3456,4.80352,0.425432,0.419868,7.68849
138820713,3572,4.76894,0.464169,0.461555,6.5075
138968089,5854.65,4.1262,1.47292,1.058,0.466843
139104940,6052,4.1353,1.50633,1.13,0.466157
139118482,6179.07,4.38547,1.15409,1.18,1.08239
139158696,5462,4.49258,0.915391,0.95,1.74631
139285736,4781,4.3204,1.0048,0.77,1.07021
139285832,5190,4.41935,0.95852,0.88,1.40896
139375960,5917,3.77737,2.22362,1.08,0.138504
139528693,6291,3.89914,2.0626,1.23,0.197641
139733308,5258,4.50779,0.87551,0.9,1.89094
139853601,12225,,,,
140691463,5638,4.35019,1.10646,1,1.04089
140830390,5815,3.68114,2.4494,1.05,0.100746
141186075,6079.16,4.41343,1.09843,1.14,1.21286
141205978,5343,4.46212,0.932969,0.92,1.59736
141405814,10262,,7.03693,,
141412823,5935.7,3.96832,1.78478,1.08,0.267848
141482386,4709,,7.61148,,
141488193,6433,4.35914,1.24863,1.3,0.94159
141616639,4016,4.71634,0.57523,0.628,4.65217
141631253,7051,4.42468,1.2684,1.56,1.07788
141985686,6236,4.12964,1.567,1.207,0.442303
142090065,7072,4.27732,1.50581,1.566,0.646692
142211778,5726,4.16246,1.38708,1.02,0.538906
142276270,5767,4.47047,0.977727,1.03,1.55383
142277868,3003,5.05491,0.205056,0.174017,28.4573
142381532,4760,4.49442,0.822372,0.77,1.95212
142387023,5182,4.5502,0.824468,0.88,2.21401
142394656,5150,4.46736,0.901802,0.87,1.67265
142532090,5916,4.02354,1.67252,1.077,0.324578
142739544,5838,4.28067,1.22827,1.05,0.798955
142748283,3285,4.98992,0.247331,0.217977,20.3139
142937186,4072,4.58062,0.678916,0.64,2.8837
143022742,3414,4.77364,0.458861,0.455971,6.65447
143143769,5111.92,4.50281,0.860256,0.859,1.90253
143257766,7301,4.22579,1.64013,1.65,0.52731
143350972,5771.46,4.43812,1.01482,1.03,1.38958
143526444,5601.2,,4.15574,,
143994283,6544,4.45502,1.13944,1.35,1.28669
144043410,6888,3.99303,2.04438,1.5,0.247527
144065872,5758,4.2653,1.23824,1.03,0.764966
144138509,6023.2,4.30537,1.23299,1.12,0.842483
144193715,5243,4.59327,0.793449,0.9,2.54041
144440290,5709,4.38728,1.07077,1.02,1.17148
144441148,5961.28,3.87842,1.99038,1.092,0.195269
144700903,3815,4.63139,0.623609,0.606938,3.52879
144956678,6017,3.54868,2.93328,1.11,0.0620126
145750719,5659,4.10474,1.46778,1,0.445897
145982812,9981,4.02612,2.57096,2.56,0.212409
146208651,5245,,2.60247,,
146244533,8334,4.35395,1.58121,2.06,0.734709
146261607,9373,3.57237,4.17963,2.38,0.0459604
146364192,5394,4.47392,0.930331,0.94,1.64602
146434840,6134,4.02037,1.74287,1.161,0.309212
146463781,3478,4.84539,0.379815,0.368528,9.4836
146467675,5888.82,3.99479,1.72157,1.068,0.295133
146520535,4945,4.43049,0.910128,0.814,1.52242
146836153,,,,,
146846569,2868,5.06159,0.20128,0.170263,29.44
147340931,6736,4.12303,1.72465,1.44,0.3958
147576037,6017,3.37311,3.59038,1.11,0.0338157
147660201,5180,4.34766,1.04099,0.88,1.09992
147797743,5720,4.37355,1.08783,1.02,1.11722
147895461,6337,4.00076,1.84972,1.25,0.278489
147950620,5323,4.4073,0.992671,0.918,1.32326
147977348,6442,3.91261,2.08785,1.3,0.201403
148233571,5544.7,4.3736,1.06622,0.98,1.14001
148659924,,,,,
148673433,4590,4.5426,0.757521,0.73,2.36787
149126400,3725,4.92832,0.297644,0.273932,14.6478
149282072,5025,4.55954,0.794996,0.836,2.34601
149349867,6244.5,4.029,1.76167,1.21,0.312053
149539158,6422.3,4.10848,1.65992,1.29,0.397689
149601126,4944,4.5144,0.824284,0.81,2.03927
149601557,6113.07,,2.01294,,
149603524,6391,4.37665,1.21427,1.28,1.00805
149845414,5846.29,4.26525,1.25324,1.055,0.755733
149918151,4234,4.48667,0.769359,0.662,2.0497
149969625,5141.67,4.53051,0.837606,0.868,2.08267
150030205,5116,4.57337,0.793597,0.86,2.42614
150096001,3798,4.7729,0.459697,0.456853,6.63102
150098860,5272.71,4.50182,0.881545,0.9,1.85237
150151262,4504,4.5741,0.720461,0.71,2.67698
150247134,5031,,3.55583,,
150271680,5316.6,4.16991,1.30609,0.92,0.582219
150428135,3494,4.80892,0.419457,0.413261,7.89553
151483286,6553,4.45696,1.1411,1.36,1.29058
151724385,5708,4.40266,1.05042,1.017,1.23723
151728428,3827,4.61926,0.638238,0.618234,3.35292
151759246,4821,4.50568,0.817034,0.78,2.01647
151825527,3659,4.69906,0.544068,0.539888,4.72676
151920165,5886,4.06963,1.58092,1.07,0.381831
151930063,11632,4.34556,1.95222,3.08,0.583692
151959065,6661,4.14494,1.65817,1.4,0.432976
152476657,6572,4.1187,1.68443,1.36,0.401232
152714791,4982,,4.35017,,
152852327,4933,,3.78864,,
153027658,5321.1,,,,
153065527,3324,4.83718,0.388609,0.378565,9.09539
153078576,3596,4.71597,0.524573,0.52181,5.09699
153651591,9389,3.92164,2.80165,2.39,0.15324
153896150,5375,4.55054,0.847241,0.93,2.15616
153951307,3853,4.63168,0.62326,0.606665,3.53314
153976959,5142,4.54622,0.82354,0.87,2.19626
154089169,5077,4.6074,0.75865,0.85,2.74482
154220877,3927,4.60691,0.653297,0.629592,3.18381
154293917,5993.02,4.12489,1.50414,1.1,0.455774
154459165,4869,4.54355,0.787173,0.79,2.28368
154867950,5329,3.80234,1.99306,0.919,0.16367
154872375,6121,4.37613,1.15415,1.155,1.0593
154927364,6146,3.96606,1.85932,1.166,0.255774
155005217,9139,4.29,1.80236,2.31,0.556301
155044736,4897,,6.79961,,
155114483,8728,4.31546,1.70383,2.189,0.624
155491828,6433,4.14443,1.59879,1.3,0.448528
155867025,3538,4.73003,0.50843,0.506325,5.43194
155947004,4507,4.63897,0.667675,0.708,3.35395
156115721,6616,,1.53429,,
156514476,6026.94,3.92106,1.91917,1.12,0.223407
156648452,5779.46,4.14884,1.42275,1.04,0.509175
156678143,6382.27,3.85151,2.21837,1.275,0.164675
156816238,6046,4.18623,1.41425,1.12,0.558284
156991337,5846,4.39727,1.07907,1.06,1.18952
157230659,5869,4.09453,1.52905,1.06,0.418079
157236902,5557,4.43558,0.992285,0.979,1.41283
157266693,5697,4.39259,1.05901,1.01,1.19906
157568289,6387,3.77571,2.42541,1.28,0.126496
157586003,5835,4.00101,1.69483,1.05,0.30411
157698565,5938,4.4132,1.06942,1.08,1.24509
158002130,4700,4.58986,0.727165,0.75,2.7503
158025009,4946,4.53834,0.801873,0.81,2.21507
158170594,5832.83,4.20893,1.33402,1.05,0.623619
158241252,5834,4.44433,1.01733,1.05,1.40611
158297421,4434,4.58883,0.6983,0.69,2.85721
158324245,7986.07,,,,
158388163,5501,4.39363,1.03122,0.96,1.23433
158490401,,4.80511,0.48,0.536,6.83376
158551257,,,,,
158555987,6963.86,4.07013,1.88937,1.53,0.319861
158561566,6378,,2.00068,,
158588995,3411,4.80667,0.421944,0.416017,7.80847
158623531,,,,,
158657354,6373.72,4.05962,1.74231,1.27,0.338569
158916431,7272,3.9973,2.12719,1.64,0.240239
158933249,5328.63,,,,
159054620,5368,4.30215,1.12772,0.93,0.914329
159098316,5482.59,4.36922,1.06062,0.96,1.13453
159244568,5244,4.58339,0.800741,0.896,2.46066
159418353,4814,4.54519,0.780707,0.78,2.31126
159510109,5920,4.37469,1.1179,1.08,1.09002
159725995,5897,4.18651,1.38188,1.07,0.57173
159742538,6184,3.9042,2.00852,1.18,0.20534
159781361,5588,3.92293,1.79774,0.987,0.239529
159873822,5021.63,4.59531,0.762469,0.835,2.65607
159951311,5151,4.52216,0.846671,0.87,2.02114
160045097,4336,4.62012,0.668693,0.68,3.20662
160074939,6553,4.24471,1.45696,1.36,0.620033
160077104,6037,4.32817,1.20105,1.12,0.911502
160148385,5560,4.33354,1.11655,0.98,0.992694
160162987,5752,4.30239,1.1859,1.029,0.86994
160222069,5928,4.19328,1.37754,1.08,0.582542
160268701,6379,3.84253,2.24055,1.274,0.159708
160390955,4864,4.54617,0.785799,0.792,2.30149
160578764,6017,4.22367,1.34853,1.11,0.63821
160708862,9364,4.32384,1.75956,2.38,0.616006
161032923,3227,5.06391,0.199988,0.168986,29.7892
161156159,5621,3.77163,2.15386,1,0.141113
161223358,3558,4.63662,0.617346,0.602015,3.60778
161687209,4220,4.50671,0.750673,0.66,2.19994
161687211,3722,4.65666,0.593558,0.582801,3.92961
162246865,6476,4.32943,1.30199,1.32,0.843276
162577466,5801,4.35828,1.11792,1.04,1.04958
162689341,6046.76,4.28918,1.25619,1.12,0.796656
162802770,6309,4.32298,1.27132,1.24,0.850887
162922904,6090,3.88154,2.02635,1.14,0.193187
163539739,3841,4.69364,0.55035,0.545569,4.61479
164150539,5772,4.07391,1.54647,1.034,0.394201
164173105,7164,4.25661,1.55831,1.599,0.595808
164458714,6304,4.22164,1.42749,1.238,0.600092
164652245,5391,4.61444,0.79137,0.94,2.67429
164767175,5784,4.52729,0.918917,1.037,1.88438
164786087,,,,,
164892194,6041,4.21773,1.36388,1.12,0.622456
165297570,6317,4.1157,1.61396,1.24,0.415871
165464482,6233,4.20809,1.43344,1.21,0.579248
165523947,8542,3.66241,3.56466,2.13,0.0663047
165551882,3429,4.90092,0.3232,0.303245,12.6648
165598669,3846.77,4.52283,0.696696,0.59,2.46003
165987272,6266,4.08874,1.65137,1.22,0.381985
166184426,3327,4.91379,0.31097,0.289172,13.5588
166184428,3365,4.89744,0.326568,0.30713,12.4343
166190643,6453,3.75642,2.50876,1.31,0.116981
166527623,5767,4.19845,1.33729,1.03,0.607263
166648874,3272,4.82521,0.401575,0.393258,8.56242
166697854,5776.5,3.82994,2.05391,1.04,0.169242
166739520,5984.9,4.26826,1.27527,1.1,0.747836
166833457,5526,4.71182,0.718635,0.97,3.68523
166836920,6079,4.02935,1.70927,1.14,0.321879
167009792,5936,3.82602,2.10249,1.08,0.163848
167098530,5175,4.50026,0.873261,0.88,1.86324
167227214,5585,4.11064,1.45054,0.99,0.457369
167418898,5951.01,,1.26629,,
167754523,4986,4.62707,0.728459,0.82,2.991
168281028,5677,4.34735,1.11563,1.01,1.0256
168699373,5115.16,4.34437,1.033,0.86,1.10007
168871868,5762,4.44944,1.00169,1.03,1.44494
169081296,5740,4.49186,0.952085,1.026,1.67625
169176556,,,,,
169177766,10038,4.20501,2.09732,2.572,0.393095
169226822,5828.01,4.20029,1.34736,1.05,0.605285
169249234,5758.33,4.30179,1.18729,1.03,0.867734
169461816,6779.23,4.2536,1.49114,1.454,0.618343
169532369,6820.6,4.09385,1.80205,1.47,0.354189
169556484,5917,3.7321,2.3426,1.08,0.118454
169765334,5560.5,4.01485,1.61148,0.98,0.330198
169904935,,,,,
170102285,5046,4.46623,0.88727,0.84,1.69562
170103435,6317,4.35051,1.23165,1.24,0.935783
170634116,7002,4.28195,1.48532,1.54,0.662646
170729775,6054,4.42593,1.07798,1.13,1.27194
170849515,3929,4.62303,0.633668,0.614735,3.4066
172033454,6061,4.21294,1.37753,1.13,0.609522
172110606,5810,3.96101,1.77046,1.045,0.265506
172370679,3854,4.63619,0.617863,0.602425,3.60118
172464366,6027,4.19995,1.39022,1.117,0.586169
172518755,5971.41,3.77254,2.25663,1.1,0.134968
172598832,6561,3.93403,2.08347,1.36,0.212029
172754786,7795,4.38573,1.44462,1.85,0.865234
172871230,6109,4.43379,1.07768,1.15,1.29554
173103335,3920,4.6932,0.550856,0.546024,4.60592
174143743,6629,4.4128,1.21378,1.39,1.096
174328045,5818.93,3.94641,1.80219,1.047,0.252212
175180796,4150.5,4.67295,0.615197,0.65,3.93631
175236511,5906.9,4.29671,1.21722,1.07,0.836559
175310067,7601,4.31302,1.53641,1.77,0.688125
175476629,5374,4.55964,0.838407,0.93,2.22504
175772482,5878,4.4413,1.02573,1.06,1.38491
176220787,6067.2,3.7343,2.39014,1.13,0.116689
176279915,5244,4.44309,0.941116,0.896,1.51565
176314383,5701,3.98898,1.69373,1.02,0.295997
176685457,6245,4.23958,1.38241,1.21,0.645793
176772671,3947,4.65587,0.594491,0.583571,3.9163
176778112,5629,4.45303,0.982925,1,1.48477
176831592,6497.8,4.12583,1.65212,1.33,0.415857
176868951,5129,4.61786,0.755722,0.864,2.82258
176899385,6893.36,4.22039,1.57304,1.499,0.543007
176956893,5720.85,3.44967,3.15138,1.02,0.0459535
176957796,4651,4.62869,0.690721,0.74,3.16624
176984236,6138,,1.29372,,
177126182,8502,3.78392,3.08473,2.11,0.101356
177722855,5743,4.17558,1.37031,1.026,0.562225
178155732,6308.31,4.31402,1.2845,1.24,0.824961
178217113,6135.47,4.20966,1.4022,1.162,0.594291
178284730,5348,4.55066,0.844379,0.924,2.16411
178289267,5593,4.45783,0.972604,0.99,1.51722
178367144,6316,4.36682,1.21069,1.244,0.988417
178709444,3296,4.8023,0.426785,0.421357,7.64261
178819686,5521,4.50985,0.906761,0.97,1.83448
178879588,5735,4.41373,1.03865,1.02,1.28353
178959058,6793,4.15178,1.68004,1.46,0.434123
179033846,6532,4.29468,1.37045,1.35,0.739544
179034327,5091,4.56733,0.794471,0.85,2.39003
179155220,5242,4.58186,0.801705,0.895,2.44906
179159972,6110,4.40554,1.11378,1.151,1.17461
179317684,6671,4.14497,1.66402,1.41,0.431485
179582003,6115.26,3.90726,1.97585,1.15,0.210211
180695581,4612.99,4.56172,0.741027,0.73,2.52954
180987952,10585,4.34536,1.84175,2.74,0.618408
180991313,5960.37,4.27211,1.26384,1.09,0.761321
181804752,2949,5.12123,0.17143,0.14169,39.655
181949561,5326.6,4.38933,1.01342,0.918,1.24363
182943944,7174,4.20497,1.65429,1.6,0.498318
183120439,5817,4.23364,1.29661,1.05,0.679174
183532609,5589,4.43663,0.996641,0.99,1.41006
183537452,5203,4.77618,0.635603,0.88,4.8322
183979262,6514,3.69542,2.72192,1.34,0.0936911
183985250,5374,4.42394,0.980173,0.93,1.39249
184240683,5735.75,4.36856,1.0941,1.02,1.09812
184679932,6198,4.27912,1.30937,1.189,0.746812
184892124,3213,4.93347,0.293047,0.268704,15.055
184952758,5653,4.46415,0.970418,1,1.54292
185226925,5990,3.54492,2.93272,1.1,0.0614891
185405474,6897,3.89339,2.29289,1.5,0.175452
186000935,5992,4.33631,1.18131,1.104,0.94426
186599508,5719,4.16172,1.38826,1.02,0.537531
186812530,7764,4.24889,1.68425,1.835,0.541544
187029841,6280.37,3.99055,1.85431,1.227,0.27134
188570092,4521,4.49592,0.788876,0.711,2.04203
188589164,3352,4.8984,0.325635,0.306053,12.4975
188593930,6011,4.60995,0.864412,1.11,2.42314
188646744,6815.85,4.17202,1.64696,1.47,0.463965
188768068,5801.89,4.25132,1.26442,1.04,0.72541
188876052,6401.79,4.23563,1.4311,1.285,0.618176
188989177,8242,3.61459,3.66787,2.02,0.0577205
189013222,5251,4.54407,0.838759,0.898,2.14577
189013224,5731,4.45732,0.98926,1.023,1.48992
189380158,6026,4.40685,1.09703,1.12,1.19616
189620016,6127.07,3.67064,2.60582,1.16,0.0924369
189625051,6606,3.93691,2.09179,1.38,0.212591
190081497,6187,4.25673,1.33847,1.18,0.693861
190271688,5527,4.27437,1.18915,0.97,0.81336
190430205,9222,3.41957,4.94145,2.34,0.0273446
190442486,7465,4.31378,1.50884,1.71,0.701919
190496853,7437,4.2056,1.70396,1.7,0.484494
190743990,6026,4.16309,1.4505,1.117,0.516088
190998418,5583,4.33946,1.1146,0.99,1.00809
191146556,6271,4.17817,1.48981,1.22,0.520221
191284318,6140,4.3159,1.24182,1.164,0.857028
192372961,6716.47,3.23666,4.76839,1.43,0.0185968
192790476,4195,4.59888,0.675093,0.66,3.02462
192826603,3902,4.67857,0.567866,0.561044,4.31994
193336820,4006,4.684,0.598006,0.63,4.15379
193628179,5957.35,4.1796,1.40588,1.09,0.553092
193641523,4488,4.55695,0.729635,0.7,2.54098
194736418,6305,4.11147,1.62119,1.239,0.410007
195093356,5707,4.50377,0.935,1.017,1.75431
196286587,6433,3.96354,1.96896,1.3,0.240133
197643976,5222,4.52254,0.855973,0.89,2.00092
197650870,8332,3.54363,4.01932,2.06,0.0447331
197959526,6347,4.08031,1.69458,1.26,0.365091
198008005,5857,4.23718,1.29747,1.06,0.684276
198108326,4652.87,4.61265,0.703594,0.74,2.9956
198153540,5165.24,4.59026,0.784618,0.874,2.55127
198211976,3621,4.7197,0.520283,0.517739,5.18336
198241702,5517,4.56667,0.848906,0.969,2.23338
198356533,6093,4.32207,1.2224,1.144,0.88309
198384408,5470.16,4.30008,1.1485,0.96,0.893514
198385543,3512,4.81618,0.411452,0.404348,8.18497
198390247,4920,4.6445,0.70962,0.81,3.19615
198457103,7269,4.07789,1.93752,1.638,0.317536
198485881,3446,4.89707,0.326932,0.30755,12.4097
198588220,6417,3.70346,2.6481,1.292,0.0981019
198616607,5979.94,,1.62796,,
199162630,7776,4.20221,1.77966,1.84,0.460286
199376584,6125,4.29441,1.27074,1.16,0.797096
199444169,4507,4.50653,0.778749,0.71,2.11975
199671901,6074,3.85122,2.09465,1.136,0.174286
199688472,5786,4.12523,1.46056,1.038,0.46974
200322593,3130,5.06915,0.197117,0.166161,30.5898
200593988,3601,4.76674,0.466652,0.464152,6.4402
200723869,6382.67,4.05151,1.76557,1.28,0.327927
200807066,5910,4.27473,1.24841,1.07,0.775404
201154493,9447,3.54189,4.34703,2.4,0.0411958
201175570,4696,,4.21059,,
201177276,3770,4.61871,0.638902,0.61874,3.34522
201186294,3455,4.76798,0.465258,0.462696,6.47789
201233610,5736,3.96944,1.73225,1.02,0.276684
201248411,4486,4.51652,0.764401,0.7,2.20979
201604954,5600,4.34012,1.11375,0.99,1.01038
201642601,4435,4.50731,0.76701,0.69,2.15609
201793781,5711.7,4.34708,1.12148,1.02,1.01963
202426247,5668.04,4.50556,0.92985,1.01,1.77134
202428245,5019,,3.36984,,
202468443,3162,4.91775,0.307286,0.284947,13.847
203189770,8324,4.28378,1.71135,2.053,0.577553
203214081,3413,4.90906,0.315419,0.294283,13.2227
203214138,6283.43,4.18463,1.48481,1.23,0.529802
203289099,3807,4.68448,0.560982,0.555026,4.43287
204317710,5667,4.43411,1.00957,1.01,1.38397
204376737,5380.72,4.58136,0.817705,0.93,2.39835
206284139,5630,4.11247,1.45479,1,0.457951
206466531,6364.3,4.29143,1.3342,1.27,0.753975
206498307,5184.9,3.9254,1.69269,0.88,0.255843
206541859,5906.5,4.16721,1.41293,1.07,0.534865
207077681,4927,4.17981,1.21163,0.81,0.642084
207084429,6049.08,3.99519,1.77002,1.13,0.287317
207110080,6025.8,3.99579,1.76095,1.12,0.289199
207141131,5081,4.55845,0.802633,0.85,2.31786
207468071,6351,4.11982,1.61988,1.261,0.418298
207501148,5879,4.28122,1.23623,1.065,0.794821
209459275,5972,4.31478,1.20876,1.1,0.878197
209464063,5516,4.47672,0.942022,0.97,1.63609
209752908,4355,4.53128,0.740712,0.68,2.35928
210083929,5967,4.33932,1.17188,1.094,0.958479
210337597,4649,4.58515,0.725741,0.739,2.72595
211438925,5775.7,,1.5037,,
212253390,5253,4.54958,0.834386,0.9,2.18454
212957629,3163,5.0701,0.1966,0.165654,30.7376
218795833,3324,4.86877,0.355309,0.34034,10.6983
219015370,5714,4.04857,1.58143,1.02,0.363639
219016883,5631,4.41846,1.02283,1,1.31766
219041246,3271,4.93417,0.292425,0.267999,15.1115
219151731,6365,4.18499,1.50814,1.27,0.522034
219164808,7214,3.83041,2.56205,1.62,0.135823
219175972,3478,4.76582,0.46769,0.465235,6.41236
219189765,3470,4.6384,0.615219,0.600332,3.63514
219205407,5004,4.31472,1.05005,0.83,1.0108
219208037,4388,4.19561,1.09813,0.69,0.734695
219239945,5767,4.45723,0.992741,1.03,1.48439
219338557,4281,4.6376,0.650533,0.67,3.4315
219344917,4917,4.61731,0.732189,0.81,2.90961
219366908,5508,4.63329,0.786639,0.97,2.80972
219379012,5651.08,4.32214,1.14278,1,0.944769
219380235,5518.3,3.93011,1.76751,0.97,0.247688
219388773,4752.8,4.49348,0.817898,0.76,1.95856
219401954,5724.7,4.11683,1.46191,1.02,0.46032
219466803,5251,4.31682,1.0908,0.9,0.977757
219467837,5989,4.15722,1.44918,1.1,0.509622
219698776,3489,4.74553,0.490729,0.488819,5.83232
219698950,6183.5,4.58892,0.913091,1.18,2.18554
219766989,6095,4.12794,1.52586,1.14,0.452458
219821826,5980,4.38594,1.11368,1.1,1.12288
219824469,5923,4.05015,1.62432,1.08,0.35533
219850915,4599,4.58487,0.720551,0.728,2.74383
219852584,6470,4.15195,1.59715,1.32,0.456833
219852882,4965,4.5626,0.784109,0.819,2.39538
219854185,5494,3.93327,1.75475,0.963,0.251306
219854519,5234,,2.56935,,
219857012,5707,4.31886,1.15853,1.02,0.924916
219860288,3281,4.90415,0.320089,0.299659,12.8835
220016044,6300.3,3.7196,2.5465,1.24,0.105879
220029715,4964.9,4.56498,0.781959,0.819,2.41519
220076110,5449.49,4.13424,1.38285,0.95,0.506548
220396259,5895.2,4.02056,1.67282,1.07,0.322299
220435095,5620.9,3.60392,2.61261,1,0.0790666
220479565,3546,4.82857,0.397924,0.389135,8.708
220518305,6241.6,4.30897,1.27627,1.21,0.820678
220599411,3775,4.62512,0.631148,0.612794,3.43669
224225541,5789,4.49441,0.955756,1.04,1.67962
224245334,6150,4.40086,1.129,1.17,1.14635
224297258,5477,4.5707,0.840608,0.959,2.27644
224313733,5709.18,4.44236,1.00497,1.02,1.41698
224600500,8475,3.82228,2.94865,2.106,0.115827
224601047,,,,,
224603921,5895,4.33659,1.16261,1.07,0.960075
228381868,5570.3,3.92973,1.77738,0.98,0.246096
229047362,5736,4.56303,0.876762,1.025,2.14436
229091748,5753,4.41651,1.04039,1.03,1.28964
229141709,6270,4.33719,1.24056,1.22,0.900993
229285649,6287,4.22906,1.41077,1.23,0.617666
229384040,6128,4.08177,1.62182,1.158,0.382753
229400092,5592,4.3068,1.15614,0.988,0.901458
229455001,6179,4.3969,1.13948,1.181,1.12549
229510866,6122,3.93293,1.92663,1.16,0.228708
229650439,5259,4.56901,0.815924,0.9,2.33621
229742722,6415,4.25577,1.40156,1.291,0.661163
229747848,5424,4.55836,0.846387,0.945,2.19758
229770036,4496,4.39248,0.885515,0.706,1.43363
229781583,3692,4.71598,0.524555,0.521792,5.09733
229791084,6023,4.24585,1.32044,1.12,0.685934
229951289,6011,4.49712,0.984761,1.111,1.64037
229976631,4067,,,,
230001847,4784,,3.22859,,
230017325,6012,3.39369,3.50629,1.11,0.0363076
230055368,3421,4.85368,0.37103,0.358453,9.8952
230075120,6377,4.17479,1.52595,1.27,0.503971
230086768,3428,4.83663,0.389199,0.379236,9.07014
230127302,5141,4.49143,0.876154,0.868,1.81969
230267547,6446.32,4.02531,1.83803,1.306,0.296555
230386397,4316,4.56,0.71133,0.67,2.6247
230982885,5696,4.33774,1.12805,1.01,0.99211
231076038,7076,4.23061,1.59104,1.57,0.549639
231077395,6113.8,4.18756,1.43087,1.15,0.553493
231663901,5824,4.55972,0.890774,1.05,2.09463
231670397,6124,3.81034,2.21867,1.16,0.14976
231702397,3356,4.88974,0.334125,0.315858,11.9394
231703293,6164,4.40352,1.12556,1.17,1.15692
231736113,6519,4.35643,1.27166,1.34,0.918783
232038798,6115,4.42529,1.08827,1.15,1.25808
232540264,5711.85,4.38315,1.07587,1.02,1.15488
232568235,5432,4.50746,0.898416,0.947,1.84135
232608943,5073,4.52682,0.831915,0.849,2.07917
232612416,5227,4.50479,0.874131,0.891,1.88091
232679662,,,,,
232941965,5706,3.7044,2.34691,1.017,0.110931
232967440,5322,4.44007,0.9554,0.917,1.48263
232971294,6191,4.27017,1.32349,1.19,0.72378
232976128,5453,4.41707,0.999576,0.952,1.34403
232982558,5873,4.043,1.62481,1.063,0.349419
232982938,5809,4.06758,1.56229,1.04,0.384566
233059608,6603,4.17863,1.58365,1.38,0.489917
233087860,4534,4.60863,0.692384,0.71,3.01603
233390838,6666,4.13041,1.69034,1.407,0.41076
233497719,6051,4.48286,1.00959,1.13,1.54835
233503636,6159,4.06274,1.66632,1.17,0.356558
233541860,4006,4.53258,0.711893,0.63,2.46216
233569098,5930,4.11318,1.51063,1.08,0.441745
233602827,3959,4.68416,0.561356,0.555356,4.42665
233681149,5929,4.48275,0.987583,1.081,1.58243
233684293,6153,3.72183,2.46619,1.169,0.109888
233684822,5641,4.11487,1.45077,1,0.461771
233720539,6454,3.76544,2.48285,1.31,0.120681
233735068,5273,,3.06688,,
233948455,5115,4.45388,0.910631,0.86,1.60579
233951353,5885,4.27782,1.24225,1.067,0.784802
234112540,6240,4.31121,1.27299,1.21,0.827054
234345288,4566.4,4.64058,0.672062,0.72,3.34445
234523599,3402,4.78564,0.445372,0.44159,7.04805
234825296,5404,4.18344,1.29981,0.94,0.603548
234994474,3746,4.65374,0.597007,0.58564,3.88071
235678745,3746,4.76979,0.463205,0.460544,6.53387
235683377,3328,4.91612,0.308799,0.286682,13.7275
235684392,,,,,
236312126,5729,4.52123,0.919086,1.023,1.85791
236387002,3606,4.73889,0.4983,0.496373,5.6566
236445129,6430,4.25113,1.41398,1.3,0.648386
236887394,4910,4.57248,0.768108,0.804,2.50155
237101326,5091,4.36486,1.00303,0.85,1.18767
237104103,5731,4.10223,1.48668,1.02,0.437691
237108272,5845,,1.15972,,
237158650,5694,4.14819,1.40314,1.01,0.51551
237184773,,,,,
237185205,6800,3.91431,2.20829,1.46,0.191162
237200747,5051,4.52777,0.828058,0.843,2.09346
237222864,5126,4.49772,0.865815,0.86,1.86828
237232044,5236,4.63898,0.748579,0.89,2.99154
237235093,5221,4.62149,0.763809,0.89,2.81615
237320326,5627,4.45645,0.97906,1,1.50243
237751146,3352,4.79625,0.433512,0.428732,7.41996
237913194,5713,4.34129,1.12898,1.02,0.999446
237920046,3694,4.7196,0.5204,0.517851,5.18099
237922465,5640.1,4.15247,1.38931,1,0.525806
237929468,5537,4.28467,1.17513,0.97,0.842813
238176110,4935.4,4.43167,0.906655,0.81,1.53242
238197709,6104,3.95789,1.86397,1.15,0.250381
238374636,5935,3.51946,2.99237,1.08,0.0568324
238597883,9219,4.14225,2.1504,2.34,0.331803
239136269,9332,4.50307,1.42848,2.37,1.14643
239154970,6642.28,4.13909,1.66937,1.4,0.42432
239277658,5757,4.09896,1.49959,1.03,0.430662
239332587,3573,4.80376,0.425169,0.419577,7.69743
239372503,11798,4.18217,2.37721,3.135,0.329043
239541449,5383.13,4.7447,0.678984,0.934,4.20714
239816546,5639,4.33854,1.12141,1,0.999825
239977528,6083,3.74054,2.38245,1.139,0.11876
240148934,6582,4.23532,1.4782,1.37,0.59805
240681314,6695,4.17494,1.61271,1.419,0.477013
240823272,5211,4.58077,0.799114,0.887,2.45085
240968774,3834,4.74552,0.490737,0.488826,5.83213
241065596,7014.22,3.43038,3.95919,1.54,0.0349882
241174783,6802.3,3.74674,2.68185,1.464,0.107018
242083025,6568,4.10356,1.71404,1.36,0.380797
242536549,6650,4.04772,1.85455,1.4,0.309481
243014114,4246.81,4.49725,0.758892,0.66,2.12924
243153196,6584.3,3.95532,2.04049,1.37,0.227371
243185500,3382,4.85532,0.369306,0.356472,9.97896
243200602,5603,4.38373,1.05922,0.99,1.1746
243244680,6128,4.2324,1.3636,1.158,0.643974
243283955,6126,4.25426,1.33086,1.16,0.693878
243333538,6126,4.46702,1.04172,1.16,1.44683
243641947,3375,4.85254,0.37223,0.359832,9.8375
243921117,3965,4.62063,0.636572,0.616961,3.37237
244089109,5806,4.05057,1.59624,1.044,0.361931
245392284,8039,4.31943,1.6008,1.95,0.670263
245462406,6777,3.55013,3.34696,1.45,0.0545299
245509452,6088,4.23722,1.34548,1.14,0.659925
245947683,6706,4.23304,1.51101,1.424,0.582001
246965431,3580,4.76633,0.484565,0.5,6.1963
247873937,9056,4.29831,1.77744,2.29,0.575005
248075138,5315,4.61012,0.786807,0.92,2.66319
248111245,6669,4.13639,1.68054,1.41,0.418886
248250955,3264,4.94132,0.286178,0.260928,15.6975
248853232,4746,4.4323,0.877591,0.76,1.58546
249067445,8897,4.26801,1.82076,2.241,0.523485
249812036,8224,3.81165,2.92338,2.02,0.114002
249862365,6208,3.98689,1.83692,1.194,0.271614
250386181,6321.46,4.46567,1.08176,1.247,1.38898
250484865,5998,4.39303,1.10964,1.11,1.14551
250707118,6086,4.31517,1.23052,1.141,0.863449
251086776,3808,4.69366,0.55033,0.545551,4.61514
251848941,4339,4.63043,0.660806,0.68,3.32282
251878904,5504,4.21065,1.27966,0.97,0.652686
252479260,5357.72,4.37098,1.04181,0.93,1.15969
252537013,5940,,1.2,,
252636888,5855,3.44714,3.22194,1.06,0.0446861
253030300,6204.96,4.50675,1.00794,1.19,1.63856
253132689,5687,3.99738,1.66918,1.01,0.306215
253917293,6042,4.27931,1.27054,1.12,0.76996
253990973,5801,4.38679,1.08183,1.04,1.15819
254113311,4236,4.5169,0.741921,0.66,2.27872
254629854,6495,3.886,2.17751,1.33,0.181631
255760319,6136,3.87872,2.05071,1.16,0.189653
255851356,6071,3.95088,1.86267,1.13,0.246543
255918903,5878,4.3588,1.12794,1.06,1.04151
255930614,6084,4.16601,1.46043,1.14,0.516042
256349966,6544,4.12778,1.66077,1.35,0.415552
256364928,5023,4.58208,0.776484,0.84,2.52988
256621916,,,,,
256722647,5520,3.54798,2.74429,0.97,0.0661762
256783784,5587,4.51246,0.913321,0.99,1.83225
256886630,9003,3.9381,2.68092,2.273,0.166329
257052211,7406,4.101,1.91636,1.69,0.338592
257060897,6019,3.93219,1.88626,1.11,0.233204
257527578,6207,3.99481,1.8172,1.19,0.279614
257567854,6153,4.35436,1.19109,1.17,0.976268
257605131,5481,4.55516,0.856226,0.96,2.15638
257774438,6101,4.44514,1.0623,1.147,1.34909
258510872,6232,4.02733,1.75776,1.2,0.311544
258514800,5466,4.48625,0.92499,0.956,1.7032
258557847,6199,3.61888,2.80134,1.19,0.0763256
258776466,3578,4.8114,0.416718,0.410219,7.99297
258777137,5599,,1.06469,,
258796169,3244,5.07736,0.192729,0.161878,31.8835
258801269,6004,4.06315,1.62226,1.11,0.366593
258804746,4079,4.58376,0.676459,0.64,2.91525
258871793,5954,4.26434,1.2752,1.09,0.741158
258920431,5609,3.96385,1.71761,0.99,0.275472
259099556,5658,4.08591,1.5037,1.005,0.416776
259126549,6403,,1.42918,,
259129875,7111,3.9053,2.32119,1.58,0.178132
259151170,4503.48,4.42497,0.855413,0.71,1.59938
259168516,3231,5.04064,0.213459,0.182476,26.4534
259172249,3937,4.58883,0.675707,0.646066,2.95271
259233660,3419,4.84756,0.377509,0.365888,9.58927
259377017,3532,4.85053,0.374358,0.362274,9.73632
259389219,5753,3.82946,2.04513,1.03,0.169784
259506033,5464.2,4.39584,1.02592,0.955,1.24704
259701242,5995,4.51185,0.963393,1.1,1.73461
259863352,5625,,,,
259962054,3209,5.01096,0.232489,0.202161,22.6835
260004324,3596,4.73385,0.504068,0.502062,5.52726
260043723,6358,4.157,1.55139,1.26,0.475802
260128333,5723.2,4.08406,1.51811,1.02,0.411064
260271203,6186,4.29791,1.27649,1.18,0.799923
260298958,3653,4.60969,0.649887,0.627042,3.22109
260304296,6757,4.21768,1.55195,1.45,0.546963
260476837,4814,,0.804149,,
260609205,6190.91,3.81354,2.23892,1.19,0.149504
260647166,5723.87,4.57347,0.864173,1.02,2.22852
260708537,3470,4.8024,0.426676,0.421238,7.64632
260849386,6444,3.83703,2.27767,1.3,0.155128
261135533,3423,4.85554,0.369077,0.356208,9.99015
261136679,5992.1,4.3589,1.14889,1.1,1.02277
261257684,3751,4.70914,0.532439,0.529185,4.9433
261258875,6639,3.7348,2.65887,1.4,0.105016
261867566,5377,4.4064,1.00018,0.93,1.3106
262135904,8853,4.18471,1.99909,2.23,0.393573
262457587,,,,,
262499797,3333,4.78703,0.443812,0.439909,7.09553
262530407,3639,4.72187,0.517786,0.515356,5.2345
262530873,6292,3.98101,1.87708,1.23,0.262225
262531275,5608,3.944,1.75731,0.99,0.257222
262662119,5846,4.30711,1.1971,1.06,0.871235
262689575,3900.68,4.5239,0.70171,0.6,2.44848
262715204,5144.54,4.6011,0.772222,0.868,2.65774
262746281,5900.75,4.04414,1.62952,1.072,0.349329
262781201,6613.78,4.27572,1.41821,1.384,0.684119
263003176,6295.7,4.41613,1.13742,1.23,1.17859
263179590,5938,4.25146,1.29068,1.084,0.710871
264303333,5729,4.47487,0.96947,1.023,1.58304
264508014,5355,4.33005,1.09206,0.93,1.00683
264678534,5071,4.58292,0.780338,0.85,2.52226
265077027,5924,4.2812,1.24494,1.08,0.789225
266593143,5336.96,4.55466,0.838682,0.92,2.19895
266688542,6854,4.10464,1.78825,1.484,0.365903
266843799,7884,3.65799,3.36605,1.88,0.0695051
266980320,5527,4.38107,1.05168,0.97,1.17582
267263253,6792,4.20107,1.58737,1.46,0.514682
267484653,5540,3.95331,1.72093,0.97,0.268351
267489265,7880,4.17361,1.86011,1.882,0.412309
267527924,,,,,
267561446,3855,4.68499,0.560391,0.554506,4.44275
267572272,5477,4.54393,0.867368,0.96,2.07434
267574918,,,,,
267650535,5007,4.55617,0.795696,0.831,2.32584
268042363,6888,4.36671,1.32962,1.5,0.89977
268159158,5490,4.3011,1.14715,0.96,0.896667
268301217,5707,4.38778,1.07015,1.02,1.1735
268334473,5759,4.44767,1.00422,1.031,1.43548
268403451,6082,4.12697,1.5269,1.139,0.451139
268405086,3999,4.35283,0.871389,0.624,1.32974
268532343,5707,3.76308,2.19681,1.02,0.135657
268604331,6669,4.12805,1.69675,1.41,0.406989
268644785,6505,4.19687,1.52238,1.33,0.531495
268727719,3718,4.6571,0.593043,0.582375,3.93697
268766053,4960,4.48322,0.858619,0.818,1.8221
268823307,6295,4.02623,1.78185,1.23,0.306558
268914377,3148,4.75166,0.483749,0.481767,6.00062
268924036,5767,4.31546,1.16875,1.03,0.909691
269217040,5883,4.34154,1.15599,1.07,0.976649
269238073,6153,4.15114,1.50443,1.169,0.484076
269269546,5353.54,4.47701,0.922087,0.93,1.67258
269269740,6527.36,4.17511,1.56686,1.34,0.491173
269333648,5822,3.97411,1.74814,1.05,0.277128
269341832,5599.26,4.36775,1.07889,0.99,1.11154
269424395,6535,3.89757,2.1632,1.348,0.187768
269450900,8688,3.93129,2.64617,2.18,0.165892
269509393,6221,4.13484,1.55311,1.2,0.451641
269701147,5461,4.4878,0.920435,0.95,1.71776
269892793,4769,4.64845,0.687841,0.768,3.32749
270238522,7521,3.56319,3.60758,1.736,0.0521342
270333769,9953,4.09135,2.38029,2.55,0.266606
270380593,4936,4.49093,0.84738,0.811,1.87935
270468559,5859,4.16222,1.41374,1.059,0.528448
270604417,6263.07,3.98216,1.86619,1.219,0.264458
271042217,5651.75,4.13988,1.40959,1,0.503429
271052158,5219.54,4.43789,0.943064,0.889,1.4945
271168962,5678.5,3.85895,1.95757,1.01,0.18984
271169413,3476,4.80232,0.426767,0.421338,7.64323
271354351,5381,4.45342,0.947475,0.93,1.54169
271424111,6007.22,4.18781,1.40537,1.11,0.563865
271431851,5597,4.04717,1.56051,0.99,0.36733
271439193,6016,4.10353,1.54857,1.11,0.421452
271478281,4669,4.62844,0.690927,0.74,3.16341
271581073,5803.5,4.06878,1.56013,1.04,0.386167
271596225,3607,4.76051,0.473702,0.471474,6.25404
271596418,5670.45,4.16965,1.3689,1.01,0.555172
271749758,5165,4.48308,0.885629,0.87,1.76597
271893367,5982.9,4.02891,1.67987,1.1,0.327176
271900960,6790,4.34994,1.33734,1.46,0.860687
271971130,3187,5.01492,0.229824,0.199363,23.1567
272049972,6728,,1.58456,,
272050287,6824,3.87931,2.30852,1.472,0.168705
272086159,3262,4.90195,0.322208,0.302101,12.7339
272212970,6393,4.23613,1.42749,1.28,0.620449
272213425,6457,3.89956,2.1276,1.31,0.191788
272366748,5741,4.40631,1.05268,1.03,1.24498
272625214,6651,4.26833,1.43857,1.4,0.663061
272828463,7856,3.78248,2.91035,1.872,0.107075
272840455,6014,3.73585,2.36468,1.11,0.118366
273231214,6184,4.20121,1.42864,1.183,0.572058
273234825,5968.88,4.42517,1.0645,1.1,1.2858
273690178,5359,4.44804,0.951815,0.927,1.51579
273774284,6330,4.31415,1.28948,1.25,0.822023
273874849,5781,4.44616,1.01034,1.04,1.42183
274138511,5245,3.84587,1.87594,0.9,0.192224
274198407,5940.12,4.51943,0.948492,1.085,1.79287
274599700,5635.75,4.12397,1.43565,1,0.476515
274662200,3526,4.71105,0.53023,0.527126,4.98587
274762761,2972,5.15741,0.156193,0.12784,47.3044
274942910,4361,4.61979,0.668952,0.68,3.2029
275111900,,,,,
275248683,3427,4.83806,0.387661,0.377486,9.13617
275384718,6460,3.82408,2.32076,1.31,0.147774
275501623,10445,4.08974,2.45158,2.695,0.257895
276360911,7184,4.09544,1.8807,1.607,0.340624
276380902,9603,3.83293,3.14161,2.45,0.111411
277014266,6318,3.68097,2.66768,1.245,0.0924674
277099925,,,,,
277103955,4658,4.51928,0.783445,0.74,2.16982
277128619,5520,4.33598,1.10771,0.97,1.00626
277634430,3306,4.99749,0.241857,0.2121,21.139
277833995,3650,4.65924,0.590525,0.580289,3.97328
277871306,5863,4.42745,1.04222,1.06,1.32022
278348461,6509,4.17233,1.56954,1.336,0.487203
278415929,5918,4.11205,1.51258,1.08,0.440033
278726770,4481.6,,8.1763,,
278866211,6236,4.48602,1.04092,1.21,1.51269
278892590,,5.27596,0.114827,0.0907782,84.5412
279177746,9706,4.2883,1.87115,2.48,0.533758
279212407,6280,4.05474,1.72221,1.227,0.33869
279251651,3726,4.68943,0.555239,0.549943,4.52999
279740441,4304.6,4.54948,0.719998,0.67,2.53105
279741379,4628.53,4.60444,0.705464,0.73,2.93169
279947414,5421,4.54354,0.860501,0.944,2.08899
279982557,5264,4.59586,0.791524,0.901,2.56184
279999655,7491.19,3.89308,2.45616,1.72,0.163673
280206394,6174,4.28982,1.28844,1.18,0.777876
280210963,5715,4.41533,1.03674,1.02,1.29064
280437559,4249.11,4.42592,0.823845,0.66,1.66428
280655495,5805,4.13333,1.4484,1.04,0.482604
280830734,6340.3,4.09776,1.66089,1.26,0.387763
281196902,5354,4.341,1.07607,0.926,1.04788
281408474,6174,4.22732,1.38398,1.179,0.627116
281459670,5750.4,4.32419,1.15706,1.03,0.937539
281541545,4247,4.47839,0.775548,0.66,1.99498
281541555,5483,4.53376,0.877585,0.96,2.00274
281731203,5466,3.94175,1.73497,0.96,0.259188
281885301,5322,4.5528,0.840476,0.92,2.18489
281909674,5914,4.35992,1.13707,1.08,1.03581
281979481,5164,4.56352,0.807298,0.87,2.33151
282485660,5840,4.48412,0.971786,1.05,1.61322
282498590,6519,4.21895,1.48974,1.34,0.571469
283015592,7493,4.11851,1.90022,1.73,0.355515
283419843,5916,4.02617,1.66978,1.08,0.327086
283621618,6602,4.21919,1.51085,1.379,0.563791
283722336,4884.29,4.59034,0.750598,0.8,2.6674
284050395,5421,4.46281,0.944316,0.944,1.58067
284288080,6466,4.10779,1.68046,1.32,0.392201
284305328,6620,4.03827,1.86612,1.387,0.300939
284326455,4133.4,4.48806,0.759375,0.647,2.08332
284441182,3624,4.74607,0.49012,0.488207,5.84676
284450803,7518,3.82067,2.68133,1.735,0.126902
284475976,6148,4.01001,1.77061,1.17,0.297194
284528889,5659,3.77868,2.13645,1,0.144591
284564230,6610,4.13705,1.6613,1.38,0.424382
284688043,6629,3.94182,2.08827,1.391,0.215369
284747017,4570,4.54217,0.753207,0.721,2.37909
285048486,3907,4.62346,0.633154,0.614339,3.41271
285272237,5191,4.37496,1.00936,0.881,1.20799
285524410,,,,,
285542903,10125,3.6189,4.14065,2.6,0.0516401
285666479,6549,3.28119,4.40157,1.35,0.0223219
285674856,8348,4.24062,1.80159,2.06,0.496725
285677945,6304,3.92194,2.01731,1.24,0.212972
286099128,5817.72,4.43446,1.02896,1.05,1.35898
286132427,5815.77,4.47768,0.97901,1.05,1.57778
286201103,3098,5.00721,0.235048,0.204861,22.2437
286355915,6531.44,4.13711,1.64302,1.35,0.429163
286561122,7325.53,3.7101,2.97877,1.66,0.0885558
286865921,5494,4.34408,1.09347,0.963,1.03855
286916251,5707,4.21803,1.29921,1.017,0.653889
286923464,5836.95,3.8353,2.05106,1.05,0.171581
287080092,6114,4.293,1.26841,1.152,0.795959
287139872,3652,4.71387,0.526987,0.524085,5.04918
287145649,6055,4.46189,1.03425,1.13,1.44017
287156968,6083,4.37145,1.15281,1.14,1.04917
287190564,8807,4.12457,2.13276,2.21,0.321206
287256467,5674,4.49483,0.941409,1.01,1.70689
287329267,6258.09,3.58701,2.94246,1.22,0.0675224
287474726,9988,3.59194,4.23822,2.56,0.0474144
287563610,5554,4.45268,0.973436,0.98,1.49804
287591638,4652,4.481,0.818751,0.74,1.90106
288185138,6105,4.30882,1.24389,1.149,0.841762
288246496,6001,4.12263,1.51284,1.107,0.450801
288391628,6259,3.59171,2.92296,1.217,0.0687135
288421619,3166,5.02476,0.223377,0.192648,24.3707
288471040,6259,3.89881,2.05498,1.22,0.198225
288631580,5977,4.47375,1.00568,1.098,1.52208
288735205,4699,4.54638,0.765001,0.751,2.36523
289125016,6122,3.71041,2.48919,1.16,0.106048
289164482,3943,4.62547,0.63072,0.612463,3.44182
289316336,6171,4.34926,1.20322,1.18,0.955137
289539327,6091,3.89121,2.00656,1.143,0.199484
289580577,5700,4.48088,0.959022,1.015,1.62256
289661991,5908,4.13334,1.46911,1.07,0.475814
289793076,5445,4.59896,0.809868,0.95,2.52174
289988797,5702,4.13884,1.42253,1.016,0.49765
290131778,6356,3.70157,2.62392,1.263,0.0985761
290302097,5301,4.49853,0.88979,0.91,1.82137
290348383,4815,4.52382,0.800152,0.78,2.14682
291555748,5889,3.86456,2.00193,1.07,0.188043
291685334,6161,4.1171,1.56523,1.17,0.430201
291751373,6207.39,4.03891,1.72725,1.19,0.325614
292152376,6340,4.33387,1.26304,1.255,0.87823
292321872,6473,3.76501,2.49353,1.32,0.120046
293075732,5517,3.98931,1.65107,0.97,0.303876
293435336,6278.16,3.97308,1.89121,1.226,0.255558
293457754,5887,4.44001,1.0321,1.07,1.37228
293527670,5522,3.99355,1.64303,0.97,0.308356
293567206,5829,4.40925,1.05926,1.05,1.24566
293607057,6736.88,3.7636,2.60866,1.44,0.114374
293612446,6475,4.0609,1.77367,1.32,0.333561
293687315,6840,4.0467,1.90904,1.48,0.299942
293708935,6040,4.20389,1.3858,1.12,0.593387
293853437,9165,4.04973,2.38236,2.321,0.242034
293954617,5064,4.57887,0.78399,0.85,2.48718
294090620,9871,4.22024,2.04114,2.523,0.418327
294176967,7734,3.60981,3.50078,1.82,0.0598129
294179389,5938,4.22999,1.32298,1.084,0.660073
294283951,8096,4.28307,1.67777,1.97,0.588145
294301883,6070,4.41754,1.09036,1.134,1.23346
294500964,5737.03,4.5243,0.916742,1.025,1.87586
294780517,5107.98,4.43134,0.934573,0.86,1.48552
294869729,5614,3.49649,2.94177,0.99,0.0548315
295354126,12464,,,,
295599256,8152,4.15162,1.96177,1.99,0.371644
296739893,3586,4.69614,0.547453,0.542958,4.666
297153209,6906,3.84103,2.4386,1.504,0.146233
297967252,12942,,,,
298073824,6906,,4.12041,,
298074836,3331,5.02076,0.225966,0.195335,23.871
298297931,5667,4.2403,1.26008,1.007,0.709659
298495970,5756,4.50958,0.934673,1.03,1.77859
298663873,5739,4.02569,1.62762,1.025,0.335187
298666530,,,,,
299087490,5439.49,4.59877,0.810043,0.95,2.52011
299089652,5576.31,4.48425,0.940603,0.984,1.66723
299158887,5497,4.47758,0.938168,0.964,1.64609
299161524,5462,3.83995,1.94053,0.95,0.183308
299220166,5549,4.50842,0.912927,0.98,1.81609
299798795,3392,4.82262,0.404403,0.396442,8.45192
299799658,5232,4.49128,0.887336,0.89,1.79616
300011941,5789.58,4.35115,1.12713,1.04,1.02408
300013921,5450,4.61223,0.797594,0.95,2.63996
300038935,8557,4.25771,1.79626,2.13,0.518191
300557619,5980.64,4.3083,1.21781,1.1,0.858756
300710077,3461,4.85358,0.37114,0.358579,9.88987
300810086,5159,,3.77481,,
300812741,4465,4.59602,0.697547,0.7,2.90801
300871545,6674,4.26481,1.44956,1.41,0.652724
301051430,6049,4.30004,1.2461,1.13,0.823453
301235044,4477,4.56308,0.724509,0.7,2.59529
301289516,4199,4.65321,0.634163,0.66,3.6489
302659412,5977,3.97186,1.79392,1.1,0.268661
302773669,5969,4.0982,1.55106,1.1,0.41565
302814895,6521,4.02461,1.864,1.341,0.291952
302895996,,4.88307,0.368,0.377,10.6664
303055194,6270.7,3.94408,1.95303,1.223,0.231483
303317324,4159,4.53501,0.721084,0.65,2.44442
303364023,3278,4.97813,0.256167,0.227565,19.0877
303432813,4794.37,4.4654,0.850313,0.77,1.76593
304021498,6415.37,3.98115,1.922,1.29,0.256181
304042899,6760,4.23073,1.5288,1.45,0.572181
304142124,5167.22,4.5011,0.867451,0.87,1.87933
304774444,6317,,1.38498,,
305026599,6599,4.25889,1.4423,1.377,0.647124
305048087,3210,5.04424,0.211299,0.180288,26.9459
305243225,5918.23,4.34796,1.15176,1.078,0.994833
305424003,6224,3.8896,2.05979,1.2,0.19361
305550963,6227,3.91452,2.00154,1.2,0.211014
305943739,5821.4,4.15692,1.41635,1.05,0.521073
306204904,4329.8,4.45243,0.80931,0.677,1.8008
306263608,5625.56,4.46798,0.966154,1,1.56344
306362738,5597,4.41526,1.02095,0.989,1.3104
306472057,6727,4.28297,1.42962,1.43,0.690077
306648160,5930,4.13961,1.46536,1.08,0.483964
306902029,6290,3.49485,3.28521,1.23,0.0489145
306955329,5103,4.50257,0.859483,0.857,1.90322
306996324,3747,4.70863,0.533024,0.52973,4.93212
307111282,5791,4.28894,1.21025,1.039,0.826445
307210830,3429,4.91039,0.31416,0.292836,13.3165
307733361,6115.49,4.32901,1.21742,1.153,0.900994
307734817,6351.66,4.13453,1.59204,1.26,0.44028
307809773,3807,4.76771,0.465559,0.463011,6.46973
307849973,3830,4.64404,0.608498,0.594967,3.72336
307956396,4460,4.55783,0.728377,0.699,2.55051
307958020,5490.04,4.02198,1.5819,0.96,0.341941
308034948,5202,,40.9369,,
308050066,6655,4.02116,1.91349,1.402,0.282155
308073360,5773.87,4.28185,1.21487,1.03,0.809973
308098254,5473,4.25794,1.20434,0.958,0.773288
308172249,4984,4.41028,0.934977,0.82,1.41458
308307606,5419,4.58442,0.819196,0.94,2.41092
308396509,,,,,
308919449,5878,4.45,1.01552,1.06,1.42713
309133240,5199,4.61185,0.767978,0.88,2.7394
309402106,7458,4.2796,1.56939,1.71,0.623766
309436531,6189.42,4.32191,1.24696,1.19,0.865386
309787037,6762,4.11193,1.75289,1.45,0.379596
309792357,5180,4.49515,0.878413,0.88,1.83066
310002617,6071,4.39466,1.11748,1.13,1.14176
310003988,5939.34,3.99626,1.72829,1.08,0.29498
310483807,10037,,6.03576,,
310981412,6149,4.57018,0.927857,1.167,2.0599
311035838,5224,4.55801,0.821721,0.89,2.2617
311121985,6375,4.00309,1.86093,1.272,0.278302
311133118,4906,4.56858,0.771086,0.803,2.4696
311183180,5055.34,,0.693406,,
311408969,5852,4.40684,1.06725,1.06,1.22948
311890977,4006,4.541,0.705027,0.63,2.5348
312122956,,,,,
312221462,8158.89,4.33858,1.58186,1.99,0.708866
312259170,10692,3.79992,3.46989,2.77,0.0934872
312899686,6006,4.46003,1.0268,1.109,1.44442
313506357,6254,4.23613,1.39077,1.215,0.636834
313675203,5354,4.48559,0.913016,0.93,1.72294
313761775,6298,3.7749,2.38461,1.235,0.12842
313891529,6173.5,3.76326,2.36235,1.18,0.126203
314338017,8522,,6.78599,,
314724818,10614,3.76254,3.60934,2.75,0.0824644
315002523,6143,3.94032,1.91031,1.16,0.234621
315755496,4772,,5.27875,,
316254876,5551,4.00533,1.62756,0.978,0.319851
316402246,8014,4.31934,1.59684,1.94,0.67179
316916655,6824,4.27386,1.46575,1.472,0.659096
316937670,3460,4.83143,0.394818,0.385618,8.83458
317060587,5958.2,4.14692,1.45977,1.09,0.49407
317397615,5182,,4.03695,,
317507345,7403,4.30762,1.51067,1.69,0.69119
317520667,6848,4.24778,1.51554,1.482,0.600292
317548889,6212.63,4.16504,1.50004,1.2,0.501296
317597583,5427,4.57637,0.831212,0.95,2.33242
318022259,3691,4.70931,0.532243,0.529004,4.94707
318209162,4661.56,4.57751,0.732648,0.74,2.65317
318608749,6033,4.36703,1.14849,1.12,1.04245
318746829,3068,,,,
318753380,4214.44,4.52845,0.732115,0.66,2.37151
319068154,9500,,2.36113,,
319968129,6304,4.15682,1.5381,1.238,0.479721
320004517,5783.54,4.47739,0.974669,1.04,1.58373
320417762,9622,3.95082,2.74287,2.45,0.167406
320506985,5751,3.99521,1.68821,1.028,0.301255
320525204,6040,4.23253,1.34204,1.122,0.654504
320536216,8031,4.29326,1.64552,1.94,0.613921
320798691,6115,4.16703,1.46701,1.153,0.514933
321068176,5017,4.38114,0.972753,0.83,1.27142
321436679,6361.4,3.8251,2.28237,1.27,0.150613
321668398,6310,4.10397,1.63591,1.24,0.399357
321669174,3742,4.72382,0.515547,0.513208,5.2809
321857016,5387,4.46259,0.940037,0.935,1.58707
322202434,5521,4.47617,0.942619,0.97,1.63298
322307342,5704.8,3.8427,2.00441,1.02,0.178592
322807371,5427.85,4.49455,0.911394,0.946,1.76195
323658120,5767,4.21249,1.31777,1.033,0.636508
323687123,3166,5.07428,0.194357,0.163462,31.3932
324395151,,,,,
324609476,3423,4.79159,0.438708,0.434388,7.25387
325172035,,,,,
325670253,5080,4.33326,1.0408,0.851,1.06426
325680697,5773.74,4.27286,1.23047,1.035,0.783327
326114850,6194,4.1624,1.49644,1.187,0.499446
326347927,4780,4.25368,1.08572,0.771,0.849409
326453034,5276,,2.74518,,
326470400,5659,4.5684,0.86066,1,2.2117
326919774,9146,3.45475,4.72499,2.32,0.0310103
327011842,4975,,5.38747,,
327017634,4827,,28.3379,,
327369524,5807,4.06406,1.57165,1.044,0.379188
327577308,4475,4.59293,0.700029,0.7,2.87719
327663613,10154,3.98205,2.73105,2.61,0.180663
327952677,5864,4.25528,1.27071,1.06,0.72842
328081248,3521,4.8805,0.343358,0.32653,11.3737
328167090,5773,3.88247,1.92779,1.034,0.203498
328750515,7577,4.04804,2.078,1.759,0.276405
328934463,6016.4,4.01217,1.72033,1.11,0.307403
328934980,6104.12,4.15159,1.49138,1.15,0.488822
329145325,7274,4.25449,1.58202,1.64,0.584018
329148988,3546,4.77262,0.460014,0.457187,6.62216
329277372,,,,,
329864959,,,,,
330332501,6585,3.94306,2.06949,1.37,0.217948
330468175,8999,4.04907,2.35783,2.27,0.244178
330687113,6315.68,4.17425,1.50876,1.24,0.509072
330690135,5790.68,4.29548,1.20174,1.04,0.844935
331034236,6338,3.90413,2.07071,1.254,0.199139
331484419,5608,,3.81488,,
331691841,5451,4.54089,0.865864,0.95,2.06345
332022997,4783.55,4.5927,0.735345,0.772,2.73756
332064670,5250,4.42459,0.963515,0.9,1.41869
332154944,6082,4.38855,1.12985,1.139,1.11346
332534326,5737,4.27887,1.21311,1.02,0.805606
332558858,5517,4.26359,1.20399,0.97,0.783643
332660287,4967,4.59699,0.75413,0.82,2.69585
333473672,5914,4.46274,1.00826,1.076,1.48018
333657795,5640,4.35023,1.10641,1,1.04104
333736132,4722,4.55866,0.756773,0.756,2.45949
333821572,8192,4.20846,1.84443,2.005,0.450551
334597566,6511,,1.48364,,
334911765,6072,4.39908,1.11181,1.13,1.15931
335483600,12590,,,,
335489455,5814,4.55784,0.891006,1.046,2.08501
335590096,3237,4.87111,0.352907,0.337566,10.8292
335630746,6715,4.14361,1.67723,1.428,0.426745
335996558,6168,4.29224,1.28268,1.176,0.785721
336128819,3384,4.87998,0.34388,0.327134,11.3429
336267424,6835.31,4.37191,1.31284,1.48,0.922246
336456596,7751,3.99646,2.2492,1.83,0.22677
336732616,6371,4.33006,1.27616,1.27,0.861599
337129672,4358,4.55296,0.72245,0.68,2.54275
339250695,5947,4.3595,1.14287,1.09,1.02957
339522221,6155,4.24345,1.35333,1.17,0.665576
339538183,7235,,1.77692,,
339591840,3476,4.81846,0.408956,0.401554,8.27815
339636032,6636,3.98607,1.98385,1.39,0.251021
339672028,5803,3.97993,1.72816,1.04,0.284119
339733013,5905.84,4.22728,1.31852,1.07,0.658182
340700241,6307,4.21068,1.44678,1.24,0.57734
341186896,6635,4.35074,1.30367,1.39,0.884561
341297143,6247,4.27867,1.32157,1.21,0.739149
341419787,6029,3.89019,1.98859,1.12,0.200816
341444900,7527,,5.63665,,
341544930,,,,,
341630071,6115,4.24693,1.33633,1.15,0.679472
341729521,5786,4.52163,0.926261,1.04,1.84524
341805908,9747,3.54199,4.42729,2.49,0.040458
341815767,6610,4.24305,1.47151,1.382,0.611552
342642208,5389,4.05881,1.49636,0.935,0.39348
343019899,5769,4.42576,1.03088,1.033,1.32954
343442463,7976,4.21985,1.78185,1.921,0.478777
343628284,3391,4.84373,0.381586,0.370553,9.40356
343648136,6093,4.20265,1.40011,1.14,0.585651
343708863,10390,3.79236,3.44286,2.68,0.0925971
343774169,5179,4.67784,0.710984,0.878,3.44457
344085117,5832,4.26466,1.25112,1.05,0.75599
344416349,6167,3.82219,2.20738,1.18,0.154693
344600402,5678,4.33167,1.13595,1.01,0.971544
344926234,5944.83,4.54039,0.928008,1.09,1.92304
345143460,5053,4.47547,0.879456,0.843,1.74746
345724317,6320.63,4.39751,1.16961,1.246,1.09804
345996087,7537,4.18291,1.77104,1.743,0.442414
346338552,6051.18,4.34703,1.17839,1.126,0.970266
346418409,4993,4.66918,0.696945,0.827,3.44453
346626688,5961.2,4.24952,1.29833,1.092,0.703539
347011522,6278,4.03312,1.76778,1.23,0.313935
347098457,4240,,49.1612,,
347329162,5797,4.36164,1.1136,1.04,1.06185
347430350,6458,4.31068,1.32635,1.312,0.792823
348054109,3256,4.85874,0.365717,0.352341,10.1566
348135793,6742,3.94648,2.11263,1.439,0.215183
348673213,3896,4.64192,0.611023,0.59699,3.68989
348684813,5133,,4.74771,,
348755723,3265,4.79733,0.432309,0.427418,7.45914
348755728,3477,4.74303,0.493576,0.491671,5.76543
348835438,4859,,3.97986,,
348844154,5837,3.95663,1.78366,1.05,0.260898
349095149,5665,4.42677,1.01814,1.01,1.34932
349373192,7667.39,3.9003,2.49185,1.8,0.164032
349488688,6329,4.24509,1.39619,1.25,0.647585
349576261,5965.99,4.28007,1.25231,1.09,0.782542
349786918,6025,4.08283,1.59305,1.12,0.390614
349790953,4997.1,,12.2253,,
349827430,6321.17,4.15506,1.54867,1.25,0.474517
349972412,5271,4.42694,0.960919,0.9,1.43022
349986198,4642.1,4.42664,0.871622,0.74,1.57567
350020859,5609,3.93083,1.78598,0.992,0.24553
350033870,6183,4.05919,1.68027,1.18,0.350723
350044062,6031.24,4.05274,1.6492,1.12,0.352061
350153977,5500,4.37601,1.05236,0.96,1.16145
350293646,5238,4.54438,0.836592,0.894,2.15286
350332997,5537,3.78345,2.09264,0.97,0.149248
350348197,5880,4.22257,1.32258,1.065,0.649082
350445771,6474.57,3.96112,1.98958,1.32,0.236324
350618622,6461.8,4.30743,1.33031,1.31,0.784565
350743714,6038,,,,
350814622,5772,4.04527,1.59521,1.03,0.357768
351601843,3921,4.66791,0.580337,0.571742,4.12457
352011875,4643.39,,6.37872,,
352413427,5958,4.48217,0.992345,1.09,1.57274
352682207,4888,4.45144,0.880213,0.799,1.65197
352924930,6950,3.77784,2.63655,1.52,0.116937
353367071,7895.71,4.06456,2.11229,1.888,0.282462
353459965,5663.55,4.53693,0.895095,1.006,1.97792
353475866,3474,4.77152,0.46126,0.4585,6.58751
353586703,6405,4.40885,1.17464,1.29,1.12226
353893493,3896.76,4.50848,0.71428,0.6,2.32148
354006740,6170,,,,
354151219,6940.88,3.8547,2.41327,1.52,0.152491
354400186,8884,4.00639,2.46016,2.24,0.212118
354442783,4667.62,,,,
354469661,6333,3.85789,2.18217,1.252,0.169885
354518617,4023,4.5969,0.661076,0.63,3.07472
354594208,6033.55,4.31097,1.22451,1.119,0.859327
354600221,6329,4.08362,1.68142,1.25,0.370764
354619337,7893,4.105,2.01566,1.887,0.324891
354944123,3883,4.65275,0.598175,0.586597,3.86433
355636844,,,,,
355703913,5435.56,4.46889,0.940697,0.95,1.60913
355867695,4225,4.5756,0.693431,0.66,2.79095
356235833,5477,4.46235,0.952786,0.96,1.56496
356453768,6239.48,4.13617,1.55718,1.21,0.451839
356461227,,,,,
356473034,5267,4.32246,1.08495,0.902,0.995863
356867115,4781,4.59589,0.731699,0.77,2.77148
356868487,6327,,1.39013,,
356919658,6404,4.3079,1.31941,1.29,0.791901
357416482,6362.56,,1.33874,,
357457104,,,,,
357501308,4218.89,4.66932,0.622512,0.66,3.85762
357536526,5560,3.98927,1.65963,0.98,0.302283
357538688,6364,3.75322,2.47928,1.27,0.117503
357972447,7387,4.3887,1.37318,1.683,0.916477
358070912,5151.38,4.50581,0.862761,0.87,1.91014
358107516,5064,4.53576,0.823883,0.85,2.1431
358186451,7176,4.16468,1.73498,1.604,0.433053
358516596,5703,4.15924,1.38951,1.016,0.533983
358631536,9622,4.39218,1.65084,2.452,0.76846
359271092,3745,4.71536,0.525276,0.522473,5.08301
359496368,3897,4.68726,0.557752,0.552175,4.48717
360156606,3055,4.78929,0.44128,0.437175,7.17352
360286627,9917,3.75262,3.50866,2.54,0.0829141
360630575,5876,4.47808,0.983215,1.06,1.57246
360742636,5693,4.40835,1.03997,1.01,1.26613
361034196,7200,3.70837,2.93941,1.61,0.0893847
361343239,,,,,
361711730,5845.94,4.50049,0.958173,1.06,1.69901
362220495,,4.56973,0.699973,0.66347,2.7277
362249359,3920,4.64839,0.603336,0.590802,3.793
362709886,6203,3.9751,1.85891,1.19,0.26121
363260203,9158,4.32166,1.74161,2.32,0.619237
363548415,5231,4.4862,0.89254,0.89,1.76493
363635669,,,,,
363761216,5887,4.35329,1.13939,1.068,1.01806
363851359,5652,4.20461,1.30837,1,0.629548
364075352,6641,4.38005,1.26315,1.396,0.976662
364107753,6059.06,4.25751,1.30863,1.13,0.710961
364186197,6594,4.23289,1.48504,1.375,0.591981
364395234,5818,4.37966,1.09597,1.05,1.12465
365007485,5468,4.49575,0.914932,0.956,1.75999
365389353,7495,3.87892,2.50378,1.73,0.155409
365639282,3692,4.68406,0.561478,0.555463,4.42462
365690646,6923.83,4.21623,1.5869,1.511,0.533128
365733349,6180,4.57956,0.923371,1.181,2.11514
365781372,9502,3.91641,2.83619,2.42,0.149566
365938305,5396,4.50457,0.898076,0.94,1.82981
365952328,6085,3.84488,2.11371,1.14,0.17021
366074069,6146,3.7794,2.30507,1.166,0.134234
366410512,6283,4.17177,1.50696,1.23,0.506784
366411016,5368,4.71954,0.697439,0.93,3.8653
366443426,6352.33,4.30502,1.30883,1.261,0.793023
366484980,6266.98,4.19069,1.46908,1.221,0.542998
366563452,5028,4.54705,0.808444,0.84,2.24155
366568760,4642.56,,4.70881,,
366576758,4913,4.46161,0.875936,0.81,1.69936
366622912,4952,4.60227,0.74956,0.82,2.74545
366631954,5180.6,4.58536,0.790862,0.878,2.50272
366804698,5999.32,3.91308,1.92822,1.11,0.218307
366989877,6096,4.35792,1.17092,1.14,1.00126
367099243,6855,4.43231,1.2263,1.484,1.13465
367102581,9024,4.24368,1.88829,2.279,0.477265
367287018,6139,3.7133,2.48092,1.16,0.107112
367366318,6767.92,4.10398,1.769,1.45,0.369321
367607434,5119,,3.09707,,
367855829,5697,4.21712,1.29609,1.01,0.654086
367858035,5169,4.57,0.805886,0.88,2.37073
367913453,5778,3.92323,1.84474,1.04,0.233586
368287008,3223,4.89993,0.324155,0.304345,12.5987
368435330,5922,4.42991,1.04904,1.08,1.31907
368536386,7185,4.04351,1.99659,1.607,0.284687
368739874,5013,4.61102,0.746558,0.83,2.8126
368805700,5849.09,4.40819,1.06358,1.056,1.23757
369327947,3312,4.93979,0.287497,0.262417,15.5708
369455629,5614.86,4.21917,1.28017,0.99,0.665354
369480087,3473,4.87657,0.347331,0.331123,11.1424
369864738,6819,3.91688,2.20928,1.47,0.192214
370133522,3536,4.83497,0.390989,0.381272,8.99415
370745311,5622,4.50409,0.926801,1,1.77117
370759867,5865,4.49455,0.9652,1.061,1.66373
370877263,6429,4.33784,1.27963,1.3,0.874799
371188886,5547,4.28485,1.18093,0.98,0.83902
371210825,4252.94,4.36516,0.886884,0.665,1.34412
371234684,6193,4.2858,1.2999,1.19,0.763906
371443216,8181,4.2113,1.83611,2,0.455571
371673488,8911,4.25668,1.8463,2.245,0.502955
372172128,5728,4.4217,1.02917,1.02,1.31936
372207328,3358,4.93,0.29613,0.272208,14.7799
372264750,9218,4.27091,1.85275,2.336,0.517899
372505528,6827,4.24736,1.51167,1.473,0.601242
372913430,10341,3.80233,3.39086,2.66,0.0961988
373424049,8508,4.24408,1.82039,2.12,0.495523
373453507,5600,4.16201,1.36724,0.99,0.546162
373614579,5236.07,4.555,0.824569,0.89,2.23835
373693175,5555.05,4.36832,1.07272,0.98,1.1194
373729723,5268.88,4.54965,0.834311,0.9,2.18513
373785851,6895,3.86985,2.3559,1.5,0.16175
374177909,3314,4.93862,0.288517,0.263571,15.474
374180079,4362,4.53943,0.733789,0.68,2.42669
374200604,5690.18,4.00218,1.65999,1.01,0.311332
374400599,7492,4.05338,2.04225,1.72,0.284721
374530847,5147,4.51349,0.85467,0.869,1.96265
374778982,5097,4.4953,0.8657,0.855,1.85815
374919956,9434,3.66296,3.78146,2.4,0.0625823
375059587,5853.8,4.22596,1.31434,1.06,0.658273
375225453,6553,3.64954,2.89089,1.36,0.0793717
375506058,7575,4.10903,1.93656,1.758,0.341307
375942197,6152,3.96619,1.86222,1.17,0.255451
376353509,4836,4.47658,0.844876,0.78,1.82362
376524552,4719,4.49738,0.812087,0.756,1.99037
376637093,6485,4.37164,1.2421,1.324,0.97417
376682699,9218,4.20695,1.99603,2.34,0.414894
376838000,10596,4.2746,1.99806,2.74,0.484335
376939759,5633.39,4.26535,1.22,1,0.776495
376981340,4492,4.51578,0.770497,0.71,2.18859
377024332,6200,4.24825,1.35732,1.19,0.671001
377064495,5440,4.56664,0.840576,0.95,2.25534
377144784,5017,,4.72692,,
377165123,5095,4.51748,0.841399,0.85,2.01201
377191482,5054,,6.16928,,
377290815,6306,4.00338,1.83603,1.239,0.282262
377293776,3407,4.7606,0.473603,0.471371,6.25661
377304435,6314,3.87131,2.13841,1.24,0.178799
377420580,,,,,
377739433,6524,3.503,3.39694,1.34,0.0482014
377780790,5706,4.37074,1.08974,1.017,1.10808
377873569,5843.47,3.27448,3.91191,1.05,0.024731
378355116,8124,,2.08341,,
379629854,6603,4.15626,1.62437,1.379,0.453658
379723086,5822,4.13885,1.44612,1.05,0.489552
379929661,7668.59,4.13122,1.908,1.796,0.364577
379931600,,,,,
380255458,5712,4.43116,1.01702,1.018,1.36453
380589029,6185,4.39037,1.14759,1.18,1.10087
380619414,5634.18,,,,
380886535,5829.55,4.09788,1.51595,1.05,0.424961
380887434,3702,4.74973,0.485948,0.483997,5.94693
380907135,6404,4.03266,1.81133,1.29,0.306069
381714186,5382.69,4.55152,0.848099,0.934,2.15887
381856447,4683,4.62071,0.701795,0.75,3.05949
381976956,5091,,6.51851,,
382188882,6443,4.15424,1.58083,1.3,0.463989
382302241,5144.67,4.60987,0.765346,0.87,2.73632
382391899,5518,4.54195,0.873418,0.969,2.05058
382437043,6434,3.93199,2.04178,1.3,0.215345
382474101,,,,,
382602147,3712,4.59609,0.666652,0.639465,3.04326
382626661,5245,4.5742,0.811062,0.9,2.37849
383390264,6413,4.43043,1.14582,1.29,1.2091
383531859,8331,,2.14183,,
383666033,6138,4.47619,1.03079,1.16,1.49337
383723559,6173,3.83113,2.18295,1.178,0.159674
384045439,5113,4.7063,0.680979,0.86,3.83987
384549882,11892,4.13639,2.51982,3.17,0.279363
384744828,6588,3.81319,2.40325,1.37,0.13917
384888319,3611,4.74375,0.492759,0.490854,5.78452
384984325,5763.31,4.49336,0.953223,1.032,1.68001
385105624,6222.3,4.14862,1.52868,1.2,0.473644
385624852,9081,3.8307,3.05175,2.3,0.114104
386259537,6158,3.81619,2.21327,1.17,0.15216
386435344,6483,4.01045,1.88186,1.323,0.279909
387079085,6534,3.94807,2.04252,1.35,0.223383
387342052,6989.35,4.10433,1.82233,1.54,0.358804
387413037,6745,4.22769,1.52887,1.44,0.568155
387527558,3514,4.81377,0.414101,0.407305,8.0876
387603144,6223,4.38766,1.16139,1.201,1.08102
387664866,6504,3.40075,3.81133,1.333,0.0339486
387690507,3566,4.69846,0.544769,0.540526,4.7141
387834907,,,,,
388076005,6001,4.48102,1.00137,1.107,1.55445
388076422,3628,4.73924,0.497905,0.495981,5.66558
388104525,5650,4.3263,1.13732,1,0.958453
388624270,5690,4.57958,0.853898,1.01,2.28729
388804061,3464,4.7864,0.444516,0.440668,7.07405
388811663,4147,4.55193,0.706632,0.649,2.59348
388909695,5660,4.26711,1.22057,1.005,0.779279
389182138,5256,4.59125,0.794852,0.899,2.52418
389238529,7000,4.32731,1.40974,1.54,0.775039
389352124,6562.03,4.23733,1.46939,1.36,0.60443
389371332,3917,4.61771,0.64011,0.61966,3.33127
389525208,6149,3.68593,2.57134,1.17,0.0970342
389900760,3179,4.99978,0.240233,0.210366,21.3942
389999924,6213,4.37316,1.18044,1.2,1.02865
390048041,,,,,
390651552,3297,4.89243,0.331472,0.312792,12.1097
391821647,6952,4.6722,0.941576,1.52,2.56743
391880567,5143,4.87496,0.563398,0.868,6.84373
391903064,5627,4.42027,1.0207,1,1.32595
391949880,6059,4.3867,1.12777,1.13,1.11079
391958006,5529,4.48157,0.937741,0.972,1.66202
392112968,7108,4.25605,1.55002,1.58,0.598225
392476080,6647,4.12315,1.69968,1.399,0.40173
392681545,6111.67,4.08398,1.61211,1.15,0.387022
393251073,5279,4.52183,0.864334,0.906,1.97834
393414358,5715,3.93987,1.79224,1.02,0.249821
393495970,5306,4.42785,0.965222,0.91,1.42685
393546540,5271,4.55625,0.828003,0.9,2.23546
393818343,5657,4.35534,1.09993,1,1.05955
393831507,5778.19,4.16097,1.40032,1.036,0.531976
393911494,5590,4.45374,0.976212,0.988,1.49742
393940766,6060,4.3722,1.14676,1.13,1.05653
394029948,6073,4.20539,1.39264,1.135,0.592513
394050135,6042,4.14795,1.47996,1.123,0.488485
394137592,5479.3,3.68338,2.33604,0.96,0.106181
394287035,5423,4.47168,0.932732,0.94,1.63334
394357918,3239,4.99897,0.240807,0.210978,21.3034
394509844,5855,4.16537,1.40929,1.06,0.533983
394561119,6501,4.07666,1.74836,1.33,0.350895
394657039,6979.2,4.22135,1.58746,1.53,0.539263
394722182,6209,4.09246,1.62396,1.19,0.391777
394918211,4913,,3.41348,,
395171208,6696,4.07897,1.80173,1.42,0.342323
395393265,6688,4.11186,1.73235,1.416,0.384042
395514100,6381,,,,
395773226,5115,3.91465,1.69418,0.86,0.249367
396133015,5938,4.06221,1.60489,1.084,0.369756
396562848,3414,4.97292,0.260187,0.231967,18.569
396740648,5058,4.53907,0.81833,0.845,2.17415
397058826,9333,3.53807,4.33793,2.369,0.0409202
397362481,4633.87,4.70763,0.630715,0.74,4.15864
398572544,6134,4.4089,1.11382,1.16,1.18368
398733009,31000,5.59962,0.18,0.47,113.632
398895470,6479,4.1239,1.65082,1.322,0.414336
398912927,5856.2,4.07429,1.56509,1.06,0.389858
398943781,5546,4.53848,0.880069,0.976,2.01892
399144800,5448,4.42481,0.989667,0.95,1.3819
399402994,5962,4.32795,1.18678,1.093,0.922
399444057,7047,3.84848,2.46239,1.56,0.147325
399613138,6496,4.24071,1.44745,1.33,0.618389
399642071,3953,4.6489,0.617703,0.62,3.70913
399794420,5703,4.31786,1.15986,1.02,0.921735
399860444,5854,4.44824,1.01613,1.057,1.4205
399870368,8730,4.18942,1.97036,2.19,0.403669
399954349,4837,4.60493,0.731146,0.785,2.83189
399956873,6692,4.17722,1.60904,1.42,0.480622
399967279,4653.65,4.29497,1.0143,0.74,0.999885
400323948,4876,,2.62415,,
400476523,6615,4.14155,1.65271,1.38,0.431031
400595342,9810,4.4253,1.60776,2.51,0.851586
400786146,6123,4.07991,1.6267,1.16,0.379975
401125028,5177,4.48115,0.892685,0.88,1.74424
401604346,6079,4.33912,1.19653,1.14,0.938318
402026209,5504,4.52122,0.894974,0.97,1.90791
402848417,5888,4.09292,1.53909,1.07,0.413819
402898317,4455,4.55621,0.730261,0.7,2.53445
403136413,6115.77,3.80966,2.21081,1.15,0.150058
403224672,5795.29,4.34751,1.13187,1.04,1.01127
403256331,10097,3.5218,4.62151,2.59,0.0369971
403287048,6343,4.34409,1.25076,1.26,0.907957
403308915,8398,4.26746,1.75481,2.079,0.542483
403693875,4016,4.61255,0.648244,0.628,3.25059
404243877,,,,,
404340025,5975.76,4.22256,1.34415,1.1,0.638657
404421005,5673,4.46318,0.975383,1.008,1.53163
404467699,6143,4.07739,1.63143,1.16,0.37668
404505029,6115,3.87646,2.04983,1.153,0.188752
404518509,5871,4.43296,1.03563,1.06,1.34558
404610583,6084,4.45887,1.04244,1.14,1.41898
405010127,5025,4.88331,0.548929,0.84,7.1606
405484221,3090,4.93803,0.289034,0.264156,15.4253
405717754,5967,4.08388,1.56966,1.09,0.3974
405794804,8009,4.28961,1.6499,1.934,0.607157
405862830,5107.77,4.64113,0.73404,0.86,3.0659
405904232,6349,4.00155,1.85543,1.26,0.278134
406190563,6802,3.62567,3.07875,1.46,0.0705419
406855039,5668,3.76394,2.1806,1.007,0.136936
406941612,3482,4.80259,0.426465,0.421006,7.65345
407126408,4969,4.62222,0.732535,0.82,2.94136
407146536,5914.8,3.5856,2.77296,1.08,0.0714185
407146538,5551,4.00841,1.62347,0.98,0.322934
407394748,7205,,1.76629,,
407591297,3495,4.91164,0.312985,0.291486,13.405
407966340,6337.87,4.22602,1.42717,1.25,0.606314
408159788,5567,4.57374,0.84766,0.982,2.27334
408203470,3446,4.83941,0.38621,0.375832,9.19904
408310006,6086,4.2996,1.25279,1.141,0.818229
408416746,3479,4.8309,0.395397,0.386274,8.81078
408469564,6156,4.25172,1.34051,1.17,0.684855
408549705,5999,4.41098,1.08695,1.11,1.21876
408618999,5656,4.1408,1.4081,1,0.505034
408636441,3960,4.62853,0.627046,0.609617,3.48641
409520860,6104,4.20508,1.40108,1.148,0.588531
409794137,5623,4.4047,1.03709,0.996,1.25902
410153553,3004,5.08528,0.188624,0.157909,33.1769
410214986,5414,4.45393,0.951985,0.94,1.53622
410245915,6547,,1.50132,,
410450228,7296.58,4.19988,1.6898,1.65,0.482168
410528770,5647,3.67618,2.40645,1.002,0.101382
411608801,6434,4.2125,1.47828,1.3,0.567409
411697517,,,,,
411839167,6513,4.08377,1.73931,1.338,0.358545
412014494,7262,3.99636,2.12948,1.64,0.239465
412054152,7505.23,4.09049,1.96251,1.73,0.322721
412259468,8037,4.26402,1.70185,1.94,0.554951
412961700,10817,,5.78884,,
413248763,3490,4.86409,0.360144,0.34592,10.4416
413376180,4985,4.41618,0.931471,0.825,1.43934
415741431,8326,3.57545,3.8653,2.05,0.050052
416279912,5823,4.52575,0.926307,1.05,1.86271
416539317,6269,4.26127,1.35387,1.22,0.693179
416624606,5915,3.82422,2.10685,1.08,0.162832
416987878,8342,3.9041,2.6541,2.06,0.155358
417646390,6244,4.18821,1.46664,1.21,0.5408
417660218,6447.86,4.18182,1.5373,1.31,0.508412
417676622,5875.23,4.26474,1.25931,1.064,0.75121
417679385,4571,4.56323,0.734657,0.72,2.56035
417705690,5420,4.38133,1.03718,0.944,1.19295
417931300,3700,4.70036,0.542573,0.538526,4.75391
417931607,5781,4.43068,1.02852,1.04,1.34778
417948359,4987,4.53859,0.809032,0.825,2.19672
418343229,3359,4.89202,0.33188,0.313264,12.0833
418604868,5809,4.17404,1.38207,1.04,0.555477
418761354,4542,4.58488,0.71408,0.715,2.76876
418866096,5410.07,4.2711,1.17565,0.941,0.816542
418959198,4528.99,4.48318,0.799965,0.71,1.95553
418987806,6919,3.3553,4.27296,1.509,0.0272722
419419534,6221,3.7733,2.35492,1.2,0.12956
419523962,5852,3.64892,2.55042,1.057,0.0898374
419858461,6748,4.4941,1.12503,1.44,1.4259
420108587,,,,,
420112587,3212,4.98029,0.254522,0.225771,19.3068
420112589,3248,4.95407,0.275364,0.24878,16.8001
420288086,9324,3.95826,2.67471,2.37,0.174638
420645189,5937,4.44855,1.02867,1.084,1.40418
420779000,5061.9,4.49667,0.859778,0.846,1.87685
420803693,5987,4.58234,0.889108,1.102,2.21074
420814525,6052,4.34258,1.18655,1.13,0.953772
421308357,6595,3.73762,2.63127,1.38,0.106808
422159302,9088,,2.29951,,
422618449,5013.73,4.58066,0.773109,0.83,2.53264
422653398,5685.09,3.99844,1.66715,1.01,0.307336
422655579,6180,3.84781,2.14325,1.18,0.169
422756130,3575,4.72334,0.516105,0.513745,5.2693
422838133,6927,4.18288,1.64957,1.512,0.47496
423275733,5980,4.01373,1.70948,1.1,0.310469
424435940,6034,4.4044,1.10013,1.12,1.18607
424699834,5911,4.11424,1.50878,1.08,0.443369
424747720,3800,4.65687,0.593317,0.582602,3.93307
424865156,6532.23,3.96818,1.99356,1.347,0.239718
425163745,5767.2,3.93728,1.80903,1.033,0.246028
425206121,7440.77,4.22135,1.67335,1.7,0.511578
425220920,6002.6,4.10544,1.54377,1.108,0.424633
425721385,6209,4.08723,1.63378,1.19,0.384754
425817867,5443,4.54284,0.863922,0.95,2.0774
425997655,4813,4.65074,0.691374,0.78,3.32794
426017070,31000,5.59962,0.18,0.47,113.632
426032475,6289.7,3.98698,1.86421,1.23,0.267693
426077080,6907.02,3.63358,3.09235,1.5,0.0715227
427279997,9714,3.97604,2.68064,2.48,0.181533
427332229,6427,4.52834,1.02763,1.3,1.68908
427348923,4421.46,4.36915,0.900553,0.692,1.33597
427352241,6703,4.04779,1.86761,1.42,0.307363
427654774,3453,4.95337,0.275946,0.249431,16.7377
427685831,5087,4.50322,0.856841,0.853,1.9119
427761355,9918,4.32109,1.82241,2.537,0.591017
428065977,6928,4.29026,1.45678,1.51,0.688674
428679607,5550,4.36951,1.06961,0.977,1.12575
428685938,3376,4.86985,0.354199,0.339059,10.7585
428699140,4249,4.58929,0.684655,0.664,2.91723
428787891,6243,4.23658,1.38719,1.21,0.639136
429295277,6006.07,4.1913,1.39974,1.11,0.57069
429302040,4251,4.54351,0.719536,0.66,2.49807
429304876,5085,4.29716,1.08433,0.85,0.940053
429358906,3320,4.82069,0.406516,0.398817,8.37066
430528566,6515,4.30215,1.35265,1.338,0.762288
430677414,8217,4.22711,1.80929,2.014,0.479465
431148743,,,,,
431156009,6294,4.13323,1.5779,1.234,0.442892
431585347,9238,4.07588,2.32115,2.34,0.263829
431701493,4713.98,4.56492,0.750341,0.754,2.5166
431810418,5940,4.42516,1.05723,1.085,1.29461
431899140,7962.95,3.60313,3.62341,1.92,0.056907
431999925,3401,4.79282,0.437341,0.432904,7.2971
432008938,3362,4.86766,0.35645,0.341657,10.6369
432549364,6596.04,4.2467,1.46216,1.376,0.620664
434100688,6290,3.88901,2.08681,1.23,0.190842
434226736,3204,4.93668,0.290216,0.265494,15.3147
434234955,7011.02,3.51222,3.60317,1.54,0.0464179
434718964,,,,,
435167167,7471,4.01292,2.13963,1.72,0.247589
435339558,5294,4.14669,1.33417,0.91,0.540292
435339847,4865.6,4.53827,0.793476,0.793,2.23816
436478932,5924,4.21239,1.34757,1.08,0.622288
436575927,4197,4.56248,0.703993,0.66,2.66721
436764867,5816,4.48945,0.963996,1.046,1.64636
436873727,6798.41,4.11412,1.75449,1.46,0.381171
436875934,5032.08,4.49678,0.856613,0.84,1.88428
437011608,5670,4.50103,0.934718,1.01,1.7438
437242640,5694,4.35423,1.10901,1.014,1.04821
437248515,6217,4.31055,1.26867,1.2,0.82861
437261733,5652,4.35899,1.09531,1,1.07301
437333618,5771,4.35362,1.11852,1.03,1.03784
437704321,4279,4.52788,0.737576,0.669,2.35085
437740083,5750.58,4.13697,1.43538,1.03,0.491083
437856897,6169.06,3.65196,2.68075,1.176,0.0860708
438295981,6822,4.07568,1.84078,1.471,0.332527
438490744,3181,4.99382,0.244497,0.214929,20.7345
439366538,4789,4.52148,0.798703,0.773,2.13915
439456714,3668,4.71724,0.523113,0.520428,5.12617
439610306,6865,3.82778,2.46456,1.49,0.140342
439842788,5082,4.5108,0.848394,0.851,1.96498
439867639,3333,4.95786,0.272233,0.245288,17.1425
439943973,5684,4.0773,1.52321,1.011,0.403356
440100539,5861.63,4.29849,1.20904,1.06,0.845669
440113053,5090,4.53929,0.820538,0.85,2.16941
440777904,6329,4.2311,1.41886,1.25,0.61703
440801822,6699,,1.57195,,
440887364,4250,4.57862,0.691028,0.66,2.82018
441334829,7664,4.50988,1.23175,1.79,1.35053
441420236,,4.57125,0.698009,0.662074,2.745
441462736,5083,,2.90324,,
441546821,6613,4.23,1.4927,1.38,0.58503
441732151,6069,4.4621,1.03584,1.134,1.43865
441738827,3630,4.76664,0.466766,0.464271,6.43714
441739020,6345,4.30171,1.31225,1.258,0.784955
441763252,4975,4.55845,0.789304,0.822,2.357
441765914,4902,4.5026,0.831423,0.802,1.96756
443042089,7433,4.13738,1.84318,1.7,0.382794
443556801,4008,4.6018,0.657361,0.63,3.12714
443616612,3696,4.68275,0.563,0.556799,4.39938
443658196,8933,4.45175,1.47656,2.25,0.985474
444013020,5785.79,4.39543,1.07008,1.038,1.19445
444413256,12373,,,,
444977814,6076,4.26155,1.30831,1.14,0.717775
445137888,10310,4.00597,2.67713,2.65,0.194741
445254275,7125,3.53567,3.56366,1.59,0.049537
445496795,7308,3.79273,2.7003,1.65,0.11816
445586472,7051,3.86944,2.40368,1.56,0.158384
445751830,3902,4.62009,0.637223,0.617459,3.36475
445805961,5675,4.46268,0.976913,1.01,1.52747
445822015,4848,4.53084,0.798782,0.79,2.18556
445859771,5698,4.38904,1.06597,1.015,1.18153
445903569,7876,4.01844,2.22276,1.88,0.241378
446549905,6610,4.14593,1.6444,1.38,0.437601
446616059,6030,4.25366,1.30744,1.118,0.705329
447061717,3567,4.76796,0.465271,0.462709,6.47753
447283466,4634,4.63657,0.684487,0.74,3.25353
448589187,6229,4.34122,1.22466,1.2,0.921197
449050248,6200,4.12811,1.55866,1.19,0.443114
449197624,6121,3.93682,1.91801,1.16,0.231805
449197831,6092,4.24857,1.32975,1.143,0.685412
449549170,5732,3.9326,1.80731,1.02,0.243623
449951606,8254,3.67236,3.44036,2.03,0.0702915
450327768,5776,4.2517,1.26082,1.035,0.728111
451599528,6058.59,4.20385,1.39203,1.13,0.590677
451645081,4498.94,4.6393,0.668361,0.71,3.35308
452803785,6109,4.42253,1.09174,1.15,1.24613
452808876,6441.56,3.90844,2.10113,1.304,0.198215
452866790,3329,4.86953,0.354529,0.33944,10.7406
453064665,5596,4.24644,1.2406,0.99,0.731078
453211454,5560.26,4.46265,0.962324,0.98,1.55053
453230066,8364,4.2526,1.78123,2.07,0.516453
453464017,6844.41,4.26825,1.47925,1.48,0.644703
453789494,7204,4.0038,2.09193,1.61,0.247972
454069765,5848.83,3.95567,1.79413,1.06,0.258801
454248975,5512,3.97041,1.68738,0.97,0.284676
455036659,6202,4.02885,1.74735,1.19,0.314503
455096220,6178,4.24497,1.35672,1.18,0.666238
455135327,6338,4.28213,1.34004,1.254,0.734785
455784423,3689,4.6387,0.61486,0.600047,3.63979
455962313,,,,,
456305193,6040,4.12769,1.51421,1.122,0.455674
456862677,5420.82,4.52994,0.874078,0.944,1.99315
456945304,5372,4.40929,0.997389,0.931,1.32305
457138169,6273,4.20385,1.44878,1.224,0.567539
457939414,6075,4.4086,1.10456,1.14,1.19278
458419328,3502,4.73913,0.498029,0.496104,5.66276
458478250,5898,4.50087,0.962706,1.071,1.69249
458589703,4654.24,4.59106,0.721309,0.74,2.78027
458686847,3689,4.72452,0.514745,0.512437,5.29765
458856474,,,,,
458876004,8469,4.6801,1.09776,2.104,2.24253
458914949,7846,3.90945,2.5132,1.87,0.166104
459728249,5977,4.35825,1.14976,1.1,1.02045
459730973,6228,3.98845,1.83823,1.2,0.272398
459837008,3022,4.99625,0.242745,0.21305,21.0015
459850897,8405,4.25145,1.78789,2.08,0.513169
459942762,6071.74,4.51649,0.971249,1.13,1.73902
459952217,7802,4.21386,1.76118,1.851,0.477762
459970307,5704,4.51111,0.928499,1.02,1.79669
459978312,5047,,8.94912,,
459997997,8511,4.14624,2.03743,2.12,0.353435
460140752,,,,,
460205581,6104,4.49276,1.00693,1.15,1.58824
460396820,6090,4.23223,1.35323,1.14,0.648654
460984940,5464,4.51542,0.896313,0.96,1.8798
461080504,7317,4.13699,1.82219,1.66,0.386853
461239485,5316,4.52626,0.864673,0.916,1.99783
461271719,7476,3.83374,2.62983,1.72,0.133341
461387302,6406,4.34231,1.26669,1.287,0.892873
461538935,6655,4.49747,1.10501,1.4,1.46303
461591646,6144,4.02406,1.74219,1.17,0.311975
461662295,5326,4.42862,0.968598,0.918,1.4244
462715015,5589,4.36737,1.07773,0.987,1.11176
463203560,6211,4.46122,1.06664,1.2,1.39428
463681005,6091,4.05446,1.66057,1.14,0.351036
464067218,,,,,
464296022,,,,,
464300749,6600,4.06919,1.79629,1.38,0.335714
464646604,5985.43,4.40494,1.08958,1.1,1.19905
466206508,5392.9,4.20407,1.26929,0.94,0.648133
466318137,,,,,
466382581,5134,4.6131,0.76251,0.87,2.76696
466390120,5887.35,4.16889,1.41021,1.07,0.537967
466840711,7655,4.28298,1.59944,1.79,0.616833
467006627,6120,4.11521,1.55517,1.15,0.431103
467179528,3618,4.79432,0.435666,0.431082,7.35051
467281353,5539,4.08448,1.47972,0.97,0.422137
467331291,6142,4.54616,0.952646,1.164,1.89835
467651916,6011.92,4.35699,1.15664,1.11,1.01145
467783290,6630.28,3.99933,1.95378,1.39,0.262787
467971286,5103,4.48023,0.883426,0.86,1.75876
468472950,6301.26,4.07355,1.69217,1.237,0.359959
468574941,6081,4.30552,1.24319,1.139,0.835862
468828873,6064,3.93856,1.88926,1.13,0.236279
468845640,4706,4.35425,0.95503,0.752,1.21727
468979441,6151,4.47291,1.03824,1.168,1.47152
468987719,5680.35,4.35472,1.1062,1.01,1.05206
469184909,,,,,
470171739,6411,4.10175,1.67219,1.289,0.388703
470381900,3181,4.94798,0.280475,0.254505,16.2642
470709084,6370,3.81113,2.31938,1.27,0.143518
470852531,6587,4.26633,1.4274,1.372,0.665177
470974162,4992.11,4.44235,0.904927,0.827,1.57356
610976842,4492,,,,
684936227,,,,,
686072378,,,,,
915110182,4588,4.47637,0.817544,0.73,1.88369
1400770435,6040,,,,
1717732429,,,,,
