rank,id,target_id,sector,p_planet,score,flagged,period_days,epoch,duration_hours,depth_ppm,depth_snr,sde,n_signals,reason_1,reason_2,reason_3,status,error,truth_label,truth_kind,fit_rp_rs,fit_rp_rs_err,fit_b,fit_b_err,fit_rho_star,fit_rho_star_err,fit_t14_hours,fit_t14_hours_err,fit_depth_ppm,fit_depth_ppm_err,fit_rp_earth,fit_rp_earth_err,fit_density_ratio,fit_density_consistent,fit_converged,fit_status
1,SYN-000757,SYN-000757,,0.966256,0.9992125,True,1.1826848,1.172,1.728,10781.0,302.27,12.153,1,power_contrast +1.46,flux_skew +1.08,secondary_sigma +0.91,ok,,1,planet,0.1050232,0.0002161,0.5214981,0.01795,0.6610898,0.02357,2.46235,0.008377,11068.4,47.38,15.40877,0.03172,0.87382,True,True,ok
2,SYN-000792,SYN-000792,,0.964129,0.99912935,True,2.0323289,0.884,0.96,5597.3,95.408,10.566,1,power_contrast +1.48,flux_skew +1.03,secondary_sigma +0.95,ok,,1,planet,0.07387796,0.0005916,0.5821967,0.07222,5.696204,1.024,1.305866,0.01448,5525.309,88.36,3.344367,0.02678,0.63725,True,True,ok
3,SYN-000246,SYN-000246,,0.963594,0.9991079,True,1.9890537,1.804,2.688,1195.6,74.185,10.267,1,power_contrast +1.59,flux_skew +1.07,secondary_sigma +0.91,ok,,1,planet,0.03461606,0.0002419,0.2288467,0.1647,0.5516954,0.06428,3.176432,0.02313,1215.724,17.77,5.804114,0.04056,0.96519,True,True,ok
4,SYN-000936,SYN-000936,,0.962081,0.99904604,True,1.321431,0.068,1.728,1808.2,97.992,12.032,1,power_contrast +1.46,flux_skew +1.06,secondary_sigma +0.92,ok,,1,planet,0.04162862,0.0003944,0.3487105,0.1954,1.227991,0.2409,2.068085,0.01246,1810.838,29.2,5.300694,0.05022,1.2054,True,True,ok
5,SYN-000961,SYN-000961,,0.961943,0.99904032,True,2.3472004,0.74,2.688,8994.5,1058.1,9.8414,1,power_contrast +1.62,flux_skew +1.06,secondary_sigma +0.93,ok,,1,planet,0.09620452,0.0001396,0.3116153,0.03278,0.8439775,0.0274,3.027099,0.006665,9304.014,27.97,12.46592,0.01809,0.85939,True,True,ok
6,SYN-001901,SYN-001901,,0.959603,0.99894105,True,1.097574,0.824833333,1.728,3868.3,397.17,12.942,1,power_contrast +1.66,secondary_sigma +1.05,flux_skew +0.88,ok,,1,planet,0.06917319,0.0001291,0.7652842,0.004367,0.8675928,0.01855,1.689081,0.003535,4778.515,14.07,9.336461,0.01743,0.96245,True,True,ok
7,SYN-001605,SYN-001605,,0.959363,0.99893066,True,3.3786112,2.908,2.688,5190.7,179.74,8.6038,1,power_contrast +1.57,flux_skew +1.06,secondary_sigma +1.00,ok,,1,planet,0.07529171,0.0005833,0.3276714,0.1291,1.522626,0.191,2.726847,0.01866,5809.721,84.4,7.887523,0.0611,0.99209,True,True,ok
8,SYN-001383,SYN-001383,,0.957213,0.9988355,True,3.1256727,2.696,2.688,3321.2,193.02,7.91,1,power_contrast +1.68,flux_skew +1.07,secondary_sigma +0.81,ok,,1,planet,0.0598921,0.0003228,0.2078088,0.1461,1.177796,0.1175,2.938577,0.03467,3644.522,39.6,6.806553,0.03669,0.91052,True,True,ok
9,SYN-001180,SYN-001180,,0.953001,0.99863924,True,2.2260812,1.3,0.96,1301.6,52.794,10.825,1,power_contrast +1.60,flux_skew +1.04,secondary_sigma +0.83,ok,,1,planet,0.03631988,0.001802,0.7987371,0.2341,2.163541,2.874,1.3698,0.05947,1314.753,56.9,5.02592,0.2494,2.5291,True,True,ok
10,SYN-000921,SYN-000921,,0.945753,0.99827138,True,6.2548922,5.432,2.688,2362.5,117.36,6.8042,1,power_contrast +1.59,flux_skew +1.06,secondary_sigma +1.03,ok,,1,planet,0.04844959,0.0004169,0.3122973,0.2039,2.230313,0.4389,2.872798,0.04276,2399.587,39.52,4.349387,0.03743,1.0508,True,True,ok
11,SYN-000573,SYN-000573,,0.945385,0.9982517,True,2.2745133,0.344,2.688,2400.9,61.917,10.002,1,power_contrast +1.44,flux_skew +1.09,secondary_sigma +0.82,ok,,1,planet,,,,,,,,,,,,,,,,
12,SYN-001437,SYN-001437,,0.939941,0.9979492,True,2.3433175,1.896,1.728,5747.2,20.521,8.7212,1,power_contrast +1.53,flux_skew +0.92,secondary_sigma +0.79,ok,,1,planet,,,,,,,,,,,,,,,,
13,SYN-000998,SYN-000998,,0.938848,0.9978859,True,2.570971,2.056,1.728,10229.0,532.04,9.108,1,power_contrast +1.69,secondary_sigma +1.13,flux_skew +0.87,ok,,1,planet,,,,,,,,,,,,,,,,
14,SYN-000342,SYN-000342,,0.935658,0.9976963,True,5.4337759,1.86,3.84,1934.9,45.248,6.9836,1,power_contrast +1.48,flux_skew +1.06,secondary_sigma +0.83,ok,,1,planet,,,,,,,,,,,,,,,,
15,SYN-001068,SYN-001068,,0.934672,0.99763622,True,2.8114163,0.192,1.728,2220.3,64.229,10.605,1,power_contrast +1.42,flux_skew +1.06,secondary_sigma +0.78,ok,,1,planet,,,,,,,,,,,,,,,,
16,SYN-001874,SYN-001874,,0.934306,0.99761376,True,3.3382223,1.716,1.728,3720.8,60.173,8.3054,1,power_contrast +1.48,flux_skew +1.07,secondary_sigma +0.81,ok,,1,planet,,,,,,,,,,,,,,,,
17,SYN-001010,SYN-001010,,0.930448,0.99737113,True,4.9526276,3.676,3.84,1095.0,75.342,6.7627,1,power_contrast +1.58,flux_skew +1.07,secondary_sigma +0.81,ok,,1,planet,,,,,,,,,,,,,,,,
18,SYN-001413,SYN-001413,,0.924073,0.99694687,True,1.7023822,0.08,1.728,1244.1,12.673,9.1897,1,power_contrast +1.27,log_duration_ratio +0.77,flux_skew +0.74,ok,,1,planet,,,,,,,,,,,,,,,,
19,SYN-001184,SYN-001184,,0.912045,0.99606721,True,6.1115774,0.856,2.688,813.25,27.679,7.3199,1,power_contrast +1.50,secondary_sigma +1.01,flux_skew +1.00,ok,,1,planet,,,,,,,,,,,,,,,,
20,SYN-001096,SYN-001096,,0.911876,0.99605413,True,1.5160884,0.312,1.728,2714.0,226.04,10.396,1,power_contrast +1.42,flux_skew +1.07,secondary_sigma +0.77,ok,,1,planet,,,,,,,,,,,,,,,,
21,SYN-000642,SYN-000642,,0.908129,0.99575826,True,7.7698676,0.248,3.84,564.57,44.868,6.2813,1,power_contrast +1.83,flux_skew +1.06,secondary_sigma +1.02,ok,,1,planet,,,,,,,,,,,,,,,,
22,SYN-000442,SYN-000442,,0.906591,0.99563386,True,1.9563932,1.112,1.728,1183.7,84.932,10.076,1,power_contrast +1.46,flux_skew +0.95,log_duration_ratio +0.73,ok,,1,planet,,,,,,,,,,,,,,,,
23,SYN-001336,SYN-001336,,0.892755,0.99443673,True,1.5932929,1.012,1.728,855.93,89.068,9.4911,1,power_contrast +1.61,flux_skew +0.88,log_duration_ratio +0.80,ok,,1,planet,,,,,,,,,,,,,,,,
24,SYN-001845,SYN-001845,,0.885679,0.99376922,True,5.2480982,3.136,1.728,9015.3,51.745,7.4682,1,power_contrast +1.48,flux_skew +0.95,secondary_sigma +0.79,ok,,1,planet,,,,,,,,,,,,,,,,
25,SYN-000649,SYN-000649,,0.881569,0.99336398,True,3.4923596,1.336,3.84,4901.9,55.78,8.4764,1,power_contrast +1.43,flux_skew +0.91,secondary_sigma +0.78,ok,,1,planet,,,,,,,,,,,,,,,,
26,SYN-000946,SYN-000946,,0.870074,0.9921613,True,1.9563932,0.82,0.96,1025.1,26.567,8.4446,1,power_contrast +1.13,flux_skew +1.02,secondary_sigma +0.78,ok,,1,planet,,,,,,,,,,,,,,,,
27,SYN-000045,SYN-000045,,0.868521,0.99199091,True,6.7498716,4.964,3.84,847.19,67.283,6.8315,1,power_contrast +1.67,flux_skew +0.87,secondary_sigma +0.86,ok,,1,planet,,,,,,,,,,,,,,,,
28,SYN-001832,SYN-001832,,0.856513,0.99060748,True,11.773126,2.88,2.688,3997.8,199.24,5.863,1,power_contrast +1.84,secondary_sigma +1.09,flux_skew +0.84,ok,,1,planet,,,,,,,,,,,,,,,,
29,SYN-000572,SYN-000572,,0.851822,0.99003488,True,4.5215638,2.58,3.84,1347.0,14.495,6.3428,1,power_contrast +1.36,log_duration_ratio +0.78,secondary_sigma +0.73,ok,,1,planet,,,,,,,,,,,,,,,,
30,SYN-000230,SYN-000230,,0.851213,0.98995925,True,2.661932,0.928,1.728,3380.4,38.801,9.6764,1,power_contrast +1.40,flux_skew +0.82,log_duration_ratio +0.72,ok,,1,planet,,,,,,,,,,,,,,,,
31,SYN-000504,SYN-000504,,0.799799,0.98238673,True,13.154285,3.372,5.76,5157.4,23.952,5.2889,0,power_contrast +1.56,flux_skew +0.78,secondary_sigma +0.76,ok,,0,eclipsing_binary,,,,,,,,,,,,,,,,
32,SYN-001189,SYN-001189,,0.782526,0.97927371,True,6.3450824,4.444,3.84,1466.8,22.572,5.7928,1,power_contrast +0.99,flux_skew +0.89,log_duration_ratio +0.76,ok,,1,planet,,,,,,,,,,,,,,,,
33,SYN-001488,SYN-001488,,0.777168,0.97824462,True,8.1385427,5.668,1.728,1784.4,69.794,5.7269,1,power_contrast +1.55,flux_skew +0.82,harmonic_delta_loglike +0.58,ok,,1,planet,,,,,,,,,,,,,,,,
34,SYN-001069,SYN-001069,,0.723773,0.96617742,True,9.2911521,6.808,2.688,3826.8,26.305,5.0856,0,power_contrast +1.84,log_duration_ratio +0.83,flux_skew +0.78,ok,,1,planet,,,,,,,,,,,,,,,,
35,SYN-001047,SYN-001047,,0.706013,0.96135609,True,2.6477275,1.64,1.728,1044.1,8.5772,6.482,1,power_contrast +0.89,log_duration_ratio +0.74,flux_skew +0.73,ok,,1,planet,,,,,,,,,,,,,,,,
36,SYN-001145,SYN-001145,,0.703314,0.96058431,True,11.695416,1.716,2.688,890.51,38.394,6.4603,1,power_contrast +1.25,flux_skew +0.98,secondary_sigma +0.73,ok,,1,planet,,,,,,,,,,,,,,,,
37,SYN-001395,SYN-001395,,0.69341,0.95766106,True,5.7484262,5.716,0.96,3093.6,25.168,6.1575,1,power_contrast +1.37,secondary_sigma +0.88,flux_skew +0.86,ok,,0,eclipsing_binary,,,,,,,,,,,,,,,,
38,SYN-001036,SYN-001036,,0.681116,0.95382499,True,11.073565,0.848,5.76,9651.0,446.91,6.6281,1,power_contrast +1.85,odd_even_sigma -0.94,secondary_sigma +0.78,ok,,1,planet,,,,,,,,,,,,,,,,
39,SYN-001969,SYN-001969,,0.665715,0.94867729,True,2.0560196,1.68,1.728,11824.0,47.272,10.14,1,power_contrast +1.40,log_duration_ratio +0.79,flux_skew +0.68,ok,,0,eclipsing_binary,,,,,,,,,,,,,,,,
40,SYN-000358,SYN-000358,,0.659008,0.94631084,True,7.2239713,2.236,3.84,1287.9,42.448,7.1288,1,flux_skew +1.06,harmonic_delta_loglike +0.70,log_depth +0.67,ok,,1,planet,,,,,,,,,,,,,,,,
41,SYN-001868,SYN-001868,,0.612239,0.92748464,True,12.916887,2.608,3.84,436.33,22.289,5.292,0,power_contrast +1.36,flux_skew +1.01,secondary_sigma +0.91,ok,,0,noise,,,,,,,,,,,,,,,,
42,SYN-001735,SYN-001735,,0.544708,0.89173421,True,12.746929,9.968,3.84,2644.7,87.931,4.6331,0,power_contrast +1.20,flux_skew +0.86,log_duration_ratio +0.78,ok,,0,eclipsing_binary,,,,,,,,,,,,,,,,
43,SYN-001846,SYN-001846,,0.537976,0.88751118,True,2.5624719,0.584,3.84,3521.6,147.3,9.2955,1,flux_skew +1.04,log_duration_ratio -0.89,power_contrast +0.67,ok,,1,planet,,,,,,,,,,,,,,,,
44,SYN-000674,SYN-000674,,0.488506,0.85210094,True,4.0401191,1.536,1.728,3408.9,9.5083,5.4786,0,flux_skew +0.73,log_depth +0.67,bls_sde +0.61,ok,,1,planet,,,,,,,,,,,,,,,,
45,SYN-000613,SYN-000613,,0.481086,0.84606314,True,6.3698504,0.924,2.688,12546.0,630.66,6.733,1,power_contrast +1.37,odd_even_sigma -1.25,log_duration_ratio +0.77,ok,,1,planet,,,,,,,,,,,,,,,,
46,SYN-001686,SYN-001686,,0.468269,0.83514009,True,1.7193777,0.728,0.96,4400.9,115.12,11.009,1,odd_even_sigma -1.60,power_contrast +1.34,secondary_sigma +1.04,ok,,1,planet,,,,,,,,,,,,,,,,
47,SYN-000596,SYN-000596,,0.450845,0.8192387,True,0.95050892,0.792,2.688,2869.2,185.0,12.048,1,odd_even_sigma -1.17,power_contrast +0.95,flux_skew +0.68,ok,,0,eclipsing_binary,,,,,,,,,,,,,,,,
48,SYN-000964,SYN-000964,,0.429526,0.79801478,True,9.6358133,9.424,2.688,1267.9,26.726,4.4716,0,power_contrast +1.21,log_duration_ratio +0.78,flux_skew +0.76,ok,,0,noise,,,,,,,,,,,,,,,,
49,SYN-000969,SYN-000969,,0.427508,0.79589924,True,10.69517,0.168,5.76,970.77,18.228,4.2395,0,power_contrast +1.01,flux_skew +0.87,secondary_sigma +0.60,ok,,0,noise,,,,,,,,,,,,,,,,
50,SYN-001156,SYN-001156,,0.422428,0.79048998,True,6.1217044,1.276,0.96,460.62,22.04,7.704,1,power_contrast +1.55,flux_skew +0.70,bls_sde +0.43,ok,,0,eclipsing_binary,,,,,,,,,,,,,,,,
51,SYN-000288,SYN-000288,,0.406121,0.77228532,True,11.75365,10.184,5.76,8300.9,590.71,5.089,0,power_contrast +1.72,odd_even_sigma -1.38,secondary_sigma +1.04,ok,,1,planet,,,,,,,,,,,,,,,,
52,SYN-001539,SYN-001539,,0.404643,0.77057007,True,13.507402,11.02,3.84,1081.1,14.637,4.7654,0,power_contrast +1.11,flux_skew +0.72,log_duration_ratio +0.71,ok,,0,noise,,,,,,,,,,,,,,,,
53,SYN-001907,SYN-001907,,0.401552,0.76694758,True,4.9010977,0.236833333,1.728,1693.3,35.646,5.7905,1,odd_even_sigma -1.66,power_contrast +1.07,secondary_sigma +1.05,ok,,0,eclipsing_binary,,,,,,,,,,,,,,,,
54,SYN-000698,SYN-000698,,0.370244,0.72740322,True,4.0669639,1.26,2.688,7639.8,148.8,7.0468,1,odd_even_sigma -1.52,power_contrast +1.39,flux_skew +0.68,ok,,0,eclipsing_binary,,,,,,,,,,,,,,,,
55,SYN-001787,SYN-001787,,0.36496,0.72019436,True,12.768051,10.676,2.688,1496.4,43.702,5.3758,0,flux_skew +1.00,harmonic_delta_loglike +0.66,bls_sde +0.59,ok,,1,planet,,,,,,,,,,,,,,,,
56,SYN-001641,SYN-001641,,0.361678,0.71563576,True,1.310537,0.716,1.728,2635.5,77.928,9.4465,1,odd_even_sigma -1.10,log_depth +0.77,flux_skew +0.73,ok,,0,eclipsing_binary,,,,,,,,,,,,,,,,
57,SYN-000334,SYN-000334,,0.351609,0.70125818,True,2.1967908,0.048,1.728,26413.0,700.98,7.8977,1,odd_even_sigma -1.38,flux_skew +0.77,log_depth +0.67,ok,,0,eclipsing_binary,,,,,,,,,,,,,,,,
58,SYN-001466,SYN-001466,,0.350136,0.69910497,True,1.7336702,0.752,2.688,1933.4,9.8359,7.5559,1,power_contrast +0.79,log_duration_ratio +0.69,log_depth +0.55,ok,,0,eclipsing_binary,,,,,,,,,,,,,,,,
59,SYN-000229,SYN-000229,,0.350132,0.69909916,True,3.6580697,1.012,0.96,2841.2,52.241,8.9703,1,power_contrast +1.21,flux_skew +0.72,odd_even_sigma -0.70,ok,,0,eclipsing_binary,,,,,,,,,,,,,,,,
60,SYN-001592,SYN-001592,,0.339282,0.68282905,True,7.0234806,4.064,0.96,1329.7,44.167,6.5904,1,power_contrast +0.97,flux_skew +0.81,secondary_sigma +0.78,ok,,0,eclipsing_binary,,,,,,,,,,,,,,,,
61,SYN-000423,SYN-000423,,0.33443,0.67532081,True,1.3861003,1.236,2.688,1079.4,25.5,8.4105,1,log_depth +0.77,harmonic_delta_loglike +0.54,max_single_event_fraction +0.54,ok,,1,planet,,,,,,,,,,,,,,,,
62,SYN-000903,SYN-000903,,0.312357,0.63928696,True,5.5519966,3.936,3.84,12174.0,436.34,6.7186,1,odd_even_sigma -1.57,power_contrast +1.48,flux_skew +0.69,ok,,1,planet,,,,,,,,,,,,,,,,
63,SYN-000049,SYN-000049,,0.297554,0.61336123,True,9.5722103,6.248,2.688,2936.7,27.092,5.956,1,power_contrast +1.06,log_duration_ratio +0.73,flux_skew +0.66,ok,,0,eclipsing_binary,,,,,,,,,,,,,,,,
64,SYN-000600,SYN-000600,,0.29057,0.60063013,True,3.6099375,1.872,2.688,2978.8,21.271,5.4613,0,log_depth +0.74,secondary_sigma -0.69,flux_skew +0.64,ok,,0,eclipsing_binary,,,,,,,,,,,,,,,,
65,SYN-001376,SYN-001376,,0.289629,0.59889068,True,8.1655364,8.136,2.688,980.13,8.3975,3.8638,0,flux_skew +0.77,log_depth +0.71,log_duration_ratio +0.35,ok,,0,noise,,,,,,,,,,,,,,,,
66,SYN-000704,SYN-000704,,0.272982,0.56713984,True,0.86921702,0.316,1.728,794.86,5.1909,3.7505,0,log_depth +0.74,max_single_event_fraction +0.73,log_period +0.50,ok,,0,noise,,,,,,,,,,,,,,,,
67,SYN-000323,SYN-000323,,0.25411,0.52893944,True,1.5011023,1.32,0.96,13338.0,909.37,8.5649,1,odd_even_sigma -1.77,secondary_sigma +0.94,power_contrast +0.86,ok,,0,eclipsing_binary,,,,,,,,,,,,,,,,
68,SYN-000328,SYN-000328,,0.251873,0.52425925,True,1.1366118,0.0153882297,0.96,1204.6,4.7824,3.9405,0,log_depth +0.95,max_single_event_fraction +0.70,log_period +0.58,ok,,0,noise,,,,,,,,,,,,,,,,
69,SYN-001482,SYN-001482,,0.25081,0.52202341,True,8.8409406,4.812,3.84,2313.9,21.75,4.4703,0,flux_skew +0.76,log_depth +0.71,odd_even_sigma -0.66,ok,,0,noise,,,,,,,,,,,,,,,,
70,SYN-000825,SYN-000825,,0.250417,0.52119371,True,0.98740208,0.412,5.76,290.12,6.1779,3.314,0,bls_depth_over_scatter +1.01,max_single_event_fraction +0.59,log_period +0.49,ok,,0,noise,,,,,,,,,,,,,,,,
71,SYN-000770,SYN-000770,,0.247313,0.51461717,True,1.7596966,1.5,0.96,8404.0,130.81,10.767,1,odd_even_sigma -1.68,power_contrast +1.30,max_single_event_fraction +0.67,ok,,1,planet,,,,,,,,,,,,,,,,
72,SYN-001928,SYN-001928,,0.234016,0.48576248,True,13.396047,1.144,5.76,5703.2,37.928,3.799,0,power_contrast +1.55,max_single_event_fraction -0.97,secondary_sigma +0.65,ok,,0,noise,,,,,,,,,,,,,,,,
73,SYN-000048,SYN-000048,,0.2279,0.47213115,True,0.83673971,0.404,0.96,24254.0,203.45,14.96,1,odd_even_sigma -1.53,power_contrast +1.30,flux_skew +0.69,ok,,0,eclipsing_binary,,,,,,,,,,,,,,,,
74,SYN-000002,SYN-000002,,0.227797,0.47189999,True,8.1926196,0.272,2.688,3043.9,15.435,3.7038,0,log_depth +0.74,flux_skew +0.74,secondary_sigma +0.65,ok,,0,noise,,,,,,,,,,,,,,,,
75,SYN-001644,SYN-001644,,0.224001,0.46332702,True,1.5060811,0.08,0.96,828.51,4.6189,3.8376,0,log_depth +0.73,max_single_event_fraction +0.67,log_period +0.55,ok,,0,noise,,,,,,,,,,,,,,,,
76,SYN-000185,SYN-000185,,0.223749,0.46275367,True,8.7971372,0.572,3.84,1437.7,8.506,3.2306,0,log_depth +0.66,flux_skew +0.59,log_period +0.48,ok,,0,noise,,,,,,,,,,,,,,,,
77,SYN-000734,SYN-000734,,0.217469,0.44838375,True,1.6012263,0.424,1.728,1180.0,5.3593,4.0011,0,log_depth +0.92,log_period +0.55,max_single_event_fraction +0.52,ok,,0,noise,,,,,,,,,,,,,,,,
78,SYN-001316,SYN-001316,,0.215855,0.44465556,True,1.3979503,0.364,1.728,894.43,6.3794,3.5746,0,log_depth +0.77,max_single_event_fraction +0.61,log_period +0.54,ok,,0,noise,,,,,,,,,,,,,,,,
79,SYN-000968,SYN-000968,,0.215479,0.44378529,True,12.189659,6.328,3.84,861.19,8.983,3.7899,0,flux_skew +0.58,log_depth +0.55,log_period -0.49,ok,,0,noise,,,,,,,,,,,,,,,,
80,SYN-000510,SYN-000510,,0.207797,0.42583496,True,5.9616677,0.688,0.96,1241.4,8.9538,3.4255,0,log_depth +0.74,flux_skew +0.64,secondary_sigma +0.50,ok,,0,noise,,,,,,,,,,,,,,,,
81,SYN-001280,SYN-001280,,0.207513,0.42516623,True,2.588054,1.732,0.96,1320.1,4.4942,3.761,0,log_depth +0.88,log_period +0.50,max_single_event_fraction +0.47,ok,,0,noise,,,,,,,,,,,,,,,,
82,SYN-001532,SYN-001532,,0.203056,0.41460968,True,13.396047,9.352,3.84,3865.3,18.313,4.9075,0,flux_skew +0.81,bls_sde +0.60,log_duration_ratio +0.51,ok,,0,noise,,,,,,,,,,,,,,,,
83,SYN-000666,SYN-000666,,0.196357,0.39856626,True,1.1068979,0.18,2.688,2922.8,21.784,11.924,1,secondary_sigma -1.06,max_single_event_fraction +0.63,bls_sde +0.60,ok,,1,planet,,,,,,,,,,,,,,,,
84,SYN-000584,SYN-000584,,0.192222,0.38856497,True,4.0181747,3.752,3.84,1414.0,9.0232,3.5233,0,log_depth +0.75,log_period +0.41,log_duration_ratio +0.38,ok,,0,noise,,,,,,,,,,,,,,,,
85,SYN-001909,SYN-001909,,0.191816,0.38757919,True,4.4326171,0.952,2.688,1607.1,10.783,4.025,0,log_depth +0.73,flux_skew +0.63,log_duration_ratio +0.45,ok,,0,noise,,,,,,,,,,,,,,,,
86,SYN-000085,SYN-000085,,0.186147,0.37374673,True,1.391024,0.404,2.688,952.08,6.4038,3.6692,0,log_depth +0.76,max_single_event_fraction +0.59,log_period +0.50,ok,,0,noise,,,,,,,,,,,,,,,,
87,SYN-000421,SYN-000421,,0.180722,0.36039883,True,0.60087352,0.324,0.96,884.05,92.774,8.5101,1,odd_even_sigma -1.56,power_contrast +1.17,flux_skew +0.75,ok,,0,eclipsing_binary,,,,,,,,,,,,,,,,
88,SYN-000853,SYN-000853,,0.179392,0.35711073,True,12.516882,10.336,5.76,2211.2,24.486,3.6053,0,flux_skew +0.90,harmonic_delta_loglike +0.62,log_depth +0.57,ok,,0,noise,,,,,,,,,,,,,,,,
89,SYN-000150,SYN-000150,,0.173444,0.34234152,True,13.507402,5.448,2.688,7132.5,16.402,3.413,0,flux_skew +0.59,log_depth +0.50,secondary_sigma +0.46,ok,,0,noise,,,,,,,,,,,,,,,,
90,SYN-001507,SYN-001507,,0.172362,0.33964504,True,0.70322053,0.664,0.96,2241.8,14.988,4.4827,0,log_depth +0.79,flux_skew +0.64,max_single_event_fraction +0.64,ok,,0,eclipsing_binary,,,,,,,,,,,,,,,,
91,SYN-001554,SYN-001554,,0.164671,0.32039217,True,12.558398,2.404,5.76,17763.0,52.667,3.2501,0,power_contrast +1.53,max_single_event_fraction -0.95,secondary_sigma +0.62,ok,,0,noise,,,,,,,,,,,,,,,,
92,SYN-000735,SYN-000735,,0.16364,0.31780336,True,1.3614044,0.88,0.96,1267.5,4.8937,3.1669,0,log_depth +0.78,max_single_event_fraction +0.68,log_period +0.57,ok,,0,noise,,,,,,,,,,,,,,,,
93,SYN-000282,SYN-000282,,0.162771,0.31561922,True,0.99725968,0.708,2.688,732.22,5.7827,3.4946,0,log_depth +0.73,max_single_event_fraction +0.57,log_period +0.42,ok,,0,noise,,,,,,,,,,,,,,,,
94,SYN-001803,SYN-001803,,0.162677,0.31538147,True,1.2004397,1.152,0.96,732.22,5.6258,3.4428,0,log_depth +0.77,max_single_event_fraction +0.59,log_period +0.47,ok,,0,noise,,,,,,,,,,,,,,,,
95,SYN-000685,SYN-000685,,0.16243,0.31475982,True,2.7063709,0.668,0.96,1049.3,6.8004,4.0892,0,log_depth +0.76,log_period +0.54,log_duration_ratio +0.49,ok,,0,noise,,,,,,,,,,,,,,,,
96,SYN-001758,SYN-001758,,0.157029,0.30115564,True,12.641843,2.208,3.84,605.72,18.158,3.5495,0,power_contrast +1.30,max_single_event_fraction -0.90,log_duration_ratio +0.63,ok,,0,noise,,,,,,,,,,,,,,,,
97,SYN-000764,SYN-000764,,0.156777,0.30051998,True,1.0055495,0.932,3.84,754.28,6.5387,4.6232,0,log_depth +0.76,log_duration_ratio -0.63,max_single_event_fraction +0.61,ok,,0,noise,,,,,,,,,,,,,,,,
98,SYN-001364,SYN-001364,,0.156083,0.29876881,True,1.1613406,0.332,3.84,1003.5,137.03,5.4575,0,log_duration_ratio -1.20,flux_skew +0.93,secondary_sigma +0.58,ok,,0,noise,,,,,,,,,,,,,,,,
99,SYN-000082,SYN-000082,,0.154969,0.29595741,True,11.773126,4.86,5.76,474.43,7.8423,3.5007,0,flux_skew +0.85,secondary_sigma +0.54,log_period -0.35,ok,,0,noise,,,,,,,,,,,,,,,,
100,SYN-000848,SYN-000848,,0.153267,0.29166005,True,6.1014672,4.616,1.728,2467.1,7.8099,3.7693,0,log_depth +0.72,flux_skew +0.41,max_single_event_fraction +0.30,ok,,0,noise,,,,,,,,,,,,,,,,
101,SYN-001084,SYN-001084,,0.151766,0.28786936,True,9.4306342,7.908,3.84,2472.6,15.111,3.3876,0,flux_skew +0.59,log_depth +0.51,secondary_sigma +0.49,ok,,0,noise,,,,,,,,,,,,,,,,
102,SYN-001576,SYN-001576,,0.151459,0.28709396,True,10.312617,7.708,3.84,951.36,6.9745,4.5513,0,secondary_sigma +0.54,log_depth +0.53,log_period -0.45,ok,,0,noise,,,,,,,,,,,,,,,,
103,SYN-001749,SYN-001749,,0.148227,0.27892697,True,1.0308346,0.624,0.96,888.24,5.1817,3.7388,0,log_depth +0.74,log_period +0.68,max_single_event_fraction +0.66,ok,,0,noise,,,,,,,,,,,,,,,,
104,SYN-001422,SYN-001422,,0.147404,0.27684805,True,3.4350146,1.56,2.688,1780.9,10.269,4.006,0,log_depth +0.75,flux_skew +0.57,log_period +0.38,ok,,0,noise,,,,,,,,,,,,,,,,
105,SYN-001187,SYN-001187,,0.147098,0.27607507,True,1.0851234,0.812,1.728,16209.0,1560.4,8.8426,1,odd_even_sigma -1.65,flux_skew +0.78,log_depth +0.71,ok,,0,eclipsing_binary,,,,,,,,,,,,,,,,
106,SYN-001692,SYN-001692,,0.144641,0.26986557,True,6.4547812,3.192,3.84,917.64,8.3701,3.0849,0,log_depth +0.61,flux_skew +0.60,power_contrast -0.51,ok,,0,noise,,,,,,,,,,,,,,,,
107,SYN-000810,SYN-000810,,0.143028,0.26579161,True,1.2826313,0.944,1.728,12653.0,992.73,12.48,2,secondary_sigma -1.87,flux_skew +0.73,max_single_event_fraction +0.57,ok,,0,eclipsing_binary,,,,,,,,,,,,,,,,
108,SYN-000738,SYN-000738,,0.140018,0.25819292,True,7.6803386,3.36,3.84,1790.7,9.9148,4.006,0,log_depth +0.73,log_duration_ratio +0.38,flux_skew +0.35,ok,,0,noise,,,,,,,,,,,,,,,,
109,SYN-001981,SYN-001981,,0.136648,0.24969385,True,1.0550074,0.528,0.96,955.17,5.8366,3.3166,0,log_depth +0.71,max_single_event_fraction +0.67,log_period +0.57,ok,,0,noise,,,,,,,,,,,,,,,,
110,SYN-001168,SYN-001168,,0.135821,0.24761257,True,3.5447881,2.976,3.84,1120.8,11.612,4.1846,0,log_depth +0.75,log_period +0.44,delta_loglike -0.36,ok,,0,noise,,,,,,,,,,,,,,,,
111,SYN-001150,SYN-001150,,0.135005,0.24555686,True,8.4264843,1.552,2.688,779.72,6.3949,3.9348,0,log_depth +0.73,flux_skew +0.73,secondary_sigma +0.32,ok,,0,noise,,,,,,,,,,,,,,,,
112,SYN-000500,SYN-000500,,0.133595,0.24201219,True,1.5439524,0.372,2.688,4699.7,426.89,11.23,1,secondary_sigma -1.89,flux_skew +0.71,log_depth +0.55,ok,,0,eclipsing_binary,,,,,,,,,,,,,,,,
113,SYN-000436,SYN-000436,,0.132376,0.23894894,True,8.454433,0.996,2.688,428.35,10.921,4.4056,0,flux_skew +0.63,log_duration_ratio +0.47,log_depth -0.35,ok,,0,noise,,,,,,,,,,,,,,,,
114,SYN-000615,SYN-000615,,0.131414,0.23653162,True,6.6720955,1.008,2.688,1891.2,12.598,3.6034,0,log_depth +0.73,delta_loglike -0.51,log_duration_ratio +0.46,ok,,0,noise,,,,,,,,,,,,,,,,
115,SYN-001632,SYN-001632,,0.130348,0.23385745,True,0.93955659,0.732,0.96,13857.0,480.46,9.4904,1,odd_even_sigma -1.54,flux_skew +0.77,log_depth +0.71,ok,,0,eclipsing_binary,,,,,,,,,,,,,,,,
116,SYN-001243,SYN-001243,,0.12879,0.22995395,True,5.7104827,1.76,3.84,1168.6,8.5343,3.0873,0,log_depth +0.68,harmonic_delta_loglike +0.36,log_period +0.34,ok,,0,noise,,,,,,,,,,,,,,,,
117,SYN-001700,SYN-001700,,0.128724,0.22978908,True,6.5734131,6.12,2.688,882.04,7.9809,3.3164,0,log_depth +0.62,secondary_sigma +0.42,log_duration_ratio +0.35,ok,,0,noise,,,,,,,,,,,,,,,,
118,SYN-000633,SYN-000633,,0.127635,0.22706455,True,5.2134571,2.744,3.84,537.69,11.515,3.4091,0,flux_skew +0.80,log_duration_ratio +0.39,harmonic_delta_loglike +0.32,ok,,1,planet,,,,,,,,,,,,,,,,
119,SYN-000278,SYN-000278,,0.126705,0.2247417,True,7.7956385,2.64,3.84,1470.5,14.738,4.0307,0,flux_skew +0.87,log_depth +0.69,harmonic_amp_over_depth -0.46,ok,,0,noise,,,,,,,,,,,,,,,,
120,SYN-000314,SYN-000314,,0.125928,0.22280019,True,6.7722594,2.068,3.84,1463.8,11.916,4.3714,0,log_depth +0.74,log_duration_ratio +0.47,secondary_sigma +0.42,ok,,0,noise,,,,,,,,,,,,,,,,
121,SYN-001544,SYN-001544,,0.124462,0.21914484,True,1.5035897,1.212,0.96,886.27,5.077,3.3071,0,max_single_event_fraction +0.71,log_depth +0.65,log_period +0.53,ok,,0,noise,,,,,,,,,,,,,,,,
122,SYN-000214,SYN-000214,,0.12318,0.21595449,True,7.8734652,6.688,3.84,2436.8,9.0294,3.1559,0,log_depth +0.65,harmonic_delta_loglike +0.34,log_period +0.34,ok,,0,noise,,,,,,,,,,,,,,,,
123,SYN-000660,SYN-000660,,0.122595,0.2145003,True,12.70479,12.592,3.84,6586.7,38.238,3.2896,0,power_contrast +1.12,max_single_event_fraction -0.90,log_duration_ratio +0.65,ok,,0,noise,,,,,,,,,,,,,,,,
124,SYN-000239,SYN-000239,,0.119158,0.20598175,True,7.938914,7.736,3.84,2508.4,8.9235,3.143,0,log_depth +0.67,secondary_sigma +0.41,log_duration_ratio +0.36,ok,,0,noise,,,,,,,,,,,,,,,,
125,SYN-001523,SYN-001523,,0.117947,0.20299164,True,4.7518175,3.412,3.84,677.69,9.5836,3.8589,0,flux_skew +0.64,log_duration_ratio +0.36,harmonic_delta_loglike +0.32,ok,,0,noise,,,,,,,,,,,,,,,,
126,SYN-000099,SYN-000099,,0.113947,0.19315691,False,9.7804696,2.96,3.84,2211.5,14.193,4.4454,0,secondary_sigma +0.60,flux_skew +0.60,log_depth +0.55,ok,,0,noise,,,,,,,,,,,,,,,,
127,SYN-000727,SYN-000727,,0.113096,0.19107533,False,4.0535193,3.968,3.84,1340.7,7.6099,3.0909,0,log_depth +0.69,log_period +0.43,harmonic_delta_loglike -0.31,ok,,0,noise,,,,,,,,,,,,,,,,
128,SYN-000457,SYN-000457,,0.112246,0.1890006,False,0.91499423,0.528,0.96,1238.1,5.3919,3.6147,0,log_depth +0.80,max_single_event_fraction +0.66,log_period +0.49,ok,,0,noise,,,,,,,,,,,,,,,,
129,SYN-000511,SYN-000511,,0.111077,0.18615094,False,2.9484917,2.52483333,0.96,1488.9,5.4085,5.1884,0,log_depth +0.83,log_period +0.42,log_duration_ratio +0.32,ok,,0,noise,,,,,,,,,,,,,,,,
130,SYN-001359,SYN-001359,,0.11016,0.18392091,False,8.0447655,1.176,2.688,836.62,7.893,3.5187,0,log_depth +0.68,log_duration_ratio +0.43,flux_skew +0.37,ok,,0,noise,,,,,,,,,,,,,,,,
131,SYN-001434,SYN-001434,,0.109995,0.18351943,False,1.319245,0.828,0.96,1177.0,5.0504,4.1741,0,log_depth +0.91,max_single_event_fraction +0.55,log_period +0.47,ok,,0,noise,,,,,,,,,,,,,,,,
132,SYN-001954,SYN-001954,,0.109686,0.18276931,False,9.275782,0.064,0.96,9910.4,15.69,6.6681,1,power_contrast +1.14,secondary_sigma +0.66,flux_skew +0.55,ok,,0,eclipsing_binary,,,,,,,,,,,,,,,,
133,SYN-000900,SYN-000900,,0.109378,0.18202452,False,4.2038871,3.628,2.688,831.33,6.4863,3.3717,0,log_depth +0.64,log_period +0.40,flux_skew +0.28,ok,,0,noise,,,,,,,,,,,,,,,,
134,SYN-000762,SYN-000762,,0.108896,0.18085416,False,9.5090271,4.228,5.76,2796.7,12.847,3.9242,0,flux_skew +0.80,log_depth +0.58,log_period -0.52,ok,,1,planet,,,,,,,,,,,,,,,,
135,SYN-000140,SYN-000140,,0.108673,0.1803157,False,1.7136938,0.048,1.728,566.28,7.6183,4.4017,0,log_duration_ratio +0.41,max_single_event_fraction +0.40,log_period +0.36,ok,,1,planet,,,,,,,,,,,,,,,,
136,SYN-000369,SYN-000369,,0.107636,0.17780799,False,3.0338971,3.02,2.688,2190.9,9.6085,4.6874,0,log_depth +0.77,log_period +0.46,flux_skew -0.46,ok,,0,noise,,,,,,,,,,,,,,,,
137,SYN-000249,SYN-000249,,0.105745,0.17325325,False,2.7333896,1.208,3.84,1047.4,8.0753,3.4192,0,log_depth +0.71,log_period +0.45,log_scatter +0.33,ok,,0,noise,,,,,,,,,,,,,,,,
138,SYN-000410,SYN-000410,,0.105306,0.17219933,False,1.2699529,0.8,3.84,918.85,7.0701,6.0949,1,log_depth +0.68,log_duration_ratio -0.66,max_single_event_fraction +0.52,ok,,0,noise,,,,,,,,,,,,,,,,
139,SYN-001441,SYN-001441,,0.105287,0.17215453,False,4.093987,1.276,3.84,729.76,7.9614,3.4241,0,log_depth +0.78,log_duration_ratio +0.38,log_period +0.35,ok,,0,noise,,,,,,,,,,,,,,,,
140,SYN-000176,SYN-000176,,0.103595,0.16810264,False,12.789207,1.944,3.84,1704.2,17.704,3.6525,0,max_single_event_fraction -0.93,flux_skew +0.65,log_depth +0.62,ok,,0,noise,,,,,,,,,,,,,,,,
141,SYN-000859,SYN-000859,,0.10252,0.16553766,False,4.0068122,2.516,0.96,1165.7,4.6024,3.6593,0,log_depth +0.83,log_period +0.40,flux_skew +0.32,ok,,0,noise,,,,,,,,,,,,,,,,
142,SYN-001160,SYN-001160,,0.102403,0.16525932,False,1.5801577,0.716,2.688,569.0,6.0019,4.36,0,max_single_event_fraction +0.63,log_period +0.37,log_duration_ratio +0.33,ok,,0,noise,,,,,,,,,,,,,,,,
143,SYN-001351,SYN-001351,,0.101565,0.16326528,False,2.1429062,1.616,2.688,934.73,7.4102,3.4275,0,log_depth +0.76,max_single_event_fraction +0.56,log_period +0.51,ok,,0,noise,,,,,,,,,,,,,,,,
144,SYN-000888,SYN-000888,,0.101309,0.16265877,False,6.317337,3.384,2.688,535.14,14.718,3.0339,0,flux_skew +0.81,secondary_sigma +0.48,log_duration_ratio +0.35,ok,,0,noise,,,,,,,,,,,,,,,,
145,SYN-000534,SYN-000534,,0.101148,0.16227586,False,1.2225025,0.648,0.96,5804.9,198.25,9.2706,1,odd_even_sigma -1.81,flux_skew +0.74,log_depth +0.73,ok,,0,eclipsing_binary,,,,,,,,,,,,,,,,
146,SYN-001453,SYN-001453,,0.100297,0.16025987,False,1.1671233,0.296,1.728,1423.0,7.7823,3.4302,0,log_depth +0.83,max_single_event_fraction +0.47,log_period +0.45,ok,,0,noise,,,,,,,,,,,,,,,,
147,SYN-001947,SYN-001947,,0.0996482,0.1587272,False,1.0779608,0.08,1.728,503.04,4.1205,3.3052,0,max_single_event_fraction +0.64,log_period +0.56,power_contrast -0.45,ok,,0,noise,,,,,,,,,,,,,,,,
148,SYN-001373,SYN-001373,,0.0967526,0.15192219,False,11.128703,8.028,5.76,1560.8,8.0935,3.1943,0,log_depth +0.49,secondary_sigma +0.41,log_period -0.39,ok,,0,noise,,,,,,,,,,,,,,,,
149,SYN-001776,SYN-001776,,0.0965551,0.15146033,False,4.8793766,0.86,3.84,1380.1,6.8945,3.2022,0,log_depth +0.66,log_duration_ratio +0.38,log_period +0.38,ok,,0,noise,,,,,,,,,,,,,,,,
150,SYN-001550,SYN-001550,,0.095025,0.14789368,False,2.6389766,1.70083333,2.688,748.5,7.3072,3.8651,0,log_depth +0.82,log_period +0.49,log_duration_ratio +0.34,ok,,0,noise,,,,,,,,,,,,,,,,
151,SYN-001631,SYN-001631,,0.0924882,0.14202352,False,1.3148838,1.288,0.96,18796.0,131.91,11.964,1,secondary_sigma -1.84,max_single_event_fraction +0.58,log_depth +0.56,ok,,0,eclipsing_binary,,,,,,,,,,,,,,,,
152,SYN-000173,SYN-000173,,0.0923846,0.14178507,False,3.6322663,1.08483333,3.84,1388.5,6.9128,3.5302,0,log_depth +0.72,delta_loglike +0.32,log_period +0.29,ok,,0,noise,,,,,,,,,,,,,,,,
153,SYN-000360,SYN-000360,,0.090149,0.13666069,False,10.261522,8.096,3.84,3331.6,11.051,4.0548,0,log_depth +0.51,secondary_sigma +0.51,flux_skew +0.49,ok,,0,noise,,,,,,,,,,,,,,,,
154,SYN-001911,SYN-001911,,0.0899357,0.13617413,False,4.093987,0.528,2.688,672.06,10.749,4.5773,0,log_duration_ratio +0.42,flux_skew -0.32,harmonic_delta_loglike +0.32,ok,,0,noise,,,,,,,,,,,,,,,,
155,SYN-001510,SYN-001510,,0.0897901,0.13584229,False,0.64521081,0.512,1.728,838.98,6.3681,6.0819,1,log_depth +0.73,max_single_event_fraction +0.45,flux_skew -0.38,ok,,0,noise,,,,,,,,,,,,,,,,
156,SYN-000078,SYN-000078,,0.0879437,0.13165136,False,7.1881793,2.976,3.84,2167.7,13.33,3.1195,0,log_depth +0.67,delta_loglike -0.49,log_duration_ratio +0.42,ok,,0,noise,,,,,,,,,,,,,,,,
157,SYN-000187,SYN-000187,,0.0871619,0.12988648,False,10.009819,8.788,5.76,2091.4,10.403,4.4003,0,log_depth +0.58,log_period -0.50,harmonic_delta_loglike +0.33,ok,,0,noise,,,,,,,,,,,,,,,,
158,SYN-000621,SYN-000621,,0.0851893,0.1254612,False,2.8394837,2.672,0.96,2283.4,9.0212,3.9259,0,log_depth +0.73,log_period +0.49,harmonic_amp_over_depth -0.46,ok,,0,noise,,,,,,,,,,,,,,,,
159,SYN-001929,SYN-001929,,0.0850784,0.12521337,False,9.0782693,1.844,3.84,389.38,15.876,3.0211,0,secondary_sigma +0.57,flux_skew +0.48,log_duration_ratio +0.45,ok,,0,noise,,,,,,,,,,,,,,,,
160,SYN-001536,SYN-001536,,0.0843596,0.12361155,False,1.2429113,1.188,1.728,608.58,5.6275,4.6473,0,max_single_event_fraction +0.65,log_period +0.44,bls_sde +0.27,ok,,0,noise,,,,,,,,,,,,,,,,
161,SYN-001080,SYN-001080,,0.083414,0.12151233,False,1.1124095,1.0,5.76,799.11,7.2194,5.0813,0,log_duration_ratio -0.65,log_depth +0.62,max_single_event_fraction +0.57,ok,,0,eclipsing_binary,,,,,,,,,,,,,,,,
162,SYN-000179,SYN-000179,,0.0831925,0.12102215,False,8.7971372,5.924,3.84,1836.9,7.5259,3.9478,0,log_depth +0.74,log_period +0.57,secondary_sigma +0.35,ok,,0,noise,,,,,,,,,,,,,,,,
163,SYN-000772,SYN-000772,,0.0825683,0.11964307,False,1.7108589,0.184,1.728,798.76,5.1751,3.8455,0,log_depth +0.73,log_period +0.51,max_single_event_fraction +0.39,ok,,0,noise,,,,,,,,,,,,,,,,
164,SYN-000416,SYN-000416,,0.0823426,0.11914558,False,1.4715732,0.84,1.728,2513.1,12.607,10.374,1,secondary_sigma -1.84,max_single_event_fraction +0.61,bls_sde +0.60,ok,,1,planet,,,,,,,,,,,,,,,,
165,SYN-001670,SYN-001670,,0.0816833,0.11769518,False,10.295557,8.352,5.76,2612.1,11.725,3.6181,0,flux_skew +0.77,log_depth +0.56,log_period -0.55,ok,,0,noise,,,,,,,,,,,,,,,,
166,SYN-001648,SYN-001648,,0.0815703,0.11744705,False,4.0068122,3.424,2.688,36436.0,2596.0,7.4027,2,secondary_sigma -1.91,flux_skew +0.70,harmonic_delta_loglike +0.58,ok,,0,eclipsing_binary,,,,,,,,,,,,,,,,
167,SYN-000307,SYN-000307,,0.0813987,0.11707057,False,4.3742936,3.64,2.688,2025.5,8.8263,3.1735,0,log_depth +0.66,log_duration_ratio +0.42,log_period +0.34,ok,,0,noise,,,,,,,,,,,,,,,,
168,SYN-000350,SYN-000350,,0.0810136,0.11622692,False,2.4463922,0.676,2.688,653.05,5.76,3.0606,0,max_single_event_fraction +0.43,log_period +0.37,log_scatter +0.31,ok,,0,noise,,,,,,,,,,,,,,,,
169,SYN-000285,SYN-000285,,0.0807019,0.11554533,False,3.4578387,0.94,3.84,4150.7,402.89,8.4182,2,secondary_sigma -1.84,flux_skew +0.68,max_single_event_fraction +0.55,ok,,0,eclipsing_binary,,,,,,,,,,,,,,,,
170,SYN-000384,SYN-000384,,0.0799964,0.11400649,False,8.5247111,7.76,3.84,996.84,7.0323,3.1535,0,log_depth +0.65,log_period +0.46,delta_loglike +0.31,ok,,0,noise,,,,,,,,,,,,,,,,
171,SYN-001939,SYN-001939,,0.079736,0.11343975,False,1.248837,0.992,5.76,628.78,63.999,4.3901,0,flux_skew +1.03,log_duration_ratio -0.81,harmonic_delta_loglike +0.57,ok,,0,noise,,,,,,,,,,,,,,,,
172,SYN-000916,SYN-000916,,0.0788113,0.11143419,False,1.321431,0.308,5.76,775.79,6.1211,3.0368,0,log_depth +0.64,max_single_event_fraction +0.45,log_duration_ratio -0.41,ok,,0,noise,,,,,,,,,,,,,,,,
173,SYN-001883,SYN-001883,,0.0778148,0.10928386,False,8.7101803,5.836,3.84,1096.5,6.146,4.0424,0,log_depth +0.72,log_period +0.42,log_duration_ratio +0.33,ok,,0,noise,,,,,,,,,,,,,,,,
174,SYN-001089,SYN-001089,,0.0777783,0.10920537,False,0.83259399,0.556,1.728,830.72,17.265,5.4439,0,secondary_sigma -0.97,log_depth +0.77,max_single_event_fraction +0.46,ok,,0,noise,,,,,,,,,,,,,,,,
175,SYN-001165,SYN-001165,,0.0777589,0.10916362,False,5.035308,2.764,2.688,1947.3,10.272,3.7961,0,log_depth +0.74,log_period +0.37,log_duration_ratio +0.36,ok,,0,noise,,,,,,,,,,,,,,,,
176,SYN-001263,SYN-001263,,0.0773722,0.10833269,False,7.34457,0.912,2.688,1212.1,10.13,3.4843,0,log_depth +0.72,log_duration_ratio +0.32,harmonic_delta_loglike +0.31,ok,,0,noise,,,,,,,,,,,,,,,,
177,SYN-000892,SYN-000892,,0.0772889,0.10815399,False,3.4578387,1.232,0.96,1091.6,6.2705,3.0209,0,log_depth +0.69,bls_sde +0.50,log_duration_ratio +0.46,ok,,0,noise,,,,,,,,,,,,,,,,
178,SYN-001172,SYN-001172,,0.0772641,0.10810076,False,7.1053528,1.96,5.76,1689.2,9.3701,3.8015,0,log_duration_ratio -0.74,log_depth +0.66,flux_skew +0.43,ok,,0,noise,,,,,,,,,,,,,,,,
179,SYN-001182,SYN-001182,,0.0767722,0.10704697,False,1.4236431,0.396,0.96,1446.7,5.1241,3.2378,0,log_depth +0.75,log_period +0.55,max_single_event_fraction +0.45,ok,,0,noise,,,,,,,,,,,,,,,,
180,SYN-000222,SYN-000222,,0.0759538,0.10530001,False,1.1216564,0.836,2.688,149.58,5.3639,3.3469,0,flux_skew +0.82,log_depth -0.78,max_single_event_fraction +0.69,ok,,0,noise,,,,,,,,,,,,,,,,
181,SYN-000996,SYN-000996,,0.0751007,0.10348796,False,3.8507215,2.812,3.84,1069.0,12.973,3.62,0,log_depth +0.70,delta_loglike -0.49,flux_skew -0.36,ok,,0,noise,,,,,,,,,,,,,,,,
182,SYN-000434,SYN-000434,,0.0749354,0.10313785,False,3.0999045,0.68,0.96,3667.7,7.5488,3.9209,0,log_depth +0.69,log_period +0.45,log_duration_ratio +0.44,ok,,0,noise,,,,,,,,,,,,,,,,
183,SYN-001531,SYN-001531,,0.074171,0.10152328,False,7.1644166,5.104,3.84,1287.8,7.7725,3.1378,0,log_depth +0.66,log_duration_ratio +0.28,log_period +0.28,ok,,0,noise,,,,,,,,,,,,,,,,
184,SYN-001724,SYN-001724,,0.074038,0.1012432,False,7.5542264,5.084,3.84,1668.7,11.448,3.0293,0,max_single_event_fraction -0.89,log_depth +0.69,log_duration_ratio +0.31,ok,,0,noise,,,,,,,,,,,,,,,,
185,SYN-001334,SYN-001334,,0.0737972,0.10073658,False,4.7361089,2.38,5.76,1615.0,11.008,4.2888,0,log_duration_ratio -0.86,log_depth +0.67,flux_skew +0.58,ok,,0,noise,,,,,,,,,,,,,,,,
186,SYN-000100,SYN-000100,,0.0732674,0.099624408,False,12.189659,3.476,5.76,2083.6,11.046,3.8165,0,log_depth +0.59,secondary_sigma +0.46,log_period -0.44,ok,,0,noise,,,,,,,,,,,,,,,,
187,SYN-001042,SYN-001042,,0.072671,0.098376771,False,3.6641312,1.14,0.96,1667.6,6.0474,5.4026,0,log_depth +0.82,log_period +0.34,red_noise_beta +0.31,ok,,0,noise,,,,,,,,,,,,,,,,
188,SYN-000677,SYN-000677,,0.0721383,0.097266451,False,2.4302443,0.74,1.728,1537.0,5.5677,3.2263,0,log_depth +0.71,log_period +0.54,log_scatter +0.30,ok,,0,noise,,,,,,,,,,,,,,,,
189,SYN-001035,SYN-001035,,0.0717794,0.096520356,False,4.7204523,2.36,3.84,2773.6,9.998,3.8768,0,log_depth +0.74,log_duration_ratio +0.46,log_period +0.33,ok,,0,noise,,,,,,,,,,,,,,,,
190,SYN-000405,SYN-000405,,0.0714882,0.095916318,False,3.2202246,1.056,1.728,1947.2,6.9684,3.4807,0,log_depth +0.72,harmonic_amp_over_depth -0.48,log_period +0.48,ok,,0,noise,,,,,,,,,,,,,,,,
191,SYN-000256,SYN-000256,,0.0713923,0.095717627,False,2.5329456,1.996,0.96,769.08,6.7878,3.2912,0,log_depth +0.63,harmonic_amp_over_depth -0.51,log_period +0.48,ok,,0,noise,,,,,,,,,,,,,,,,
192,SYN-001301,SYN-001301,,0.0712024,0.095324422,False,0.75012557,0.428,5.76,395.45,5.1783,3.5757,0,bls_depth_over_scatter +0.66,max_single_event_fraction +0.54,log_scatter +0.33,ok,,0,noise,,,,,,,,,,,,,,,,
193,SYN-000011,SYN-000011,,0.0710286,0.094965183,False,1.3258138,0.316,2.688,904.12,4.929,4.2974,0,log_depth +0.72,max_single_event_fraction +0.61,log_period +0.45,ok,,0,noise,,,,,,,,,,,,,,,,
194,SYN-000083,SYN-000083,,0.0709039,0.094707694,False,12.831626,11.872,2.688,858.92,9.4079,3.8625,0,log_depth +0.53,log_period -0.48,log_duration_ratio +0.36,ok,,0,noise,,,,,,,,,,,,,,,,
195,SYN-001658,SYN-001658,,0.070855,0.094606658,False,5.644683,1.064,1.728,1561.3,7.4206,3.5896,0,log_depth +0.75,log_period +0.33,delta_loglike +0.27,ok,,0,noise,,,,,,,,,,,,,,,,
196,SYN-000640,SYN-000640,,0.0692997,0.091412956,False,2.1859066,1.824,0.96,1906.2,13.237,8.6169,1,secondary_sigma -1.19,log_depth +0.75,max_single_event_fraction +0.50,ok,,0,eclipsing_binary,,,,,,,,,,,,,,,,
197,SYN-000604,SYN-000604,,0.0689923,0.090785635,False,6.1623803,4.352,3.84,1742.1,9.9794,3.5431,0,log_depth +0.68,power_contrast -0.52,log_duration_ratio +0.34,ok,,0,noise,,,,,,,,,,,,,,,,
198,SYN-001394,SYN-001394,,0.0689656,0.090731029,False,3.1673481,1.392,3.84,466.09,9.7912,3.4182,0,flux_skew +0.46,power_contrast -0.45,log_period +0.35,ok,,0,noise,,,,,,,,,,,,,,,,
199,SYN-000419,SYN-000419,,0.0688031,0.090400008,False,3.5155647,1.8,1.728,1582.1,6.3235,3.4931,0,log_depth +0.61,log_period +0.34,delta_loglike +0.31,ok,,0,eclipsing_binary,,,,,,,,,,,,,,,,
200,SYN-000931,SYN-000931,,0.0686157,0.090018815,False,10.093026,5.008,2.688,974.93,8.9489,3.4131,0,log_depth +0.55,log_duration_ratio +0.43,log_period -0.41,ok,,0,noise,,,,,,,,,,,,,,,,
201,SYN-001952,SYN-001952,,0.0685683,0.089922398,False,5.4698808,4.1,2.688,1647.8,8.441,3.013,0,log_depth +0.63,bls_sde +0.48,harmonic_amp_over_depth -0.47,ok,,0,noise,,,,,,,,,,,,,,,,
202,SYN-001048,SYN-001048,,0.0684811,0.089745176,False,0.94267289,0.304,2.688,1579.9,10.333,3.6197,0,log_depth +0.82,log_period +0.58,max_single_event_fraction +0.53,ok,,0,noise,,,,,,,,,,,,,,,,
203,SYN-001465,SYN-001465,,0.0674492,0.087656389,False,8.6383732,6.804,1.728,896.65,6.5816,3.5552,0,log_depth +0.67,log_period +0.46,log_scatter +0.39,ok,,0,noise,,,,,,,,,,,,,,,,
204,SYN-000054,SYN-000054,,0.0655281,0.083808066,False,7.2840211,6.632,1.728,840.83,7.1132,3.3962,0,log_depth +0.70,log_period +0.32,harmonic_delta_loglike -0.29,ok,,0,noise,,,,,,,,,,,,,,,,
205,SYN-000471,SYN-000471,,0.0654224,0.083597887,False,4.0804531,0.852,1.728,1591.4,6.8221,3.9916,0,log_depth +0.75,log_period +0.37,log_scatter +0.28,ok,,0,noise,,,,,,,,,,,,,,,,
206,SYN-000557,SYN-000557,,0.0653916,0.083536663,False,7.5417297,0.572,2.688,880.78,5.9151,3.1533,0,log_depth +0.63,log_period +0.34,log_duration_ratio +0.29,ok,,0,noise,,,,,,,,,,,,,,,,
207,SYN-000927,SYN-000927,,0.0653423,0.083438634,False,4.4842878,1.62,3.84,912.28,7.4497,3.2446,0,log_depth +0.65,log_period +0.37,log_duration_ratio +0.31,ok,,0,noise,,,,,,,,,,,,,,,,
208,SYN-001151,SYN-001151,,0.0651869,0.08313013,False,1.0359674,0.74,2.688,686.09,6.1327,4.8456,0,max_single_event_fraction +0.55,bls_sde +0.32,log_scatter +0.32,ok,,0,noise,,,,,,,,,,,,,,,,
209,SYN-001984,SYN-001984,,0.0641788,0.081137383,False,1.123515,0.444,3.84,1281.4,8.9153,4.6778,0,log_depth +0.74,log_duration_ratio -0.68,log_period +0.59,ok,,0,noise,,,,,,,,,,,,,,,,
210,SYN-001635,SYN-001635,,0.0640794,0.080941719,False,5.4068536,5.244,5.76,808.68,11.051,3.848,0,log_duration_ratio -0.83,log_depth +0.64,flux_skew +0.55,ok,,0,noise,,,,,,,,,,,,,,,,
211,SYN-000637,SYN-000637,,0.0639697,0.08072595,False,4.1417103,0.292,3.84,828.38,6.347,2.8827,0,bls_sde -0.72,log_depth +0.63,log_period +0.41,ok,,0,noise,,,,,,,,,,,,,,,,
212,SYN-001949,SYN-001949,,0.0636371,0.080072906,False,2.4689993,2.37683333,3.84,1044.5,8.3156,2.9848,0,bls_sde -0.72,log_duration_ratio -0.69,log_depth +0.60,ok,,0,noise,,,,,,,,,,,,,,,,
213,SYN-000064,SYN-000064,,0.0636258,0.080050704,False,1.0869215,0.9,3.84,468.94,28.149,4.8494,0,flux_skew +0.88,log_duration_ratio -0.80,harmonic_delta_loglike +0.62,ok,,0,noise,,,,,,,,,,,,,,,,
214,SYN-001008,SYN-001008,,0.0635596,0.079920984,False,6.2756383,0.252,3.84,1618.9,8.7345,3.7959,0,log_depth +0.73,harmonic_delta_loglike +0.35,flux_skew -0.34,ok,,0,noise,,,,,,,,,,,,,,,,
215,SYN-001839,SYN-001839,,0.0635494,0.07990095,False,10.176925,6.708,2.688,1548.9,10.098,3.7203,0,secondary_sigma +0.62,log_depth +0.58,log_duration_ratio +0.50,ok,,0,noise,,,,,,,,,,,,,,,,
216,SYN-001102,SYN-001102,,0.0628545,0.078542902,False,7.1407324,2.208,3.84,1472.6,12.312,3.532,0,log_depth +0.73,delta_loglike -0.54,flux_skew -0.37,ok,,0,noise,,,,,,,,,,,,,,,,
217,SYN-000589,SYN-000589,,0.0627146,0.078270271,False,0.94423491,0.6,2.688,717.46,6.3381,2.7321,0,max_single_event_fraction +0.66,bls_sde -0.63,log_period +0.39,ok,,0,noise,,,,,,,,,,,,,,,,
218,SYN-001203,SYN-001203,,0.0615919,0.076094171,False,1.123515,0.412,0.96,661.06,6.9431,3.7575,0,max_single_event_fraction +0.48,flux_skew -0.35,log_period +0.30,ok,,0,noise,,,,,,,,,,,,,,,,
219,SYN-000812,SYN-000812,,0.0615745,0.076060537,False,10.484778,6.92,5.76,879.96,11.077,3.5949,0,log_depth +0.55,log_period -0.52,harmonic_delta_loglike +0.34,ok,,0,noise,,,,,,,,,,,,,,,,
220,SYN-001599,SYN-001599,,0.0612501,0.075435496,False,7.938914,0.272,5.76,3958.3,312.36,6.7233,1,log_duration_ratio -1.24,odd_even_sigma -1.11,power_contrast +0.88,ok,,1,planet,,,,,,,,,,,,,,,,
221,SYN-001283,SYN-001283,,0.0601854,0.073395733,False,7.442497,6.216,3.84,1012.0,11.573,3.3437,0,max_single_event_fraction -0.83,log_depth +0.64,log_period +0.34,ok,,0,noise,,,,,,,,,,,,,,,,
222,SYN-000281,SYN-000281,,0.0600622,0.073160795,False,0.65598212,0.252,5.76,64.417,5.9868,3.3148,0,bls_depth_over_scatter +0.65,max_single_event_fraction +0.61,log_depth -0.43,ok,,0,noise,,,,,,,,,,,,,,,,
223,SYN-000373,SYN-000373,,0.0596474,0.07237176,False,7.5667439,6.272,1.728,2094.6,20.129,3.1139,0,max_single_event_fraction -0.92,log_depth +0.69,odd_even_sigma +0.36,ok,,0,noise,,,,,,,,,,,,,,,,
224,SYN-000988,SYN-000988,,0.0595188,0.072127805,False,3.7129859,2.596,0.96,1652.5,5.4212,4.513,0,log_depth +0.75,log_period +0.39,log_duration_ratio +0.39,ok,,0,eclipsing_binary,,,,,,,,,,,,,,,,
225,SYN-000917,SYN-000917,,0.0593956,0.071894129,False,8.233413,2.028,3.84,758.67,10.575,3.1428,0,log_depth +0.72,log_duration_ratio +0.33,log_period +0.33,ok,,0,noise,,,,,,,,,,,,,,,,
226,SYN-001633,SYN-001633,,0.0586581,0.070501222,False,9.3839091,8.156,3.84,2327.6,8.7675,3.5787,0,log_depth +0.58,secondary_sigma +0.51,log_duration_ratio +0.42,ok,,0,noise,,,,,,,,,,,,,,,,
227,SYN-000562,SYN-000562,,0.0571675,0.067713178,False,2.7836264,0.3,1.728,1044.8,5.6535,3.4344,0,log_depth +0.68,log_period +0.46,log_scatter +0.34,ok,,0,noise,,,,,,,,,,,,,,,,
228,SYN-000995,SYN-000995,,0.0570135,0.06742742,False,11.0187,6.212,3.84,612.13,8.2327,3.044,0,log_duration_ratio +0.30,log_period -0.27,harmonic_delta_loglike +0.25,ok,,0,noise,,,,,,,,,,,,,,,,
229,SYN-001230,SYN-001230,,0.0559541,0.065471106,False,3.5272251,0.588,5.76,864.3,24.014,2.3564,0,flux_skew +0.79,log_duration_ratio -0.72,bls_sde -0.71,ok,,0,noise,,,,,,,,,,,,,,,,
230,SYN-001516,SYN-001516,,0.0559256,0.065418879,False,0.87210002,0.176,5.76,247.18,5.5179,3.8589,0,bls_depth_over_scatter +0.84,max_single_event_fraction +0.49,log_depth -0.47,ok,,0,noise,,,,,,,,,,,,,,,,
231,SYN-001732,SYN-001732,,0.0558736,0.065323358,False,1.3704503,0.252,5.76,475.05,7.7789,3.6553,0,max_single_event_fraction +0.72,flux_skew +0.71,log_duration_ratio -0.66,ok,,0,noise,,,,,,,,,,,,,,,,
232,SYN-001292,SYN-001292,,0.0555859,0.064795839,False,0.85353006,0.46,2.688,693.52,6.4391,4.5905,0,max_single_event_fraction +0.52,log_period +0.44,flux_skew -0.38,ok,,0,noise,,,,,,,,,,,,,,,,
233,SYN-000601,SYN-000601,,0.0555213,0.064677434,False,0.97264917,0.584833333,5.76,839.51,7.2401,3.8748,0,log_depth +0.66,log_duration_ratio -0.54,max_single_event_fraction +0.43,ok,,0,noise,,,,,,,,,,,,,,,,
234,SYN-000972,SYN-000972,,0.0543757,0.062592346,False,1.0240304,0.64,5.76,1028.6,8.2307,4.3612,0,log_depth +0.68,log_period +0.53,log_duration_ratio -0.46,ok,,0,noise,,,,,,,,,,,,,,,,
235,SYN-001329,SYN-001329,,0.0540119,0.061934928,False,6.1623803,4.452,1.728,418.34,7.9131,3.2688,0,log_depth -0.42,secondary_sigma +0.34,harmonic_amp_over_depth +0.29,ok,,0,noise,,,,,,,,,,,,,,,,
236,SYN-000852,SYN-000852,,0.0539779,0.061873576,False,13.329675,8.04,5.76,759.17,7.9575,3.3317,0,log_depth +0.50,log_period -0.41,flux_skew +0.34,ok,,0,noise,,,,,,,,,,,,,,,,
237,SYN-001379,SYN-001379,,0.0539388,0.061803115,False,4.4620699,1.976,2.688,4015.5,99.932,8.0466,2,secondary_sigma -1.90,harmonic_delta_loglike +0.56,log_duration_ratio +0.55,ok,,0,eclipsing_binary,,,,,,,,,,,,,,,,
238,SYN-001784,SYN-001784,,0.0535379,0.061081905,False,0.89699478,0.812,0.96,334.88,13.798,4.436,0,flux_skew +1.06,log_depth -0.89,max_single_event_fraction +0.57,ok,,0,eclipsing_binary,,,,,,,,,,,,,,,,
239,SYN-001252,SYN-001252,,0.0534875,0.06099136,False,6.0913737,1.64,2.688,2527.9,6.851,3.7446,0,log_depth +0.70,log_period +0.30,log_duration_ratio +0.29,ok,,0,noise,,,,,,,,,,,,,,,,
240,SYN-000377,SYN-000377,,0.0531551,0.060395828,False,13.418244,0.6,2.688,2687.9,8.8645,3.7916,0,max_single_event_fraction -0.83,log_depth +0.55,log_period -0.48,ok,,0,noise,,,,,,,,,,,,,,,,
241,SYN-001140,SYN-001140,,0.052944,0.060018692,False,6.3068864,4.172,3.84,2815.0,11.612,4.2741,0,log_depth +0.70,harmonic_amp_over_depth -0.43,log_duration_ratio +0.42,ok,,0,noise,,,,,,,,,,,,,,,,
242,SYN-000558,SYN-000558,,0.0529074,0.059953385,False,5.1278515,3.104,2.688,1388.2,4.9664,3.4344,0,log_depth +0.79,flux_skew -0.36,log_period +0.36,ok,,0,noise,,,,,,,,,,,,,,,,
243,SYN-001660,SYN-001660,,0.0528576,0.059864436,False,5.3151809,1.12,2.688,1265.1,6.8548,3.8587,0,log_depth +0.68,flux_skew +0.59,harmonic_amp_over_depth -0.52,ok,,0,noise,,,,,,,,,,,,,,,,
244,SYN-001918,SYN-001918,,0.0527903,0.059744428,False,0.91802906,0.1,1.728,342.33,6.5388,3.2205,0,log_depth -0.80,max_single_event_fraction +0.59,log_period +0.44,ok,,0,noise,,,,,,,,,,,,,,,,
245,SYN-000366,SYN-000366,,0.052777,0.059720795,False,4.689294,2.324,1.728,1222.5,6.1473,3.9471,0,log_depth +0.73,log_period +0.37,harmonic_delta_loglike -0.29,ok,,0,noise,,,,,,,,,,,,,,,,
246,SYN-001134,SYN-001134,,0.0526596,0.059511683,False,1.8677688,1.196,3.84,858.82,9.4124,6.2694,1,log_duration_ratio -0.82,log_depth +0.69,log_period +0.48,ok,,0,noise,,,,,,,,,,,,,,,,
247,SYN-001067,SYN-001067,,0.0526525,0.059499148,False,2.1042327,1.104,0.96,2952.5,22.956,5.9496,2,odd_even_sigma -1.63,log_depth +0.78,flux_skew +0.67,ok,,0,eclipsing_binary,,,,,,,,,,,,,,,,
248,SYN-000181,SYN-000181,,0.0521943,0.058685432,False,0.92566025,0.292,5.76,614.56,7.8431,3.0227,0,bls_sde +0.62,log_duration_ratio -0.39,log_scatter +0.31,ok,,0,noise,,,,,,,,,,,,,,,,
249,SYN-000031,SYN-000031,,0.0517442,0.05788994,False,0.99231864,0.76,3.84,668.63,7.2451,3.0575,0,log_duration_ratio -0.53,max_single_event_fraction +0.47,log_period +0.35,ok,,0,noise,,,,,,,,,,,,,,,,
250,SYN-000401,SYN-000401,,0.0516979,0.057808435,False,0.80148506,0.564,0.96,1643.9,6.9298,3.4644,0,log_depth +0.79,max_single_event_fraction +0.41,red_noise_beta +0.32,ok,,0,noise,,,,,,,,,,,,,,,,
251,SYN-001332,SYN-001332,,0.0513962,0.057277474,False,0.96958221,0.34,5.76,509.04,5.6701,4.4445,0,log_duration_ratio -0.48,max_single_event_fraction +0.45,log_scatter +0.37,ok,,0,noise,,,,,,,,,,,,,,,,
252,SYN-001722,SYN-001722,,0.0510788,0.056720831,False,12.768051,2.876,1.728,2417.4,6.9903,3.3577,0,log_depth +0.55,log_period -0.52,log_duration_ratio +0.46,ok,,0,noise,,,,,,,,,,,,,,,,
253,SYN-000478,SYN-000478,,0.0507873,0.056211066,False,0.99560994,0.136,5.76,210.62,5.0987,4.3038,0,bls_depth_over_scatter +0.66,secondary_sigma -0.56,max_single_event_fraction +0.51,ok,,0,noise,,,,,,,,,,,,,,,,
254,SYN-001621,SYN-001621,,0.0507657,0.056173452,False,1.1160991,0.66,2.688,169.09,5.0994,3.7,0,log_depth -0.83,max_single_event_fraction +0.77,flux_skew +0.45,ok,,0,noise,,,,,,,,,,,,,,,,
255,SYN-001269,SYN-001269,,0.0505722,0.055836056,False,12.434262,2.572,1.728,5396.0,8.682,4.338,0,log_duration_ratio +0.59,log_depth +0.53,log_period -0.46,ok,,0,noise,,,,,,,,,,,,,,,,
256,SYN-000836,SYN-000836,,0.0503827,0.055506212,False,8.4125445,4.728,3.84,3830.7,23.208,2.8543,0,max_single_event_fraction -0.92,bls_sde -0.79,log_depth +0.54,ok,,0,noise,,,,,,,,,,,,,,,,
257,SYN-001713,SYN-001713,,0.0501918,0.055174784,False,4.1830585,0.584,3.84,1392.3,8.6951,2.8701,0,bls_sde -0.73,log_depth +0.62,power_contrast -0.54,ok,,0,noise,,,,,,,,,,,,,,,,
258,SYN-000182,SYN-000182,,0.0498049,0.054505006,False,13.57466,4.236,3.84,1598.3,10.418,3.6985,0,log_depth +0.57,log_period -0.49,harmonic_delta_loglike +0.36,ok,,0,noise,,,,,,,,,,,,,,,,
259,SYN-000725,SYN-000725,,0.0497909,0.054480768,False,1.1826848,0.328,1.728,572.74,5.3163,3.3645,0,max_single_event_fraction +0.58,log_period +0.51,log_scatter +0.28,ok,,0,noise,,,,,,,,,,,,,,,,
260,SYN-001139,SYN-001139,,0.0497536,0.054416395,False,1.5542113,1.42,2.688,278.08,9.5159,5.1986,0,log_depth -0.87,max_single_event_fraction +0.66,flux_skew +0.59,ok,,1,planet,,,,,,,,,,,,,,,,
261,SYN-000198,SYN-000198,,0.0495792,0.05411561,False,0.93645059,0.48,5.76,256.24,5.2184,4.5122,0,bls_depth_over_scatter +0.63,log_depth -0.46,max_single_event_fraction +0.41,ok,,0,noise,,,,,,,,,,,,,,,,
262,SYN-001284,SYN-001284,,0.04912,0.05332615,False,8.4404471,2.92,2.688,1487.1,6.1965,3.4271,0,log_depth +0.70,log_period +0.31,flux_skew -0.30,ok,,0,noise,,,,,,,,,,,,,,,,
263,SYN-000715,SYN-000715,,0.0490596,0.053222715,False,0.75386065,0.168,5.76,169.02,5.0919,3.3775,0,bls_depth_over_scatter +0.65,log_depth -0.40,max_single_event_fraction +0.40,ok,,0,noise,,,,,,,,,,,,,,,,
264,SYN-001646,SYN-001646,,0.0489968,0.053115053,False,2.3549855,1.428,3.84,1181.2,8.3985,3.3334,0,log_duration_ratio -0.84,log_depth +0.63,log_period +0.50,ok,,0,noise,,,,,,,,,,,,,,,,
265,SYN-001261,SYN-001261,,0.0489016,0.052952209,False,1.0409502,0.480833333,0.96,439.01,4.7461,3.2568,0,max_single_event_fraction +0.60,log_depth -0.41,log_scatter +0.34,ok,,0,noise,,,,,,,,,,,,,,,,
266,SYN-001191,SYN-001191,,0.0483892,0.052078257,False,10.227599,0.62,2.688,358.36,11.052,3.7589,0,flux_skew +0.89,log_depth -0.69,log_duration_ratio +0.39,ok,,0,noise,,,,,,,,,,,,,,,,
267,SYN-001964,SYN-001964,,0.0483195,0.05195971,False,11.165615,3.488,2.688,2692.5,10.756,3.4093,0,max_single_event_fraction -0.96,log_depth +0.55,log_period -0.44,ok,,0,noise,,,,,,,,,,,,,,,,
268,SYN-000072,SYN-000072,,0.0481928,0.051744598,False,8.8409406,8.56,2.688,1625.3,7.5669,4.2534,0,log_depth +0.74,log_period +0.53,flux_skew -0.35,ok,,0,noise,,,,,,,,,,,,,,,,
269,SYN-000747,SYN-000747,,0.0481828,0.051727635,False,3.2455958,1.11683333,3.84,301.25,8.75,3.2049,0,log_depth -0.53,harmonic_delta_loglike +0.37,power_contrast +0.36,ok,,0,noise,,,,,,,,,,,,,,,,
270,SYN-001987,SYN-001987,,0.0479327,0.051303889,False,0.88361217,0.236,0.96,554.21,4.6213,3.0797,0,max_single_event_fraction +0.64,log_period +0.30,log_scatter +0.26,ok,,0,noise,,,,,,,,,,,,,,,,
271,SYN-000617,SYN-000617,,0.0469821,0.049704248,False,4.9036724,4.38,5.76,1094.2,8.6761,3.5395,0,log_duration_ratio -0.74,log_depth +0.63,flux_skew -0.38,ok,,0,noise,,,,,,,,,,,,,,,,
272,SYN-000052,SYN-000052,,0.0466368,0.049127531,False,1.4594414,0.708,5.76,387.71,7.9042,4.5428,0,log_duration_ratio -0.62,max_single_event_fraction +0.57,log_period +0.39,ok,,1,planet,,,,,,,,,,,,,,,,
273,SYN-000662,SYN-000662,,0.0465237,0.048939193,False,13.6875,1.112,5.76,3150.8,41.777,3.4466,0,max_single_event_fraction -0.96,flux_skew +0.67,log_period -0.50,ok,,0,noise,,,,,,,,,,,,,,,,
274,SYN-001844,SYN-001844,,0.046515,0.048924774,False,8.5529856,6.42,5.76,1267.7,16.211,3.0217,0,max_single_event_fraction -0.76,log_duration_ratio -0.74,log_depth +0.61,ok,,0,noise,,,,,,,,,,,,,,,,
275,SYN-001141,SYN-001141,,0.0464598,0.048832921,False,7.2719713,3.696,1.728,454.36,8.1768,4.6329,0,delta_loglike +0.27,harmonic_amp_over_depth +0.24,log_period +0.21,ok,,0,noise,,,,,,,,,,,,,,,,
276,SYN-000039,SYN-000039,,0.046419,0.048765077,False,0.85211809,0.168,3.84,75.756,5.5567,3.1605,0,log_depth -0.63,max_single_event_fraction +0.56,log_period +0.53,ok,,0,noise,,,,,,,,,,,,,,,,
277,SYN-001199,SYN-001199,,0.0463509,0.048651905,False,9.2389161,6.30883333,5.76,1394.2,6.7008,3.3974,0,log_depth +0.57,log_period -0.47,secondary_sigma +0.39,ok,,0,noise,,,,,,,,,,,,,,,,
278,SYN-001757,SYN-001757,,0.0463245,0.048607955,False,2.9108842,2.168,3.84,1449.8,6.8867,3.0451,0,log_depth +0.66,log_period +0.40,harmonic_delta_loglike -0.30,ok,,0,noise,,,,,,,,,,,,,,,,
279,SYN-000320,SYN-000320,,0.0462748,0.048525562,False,1.188337,0.824833333,1.728,368.99,5.3894,3.6862,0,max_single_event_fraction +0.50,log_depth -0.41,log_period +0.38,ok,,0,noise,,,,,,,,,,,,,,,,
280,SYN-000869,SYN-000869,,0.0459013,0.04790704,False,10.69517,1.888,3.84,8221.4,70.002,4.2682,0,odd_even_sigma -1.11,flux_skew +0.69,log_depth +0.51,ok,,1,planet,,,,,,,,,,,,,,,,
281,SYN-000268,SYN-000268,,0.0458003,0.047740167,False,5.0020714,2.632,5.76,854.15,8.7311,3.4517,0,log_duration_ratio -0.76,log_depth +0.64,log_period +0.39,ok,,0,noise,,,,,,,,,,,,,,,,
282,SYN-000745,SYN-000745,,0.0455682,0.047357698,False,2.3355709,1.156,0.96,3024.9,21.378,10.701,2,secondary_sigma -1.60,log_depth +0.59,flux_skew +0.46,ok,,0,eclipsing_binary,,,,,,,,,,,,,,,,
283,SYN-000879,SYN-000879,,0.0454525,0.047167478,False,2.6751865,0.164,1.728,915.35,5.2257,3.9456,0,log_depth +0.72,log_period +0.48,max_single_event_fraction +0.47,ok,,0,noise,,,,,,,,,,,,,,,,
284,SYN-001667,SYN-001667,,0.0453452,0.046991294,False,1.3258138,0.564,5.76,973.29,8.3024,3.5241,0,log_depth +0.69,log_duration_ratio -0.62,log_period +0.50,ok,,0,noise,,,,,,,,,,,,,,,,
285,SYN-000769,SYN-000769,,0.0453351,0.046974672,False,10.093026,4.372,1.728,589.93,17.366,4.2176,0,flux_skew +0.88,log_duration_ratio +0.42,odd_even_sigma +0.40,ok,,0,noise,,,,,,,,,,,,,,,,
286,SYN-001219,SYN-001219,,0.0450381,0.046488157,False,10.606998,3.228,3.84,584.4,8.9439,4.3294,0,log_duration_ratio +0.42,flux_skew -0.36,secondary_sigma +0.36,ok,,0,noise,,,,,,,,,,,,,,,,
287,SYN-001022,SYN-001022,,0.0450077,0.046438503,False,13.285609,0.84,1.728,2931.3,16.695,3.1651,0,max_single_event_fraction -0.86,log_depth +0.57,log_duration_ratio +0.51,ok,,0,noise,,,,,,,,,,,,,,,,
288,SYN-001135,SYN-001135,,0.0447338,0.045991575,False,1.6827664,1.172,0.96,506.49,5.3535,3.2728,0,max_single_event_fraction +0.52,log_period +0.33,log_scatter +0.31,ok,,0,noise,,,,,,,,,,,,,,,,
289,SYN-000631,SYN-000631,,0.0447197,0.045968625,False,1.2847566,1.112,5.76,820.02,8.9889,3.094,0,log_duration_ratio -0.52,log_period +0.49,log_depth +0.47,ok,,0,noise,,,,,,,,,,,,,,,,
290,SYN-001210,SYN-001210,,0.0446153,0.045798755,False,1.0550074,0.368,3.84,1282.9,11.295,3.0232,0,log_duration_ratio -0.71,log_depth +0.64,log_period +0.64,ok,,0,noise,,,,,,,,,,,,,,,,
291,SYN-001112,SYN-001112,,0.0443245,0.045326707,False,11.165615,3.0,3.84,998.85,9.8305,3.083,0,log_period -0.48,harmonic_amp_over_depth -0.48,log_depth +0.46,ok,,0,noise,,,,,,,,,,,,,,,,
292,SYN-001810,SYN-001810,,0.0440926,0.044951421,False,1.1807283,0.556,5.76,495.3,7.0963,3.4929,0,max_single_event_fraction +0.56,log_period +0.52,log_duration_ratio -0.45,ok,,0,noise,,,,,,,,,,,,,,,,
293,SYN-000821,SYN-000821,,0.0435673,0.044105474,False,3.9345003,0.932,2.688,1515.1,8.499,3.3967,0,log_depth +0.72,harmonic_delta_loglike +0.35,delta_loglike -0.34,ok,,0,noise,,,,,,,,,,,,,,,,
294,SYN-001410,SYN-001410,,0.0434163,0.043863266,False,0.6647285,0.512,3.84,454.5,5.0495,3.4463,0,bls_depth_over_scatter +0.61,max_single_event_fraction +0.54,log_duration_ratio -0.39,ok,,0,noise,,,,,,,,,,,,,,,,
295,SYN-001183,SYN-001183,,0.0433029,0.043681825,False,3.3176366,1.256,2.688,1622.6,8.1175,2.8875,0,bls_sde -0.71,log_depth +0.67,log_period +0.37,ok,,0,noise,,,,,,,,,,,,,,,,
296,SYN-001655,SYN-001655,,0.0432276,0.043561385,False,8.0447655,0.592,3.84,913.8,7.8721,3.3556,0,log_depth +0.61,power_contrast -0.51,flux_skew -0.29,ok,,0,noise,,,,,,,,,,,,,,,,
297,SYN-000250,SYN-000250,,0.0431853,0.043493841,False,8.1520284,2.34,3.84,505.97,12.274,4.6736,0,log_duration_ratio +0.44,harmonic_delta_loglike +0.34,flux_skew -0.32,ok,,0,noise,,,,,,,,,,,,,,,,
298,SYN-001122,SYN-001122,,0.0431451,0.043429648,False,4.7126433,4.312,2.688,4279.8,12.421,4.1339,0,log_depth +0.67,delta_loglike -0.50,log_duration_ratio +0.42,ok,,0,noise,,,,,,,,,,,,,,,,
299,SYN-001562,SYN-001562,,0.0429357,0.043095837,False,1.3189506,0.52,5.76,580.96,5.3522,2.891,0,bls_sde -0.41,max_single_event_fraction +0.40,log_scatter +0.36,ok,,0,noise,,,,,,,,,,,,,,,,
300,SYN-000934,SYN-000934,,0.0428094,0.04289478,False,6.8625556,0.892,2.688,1731.3,5.1198,3.4984,0,log_depth +0.70,log_scatter +0.32,log_period +0.31,ok,,0,noise,,,,,,,,,,,,,,,,
301,SYN-001323,SYN-001323,,0.0427054,0.042729608,False,6.7053178,2.02,3.84,740.44,8.4481,3.9719,0,log_depth +0.77,flux_skew -0.32,log_period +0.32,ok,,0,noise,,,,,,,,,,,,,,,,
302,SYN-001498,SYN-001498,,0.0426448,0.042633557,False,11.239805,3.204,5.76,355.57,8.6065,3.5327,0,log_depth -0.67,secondary_sigma +0.36,harmonic_delta_loglike +0.34,ok,,0,noise,,,,,,,,,,,,,,,,
303,SYN-001092,SYN-001092,,0.0426203,0.042594659,False,4.529056,3.708,0.96,2631.0,7.2929,4.0612,0,log_depth +0.75,log_period +0.37,delta_loglike +0.28,ok,,0,noise,,,,,,,,,,,,,,,,
304,SYN-000022,SYN-000022,,0.0425876,0.042542912,False,1.3636602,0.624,2.688,672.37,7.6064,3.7066,0,log_period +0.38,red_noise_beta -0.29,log_duration_ratio +0.29,ok,,0,noise,,,,,,,,,,,,,,,,
305,SYN-001326,SYN-001326,,0.0425465,0.042477777,False,3.7376571,1.516,2.688,628.58,6.7601,3.0289,0,power_contrast -0.54,red_noise_beta +0.27,log_period +0.25,ok,,0,noise,,,,,,,,,,,,,,,,
306,SYN-001223,SYN-001223,,0.0422721,0.042043866,False,13.132524,3.68,3.84,658.27,6.6354,3.2572,0,power_contrast -0.49,log_period -0.38,log_scatter +0.35,ok,,0,noise,,,,,,,,,,,,,,,,
307,SYN-001659,SYN-001659,,0.0418717,0.041413672,False,8.5106089,4.28,1.728,2234.0,8.2442,4.2722,0,log_depth +0.71,secondary_sigma -0.62,harmonic_amp_over_depth -0.45,ok,,0,noise,,,,,,,,,,,,,,,,
308,SYN-000210,SYN-000210,,0.0417506,0.041223658,False,7.7058125,2.524,1.728,1778.4,5.6241,3.3108,0,log_depth +0.68,log_scatter +0.28,harmonic_delta_loglike -0.27,ok,,0,noise,,,,,,,,,,,,,,,,
309,SYN-000459,SYN-000459,,0.041484,0.040806553,False,7.1525646,5.448,2.688,3063.3,9.6743,3.2248,0,log_depth +0.55,power_contrast -0.46,log_duration_ratio +0.34,ok,,0,noise,,,,,,,,,,,,,,,,
310,SYN-000424,SYN-000424,,0.0412207,0.040396217,False,1.0977726,1.076,2.688,130.43,12.908,4.7081,0,log_depth -0.86,max_single_event_fraction +0.45,log_scatter -0.35,ok,,0,noise,,,,,,,,,,,,,,,,
311,SYN-000199,SYN-000199,,0.0411103,0.040224529,False,0.54766756,0.484,3.84,440.16,9.9457,5.1617,0,max_single_event_fraction +0.52,flux_skew +0.51,log_duration_ratio -0.42,ok,,0,noise,,,,,,,,,,,,,,,,
312,SYN-000317,SYN-000317,,0.0409528,0.039980137,False,9.3683855,6.452,2.688,961.11,6.9851,3.365,0,flux_skew +0.47,log_period -0.42,log_depth +0.37,ok,,0,noise,,,,,,,,,,,,,,,,
313,SYN-000226,SYN-000226,,0.0409185,0.039926887,False,8.581354,4.584,3.84,2915.9,19.113,3.0686,0,odd_even_sigma -1.54,log_depth +0.66,flux_skew +0.52,ok,,0,eclipsing_binary,,,,,,,,,,,,,,,,
314,SYN-001975,SYN-001975,,0.0408705,0.039852642,False,2.6095674,2.032,1.728,1709.5,4.9183,3.7539,0,log_depth +0.82,log_period +0.45,flux_skew -0.39,ok,,0,noise,,,,,,,,,,,,,,,,
315,SYN-000636,SYN-000636,,0.0407994,0.039742513,False,0.84789617,0.688,1.728,2148.5,33.174,13.493,1,secondary_sigma -1.72,flux_skew +0.60,max_single_event_fraction +0.57,ok,,0,eclipsing_binary,,,,,,,,,,,,,,,,
316,SYN-000252,SYN-000252,,0.0406683,0.039539882,False,1.2594833,0.56,5.76,750.04,9.8156,3.7512,0,log_depth +0.71,log_period +0.61,log_duration_ratio -0.60,ok,,0,noise,,,,,,,,,,,,,,,,
317,SYN-000380,SYN-000380,,0.0405231,0.039315907,False,13.081255,0.912833333,2.688,1209.8,16.399,3.2572,0,max_single_event_fraction -0.89,log_depth +0.52,log_period -0.50,ok,,0,noise,,,,,,,,,,,,,,,,
318,SYN-001768,SYN-001768,,0.0404881,0.03926209,False,8.973664,1.508,2.688,899.54,5.6977,3.4844,0,log_depth +0.66,max_single_event_fraction -0.62,log_period +0.55,ok,,0,noise,,,,,,,,,,,,,,,,
319,SYN-000270,SYN-000270,,0.0404798,0.039249218,False,6.988682,3.1,5.76,1534.6,8.2007,3.2329,0,log_duration_ratio -0.73,log_depth +0.59,log_period +0.31,ok,,0,noise,,,,,,,,,,,,,,,,
320,SYN-000428,SYN-000428,,0.0402886,0.038955155,False,9.2145555,1.888,3.84,2269.6,12.457,3.0178,0,log_period -0.53,log_depth +0.51,delta_loglike -0.51,ok,,0,noise,,,,,,,,,,,,,,,,
321,SYN-000290,SYN-000290,,0.0402462,0.038890041,False,3.9214936,0.992,2.688,1153.7,4.9924,3.3132,0,log_depth +0.69,log_period +0.39,harmonic_delta_loglike -0.28,ok,,0,noise,,,,,,,,,,,,,,,,
322,SYN-001742,SYN-001742,,0.0400629,0.038608971,False,1.310537,0.476,2.688,606.2,6.8528,3.2217,0,max_single_event_fraction +0.50,log_period +0.37,red_noise_beta -0.34,ok,,0,noise,,,,,,,,,,,,,,,,
323,SYN-000906,SYN-000906,,0.0400605,0.038605407,False,8.7246132,3.384,1.728,1883.9,5.4014,3.0044,0,log_depth +0.67,bls_sde +0.50,log_period +0.48,ok,,1,planet,,,,,,,,,,,,,,,,
324,SYN-001015,SYN-001015,,0.0399436,0.038426551,False,0.96958221,0.424,2.688,85.442,5.12,3.7835,0,log_depth -0.87,max_single_event_fraction +0.63,log_period +0.48,ok,,0,noise,,,,,,,,,,,,,,,,
325,SYN-001888,SYN-001888,,0.0398553,0.038291684,False,4.3888021,1.712,2.688,3657.3,43.305,7.3537,2,secondary_sigma -1.90,harmonic_delta_loglike +0.58,log_duration_ratio +0.57,ok,,0,eclipsing_binary,,,,,,,,,,,,,,,,
326,SYN-000293,SYN-000293,,0.0397862,0.038186154,False,6.0411561,4.968,2.688,1442.2,5.494,3.9917,0,log_depth +0.70,log_duration_ratio +0.33,flux_skew -0.31,ok,,0,noise,,,,,,,,,,,,,,,,
327,SYN-001545,SYN-001545,,0.0396828,0.038028552,False,0.85070845,0.28,5.76,415.49,7.152,3.0388,0,bls_depth_over_scatter +0.76,log_period +0.35,max_single_event_fraction +0.34,ok,,0,noise,,,,,,,,,,,,,,,,
328,SYN-000983,SYN-000983,,0.0395204,0.037781623,False,10.346821,2.472,5.76,826.05,7.3876,3.2523,0,log_depth +0.48,log_period -0.44,flux_skew +0.41,ok,,0,noise,,,,,,,,,,,,,,,,
329,SYN-001829,SYN-001829,,0.0393789,0.037566812,False,10.624574,0.748,3.84,818.6,11.848,4.2732,0,log_depth +0.57,log_period -0.54,log_duration_ratio +0.42,ok,,0,noise,,,,,,,,,,,,,,,,
330,SYN-001552,SYN-001552,,0.0392882,0.037429393,False,7.3324201,3.34,2.688,3242.8,8.8069,3.6367,0,log_depth +0.64,harmonic_delta_loglike +0.32,log_duration_ratio +0.32,ok,,0,noise,,,,,,,,,,,,,,,,
331,SYN-000200,SYN-000200,,0.0392863,0.037426488,False,9.7966759,6.604,3.84,1584.0,7.1283,3.5616,0,log_period -0.48,secondary_sigma +0.45,log_depth +0.44,ok,,0,noise,,,,,,,,,,,,,,,,
332,SYN-000688,SYN-000688,,0.03925,0.037371545,False,0.86921702,0.26,5.76,719.89,6.8497,3.1944,0,bls_depth_over_scatter +0.65,log_duration_ratio -0.43,max_single_event_fraction +0.41,ok,,0,noise,,,,,,,,,,,,,,,,
333,SYN-001393,SYN-001393,,0.0391987,0.037293874,False,1.0637772,0.188,5.76,92.26,7.4072,3.145,0,flux_skew +0.76,log_depth -0.62,max_single_event_fraction +0.55,ok,,0,noise,,,,,,,,,,,,,,,,
334,SYN-001011,SYN-001011,,0.03913,0.037190051,False,11.389668,0.472,2.688,486.95,13.601,4.0771,0,flux_skew +0.75,log_duration_ratio +0.50,log_period -0.36,ok,,0,noise,,,,,,,,,,,,,,,,
335,SYN-000708,SYN-000708,,0.0390379,0.037051027,False,13.619684,5.436,3.84,1029.7,8.2653,3.927,0,log_depth +0.57,log_period -0.56,log_duration_ratio +0.37,ok,,0,noise,,,,,,,,,,,,,,,,
336,SYN-001097,SYN-001097,,0.0390075,0.037005265,False,0.63461637,0.236,2.688,740.22,5.2595,4.4695,0,log_depth +0.63,log_duration_ratio -0.49,max_single_event_fraction +0.49,ok,,0,noise,,,,,,,,,,,,,,,,
337,SYN-001396,SYN-001396,,0.0389973,0.036989876,False,1.3412688,1.088,5.76,654.07,6.8981,3.3715,0,max_single_event_fraction +0.55,log_duration_ratio -0.45,log_period +0.37,ok,,0,noise,,,,,,,,,,,,,,,,
338,SYN-001551,SYN-001551,,0.0384733,0.036202701,False,2.5913612,1.57683333,1.728,530.92,6.357,4.8032,0,max_single_event_fraction +0.35,log_duration_ratio +0.34,log_scatter +0.34,ok,,0,noise,,,,,,,,,,,,,,,,
339,SYN-001401,SYN-001401,,0.0383404,0.03600406,False,2.6751865,0.628,0.96,1115.5,11.155,2.4674,0,log_depth +0.70,bls_sde -0.61,delta_loglike -0.55,ok,,0,noise,,,,,,,,,,,,,,,,
340,SYN-000089,SYN-000089,,0.0383095,0.035957926,False,0.93026937,0.612,3.84,845.71,6.1049,3.798,0,log_depth +0.66,log_period +0.53,max_single_event_fraction +0.48,ok,,0,noise,,,,,,,,,,,,,,,,
341,SYN-000758,SYN-000758,,0.0382937,0.035934408,False,6.4228002,5.504,3.84,602.35,7.755,3.6751,0,log_scatter +0.39,log_duration_ratio +0.34,delta_loglike +0.27,ok,,0,noise,,,,,,,,,,,,,,,,
342,SYN-001951,SYN-001951,,0.0381426,0.035709055,False,4.060236,3.34,5.76,440.3,12.819,3.9025,0,flux_skew +0.93,log_duration_ratio -0.78,delta_loglike -0.31,ok,,0,noise,,,,,,,,,,,,,,,,
343,SYN-001942,SYN-001942,,0.0381059,0.035654489,False,5.3239862,3.544,2.688,473.7,5.9562,3.2215,0,flux_skew +0.47,log_duration_ratio +0.30,harmonic_delta_loglike -0.29,ok,,0,noise,,,,,,,,,,,,,,,,
344,SYN-000555,SYN-000555,,0.0378521,0.035277478,False,8.870264,3.52,2.688,884.24,12.216,3.2626,0,max_single_event_fraction -0.89,odd_even_sigma -0.70,log_depth +0.65,ok,,0,noise,,,,,,,,,,,,,,,,
345,SYN-001155,SYN-001155,,0.0377354,0.035104611,False,5.035308,3.752,3.84,1730.6,7.4334,3.2335,0,log_depth +0.67,log_duration_ratio +0.34,log_period +0.32,ok,,0,noise,,,,,,,,,,,,,,,,
346,SYN-000681,SYN-000681,,0.03772,0.03508182,False,1.1807283,0.856,5.76,203.98,5.1267,3.72,0,bls_depth_over_scatter +0.65,log_depth -0.51,max_single_event_fraction +0.50,ok,,0,noise,,,,,,,,,,,,,,,,
347,SYN-000522,SYN-000522,,0.0376176,0.034930552,False,0.98903822,0.204,0.96,570.25,6.172,4.6734,0,max_single_event_fraction +0.50,flat_bottom_fraction -0.29,log_period +0.28,ok,,0,noise,,,,,,,,,,,,,,,,
348,SYN-000175,SYN-000175,,0.0376043,0.034910811,False,0.52285828,0.04,1.728,164.22,10.072,6.8865,2,power_contrast +0.95,log_depth -0.63,log_duration_ratio +0.61,ok,,0,noise,,,,,,,,,,,,,,,,
349,SYN-000180,SYN-000180,,0.0375836,0.034880295,False,7.1171265,2.136,2.688,523.98,5.674,3.3044,0,log_scatter +0.36,harmonic_delta_loglike -0.28,log_duration_ratio +0.27,ok,,0,noise,,,,,,,,,,,,,,,,
350,SYN-000154,SYN-000154,,0.0375737,0.034865694,False,3.4236591,2.844,5.76,31738.0,3020.8,5.2857,0,odd_even_sigma -1.35,log_duration_ratio -0.81,flux_skew +0.75,ok,,0,eclipsing_binary,,,,,,,,,,,,,,,,
351,SYN-001862,SYN-001862,,0.0371576,0.034253405,False,9.5563752,1.168,5.76,108.4,7.8479,3.2335,0,log_depth -0.58,flux_skew +0.56,max_single_event_fraction +0.47,ok,,0,noise,,,,,,,,,,,,,,,,
352,SYN-000074,SYN-000074,,0.0369164,0.033900241,False,0.85494437,0.096,2.688,752.66,10.487,3.7654,0,log_depth +0.75,log_period +0.45,max_single_event_fraction +0.42,ok,,0,noise,,,,,,,,,,,,,,,,
353,SYN-000963,SYN-000963,,0.0365762,0.033404494,False,11.75365,5.376,3.84,2335.2,8.0909,3.5209,0,log_depth +0.56,log_period -0.54,log_duration_ratio +0.30,ok,,0,noise,,,,,,,,,,,,,,,,
354,SYN-001619,SYN-001619,,0.0364625,0.033239338,False,5.7579515,4.356,1.728,1084.4,5.2775,3.8376,0,log_depth +0.68,log_period +0.31,harmonic_delta_loglike -0.27,ok,,0,noise,,,,,,,,,,,,,,,,
355,SYN-000827,SYN-000827,,0.0363545,0.033082655,False,1.0887225,0.292,3.84,798.09,65.076,5.5982,1,log_duration_ratio -0.87,log_depth +0.66,harmonic_delta_loglike +0.54,ok,,0,noise,,,,,,,,,,,,,,,,
356,SYN-000954,SYN-000954,,0.0362981,0.033001113,False,5.8637764,5.8,1.728,787.62,7.3278,2.912,0,log_depth +0.64,bls_sde -0.63,log_scatter +0.32,ok,,0,noise,,,,,,,,,,,,,,,,
357,SYN-001570,SYN-001570,,0.0362579,0.032942961,False,13.46275,13.38,2.688,971.61,17.633,3.833,0,max_single_event_fraction -0.88,flux_skew +0.57,log_depth +0.55,ok,,0,noise,,,,,,,,,,,,,,,,
358,SYN-001491,SYN-001491,,0.0362352,0.03291013,False,2.3706334,0.268,3.84,764.65,9.0341,3.532,0,log_duration_ratio -0.76,log_depth +0.74,log_period +0.51,ok,,0,noise,,,,,,,,,,,,,,,,
359,SYN-000552,SYN-000552,,0.0361531,0.032791487,False,4.0669639,4.008,3.84,1676.7,7.2031,4.27,0,log_depth +0.71,log_duration_ratio +0.41,log_period +0.34,ok,,0,noise,,,,,,,,,,,,,,,,
360,SYN-001643,SYN-001643,,0.0361123,0.032732623,False,0.89848112,0.136,2.688,161.06,6.3945,3.2685,0,log_depth -0.72,max_single_event_fraction +0.59,log_period +0.39,ok,,0,noise,,,,,,,,,,,,,,,,
361,SYN-001690,SYN-001690,,0.0359777,0.032538548,False,6.9425519,5.632,0.96,1341.8,4.5807,3.5294,0,log_depth +0.68,log_period +0.28,odd_even_sigma +0.26,ok,,0,noise,,,,,,,,,,,,,,,,
362,SYN-001913,SYN-001913,,0.0359719,0.032530213,False,12.558398,10.568,3.84,440.47,10.244,3.1839,0,flux_skew +0.60,log_period -0.36,harmonic_delta_loglike +0.36,ok,,0,noise,,,,,,,,,,,,,,,,
363,SYN-000051,SYN-000051,,0.0358143,0.032303647,False,12.695339,10.6008333,3.84,4015.8,8.5957,3.9204,0,log_depth +0.48,flux_skew -0.39,harmonic_delta_loglike +0.39,ok,,0,noise,,,,,,,,,,,,,,,,
364,SYN-001305,SYN-001305,,0.0355391,0.031909239,False,12.454866,4.24,5.76,630.7,6.3758,3.7173,0,log_period -0.39,flux_skew +0.37,harmonic_delta_loglike -0.28,ok,,0,noise,,,,,,,,,,,,,,,,
365,SYN-001640,SYN-001640,,0.0353201,0.03159669,False,4.4473191,2.648,2.688,1693.1,5.312,3.639,0,log_depth +0.82,flux_skew -0.38,log_period +0.31,ok,,0,noise,,,,,,,,,,,,,,,,
366,SYN-000426,SYN-000426,,0.0351497,0.031354286,False,13.373886,6.28,5.76,1394.4,7.404,3.6797,0,log_depth +0.54,log_period -0.50,harmonic_delta_loglike -0.33,ok,,0,noise,,,,,,,,,,,,,,,,
367,SYN-000641,SYN-000641,,0.0344997,0.030435752,False,6.7722594,3.648,1.728,1056.0,5.0159,3.2794,0,log_depth +0.60,secondary_sigma +0.35,log_period +0.31,ok,,0,noise,,,,,,,,,,,,,,,,
368,SYN-000875,SYN-000875,,0.0343978,0.030292763,False,1.0515197,0.28,5.76,784.14,6.1021,3.3039,0,log_depth +0.55,log_period +0.45,log_duration_ratio -0.44,ok,,0,noise,,,,,,,,,,,,,,,,
369,SYN-000773,SYN-000773,,0.0343035,0.030160471,False,2.5371427,0.492,1.728,151.18,5.5133,3.257,0,log_depth -0.58,max_single_event_fraction +0.39,log_scatter -0.34,ok,,0,noise,,,,,,,,,,,,,,,,
370,SYN-000699,SYN-000699,,0.0342068,0.030025122,False,4.9855355,2.564,3.84,2577.6,9.4409,2.7027,0,bls_sde -0.73,log_depth +0.63,log_duration_ratio +0.36,ok,,0,noise,,,,,,,,,,,,,,,,
371,SYN-000953,SYN-000953,,0.0341855,0.029995427,False,0.5,0.104,3.84,291.03,5.7132,3.2483,0,bls_depth_over_scatter +0.78,max_single_event_fraction +0.45,log_depth -0.37,ok,,0,noise,,,,,,,,,,,,,,,,
372,SYN-000464,SYN-000464,,0.0339618,0.029683189,False,1.2364955,0.688,5.76,997.38,7.3966,3.1729,0,log_depth +0.61,log_period +0.58,log_duration_ratio -0.58,ok,,0,noise,,,,,,,,,,,,,,,,
373,SYN-000712,SYN-000712,,0.0339397,0.029652421,False,8.2470559,0.272,2.688,2847.6,13.722,4.3111,0,log_depth +0.72,delta_loglike -0.49,log_duration_ratio +0.43,ok,,0,noise,,,,,,,,,,,,,,,,
374,SYN-000915,SYN-000915,,0.0338514,0.029529615,False,3.0238676,1.812,0.96,2091.9,4.9343,3.7556,0,log_depth +0.82,log_period +0.41,harmonic_delta_loglike -0.27,ok,,0,noise,,,,,,,,,,,,,,,,
375,SYN-001027,SYN-001027,,0.0337997,0.029457772,False,13.079284,1.208,0.96,39291.0,21.25,5.7564,1,power_contrast +1.10,max_single_event_fraction -0.93,bls_sde +0.46,ok,,0,noise,,,,,,,,,,,,,,,,
376,SYN-000037,SYN-000037,,0.0337882,0.029441826,False,3.4620267,0.328,5.76,2691.8,15.813,3.1614,0,log_duration_ratio -0.85,flux_skew +0.66,log_depth +0.58,ok,,0,noise,,,,,,,,,,,,,,,,
377,SYN-000234,SYN-000234,,0.0337318,0.029363602,False,0.69052934,0.408,2.688,880.73,6.7767,4.5484,0,log_depth +0.67,log_duration_ratio -0.53,max_single_event_fraction +0.46,ok,,0,noise,,,,,,,,,,,,,,,,
378,SYN-001934,SYN-001934,,0.0336524,0.029253547,False,13.485058,5.444,5.76,489.6,10.599,3.238,0,secondary_sigma +0.36,flux_skew -0.36,harmonic_delta_loglike +0.35,ok,,0,noise,,,,,,,,,,,,,,,,
379,SYN-001664,SYN-001664,,0.033589,0.029165719,False,4.7596914,1.816,0.96,2990.3,5.4718,3.3135,0,log_depth +0.64,flux_skew +0.47,log_period +0.34,ok,,0,noise,,,,,,,,,,,,,,,,
380,SYN-000430,SYN-000430,,0.0335666,0.029134769,False,0.88372795,0.356,3.84,552.52,5.7854,2.8268,0,secondary_sigma -0.58,max_single_event_fraction +0.53,log_period +0.49,ok,,0,noise,,,,,,,,,,,,,,,,
381,SYN-001680,SYN-001680,,0.0335408,0.029099114,False,1.037684,0.54,0.96,534.3,5.2285,3.7512,0,max_single_event_fraction +0.51,log_period +0.34,log_scatter +0.30,ok,,0,noise,,,,,,,,,,,,,,,,
382,SYN-000878,SYN-000878,,0.033441,0.028961177,False,8.870264,7.064,2.688,3124.9,7.6364,3.4377,0,log_depth +0.62,log_period +0.41,harmonic_delta_loglike -0.32,ok,,0,noise,,,,,,,,,,,,,,,,
383,SYN-001977,SYN-001977,,0.0332648,0.028718422,False,0.97118882,0.204,3.84,1612.8,35.674,6.1588,2,secondary_sigma -1.11,log_duration_ratio -0.80,log_depth +0.73,ok,,0,noise,,,,,,,,,,,,,,,,
384,SYN-001372,SYN-001372,,0.033261,0.028713107,False,4.0737029,3.724,3.84,360.77,8.3389,4.6517,0,log_depth -0.77,log_duration_ratio +0.45,power_contrast +0.38,ok,,0,noise,,,,,,,,,,,,,,,,
385,SYN-001723,SYN-001723,,0.0330957,0.028485999,False,4.4917183,1.4,1.728,696.65,7.1388,3.4507,0,log_scatter +0.36,red_noise_beta +0.28,delta_loglike +0.27,ok,,0,noise,,,,,,,,,,,,,,,,
386,SYN-001649,SYN-001649,,0.0330831,0.028468745,False,5.0186622,1.516,1.728,6560.3,82.007,7.1357,1,secondary_sigma -1.88,harmonic_delta_loglike +0.56,flux_skew +0.54,ok,,0,eclipsing_binary,,,,,,,,,,,,,,,,
387,SYN-000862,SYN-000862,,0.0329955,0.028348736,False,0.90594981,0.86,3.84,1287.3,11.019,3.8345,0,log_depth +0.75,log_duration_ratio -0.61,max_single_event_fraction +0.54,ok,,0,noise,,,,,,,,,,,,,,,,
388,SYN-001154,SYN-001154,,0.0329937,0.02834621,False,2.5540009,0.828,2.688,2839.1,12.04,3.5876,0,log_depth +0.74,delta_loglike -0.53,log_period +0.42,ok,,0,noise,,,,,,,,,,,,,,,,
389,SYN-001303,SYN-001303,,0.0329221,0.028248194,False,1.2511699,0.416,0.96,15278.0,150.38,13.547,2,secondary_sigma -1.83,max_single_event_fraction +0.61,log_depth +0.56,ok,,0,eclipsing_binary,,,,,,,,,,,,,,,,
390,SYN-001666,SYN-001666,,0.0329108,0.02823282,False,2.339441,1.808,3.84,1161.7,9.9081,4.6686,0,log_depth +0.67,log_duration_ratio -0.65,log_period +0.49,ok,,0,noise,,,,,,,,,,,,,,,,
391,SYN-000913,SYN-000913,,0.0327243,0.027978206,False,0.98413792,0.548,0.96,12080.0,1216.9,12.473,2,secondary_sigma -1.67,odd_even_sigma -1.18,max_single_event_fraction +0.60,ok,,0,eclipsing_binary,,,,,,,,,,,,,,,,
392,SYN-001898,SYN-001898,,0.0326941,0.027936994,False,0.9631823,0.264,3.84,818.64,12.572,3.7207,0,log_duration_ratio -0.74,log_depth +0.70,secondary_sigma -0.64,ok,,0,noise,,,,,,,,,,,,,,,,
393,SYN-000469,SYN-000469,,0.0325541,0.027746483,False,6.7164286,4.568,3.84,222.24,9.4175,3.0263,0,log_depth -0.70,flux_skew +0.49,bls_sde +0.39,ok,,0,noise,,,,,,,,,,,,,,,,
394,SYN-001220,SYN-001220,,0.0325349,0.027720467,False,5.27423,5.032,0.96,2733.7,5.6284,3.2086,0,log_depth +0.61,log_scatter +0.31,log_period +0.30,ok,,0,noise,,,,,,,,,,,,,,,,
395,SYN-001277,SYN-001277,,0.0323586,0.027481395,False,10.009819,3.216,5.76,1281.0,11.292,3.4657,0,log_depth +0.56,log_period -0.52,flux_skew +0.41,ok,,0,noise,,,,,,,,,,,,,,,,
396,SYN-001501,SYN-001501,,0.0323225,0.02743241,False,1.2762763,0.816,5.76,120.56,4.8514,3.7045,0,bls_depth_over_scatter +0.63,max_single_event_fraction +0.49,log_depth -0.47,ok,,0,noise,,,,,,,,,,,,,,,,
397,SYN-001142,SYN-001142,,0.0321837,0.027244826,False,1.491194,1.276,1.728,889.15,7.1561,2.971,0,bls_sde -0.69,log_depth +0.68,log_period +0.54,ok,,0,noise,,,,,,,,,,,,,,,,
398,SYN-001994,SYN-001994,,0.0320203,0.027024712,False,6.1115774,3.936,5.76,2365.4,8.6441,3.5004,0,log_duration_ratio -0.74,log_depth +0.65,log_period +0.30,ok,,0,noise,,,,,,,,,,,,,,,,
399,SYN-001682,SYN-001682,,0.0319981,0.026994745,False,8.6957713,2.228,2.688,1013.5,7.3507,3.5648,0,log_depth +0.70,log_period +0.46,flux_skew -0.35,ok,,0,noise,,,,,,,,,,,,,,,,
400,SYN-000571,SYN-000571,,0.0319337,0.026908141,False,1.2527132,0.88,1.728,32508.0,1448.4,11.132,3,secondary_sigma -1.75,odd_even_sigma -1.13,log_depth +0.54,ok,,0,eclipsing_binary,,,,,,,,,,,,,,,,
401,SYN-000216,SYN-000216,,0.0317347,0.026641333,False,3.3066692,1.848,2.688,4759.5,76.906,7.2851,2,secondary_sigma -1.65,odd_even_sigma -0.60,harmonic_delta_loglike +0.56,ok,,0,eclipsing_binary,,,,,,,,,,,,,,,,
402,SYN-000978,SYN-000978,,0.0317223,0.02662474,False,0.62834339,0.192,2.688,242.92,5.0744,3.5259,0,bls_depth_over_scatter +0.65,log_depth -0.53,max_single_event_fraction +0.47,ok,,0,noise,,,,,,,,,,,,,,,,
403,SYN-001600,SYN-001600,,0.0316849,0.026574618,False,1.2954362,0.848,5.76,146.1,7.1772,3.1142,0,log_depth -0.60,max_single_event_fraction +0.39,log_period +0.33,ok,,0,noise,,,,,,,,,,,,,,,,
404,SYN-000574,SYN-000574,,0.0315542,0.026400108,False,2.9012614,0.492,5.76,816.9,6.1965,3.0756,0,log_depth +0.53,log_duration_ratio -0.53,log_period +0.43,ok,,0,noise,,,,,,,,,,,,,,,,
405,SYN-001094,SYN-001094,,0.0315507,0.026395332,False,3.3898173,2.996,2.688,950.65,6.0159,4.1187,0,log_depth +0.69,log_period +0.37,log_duration_ratio +0.31,ok,,0,noise,,,,,,,,,,,,,,,,
406,SYN-000016,SYN-000016,,0.0313702,0.026154892,False,0.96637695,0.24,3.84,29.59,5.7955,3.4124,0,log_depth -0.69,max_single_event_fraction +0.60,log_period +0.42,ok,,0,noise,,,,,,,,,,,,,,,,
407,SYN-000732,SYN-000732,,0.0313655,0.026148733,False,5.644683,2.648,3.84,775.7,6.2433,3.3388,0,log_depth +0.62,harmonic_amp_over_depth -0.50,harmonic_delta_loglike -0.29,ok,,0,noise,,,,,,,,,,,,,,,,
408,SYN-001616,SYN-001616,,0.0313274,0.026098089,False,5.4517985,1.716,2.688,762.99,5.5948,3.7778,0,log_depth +0.66,flux_skew -0.31,log_period +0.30,ok,,0,noise,,,,,,,,,,,,,,,,
409,SYN-000884,SYN-000884,,0.0312526,0.025998806,False,12.683773,10.5,5.76,1234.1,5.8491,3.7506,0,log_depth +0.52,flux_skew +0.50,log_period -0.39,ok,,0,noise,,,,,,,,,,,,,,,,
410,SYN-001121,SYN-001121,,0.0312263,0.025963821,False,3.6039657,0.328,2.688,1306.0,8.146,2.8961,0,bls_sde -0.65,log_depth +0.64,log_period +0.33,ok,,0,noise,,,,,,,,,,,,,,,,
411,SYN-000918,SYN-000918,,0.0311476,0.025859515,False,6.1318481,5.448,2.688,1710.4,14.336,2.8789,0,bls_sde -0.80,flux_skew +0.66,log_depth +0.62,ok,,0,noise,,,,,,,,,,,,,,,,
412,SYN-001290,SYN-001290,,0.0311452,0.025856397,False,1.3887228,1.072,5.76,905.81,6.8119,3.3626,0,log_depth +0.64,log_duration_ratio -0.58,max_single_event_fraction +0.57,ok,,0,noise,,,,,,,,,,,,,,,,
413,SYN-001712,SYN-001712,,0.0311173,0.025819483,False,1.1050668,0.54,5.76,219.4,9.7617,3.1175,0,log_depth -0.55,log_period +0.50,max_single_event_fraction +0.41,ok,,0,noise,,,,,,,,,,,,,,,,
414,SYN-000663,SYN-000663,,0.0307679,0.025358511,False,2.9448161,0.744,2.688,817.2,5.2697,3.9434,0,log_depth +0.67,harmonic_amp_over_depth -0.43,log_period +0.41,ok,,0,noise,,,,,,,,,,,,,,,,
415,SYN-000190,SYN-000190,,0.0307537,0.025339891,False,11.036958,1.396,2.688,1951.1,15.691,3.623,0,flux_skew +0.62,log_depth +0.56,log_period -0.51,ok,,0,noise,,,,,,,,,,,,,,,,
416,SYN-001746,SYN-001746,,0.0307214,0.025297451,False,7.9916645,0.232,1.728,1240.4,5.1168,3.7224,0,log_depth +0.68,harmonic_amp_over_depth -0.47,log_duration_ratio +0.33,ok,,0,noise,,,,,,,,,,,,,,,,
417,SYN-000842,SYN-000842,,0.0306641,0.025222214,False,6.9196011,0.992,3.84,1517.5,7.1462,3.4326,0,log_depth +0.71,flux_skew -0.33,harmonic_delta_loglike -0.33,ok,,0,noise,,,,,,,,,,,,,,,,
418,SYN-000806,SYN-000806,,0.0306029,0.025141896,False,3.4578387,2.56,2.688,70.041,6.4298,3.3995,0,log_depth -0.79,flux_skew +0.63,secondary_sigma +0.33,ok,,0,noise,,,,,,,,,,,,,,,,
419,SYN-001780,SYN-001780,,0.030485,0.024987644,False,7.1289196,5.06,1.728,3575.0,13.348,3.9412,0,log_depth +0.67,delta_loglike -0.49,flux_skew -0.34,ok,,0,noise,,,,,,,,,,,,,,,,
420,SYN-001411,SYN-001411,,0.0304104,0.024890061,False,1.9824783,1.324,1.728,31259.0,797.78,9.3971,2,secondary_sigma -1.80,odd_even_sigma -1.10,max_single_event_fraction +0.54,ok,,0,eclipsing_binary,,,,,,,,,,,,,,,,
421,SYN-001886,SYN-001886,,0.0303538,0.024816302,False,1.1555866,0.28,5.76,256.98,6.6972,3.0541,0,log_depth -0.53,max_single_event_fraction +0.42,log_period +0.36,ok,,0,noise,,,,,,,,,,,,,,,,
422,SYN-000891,SYN-000891,,0.0303007,0.024747064,False,0.83259399,0.128,3.84,303.15,5.6228,3.2661,0,log_depth -0.62,secondary_sigma -0.60,max_single_event_fraction +0.49,ok,,0,noise,,,,,,,,,,,,,,,,
423,SYN-000787,SYN-000787,,0.0300463,0.024416376,False,12.725842,8.876,5.76,1425.1,8.0016,3.4711,0,log_depth +0.53,log_period -0.51,harmonic_amp_over_depth -0.46,ok,,0,noise,,,,,,,,,,,,,,,,
424,SYN-000441,SYN-000441,,0.0298908,0.024215056,False,11.000472,10.132,2.688,12778.0,261.32,5.0171,0,secondary_sigma -1.84,power_contrast +0.84,harmonic_delta_loglike +0.58,ok,,0,eclipsing_binary,,,,,,,,,,,,,,,,
425,SYN-001464,SYN-001464,,0.0298576,0.024172057,False,8.3018539,4.64,0.96,2657.9,5.4626,3.8184,0,log_depth +0.70,log_period +0.33,log_scatter +0.29,ok,,0,noise,,,,,,,,,,,,,,,,
426,SYN-000232,SYN-000232,,0.0297077,0.023978705,False,6.2445449,5.872,3.84,1978.4,7.4844,4.2475,0,log_depth +0.72,harmonic_delta_loglike -0.34,flux_skew -0.31,ok,,0,noise,,,,,,,,,,,,,,,,
427,SYN-000475,SYN-000475,,0.0296746,0.023936156,False,1.8340608,1.764,2.688,1552.3,11.37,3.0867,0,log_depth +0.71,delta_loglike -0.58,log_period +0.46,ok,,1,planet,,,,,,,,,,,,,,,,
428,SYN-000116,SYN-000116,,0.0296259,0.023873426,False,6.1521861,0.044,1.728,1667.6,5.152,3.61,0,log_depth +0.71,flux_skew -0.30,log_period +0.29,ok,,0,noise,,,,,,,,,,,,,,,,
429,SYN-000628,SYN-000628,,0.0295352,0.023756938,False,8.3847343,3.832,3.84,2878.2,72.443,5.6713,2,secondary_sigma -1.69,odd_even_sigma -0.58,harmonic_delta_loglike +0.57,ok,,0,eclipsing_binary,,,,,,,,,,,,,,,,
430,SYN-001998,SYN-001998,,0.0295211,0.023738793,False,1.2633913,0.596833333,5.76,1041.4,8.2655,5.3425,0,log_duration_ratio -0.75,log_depth +0.65,bls_sde +0.50,ok,,0,noise,,,,,,,,,,,,,,,,
431,SYN-000531,SYN-000531,,0.0294037,0.023588395,False,1.2467716,0.832,1.728,183.74,6.1563,3.3347,0,log_depth -0.79,max_single_event_fraction +0.54,red_noise_beta +0.38,ok,,0,noise,,,,,,,,,,,,,,,,
432,SYN-000162,SYN-000162,,0.0293591,0.023531302,False,1.2911538,1.068,0.96,170.22,6.5878,4.4381,0,log_depth -0.89,max_single_event_fraction +0.53,log_period +0.38,ok,,0,noise,,,,,,,,,,,,,,,,
433,SYN-000661,SYN-000661,,0.0291948,0.023321469,False,5.0687653,2.696,1.728,134.11,5.6845,4.7448,0,log_depth -0.78,flux_skew +0.66,bls_sde +0.37,ok,,0,noise,,,,,,,,,,,,,,,,
434,SYN-000657,SYN-000657,,0.029082,0.023177817,False,5.7770493,1.908,2.688,2214.3,6.3967,3.649,0,log_depth +0.71,harmonic_delta_loglike -0.28,log_duration_ratio +0.28,ok,,0,noise,,,,,,,,,,,,,,,,
435,SYN-001037,SYN-001037,,0.0290774,0.023172008,False,5.6727895,1.252,2.688,1568.8,4.8933,4.0211,0,log_depth +0.71,log_scatter +0.32,harmonic_delta_loglike -0.28,ok,,0,noise,,,,,,,,,,,,,,,,
436,SYN-001796,SYN-001796,,0.0290628,0.023153412,False,5.4068536,2.556,5.76,2470.4,10.094,3.5628,0,log_duration_ratio -0.76,log_depth +0.65,delta_loglike -0.50,ok,,0,noise,,,,,,,,,,,,,,,,
437,SYN-000515,SYN-000515,,0.0290574,0.023146569,False,2.1607193,1.16,1.728,612.23,5.6294,3.9894,0,max_single_event_fraction +0.42,log_period +0.39,flux_skew -0.27,ok,,0,eclipsing_binary,,,,,,,,,,,,,,,,
438,SYN-000211,SYN-000211,,0.0290028,0.023077185,False,8.6470143,2.30483333,1.728,4331.6,183.82,5.3015,0,secondary_sigma -1.22,odd_even_sigma -0.98,log_depth +0.52,ok,,0,eclipsing_binary,,,,,,,,,,,,,,,,
439,SYN-000338,SYN-000338,,0.0289913,0.02306256,False,7.1171265,6.788,2.688,517.34,8.8099,4.3104,0,log_duration_ratio +0.40,harmonic_delta_loglike +0.34,flux_skew -0.32,ok,,0,noise,,,,,,,,,,,,,,,,
440,SYN-001721,SYN-001721,,0.0289441,0.023002626,False,2.6312596,0.164,3.84,670.39,7.166,3.654,0,log_period +0.33,flux_skew -0.31,log_scatter +0.28,ok,,0,noise,,,,,,,,,,,,,,,,
441,SYN-000166,SYN-000166,,0.0288726,0.022912097,False,9.3528877,6.248,3.84,1048.4,10.44,3.4437,0,log_depth +0.55,log_period -0.51,log_duration_ratio +0.37,ok,,0,noise,,,,,,,,,,,,,,,,
442,SYN-001894,SYN-001894,,0.0287468,0.022752873,False,1.0392285,0.284,3.84,727.04,7.725,4.6134,0,log_duration_ratio -0.51,max_single_event_fraction +0.45,log_period +0.40,ok,,0,noise,,,,,,,,,,,,,,,,
443,SYN-001164,SYN-001164,,0.0287353,0.022738368,False,7.1481884,5.04483333,5.76,485.26,8.1458,4.6189,0,log_duration_ratio -0.82,log_scatter +0.34,delta_loglike +0.27,ok,,0,noise,,,,,,,,,,,,,,,,
444,SYN-001029,SYN-001029,,0.0286063,0.022575665,False,7.1644166,2.78,3.84,39478.0,419.13,6.0141,2,secondary_sigma -1.65,harmonic_delta_loglike +0.57,odd_even_sigma -0.55,ok,,0,eclipsing_binary,,,,,,,,,,,,,,,,
445,SYN-000854,SYN-000854,,0.0284101,0.022328983,False,1.2657546,0.584,5.76,867.41,7.5324,3.9045,0,log_depth +0.64,max_single_event_fraction +0.50,log_period +0.48,ok,,0,noise,,,,,,,,,,,,,,,,
446,SYN-000507,SYN-000507,,0.0283267,0.022224484,False,7.1644166,3.76,1.728,1461.6,9.8951,3.238,0,log_depth +0.69,delta_loglike -0.52,flux_skew -0.32,ok,,0,noise,,,,,,,,,,,,,,,,
447,SYN-000951,SYN-000951,,0.0282993,0.022190162,False,8.6526871,5.196,2.688,485.51,9.3135,3.5041,0,max_single_event_fraction -0.96,flux_skew +0.58,log_period +0.37,ok,,0,noise,,,,,,,,,,,,,,,,
448,SYN-000365,SYN-000365,,0.0281696,0.022028029,False,12.129264,11.88,3.84,2880.8,7.6799,3.1217,0,log_period -0.48,log_depth +0.46,harmonic_amp_over_depth -0.45,ok,,0,noise,,,,,,,,,,,,,,,,
449,SYN-001917,SYN-001917,,0.0281042,0.021946475,False,1.1422713,0.788,1.728,405.0,5.2902,3.6598,0,max_single_event_fraction +0.54,power_contrast -0.41,log_depth -0.40,ok,,0,noise,,,,,,,,,,,,,,,,
450,SYN-000736,SYN-000736,,0.0279908,0.02180523,False,7.5792821,5.384,5.76,1150.9,14.185,4.4617,0,log_duration_ratio -0.98,log_depth +0.64,flux_skew -0.38,ok,,0,noise,,,,,,,,,,,,,,,,
451,SYN-001082,SYN-001082,,0.0279359,0.021737021,False,6.9655788,3.62,1.728,1494.3,5.0846,3.1976,0,log_depth +0.65,log_period +0.29,harmonic_delta_loglike -0.27,ok,,0,noise,,,,,,,,,,,,,,,,
452,SYN-001556,SYN-001556,,0.0279086,0.021703152,False,2.7243535,1.66,1.728,1205.2,4.9377,3.3634,0,log_depth +0.62,harmonic_amp_over_depth -0.49,log_period +0.45,ok,,0,noise,,,,,,,,,,,,,,,,
453,SYN-000579,SYN-000579,,0.0278669,0.021651355,False,12.200886,6.27683333,3.84,741.71,6.0657,3.4474,0,log_depth +0.54,log_period -0.53,log_scatter +0.39,ok,,0,noise,,,,,,,,,,,,,,,,
454,SYN-000835,SYN-000835,,0.0278187,0.021591639,False,1.079747,0.228,1.728,36766.0,608.84,12.721,3,secondary_sigma -1.76,odd_even_sigma -1.09,max_single_event_fraction +0.60,ok,,0,eclipsing_binary,,,,,,,,,,,,,,,,
455,SYN-001237,SYN-001237,,0.0277292,0.021480813,False,0.56610599,0.176,2.688,81.868,4.7257,3.4825,0,bls_depth_over_scatter +0.68,max_single_event_fraction +0.49,log_depth -0.48,ok,,0,noise,,,,,,,,,,,,,,,,
456,SYN-001716,SYN-001716,,0.0277215,0.021471231,False,1.5932929,0.176,2.688,212.21,8.5131,3.2286,0,log_depth -0.80,max_single_event_fraction +0.51,log_period +0.37,ok,,0,noise,,,,,,,,,,,,,,,,
457,SYN-001739,SYN-001739,,0.027705,0.021450837,False,4.1692301,1.692,3.84,1662.6,13.434,4.031,0,log_depth +0.74,delta_loglike -0.53,log_duration_ratio +0.41,ok,,0,noise,,,,,,,,,,,,,,,,
458,SYN-000414,SYN-000414,,0.0276636,0.021399721,False,10.312617,8.424,3.84,5480.7,11.636,4.1392,0,log_depth +0.51,log_period -0.46,log_duration_ratio +0.34,ok,,1,planet,,,,,,,,,,,,,,,,
459,SYN-000438,SYN-000438,,0.0276635,0.021399621,False,3.236259,1.76,3.84,569.87,6.7148,3.6047,0,flux_skew -0.33,log_period +0.31,delta_loglike +0.31,ok,,0,noise,,,,,,,,,,,,,,,,
460,SYN-001821,SYN-001821,,0.0275051,0.021204234,False,4.5742713,3.968,1.728,12399.0,279.85,6.8975,2,secondary_sigma -1.90,harmonic_delta_loglike +0.56,flux_skew +0.53,ok,,0,eclipsing_binary,,,,,,,,,,,,,,,,
461,SYN-001025,SYN-001025,,0.0274353,0.02111848,False,0.85920138,0.54,0.96,3710.8,45.674,9.8797,2,secondary_sigma -1.47,odd_even_sigma -1.17,max_single_event_fraction +0.54,ok,,0,eclipsing_binary,,,,,,,,,,,,,,,,
462,SYN-001944,SYN-001944,,0.0273834,0.021054734,False,9.8876877,9.304,3.84,2628.8,6.1959,4.1067,0,log_depth +0.55,log_period -0.37,harmonic_delta_loglike -0.35,ok,,0,noise,,,,,,,,,,,,,,,,
463,SYN-000802,SYN-000802,,0.0273629,0.021029462,False,3.6159192,1.66,2.688,1072.0,6.4753,3.1952,0,log_depth +0.62,harmonic_amp_over_depth -0.47,log_period +0.35,ok,,0,noise,,,,,,,,,,,,,,,,
464,SYN-000605,SYN-000605,,0.0273455,0.021008223,False,5.6821894,0.816,1.728,3445.6,206.42,6.9817,1,secondary_sigma -1.86,harmonic_delta_loglike +0.58,flux_skew +0.53,ok,,0,eclipsing_binary,,,,,,,,,,,,,,,,
465,SYN-001799,SYN-001799,,0.027321,0.020978139,False,5.4517985,4.476,2.688,576.83,8.3278,4.1486,0,log_duration_ratio +0.38,flux_skew -0.30,bls_sde -0.24,ok,,0,eclipsing_binary,,,,,,,,,,,,,,,,
466,SYN-001130,SYN-001130,,0.027245,0.020884985,False,8.3847343,3.108,3.84,564.7,9.2156,3.5832,0,log_duration_ratio +0.42,flux_skew -0.32,harmonic_delta_loglike +0.31,ok,,0,noise,,,,,,,,,,,,,,,,
467,SYN-000046,SYN-000046,,0.0272016,0.020831979,False,2.7561111,2.564,3.84,842.04,5.2129,3.6374,0,log_depth +0.62,harmonic_amp_over_depth -0.49,log_period +0.45,ok,,1,planet,,,,,,,,,,,,,,,,
468,SYN-001701,SYN-001701,,0.0271668,0.020789374,False,13.154285,2.664,5.76,846.81,6.0577,3.0049,0,bls_sde +0.56,log_period -0.54,flux_skew -0.40,ok,,0,noise,,,,,,,,,,,,,,,,
469,SYN-000178,SYN-000178,,0.027126,0.020739581,False,7.6044209,4.808,5.76,1791.6,5.3265,3.0368,0,log_depth +0.67,log_duration_ratio -0.44,flux_skew -0.34,ok,,0,noise,,,,,,,,,,,,,,,,
470,SYN-001774,SYN-001774,,0.0269996,0.020585444,False,0.61598284,0.544,3.84,543.34,6.4041,3.6694,0,max_single_event_fraction +0.51,log_duration_ratio -0.45,red_noise_beta +0.37,ok,,0,noise,,,,,,,,,,,,,,,,
471,SYN-000473,SYN-000473,,0.0269841,0.020566587,False,1.3062046,0.124,5.76,262.01,5.6822,3.6492,0,log_depth -0.65,max_single_event_fraction +0.51,log_duration_ratio -0.36,ok,,1,planet,,,,,,,,,,,,,,,,
472,SYN-001090,SYN-001090,,0.0269247,0.020494331,False,1.1498612,0.308,2.688,217.0,8.0527,4.3058,0,log_depth -0.83,max_single_event_fraction +0.54,log_period +0.46,ok,,0,noise,,,,,,,,,,,,,,,,
473,SYN-001691,SYN-001691,,0.0268516,0.020405525,False,0.69857879,0.144,5.76,270.67,5.5226,3.6574,0,bls_depth_over_scatter +0.66,log_depth -0.45,max_single_event_fraction +0.43,ok,,0,noise,,,,,,,,,,,,,,,,
474,SYN-000050,SYN-000050,,0.0267555,0.020288994,False,9.1840939,2.388,2.688,1731.8,10.452,3.6463,0,log_period -0.57,log_depth +0.56,log_duration_ratio +0.35,ok,,0,noise,,,,,,,,,,,,,,,,
475,SYN-000263,SYN-000263,,0.0266206,0.020125947,False,11.221211,4.408,2.688,773.22,12.345,3.2171,0,log_period -0.54,log_depth +0.50,delta_loglike -0.39,ok,,0,noise,,,,,,,,,,,,,,,,
476,SYN-001948,SYN-001948,,0.0265873,0.020085717,False,10.819842,2.236,2.688,4107.7,18.935,3.6698,0,max_single_event_fraction -0.95,log_period -0.49,log_depth +0.46,ok,,0,noise,,,,,,,,,,,,,,,,
477,SYN-000885,SYN-000885,,0.0265692,0.020063918,False,1.2783911,0.372,5.76,1089.8,11.589,4.8831,0,log_duration_ratio -0.81,log_depth +0.67,log_period +0.44,ok,,1,planet,,,,,,,,,,,,,,,,
478,SYN-001681,SYN-001681,,0.0264306,0.019897026,False,0.53778367,0.1,1.728,206.13,29.482,4.35,0,power_contrast +0.99,log_depth -0.72,harmonic_delta_loglike +0.68,ok,,0,noise,,,,,,,,,,,,,,,,
479,SYN-000922,SYN-000922,,0.0263772,0.019832798,False,3.3271893,1.06483333,5.76,938.7,8.0058,3.1412,0,log_duration_ratio -0.69,log_depth +0.56,log_period +0.35,ok,,0,noise,,,,,,,,,,,,,,,,
480,SYN-000260,SYN-000260,,0.0263612,0.019813617,False,1.037684,0.092,3.84,378.94,7.9148,3.0402,0,log_duration_ratio -0.46,log_period +0.42,max_single_event_fraction +0.39,ok,,0,noise,,,,,,,,,,,,,,,,
481,SYN-001238,SYN-001238,,0.0262692,0.019703275,False,3.2042696,2.264,1.728,2429.6,9.9769,2.6792,0,bls_sde -0.84,flux_skew +0.64,log_depth +0.51,ok,,0,noise,,,,,,,,,,,,,,,,
482,SYN-001779,SYN-001779,,0.0261725,0.019587673,False,0.87644245,0.504,3.84,48.433,5.2004,3.4021,0,log_depth -0.61,max_single_event_fraction +0.54,log_period +0.50,ok,,0,noise,,,,,,,,,,,,,,,,
483,SYN-001458,SYN-001458,,0.0261334,0.01954087,False,1.0105564,0.908,5.76,813.01,6.5213,4.0176,0,log_depth +0.67,log_duration_ratio -0.46,max_single_event_fraction +0.44,ok,,0,noise,,,,,,,,,,,,,,,,
484,SYN-000837,SYN-000837,,0.0260914,0.019490721,False,5.4698808,1.116,3.84,1395.3,13.591,2.7147,0,bls_sde -0.71,log_depth +0.62,delta_loglike -0.44,ok,,0,noise,,,,,,,,,,,,,,,,
485,SYN-001133,SYN-001133,,0.0259866,0.019365827,False,6.7164286,5.768,2.688,1941.0,5.2866,3.9857,0,log_depth +0.71,log_scatter +0.32,log_period +0.30,ok,,0,noise,,,,,,,,,,,,,,,,
486,SYN-000909,SYN-000909,,0.0259665,0.019341995,False,6.4654768,4.736,5.76,2036.2,13.8,4.0174,0,log_duration_ratio -0.82,log_depth +0.66,flux_skew +0.45,ok,,0,noise,,,,,,,,,,,,,,,,
487,SYN-000829,SYN-000829,,0.0259515,0.019324153,False,0.66362885,0.316,5.76,82.038,6.0505,3.2753,0,bls_depth_over_scatter +0.70,max_single_event_fraction +0.57,flux_skew +0.44,ok,,0,noise,,,,,,,,,,,,,,,,
488,SYN-000096,SYN-000096,,0.0257917,0.019134472,False,1.121448,0.364,2.688,6828.4,541.25,12.068,2,secondary_sigma -1.66,odd_even_sigma -1.10,max_single_event_fraction +0.56,ok,,0,eclipsing_binary,,,,,,,,,,,,,,,,
489,SYN-001841,SYN-001841,,0.0256585,0.018976767,False,13.385918,0.964833333,3.84,3457.9,8.8866,3.797,0,max_single_event_fraction -0.56,log_depth +0.49,log_period -0.46,ok,,0,noise,,,,,,,,,,,,,,,,
490,SYN-001838,SYN-001838,,0.025567,0.018868826,False,1.0905265,0.36,1.728,216.69,4.6235,3.2999,0,log_depth -0.72,max_single_event_fraction +0.55,log_period +0.49,ok,,0,noise,,,,,,,,,,,,,,,,
491,SYN-000912,SYN-000912,,0.0255309,0.018826333,False,10.193789,9.584,5.76,1450.7,8.7872,3.7272,0,log_depth +0.56,log_period -0.52,harmonic_delta_loglike +0.32,ok,,1,planet,,,,,,,,,,,,,,,,
492,SYN-000420,SYN-000420,,0.0253126,0.018569852,False,2.6443614,1.42,5.76,729.71,6.0084,2.7581,0,log_depth +0.62,bls_sde -0.57,max_single_event_fraction +0.54,ok,,0,noise,,,,,,,,,,,,,,,,
493,SYN-000541,SYN-000541,,0.0252444,0.018489936,False,0.84930115,0.708,5.76,820.7,9.8151,2.6204,0,log_period +0.62,bls_sde -0.55,log_depth +0.54,ok,,0,noise,,,,,,,,,,,,,,,,
494,SYN-000668,SYN-000668,,0.0252362,0.018480363,False,1.1984539,0.64,5.76,344.79,6.9535,3.3015,0,log_depth -0.55,max_single_event_fraction +0.52,log_period +0.35,ok,,0,noise,,,,,,,,,,,,,,,,
495,SYN-000184,SYN-000184,,0.0251696,0.01840259,False,1.0673055,0.036,0.96,17138.0,682.02,12.822,2,secondary_sigma -1.69,odd_even_sigma -1.28,max_single_event_fraction +0.56,ok,,0,eclipsing_binary,,,,,,,,,,,,,,,,
496,SYN-000986,SYN-000986,,0.0251455,0.018374386,False,2.6929619,0.396,3.84,897.59,10.525,3.285,0,log_depth +0.59,delta_loglike -0.53,harmonic_amp_over_depth -0.44,ok,,0,noise,,,,,,,,,,,,,,,,
497,SYN-000777,SYN-000777,,0.0250854,0.018304304,False,7.7827424,3.388,2.688,3298.6,8.1712,3.6229,0,log_depth +0.64,flux_skew -0.36,log_duration_ratio +0.32,ok,,0,noise,,,,,,,,,,,,,,,,
498,SYN-000139,SYN-000139,,0.0250735,0.018290422,False,12.579207,8.668,1.728,9239.8,11.936,3.4334,0,max_single_event_fraction -0.96,log_period -0.52,log_depth +0.47,ok,,0,noise,,,,,,,,,,,,,,,,
499,SYN-000168,SYN-000168,,0.0250331,0.018243326,False,12.916887,3.672,5.76,1300.7,6.7428,3.3082,0,log_period -0.51,log_depth +0.47,harmonic_delta_loglike -0.33,ok,,0,noise,,,,,,,,,,,,,,,,
500,SYN-001208,SYN-001208,,0.0249549,0.018152426,False,6.4121752,0.512,1.728,1242.4,6.1934,3.5014,0,log_depth +0.72,flux_skew -0.34,log_period +0.31,ok,,0,noise,,,,,,,,,,,,,,,,
501,SYN-001138,SYN-001138,,0.024897,0.018085193,False,6.2652566,1.32,0.96,1769.9,5.3829,4.1365,0,log_depth +0.79,log_period +0.30,harmonic_delta_loglike -0.27,ok,,0,noise,,,,,,,,,,,,,,,,
502,SYN-000723,SYN-000723,,0.0248471,0.01802727,False,5.3800647,0.912,0.96,1644.5,5.2817,4.027,0,log_depth +0.68,secondary_sigma +0.34,log_period +0.33,ok,,0,noise,,,,,,,,,,,,,,,,
503,SYN-000653,SYN-000653,,0.0248304,0.01800792,False,7.731371,3.024,5.76,1112.1,10.406,3.777,0,log_duration_ratio -0.87,log_depth +0.64,log_period +0.32,ok,,0,noise,,,,,,,,,,,,,,,,
504,SYN-000254,SYN-000254,,0.0248098,0.01798407,False,12.270654,4.12,2.688,587.64,4.8211,3.0212,0,bls_sde +0.62,flux_skew +0.44,max_single_event_fraction +0.38,ok,,0,noise,,,,,,,,,,,,,,,,
505,SYN-000418,SYN-000418,,0.0246446,0.017793182,False,2.7790215,0.06,1.728,996.64,5.4844,4.2669,0,log_depth +0.67,log_period +0.46,log_scatter +0.31,ok,,0,noise,,,,,,,,,,,,,,,,
506,SYN-001144,SYN-001144,,0.0246208,0.017765703,False,4.4620699,2.5,0.96,869.08,6.4805,3.2526,0,log_depth +0.65,log_period +0.37,log_duration_ratio -0.25,ok,,0,noise,,,,,,,,,,,,,,,,
507,SYN-001904,SYN-001904,,0.0245445,0.017677852,False,6.2548922,5.612,1.728,735.46,5.2325,3.4372,0,log_depth +0.68,flux_skew -0.33,log_scatter +0.32,ok,,0,noise,,,,,,,,,,,,,,,,
508,SYN-001826,SYN-001826,,0.0245434,0.017676552,False,1.147959,0.128,5.76,215.9,6.5407,3.1657,0,log_depth -0.61,max_single_event_fraction +0.49,log_period +0.45,ok,,0,noise,,,,,,,,,,,,,,,,
509,SYN-001409,SYN-001409,,0.0245362,0.017668276,False,12.558398,3.164,5.76,1283.0,6.8174,2.831,0,bls_sde -0.67,flux_skew +0.53,log_depth +0.47,ok,,0,noise,,,,,,,,,,,,,,,,
510,SYN-001802,SYN-001802,,0.0244962,0.017622303,False,3.9085299,0.728,2.688,1769.3,7.5702,3.4424,0,log_depth +0.73,flux_skew -0.34,log_period +0.32,ok,,0,noise,,,,,,,,,,,,,,,,
511,SYN-001508,SYN-001508,,0.0244576,0.017578016,False,5.6916049,5.164,5.76,813.33,6.6073,4.2337,0,log_duration_ratio -0.67,log_depth +0.61,flux_skew +0.35,ok,,0,noise,,,,,,,,,,,,,,,,
512,SYN-000529,SYN-000529,,0.0244173,0.017531789,False,2.4463922,0.628,2.688,1127.1,5.7787,2.6373,0,secondary_sigma -0.69,log_depth +0.67,bls_sde -0.64,ok,,0,noise,,,,,,,,,,,,,,,,
513,SYN-001170,SYN-001170,,0.0243279,0.017429292,False,11.389668,8.944,1.728,1693.1,12.466,3.5059,0,log_depth +0.55,delta_loglike -0.50,log_period -0.49,ok,,0,noise,,,,,,,,,,,,,,,,
514,SYN-000525,SYN-000525,,0.024326,0.017427172,False,5.27423,1.576,3.84,856.59,5.9499,3.1872,0,log_depth +0.61,harmonic_amp_over_depth -0.49,log_period +0.39,ok,,0,noise,,,,,,,,,,,,,,,,
515,SYN-001003,SYN-001003,,0.0243094,0.017408149,False,7.8865117,7.488,2.688,147.44,9.4821,3.5321,0,log_depth -0.81,log_duration_ratio +0.38,harmonic_delta_loglike +0.32,ok,,0,noise,,,,,,,,,,,,,,,,
516,SYN-000894,SYN-000894,,0.0242828,0.017377745,False,7.1053528,4.588,5.76,656.35,8.3651,3.2092,0,log_duration_ratio -0.74,secondary_sigma +0.33,flux_skew +0.31,ok,,0,noise,,,,,,,,,,,,,,,,
517,SYN-000335,SYN-000335,,0.0240989,0.017167919,False,1.4498081,0.748,5.76,237.93,6.5369,2.7904,0,log_depth -0.60,bls_sde -0.39,max_single_event_fraction +0.38,ok,,0,noise,,,,,,,,,,,,,,,,
518,SYN-001442,SYN-001442,,0.0240406,0.017101621,False,7.0234806,3.46,1.728,3223.4,11.714,3.2361,0,log_depth +0.59,odd_even_sigma -0.57,secondary_sigma +0.57,ok,,0,noise,,,,,,,,,,,,,,,,
519,SYN-001580,SYN-001580,,0.0239719,0.01702357,False,13.154285,2.456,5.76,3001.3,7.7116,3.6731,0,log_depth +0.54,log_period -0.34,harmonic_delta_loglike +0.24,ok,,0,noise,,,,,,,,,,,,,,,,
520,SYN-000880,SYN-000880,,0.0239596,0.017009647,False,7.3112539,2.872,1.728,5211.4,12.338,3.6552,0,log_depth +0.68,delta_loglike -0.50,flux_skew -0.38,ok,,0,noise,,,,,,,,,,,,,,,,
521,SYN-001363,SYN-001363,,0.0238696,0.016907721,False,11.910365,6.252,5.76,481.18,23.279,2.8195,0,bls_sde -0.70,flux_skew +0.64,harmonic_delta_loglike +0.59,ok,,0,noise,,,,,,,,,,,,,,,,
522,SYN-000355,SYN-000355,,0.0238502,0.016885727,False,11.221211,1.04,5.76,511.11,9.8258,3.2591,0,log_period -0.41,harmonic_delta_loglike +0.33,log_scatter +0.28,ok,,0,noise,,,,,,,,,,,,,,,,
523,SYN-000376,SYN-000376,,0.0238438,0.0168785,False,12.049203,8.896,5.76,2970.4,10.378,4.169,0,log_depth +0.58,log_period -0.45,harmonic_delta_loglike +0.34,ok,,0,noise,,,,,,,,,,,,,,,,
524,SYN-001474,SYN-001474,,0.0237838,0.016810653,False,4.9937966,1.168,3.84,614.03,5.0342,3.0625,0,harmonic_delta_loglike -0.29,flux_skew -0.29,log_duration_ratio +0.26,ok,,0,noise,,,,,,,,,,,,,,,,
525,SYN-000331,SYN-000331,,0.0237511,0.016773745,False,10.10975,3.704,1.728,1309.0,9.4191,4.3953,0,log_depth +0.55,log_period -0.52,harmonic_amp_over_depth -0.48,ok,,0,noise,,,,,,,,,,,,,,,,
526,SYN-001229,SYN-001229,,0.0235895,0.016591811,False,12.620929,1.264,1.728,816.76,6.9345,3.5247,0,log_period -0.51,log_depth +0.50,log_scatter +0.36,ok,,0,noise,,,,,,,,,,,,,,,,
527,SYN-000393,SYN-000393,,0.023537,0.01653281,False,4.8768202,3.88083333,1.728,1766.3,6.3071,3.7941,0,log_depth +0.70,harmonic_amp_over_depth -0.48,log_period +0.35,ok,,0,noise,,,,,,,,,,,,,,,,
528,SYN-000766,SYN-000766,,0.0234758,0.016464172,False,1.1068979,0.18,5.76,1033.9,9.1441,5.0384,0,log_depth +0.70,log_duration_ratio -0.54,bls_sde +0.46,ok,,0,noise,,,,,,,,,,,,,,,,
529,SYN-000121,SYN-000121,,0.0234519,0.016437447,False,1.2975828,0.596,5.76,432.98,7.3012,3.0401,0,max_single_event_fraction +0.41,log_duration_ratio -0.38,log_period +0.37,ok,,0,noise,,,,,,,,,,,,,,,,
530,SYN-000929,SYN-000929,,0.0233658,0.016341122,False,10.278525,3.5,3.84,1107.3,18.46,3.1482,0,max_single_event_fraction -0.89,flux_skew +0.56,log_depth +0.52,ok,,0,noise,,,,,,,,,,,,,,,,
531,SYN-001412,SYN-001412,,0.0232734,0.016238022,False,13.132524,12.52,3.84,2214.6,8.0061,4.4121,0,max_single_event_fraction -0.69,log_depth +0.57,log_period -0.56,ok,,0,noise,,,,,,,,,,,,,,,,
532,SYN-000602,SYN-000602,,0.0232642,0.016227718,False,0.91955025,0.392,0.96,36558.0,3183.6,13.132,3,secondary_sigma -1.69,odd_even_sigma -1.09,max_single_event_fraction +0.58,ok,,0,eclipsing_binary,,,,,,,,,,,,,,,,
533,SYN-001941,SYN-001941,,0.0232121,0.016169697,False,0.93645059,0.208,5.76,74.037,5.7882,2.6664,0,bls_depth_over_scatter +0.90,max_single_event_fraction +0.52,log_period +0.47,ok,,0,noise,,,,,,,,,,,,,,,,
534,SYN-001817,SYN-001817,,0.0231512,0.016101935,False,12.434262,2.748,3.84,1110.9,9.0129,4.4687,0,max_single_event_fraction -0.98,log_depth +0.56,log_period -0.53,ok,,0,noise,,,,,,,,,,,,,,,,
535,SYN-001296,SYN-001296,,0.0231132,0.016059744,False,2.3472004,1.828,1.728,35609.0,365.46,9.1121,2,secondary_sigma -1.82,odd_even_sigma -1.07,max_single_event_fraction +0.53,ok,,0,eclipsing_binary,,,,,,,,,,,,,,,,
536,SYN-000630,SYN-000630,,0.0231009,0.016046155,False,9.4619135,8.188,1.728,2962.4,8.0995,3.1244,0,log_period -0.60,power_contrast -0.54,log_depth +0.51,ok,,0,noise,,,,,,,,,,,,,,,,
537,SYN-001595,SYN-001595,,0.0230577,0.015998156,False,2.1678859,0.732,2.688,312.77,8.3299,4.1329,0,log_depth -0.87,max_single_event_fraction +0.51,log_period +0.34,ok,,0,noise,,,,,,,,,,,,,,,,
538,SYN-000004,SYN-000004,,0.0230574,0.015997826,False,0.9346322,0.648,2.688,30058.0,1377.5,12.695,3,secondary_sigma -1.63,odd_even_sigma -0.98,bls_sde +0.57,ok,,0,eclipsing_binary,,,,,,,,,,,,,,,,
539,SYN-001205,SYN-001205,,0.0229807,0.015912944,False,12.290987,9.632,3.84,926.67,8.6287,3.6076,0,max_single_event_fraction -0.71,log_depth +0.56,log_period -0.49,ok,,0,noise,,,,,,,,,,,,,,,,
540,SYN-000359,SYN-000359,,0.0229601,0.015890128,False,11.202648,1.592,1.728,7848.1,16.836,3.4635,0,max_single_event_fraction -0.87,log_period -0.53,log_duration_ratio +0.50,ok,,0,noise,,,,,,,,,,,,,,,,
541,SYN-001959,SYN-001959,,0.022869,0.015789549,False,0.95366155,0.412,0.96,6848.8,120.07,12.341,2,secondary_sigma -1.70,odd_even_sigma -1.24,max_single_event_fraction +0.56,ok,,0,eclipsing_binary,,,,,,,,,,,,,,,,
542,SYN-000374,SYN-000374,,0.0227952,0.015708171,False,1.2388024,0.74,5.76,729.89,8.1603,2.9554,0,log_depth +0.57,bls_sde -0.55,log_period +0.50,ok,,0,noise,,,,,,,,,,,,,,,,
543,SYN-000784,SYN-000784,,0.0227828,0.015694533,False,5.0020714,3.24,5.76,1269.1,6.8911,3.6218,0,log_duration_ratio -0.59,log_depth +0.49,flux_skew -0.38,ok,,0,noise,,,,,,,,,,,,,,,,
544,SYN-001921,SYN-001921,,0.0227773,0.015688495,False,4.1692301,1.804,2.688,138.06,8.6328,4.7597,0,log_depth -0.82,log_duration_ratio +0.42,harmonic_delta_loglike +0.38,ok,,0,noise,,,,,,,,,,,,,,,,
545,SYN-000381,SYN-000381,,0.0227624,0.015672064,False,7.7827424,7.268,5.76,1973.9,10.021,3.4626,0,max_single_event_fraction -0.76,log_duration_ratio -0.66,log_depth +0.64,ok,,0,eclipsing_binary,,,,,,,,,,,,,,,,
546,SYN-000945,SYN-000945,,0.0227386,0.015645912,False,5.3889796,3.932,5.76,442.53,7.4776,3.167,0,log_duration_ratio -0.51,log_scatter +0.36,delta_loglike +0.26,ok,,0,noise,,,,,,,,,,,,,,,,
547,SYN-000174,SYN-000174,,0.0226195,0.015515175,False,11.314488,3.036,3.84,1254.0,13.22,3.2692,0,delta_loglike -0.54,log_period -0.50,log_depth +0.49,ok,,0,noise,,,,,,,,,,,,,,,,
548,SYN-000483,SYN-000483,,0.0225836,0.015475812,False,4.5894431,1.06,5.76,1046.2,12.177,3.1572,0,log_duration_ratio -0.76,log_depth +0.60,delta_loglike -0.53,ok,,0,noise,,,,,,,,,,,,,,,,
549,SYN-001679,SYN-001679,,0.0224473,0.015326817,False,11.184116,1.672,3.84,2536.9,9.222,3.2934,0,log_depth +0.53,log_period -0.52,log_duration_ratio +0.34,ok,,0,noise,,,,,,,,,,,,,,,,
550,SYN-001194,SYN-001194,,0.0223588,0.015230433,False,0.64201404,0.4,3.84,39.833,5.5464,4.5267,0,bls_depth_over_scatter +0.65,log_depth -0.47,max_single_event_fraction +0.46,ok,,0,noise,,,,,,,,,,,,,,,,
551,SYN-001241,SYN-001241,,0.0222861,0.015151346,False,11.202648,8.956,3.84,4273.5,9.6932,3.2067,0,max_single_event_fraction -0.56,secondary_sigma +0.45,log_period -0.42,ok,,0,noise,,,,,,,,,,,,,,,,
552,SYN-001656,SYN-001656,,0.022273,0.01513709,False,6.817258,4.548,2.688,388.88,6.637,3.6467,0,log_depth -0.34,delta_loglike +0.27,red_noise_beta +0.25,ok,,0,noise,,,,,,,,,,,,,,,,
553,SYN-001567,SYN-001567,,0.0222465,0.015108292,False,8.8117142,3.184,5.76,90.227,8.2712,3.019,0,log_depth -0.72,bls_sde +0.53,log_duration_ratio -0.42,ok,,0,noise,,,,,,,,,,,,,,,,
554,SYN-000027,SYN-000027,,0.0222191,0.015078599,False,12.620929,6.788,5.76,1359.7,12.596,3.3777,0,delta_loglike -0.53,log_depth +0.49,log_period -0.45,ok,,0,noise,,,,,,,,,,,,,,,,
555,SYN-000237,SYN-000237,,0.0222182,0.015077601,False,1.0620174,0.9,5.76,392.73,8.0475,3.6859,0,max_single_event_fraction +0.43,log_period +0.41,log_duration_ratio -0.40,ok,,0,noise,,,,,,,,,,,,,,,,
556,SYN-001727,SYN-001727,,0.0222029,0.015061025,False,8.9588191,1.08,5.76,723.61,5.9867,3.7859,0,log_period +0.41,log_scatter +0.26,red_noise_beta +0.23,ok,,0,noise,,,,,,,,,,,,,,,,
557,SYN-001853,SYN-001853,,0.0221511,0.015004951,False,10.873718,3.56,2.688,2579.1,9.6412,3.5693,0,log_depth +0.57,log_period -0.56,flux_skew -0.39,ok,,0,noise,,,,,,,,,,,,,,,,
558,SYN-000847,SYN-000847,,0.0221211,0.014972432,False,11.812175,11.52,5.76,2976.0,10.564,3.5264,0,log_depth +0.56,max_single_event_fraction -0.55,log_period -0.51,ok,,0,noise,,,,,,,,,,,,,,,,
559,SYN-000070,SYN-000070,,0.0220988,0.014948366,False,1.7738074,1.316,2.688,27365.0,3567.5,9.8783,3,secondary_sigma -1.76,odd_even_sigma -1.20,log_depth +0.53,ok,,0,eclipsing_binary,,,,,,,,,,,,,,,,
560,SYN-001470,SYN-001470,,0.0220517,0.014897514,False,12.959729,3.912,2.688,1303.3,6.46,3.3989,0,log_depth +0.60,log_period -0.52,flux_skew -0.33,ok,,0,noise,,,,,,,,,,,,,,,,
561,SYN-001856,SYN-001856,,0.02205,0.014895629,False,1.0274269,0.376,1.728,41.71,6.1345,3.3392,0,log_depth -0.81,max_single_event_fraction +0.52,log_period +0.34,ok,,0,noise,,,,,,,,,,,,,,,,
562,SYN-000498,SYN-000498,,0.022033,0.014877289,False,0.88665907,0.1,1.728,60.635,6.6558,4.3796,0,log_depth -0.86,max_single_event_fraction +0.47,log_duration_ratio +0.32,ok,,0,noise,,,,,,,,,,,,,,,,
563,SYN-001276,SYN-001276,,0.0219976,0.014839074,False,8.0049068,6.988,3.84,4180.0,13.169,3.3635,0,log_depth +0.53,delta_loglike -0.53,harmonic_amp_over_depth -0.43,ok,,0,noise,,,,,,,,,,,,,,,,
564,SYN-000593,SYN-000593,,0.0218872,0.014720274,False,12.23009,2.392,5.76,1888.3,11.516,3.5411,0,log_depth +0.56,log_period -0.52,flux_skew +0.44,ok,,0,noise,,,,,,,,,,,,,,,,
565,SYN-001146,SYN-001146,,0.0218715,0.014703423,False,3.8000544,2.44,3.84,150.7,9.6702,4.7498,0,log_depth -0.82,bls_sde +0.34,harmonic_delta_loglike +0.33,ok,,0,noise,,,,,,,,,,,,,,,,
566,SYN-000855,SYN-000855,,0.0218401,0.014669753,False,2.414203,1.304,5.76,421.67,8.6508,3.3356,0,log_duration_ratio -0.63,log_period +0.35,log_scatter +0.24,ok,,0,noise,,,,,,,,,,,,,,,,
567,SYN-000127,SYN-000127,,0.0218372,0.014666622,False,0.8735451,0.636,5.76,129.87,6.1487,3.7024,0,bls_depth_over_scatter +0.67,max_single_event_fraction +0.51,log_depth -0.48,ok,,0,noise,,,,,,,,,,,,,,,,
568,SYN-001915,SYN-001915,,0.0217366,0.01455879,False,1.108732,0.708,5.76,436.38,13.744,3.2159,0,delta_loglike -0.56,log_duration_ratio -0.54,log_period +0.49,ok,,0,noise,,,,,,,,,,,,,,,,
569,SYN-001651,SYN-001651,,0.0216231,0.014437445,False,11.792635,8.604,3.84,582.13,15.449,3.392,0,power_contrast -0.57,secondary_sigma +0.42,delta_loglike -0.39,ok,,0,noise,,,,,,,,,,,,,,,,
570,SYN-000465,SYN-000465,,0.0215863,0.014398281,False,13.197915,13.124,2.688,1161.1,8.5424,3.3922,0,max_single_event_fraction -0.69,log_depth +0.52,log_period -0.50,ok,,0,noise,,,,,,,,,,,,,,,,
571,SYN-001582,SYN-001582,,0.0215773,0.014388665,False,8.3293892,4.34,5.76,5972.8,24.896,3.3847,0,max_single_event_fraction -0.82,log_duration_ratio -0.77,log_depth +0.51,ok,,0,noise,,,,,,,,,,,,,,,,
572,SYN-001996,SYN-001996,,0.0215242,0.014332151,False,0.90445112,0.384,0.96,96.75,6.4657,3.3994,0,log_depth -0.84,max_single_event_fraction +0.45,log_period +0.40,ok,,0,noise,,,,,,,,,,,,,,,,
573,SYN-000826,SYN-000826,,0.0215064,0.014313109,False,1.1012136,0.64,0.96,14658.0,94.463,11.705,1,secondary_sigma -1.72,odd_even_sigma -1.16,max_single_event_fraction +0.62,ok,,0,eclipsing_binary,,,,,,,,,,,,,,,,
574,SYN-000930,SYN-000930,,0.0215035,0.014310116,False,2.3943003,0.204,5.76,337.31,8.7579,5.1621,0,log_depth -0.68,log_duration_ratio -0.56,log_scatter +0.35,ok,,0,noise,,,,,,,,,,,,,,,,
575,SYN-001430,SYN-001430,,0.0214637,0.014267822,False,3.6039657,3.312,0.96,925.15,6.91,3.9899,0,log_depth +0.69,log_period +0.37,harmonic_delta_loglike -0.23,ok,,0,noise,,,,,,,,,,,,,,,,
576,SYN-000143,SYN-000143,,0.0213927,0.0141924,False,0.58905334,0.292,5.76,346.45,7.0107,4.3236,0,bls_depth_over_scatter +0.66,log_depth -0.46,max_single_event_fraction +0.46,ok,,0,noise,,,,,,,,,,,,,,,,
577,SYN-000991,SYN-000991,,0.0213669,0.014165078,False,8.8117142,3.184,2.688,3276.2,185.13,5.4194,0,secondary_sigma -1.81,odd_even_sigma -0.99,log_duration_ratio +0.54,ok,,0,eclipsing_binary,,,,,,,,,,,,,,,,
578,SYN-000231,SYN-000231,,0.0213317,0.014127786,False,0.55130656,0.5,3.84,365.38,5.6931,3.1232,0,bls_depth_over_scatter +0.71,max_single_event_fraction +0.45,log_duration_ratio -0.37,ok,,0,noise,,,,,,,,,,,,,,,,
579,SYN-000713,SYN-000713,,0.0213163,0.01411149,False,13.154285,3.308,3.84,780.49,9.8524,3.0571,0,log_period -0.54,log_depth +0.47,harmonic_amp_over_depth -0.44,ok,,0,noise,,,,,,,,,,,,,,,,
580,SYN-000937,SYN-000937,,0.0212623,0.014054418,False,1.421288,0.616,5.76,110.35,5.1919,3.3409,0,log_depth -0.65,log_period +0.39,max_single_event_fraction +0.38,ok,,0,noise,,,,,,,,,,,,,,,,
581,SYN-001285,SYN-001285,,0.0211715,0.013958665,False,13.067458,3.104,3.84,1223.0,6.3689,3.345,0,log_period -0.56,log_depth +0.50,log_duration_ratio +0.31,ok,,0,noise,,,,,,,,,,,,,,,,
582,SYN-000724,SYN-000724,,0.0211665,0.013953384,False,3.8379918,3.016,3.84,1780.7,11.256,3.064,0,log_depth +0.66,delta_loglike -0.53,harmonic_delta_loglike +0.31,ok,,0,noise,,,,,,,,,,,,,,,,
583,SYN-001496,SYN-001496,,0.0210928,0.013875774,False,7.2795339,4.928,5.76,153.5,7.7234,3.2375,0,log_duration_ratio -0.61,power_contrast +0.51,log_depth -0.43,ok,,0,noise,,,,,,,,,,,,,,,,
584,SYN-001298,SYN-001298,,0.0210747,0.013856751,False,1.0088847,0.796,1.728,81.405,8.0279,5.3286,0,log_depth -0.85,max_single_event_fraction +0.49,flux_skew -0.39,ok,,0,noise,,,,,,,,,,,,,,,,
585,SYN-000227,SYN-000227,,0.0209535,0.013729669,False,1.3280107,0.568,5.76,626.85,10.575,3.0423,0,delta_loglike -0.58,max_single_event_fraction +0.47,log_duration_ratio -0.40,ok,,0,noise,,,,,,,,,,,,,,,,
586,SYN-000545,SYN-000545,,0.0208055,0.013574964,False,10.312617,6.02,3.84,752.64,5.9795,3.1706,0,log_period -0.49,log_depth +0.44,harmonic_delta_loglike -0.38,ok,,0,noise,,,,,,,,,,,,,,,,
587,SYN-000026,SYN-000026,,0.0208042,0.013573687,False,8.8555902,7.476,2.688,1569.6,8.3208,3.3868,0,max_single_event_fraction -0.77,log_depth +0.66,log_period +0.50,ok,,0,noise,,,,,,,,,,,,,,,,
588,SYN-001179,SYN-001179,,0.0207736,0.01354176,False,2.8207411,0.356,0.96,915.08,4.9674,4.1726,0,log_depth +0.61,harmonic_amp_over_depth -0.52,secondary_sigma -0.49,ok,,0,noise,,,,,,,,,,,,,,,,
589,SYN-001195,SYN-001195,,0.0207449,0.013511881,False,1.1272415,0.892,5.76,118.92,13.615,3.3497,0,flux_skew +0.85,log_depth -0.64,log_duration_ratio -0.62,ok,,0,noise,,,,,,,,,,,,,,,,
590,SYN-001598,SYN-001598,,0.0207295,0.013495797,False,4.3815418,1.588,3.84,485.84,5.8383,2.5712,0,bls_sde -0.61,log_scatter +0.32,harmonic_delta_loglike -0.29,ok,,0,noise,,,,,,,,,,,,,,,,
591,SYN-001448,SYN-001448,,0.0207242,0.013490301,False,0.6780672,0.388,5.76,399.17,8.1847,5.9612,1,log_duration_ratio -0.46,max_single_event_fraction +0.44,red_noise_beta +0.34,ok,,0,noise,,,,,,,,,,,,,,,,
592,SYN-000164,SYN-000164,,0.0207199,0.013485838,False,1.2164455,0.308,5.76,638.93,9.2455,4.4659,0,log_duration_ratio -0.67,log_period +0.44,max_single_event_fraction +0.42,ok,,0,noise,,,,,,,,,,,,,,,,
593,SYN-000535,SYN-000535,,0.0207044,0.013469704,False,3.5155647,0.428,5.76,1323.4,6.3267,3.6023,0,log_depth +0.62,log_duration_ratio -0.53,log_period +0.32,ok,,0,noise,,,,,,,,,,,,,,,,
594,SYN-000451,SYN-000451,,0.0206842,0.013448773,False,1.4546168,0.168,3.84,152.28,5.645,3.4318,0,log_depth -0.69,max_single_event_fraction +0.59,log_duration_ratio -0.38,ok,,0,noise,,,,,,,,,,,,,,,,
595,SYN-000040,SYN-000040,,0.020673,0.01343711,False,0.71024103,0.248,2.688,418.61,5.5194,3.2426,0,max_single_event_fraction +0.49,log_duration_ratio -0.35,log_scatter +0.31,ok,,0,noise,,,,,,,,,,,,,,,,
596,SYN-000271,SYN-000271,,0.0205993,0.013360588,False,7.8214949,6.656,3.84,1291.0,5.1166,3.3801,0,log_depth +0.63,log_scatter +0.31,log_period +0.29,ok,,0,noise,,,,,,,,,,,,,,,,
597,SYN-000129,SYN-000129,,0.020593,0.013354083,False,13.002714,8.088,5.76,494.41,6.9202,3.0547,0,flux_skew +0.61,power_contrast -0.49,log_period -0.41,ok,,0,noise,,,,,,,,,,,,,,,,
598,SYN-000925,SYN-000925,,0.0205897,0.013350721,False,7.1289196,4.068,2.688,2215.4,5.92,3.6412,0,log_depth +0.68,power_contrast -0.53,harmonic_delta_loglike -0.28,ok,,0,noise,,,,,,,,,,,,,,,,
599,SYN-000138,SYN-000138,,0.0205564,0.013316144,False,1.8099285,0.788,1.728,149.38,5.0025,4.628,0,log_depth -0.86,max_single_event_fraction +0.40,log_period +0.34,ok,,0,noise,,,,,,,,,,,,,,,,
600,SYN-001687,SYN-001687,,0.0205184,0.013276867,False,11.890662,10.012,3.84,565.31,15.61,4.6091,0,odd_even_sigma -0.72,log_duration_ratio +0.45,flux_skew +0.44,ok,,0,noise,,,,,,,,,,,,,,,,
601,SYN-000767,SYN-000767,,0.0204355,0.013191263,False,3.9214936,0.136,3.84,1709.4,9.1802,2.9463,0,bls_sde -0.68,log_depth +0.63,log_period +0.34,ok,,0,noise,,,,,,,,,,,,,,,,
602,SYN-001855,SYN-001855,,0.0203144,0.013066514,False,1.2104185,1.1,5.76,257.03,8.0576,3.5923,0,log_depth -0.67,max_single_event_fraction +0.44,log_duration_ratio -0.43,ok,,0,noise,,,,,,,,,,,,,,,,
603,SYN-000431,SYN-000431,,0.0202079,0.012957292,False,13.154285,13.084,2.688,8813.0,25.835,3.3822,0,max_single_event_fraction -0.93,log_period -0.53,log_depth +0.43,ok,,0,noise,,,,,,,,,,,,,,,,
604,SYN-001958,SYN-001958,,0.020207,0.012956362,False,4.9362551,3.676,1.728,582.75,8.8981,3.5147,0,harmonic_delta_loglike +0.32,flux_skew -0.30,log_duration_ratio +0.25,ok,,0,noise,,,,,,,,,,,,,,,,
605,SYN-000902,SYN-000902,,0.0201636,0.01291183,False,0.91802906,0.248,3.84,53.726,7.0167,2.6731,0,power_contrast +0.57,log_period +0.47,max_single_event_fraction +0.44,ok,,0,noise,,,,,,,,,,,,,,,,
606,SYN-000299,SYN-000299,,0.0201048,0.012851751,False,5.5796416,1.208,0.96,2647.4,5.667,3.114,0,log_depth +0.59,harmonic_amp_over_depth -0.47,flux_skew +0.45,ok,,0,noise,,,,,,,,,,,,,,,,
607,SYN-001623,SYN-001623,,0.0201018,0.01284869,False,4.5516075,2.008,5.76,334.64,8.2046,3.0516,0,log_depth -0.64,log_duration_ratio -0.58,bls_sde +0.31,ok,,0,noise,,,,,,,,,,,,,,,,
608,SYN-000014,SYN-000014,,0.0200382,0.012783747,False,6.9112384,0.632,0.96,2689.3,11.073,3.451,0,log_depth +0.68,odd_even_sigma -0.46,secondary_sigma +0.39,ok,,0,noise,,,,,,,,,,,,,,,,
609,SYN-000828,SYN-000828,,0.0200371,0.01278271,False,5.1193686,4.824,2.688,1979.8,6.916,2.9184,0,log_depth +0.63,bls_sde -0.63,log_period +0.32,ok,,0,eclipsing_binary,,,,,,,,,,,,,,,,
610,SYN-001427,SYN-001427,,0.0199148,0.012658243,False,1.1905432,1.072,0.96,428.83,4.6773,3.5307,0,log_depth -0.41,log_scatter +0.35,log_period +0.32,ok,,0,noise,,,,,,,,,,,,,,,,
611,SYN-001239,SYN-001239,,0.0198861,0.012629081,False,1.2084161,0.58,3.84,32.795,4.7913,3.3895,0,log_depth -0.63,max_single_event_fraction +0.58,log_period +0.37,ok,,0,noise,,,,,,,,,,,,,,,,
612,SYN-001066,SYN-001066,,0.0198848,0.012627743,False,3.0540559,1.784,3.84,444.52,5.0007,3.4687,0,log_depth -0.45,log_period +0.28,harmonic_delta_loglike -0.27,ok,,0,noise,,,,,,,,,,,,,,,,
613,SYN-001152,SYN-001152,,0.0198076,0.012549444,False,10.784074,1.504,2.688,2123.9,6.5334,3.9917,0,log_depth +0.57,log_period -0.47,secondary_sigma +0.37,ok,,0,noise,,,,,,,,,,,,,,,,
614,SYN-000561,SYN-000561,,0.0197703,0.012511784,False,6.2860371,1.272,5.76,2392.2,9.5185,3.7307,0,log_duration_ratio -0.72,log_depth +0.66,flux_skew -0.42,ok,,0,noise,,,,,,,,,,,,,,,,
615,SYN-001752,SYN-001752,,0.0196791,0.012419671,False,10.126502,9.316,5.76,2467.1,19.681,3.6442,0,max_single_event_fraction -0.98,log_depth +0.54,log_period -0.47,ok,,0,noise,,,,,,,,,,,,,,,,
616,SYN-000415,SYN-000415,,0.0196751,0.012415584,False,4.1191906,4.048,0.96,376.75,5.1305,3.4913,0,flux_skew +0.59,harmonic_amp_over_depth -0.51,log_depth -0.44,ok,,0,noise,,,,,,,,,,,,,,,,
617,SYN-001083,SYN-001083,,0.019667,0.012407479,False,1.3818422,0.736,3.84,329.2,5.7058,3.5413,0,log_depth -0.68,max_single_event_fraction +0.60,log_duration_ratio -0.43,ok,,0,noise,,,,,,,,,,,,,,,,
618,SYN-000786,SYN-000786,,0.0196472,0.012387503,False,2.0189141,0.196,0.96,299.6,4.7254,3.3392,0,log_depth -0.61,max_single_event_fraction +0.38,power_contrast +0.34,ok,,0,noise,,,,,,,,,,,,,,,,
619,SYN-001327,SYN-001327,,0.0196315,0.012371634,False,1.0905265,0.212,5.76,298.13,7.4138,3.2966,0,log_depth -0.62,max_single_event_fraction +0.38,log_period +0.34,ok,,0,noise,,,,,,,,,,,,,,,,
620,SYN-001251,SYN-001251,,0.0196222,0.012362324,False,1.0585066,0.5,3.84,598.76,5.9491,3.2547,0,max_single_event_fraction +0.52,log_duration_ratio -0.44,log_period +0.43,ok,,0,noise,,,,,,,,,,,,,,,,
621,SYN-000295,SYN-000295,,0.0196087,0.012348685,False,13.045841,12.544,3.84,2024.8,8.8454,2.7496,0,bls_sde -0.72,power_contrast -0.58,log_period -0.50,ok,,0,noise,,,,,,,,,,,,,,,,
622,SYN-001186,SYN-001186,,0.01959,0.012329838,False,3.6099375,1.248,0.96,665.26,5.1269,3.1816,0,log_scatter +0.30,harmonic_delta_loglike -0.29,secondary_sigma +0.25,ok,,0,noise,,,,,,,,,,,,,,,,
623,SYN-000815,SYN-000815,,0.019491,0.012230459,False,10.909783,9.284,3.84,366.53,12.156,3.0658,0,power_contrast -0.50,delta_loglike -0.43,secondary_sigma +0.43,ok,,0,noise,,,,,,,,,,,,,,,,
624,SYN-001772,SYN-001772,,0.0194759,0.012215299,False,8.454433,6.044,2.688,7840.1,20.847,2.8456,0,max_single_event_fraction -0.94,bls_sde -0.77,log_depth +0.56,ok,,0,noise,,,,,,,,,,,,,,,,
625,SYN-000110,SYN-000110,,0.0194642,0.012203569,False,4.2599386,0.296,0.96,3536.8,43.806,7.1014,2,secondary_sigma -1.57,flux_skew +0.57,log_depth +0.48,ok,,0,eclipsing_binary,,,,,,,,,,,,,,,,
626,SYN-000665,SYN-000665,,0.0194415,0.012180893,False,3.0947764,2.728,0.96,455.97,4.9113,3.4643,0,log_duration_ratio +0.41,odd_even_sigma +0.36,log_period +0.34,ok,,0,noise,,,,,,,,,,,,,,,,
627,SYN-001492,SYN-001492,,0.0194386,0.012178,False,2.5329456,1.868,5.76,1147.6,7.3672,3.3934,0,log_duration_ratio -0.62,log_depth +0.56,log_period +0.42,ok,,0,noise,,,,,,,,,,,,,,,,
628,SYN-001447,SYN-001447,,0.0194142,0.01215349,False,1.2124241,0.996,0.96,9280.0,810.59,12.223,2,secondary_sigma -1.74,odd_even_sigma -1.16,max_single_event_fraction +0.59,ok,,0,eclipsing_binary,,,,,,,,,,,,,,,,
629,SYN-001267,SYN-001267,,0.019271,0.012010548,False,9.0482582,6.348,2.688,208.57,9.9053,3.7324,0,log_depth -0.70,log_duration_ratio +0.42,harmonic_delta_loglike +0.32,ok,,0,noise,,,,,,,,,,,,,,,,
630,SYN-001108,SYN-001108,,0.019108,0.011848632,False,3.2469929,2.56,2.688,1838.8,10.379,2.8151,0,bls_sde -0.74,log_depth +0.65,log_period +0.40,ok,,0,noise,,,,,,,,,,,,,,,,
631,SYN-000941,SYN-000941,,0.0190607,0.011801763,False,0.85778003,0.192,1.728,202.91,6.7378,3.3784,0,log_depth -0.79,max_single_event_fraction +0.48,log_period +0.43,ok,,0,noise,,,,,,,,,,,,,,,,
632,SYN-001255,SYN-001255,,0.0190138,0.011755391,False,6.9771208,2.78,2.688,236.85,8.2059,3.3585,0,log_depth -0.72,flux_skew +0.41,max_single_event_fraction +0.35,ok,,0,noise,,,,,,,,,,,,,,,,
633,SYN-000155,SYN-000155,,0.0189584,0.011700736,False,12.109199,8.42,5.76,436.99,7.9125,3.7152,0,flux_skew -0.45,secondary_sigma +0.41,log_period -0.36,ok,,0,noise,,,,,,,,,,,,,,,,
634,SYN-000311,SYN-000311,,0.0189119,0.011654885,False,1.3864255,0.392,2.688,542.88,7.4002,3.8906,0,max_single_event_fraction +0.41,log_period +0.35,flux_skew -0.31,ok,,0,noise,,,,,,,,,,,,,,,,
635,SYN-000283,SYN-000283,,0.0189079,0.011650928,False,1.3346233,0.776,3.84,1680.1,12.59,3.8367,0,log_duration_ratio -0.81,log_depth +0.76,delta_loglike -0.58,ok,,0,noise,,,,,,,,,,,,,,,,
636,SYN-000876,SYN-000876,,0.0188905,0.011633802,False,11.314488,1.772,5.76,8915.0,23.613,3.3079,0,max_single_event_fraction -0.94,log_period -0.52,log_depth +0.45,ok,,0,noise,,,,,,,,,,,,,,,,
637,SYN-001348,SYN-001348,,0.0188443,0.011588385,False,10.329705,5.124,3.84,1214.8,13.327,3.0722,0,max_single_event_fraction -0.90,log_period -0.51,log_depth +0.51,ok,,0,noise,,,,,,,,,,,,,,,,
638,SYN-001402,SYN-001402,,0.0187527,0.01149854,False,9.0632513,3.704,2.688,515.62,6.6785,3.4237,0,log_duration_ratio +0.27,power_contrast -0.26,log_period -0.24,ok,,0,noise,,,,,,,,,,,,,,,,
639,SYN-000895,SYN-000895,,0.0186835,0.01143074,False,1.1866075,0.088,0.96,360.96,5.0518,3.2948,0,log_depth -0.82,max_single_event_fraction +0.61,log_period +0.51,ok,,0,noise,,,,,,,,,,,,,,,,
640,SYN-001726,SYN-001726,,0.0186479,0.011395955,False,9.7159117,6.356,1.728,1659.5,5.7115,3.6527,0,log_period -0.57,log_depth +0.56,log_duration_ratio +0.45,ok,,0,noise,,,,,,,,,,,,,,,,
641,SYN-001117,SYN-001117,,0.0186297,0.011378203,False,9.4306342,6.164,5.76,2121.3,9.8737,3.0443,0,log_depth +0.47,log_period -0.45,harmonic_amp_over_depth -0.43,ok,,0,noise,,,,,,,,,,,,,,,,
642,SYN-000279,SYN-000279,,0.0186227,0.011371382,False,1.1216564,0.244,3.84,292.75,6.2467,3.2957,0,log_depth -0.59,max_single_event_fraction +0.55,log_period +0.53,ok,,0,noise,,,,,,,,,,,,,,,,
643,SYN-001127,SYN-001127,,0.0185981,0.0113474,False,1.8219547,1.236,5.76,410.94,8.1919,3.662,0,log_duration_ratio -0.64,max_single_event_fraction +0.43,log_period +0.33,ok,,0,noise,,,,,,,,,,,,,,,,
644,SYN-000287,SYN-000287,,0.0185807,0.011330431,False,1.1050668,0.204,3.84,351.64,6.8563,2.9544,0,log_depth -0.61,max_single_event_fraction +0.51,bls_sde -0.48,ok,,0,noise,,,,,,,,,,,,,,,,
645,SYN-000445,SYN-000445,,0.0185746,0.011324463,False,1.421288,0.54,2.688,233.09,4.5639,3.2012,0,log_depth -0.77,max_single_event_fraction +0.51,log_period +0.34,ok,,0,noise,,,,,,,,,,,,,,,,
646,SYN-000655,SYN-000655,,0.0184594,0.011212493,False,2.7288678,0.26,1.728,1628.7,5.5973,4.2644,0,log_depth +0.72,log_period +0.42,harmonic_delta_loglike -0.27,ok,,1,planet,,,,,,,,,,,,,,,,
647,SYN-000296,SYN-000296,,0.018429,0.011182948,False,2.6138915,1.824,2.688,536.22,6.3187,3.7371,0,max_single_event_fraction +0.35,log_period +0.33,flux_skew -0.32,ok,,0,noise,,,,,,,,,,,,,,,,
648,SYN-000183,SYN-000183,,0.0183697,0.011125489,False,8.1926196,6.328,2.688,879.84,5.5703,3.5207,0,log_depth +0.65,max_single_event_fraction -0.63,log_scatter +0.34,ok,,0,noise,,,,,,,,,,,,,,,,
649,SYN-001614,SYN-001614,,0.0183614,0.011117467,False,7.4548294,2.28,1.728,687.75,5.4243,3.4076,0,flux_skew -0.35,log_duration_ratio +0.33,secondary_sigma +0.33,ok,,0,noise,,,,,,,,,,,,,,,,
650,SYN-000760,SYN-000760,,0.0183353,0.011092195,False,1.3258138,0.336,3.84,681.04,11.36,3.4356,0,log_duration_ratio -0.75,log_period +0.38,max_single_event_fraction +0.34,ok,,0,noise,,,,,,,,,,,,,,,,
651,SYN-001696,SYN-001696,,0.0182942,0.011052537,False,1.8585148,0.74,0.96,281.5,5.013,3.387,0,log_depth -0.78,max_single_event_fraction +0.40,log_period +0.37,ok,,0,noise,,,,,,,,,,,,,,,,
652,SYN-001530,SYN-001530,,0.0181992,0.010960944,False,0.89848112,0.456,2.688,372.9,7.2157,3.754,0,log_period +0.38,log_depth -0.36,max_single_event_fraction +0.33,ok,,0,noise,,,,,,,,,,,,,,,,
653,SYN-000709,SYN-000709,,0.0181932,0.010955145,False,7.0455591,4.432,2.688,8033.0,489.52,5.1656,0,secondary_sigma -1.59,odd_even_sigma -1.15,log_duration_ratio +0.54,ok,,1,planet,,,,,,,,,,,,,,,,
654,SYN-001899,SYN-001899,,0.0181487,0.010912352,False,1.0759878,0.172,5.76,356.76,7.709,3.1916,0,log_depth -0.58,log_period +0.39,log_duration_ratio -0.38,ok,,0,noise,,,,,,,,,,,,,,,,
655,SYN-000871,SYN-000871,,0.0180608,0.010828023,False,1.2532431,0.304,0.96,707.6,36.781,4.8137,0,secondary_sigma -1.09,odd_even_sigma -0.56,flux_skew +0.55,ok,,0,eclipsing_binary,,,,,,,,,,,,,,,,
656,SYN-000053,SYN-000053,,0.0180059,0.010775442,False,2.9399446,2.272,2.688,3370.1,183.06,7.8981,1,odd_even_sigma -1.68,secondary_sigma -1.17,power_contrast +0.58,ok,,0,eclipsing_binary,,,,,,,,,,,,,,,,
657,SYN-001273,SYN-001273,,0.0179968,0.010766768,False,5.4158128,3.82,3.84,13017.0,947.99,6.75,2,secondary_sigma -1.66,odd_even_sigma -1.09,log_depth +0.52,ok,,0,eclipsing_binary,,,,,,,,,,,,,,,,
658,SYN-000208,SYN-000208,,0.0179557,0.01072756,False,9.2911521,8.184,2.688,703.97,9.1079,3.4217,0,log_period -0.42,harmonic_delta_loglike +0.32,log_duration_ratio +0.32,ok,,0,noise,,,,,,,,,,,,,,,,
659,SYN-001217,SYN-001217,,0.0179355,0.010708249,False,4.4917183,1.212,2.688,374.32,8.1761,3.6988,0,log_depth -0.35,log_duration_ratio +0.28,log_period +0.23,ok,,0,noise,,,,,,,,,,,,,,,,
660,SYN-000003,SYN-000003,,0.01779,0.01056972,False,2.9012614,1.104,2.688,143.7,8.518,3.2496,0,log_depth -0.67,power_contrast -0.47,harmonic_amp_over_depth -0.44,ok,,0,noise,,,,,,,,,,,,,,,,
661,SYN-000789,SYN-000789,,0.0177188,0.01050224,False,5.7484262,3.156,3.84,895.45,12.242,3.6551,0,secondary_sigma -0.70,log_depth +0.65,delta_loglike -0.48,ok,,0,noise,,,,,,,,,,,,,,,,
662,SYN-000582,SYN-000582,,0.0176445,0.010431981,False,13.418244,6.944,5.76,537.91,8.3897,3.5229,0,log_period -0.40,flux_skew -0.37,delta_loglike +0.25,ok,,0,noise,,,,,,,,,,,,,,,,
663,SYN-000811,SYN-000811,,0.0176343,0.010422357,False,1.0480436,0.248,3.84,28.097,5.828,4.457,0,log_depth -0.67,max_single_event_fraction +0.59,log_period +0.39,ok,,0,noise,,,,,,,,,,,,,,,,
664,SYN-001181,SYN-001181,,0.0176342,0.010422191,False,9.4150334,7.828,2.688,2576.9,20.504,2.9181,0,bls_sde -0.75,flux_skew +0.59,harmonic_delta_loglike +0.55,ok,,0,noise,,,,,,,,,,,,,,,,
665,SYN-000761,SYN-000761,,0.0176269,0.010415287,False,10.730643,1.028,3.84,967.02,7.7314,2.9235,0,bls_sde -0.65,log_period -0.51,power_contrast -0.47,ok,,0,noise,,,,,,,,,,,,,,,,
666,SYN-001214,SYN-001214,,0.0176087,0.010398108,False,3.2577625,0.624,3.84,1298.2,7.2257,2.4483,0,log_depth +0.62,bls_sde -0.61,log_period +0.45,ok,,0,noise,,,,,,,,,,,,,,,,
667,SYN-000385,SYN-000385,,0.0174833,0.010280042,False,11.989504,6.5,2.688,1429.1,12.298,3.7403,0,log_depth +0.54,log_period -0.50,harmonic_amp_over_depth -0.46,ok,,0,noise,,,,,,,,,,,,,,,,
668,SYN-001525,SYN-001525,,0.0173804,0.010183562,False,4.4842878,0.62,0.96,3034.9,41.812,3.9014,0,secondary_sigma -1.10,log_depth +0.73,odd_even_sigma -0.61,ok,,0,eclipsing_binary,,,,,,,,,,,,,,,,
669,SYN-000084,SYN-000084,,0.0173787,0.010181959,False,0.74517422,0.176,5.76,831.08,7.907,7.4068,1,log_duration_ratio -0.95,bls_sde +0.66,max_single_event_fraction +0.43,ok,,0,noise,,,,,,,,,,,,,,,,
670,SYN-001529,SYN-001529,,0.0173786,0.010181816,False,12.486927,3.00083333,2.688,505.54,8.1183,3.8528,0,flux_skew +0.47,max_single_event_fraction -0.47,log_period -0.28,ok,,0,noise,,,,,,,,,,,,,,,,
671,SYN-001024,SYN-001024,,0.0173708,0.010174551,False,12.874186,6.172,3.84,473.06,9.5922,3.6007,0,log_period -0.42,harmonic_delta_loglike +0.35,log_duration_ratio +0.32,ok,,0,noise,,,,,,,,,,,,,,,,
672,SYN-001468,SYN-001468,,0.017353,0.010157919,False,11.773126,0.68,2.688,648.99,13.612,3.2109,0,odd_even_sigma -0.44,log_duration_ratio +0.40,log_period -0.36,ok,,0,noise,,,,,,,,,,,,,,,,
673,SYN-000608,SYN-000608,,0.0173319,0.010138149,False,0.89848112,0.432,1.728,349.87,7.9141,4.2552,0,log_depth -0.85,max_single_event_fraction +0.47,log_period +0.45,ok,,0,noise,,,,,,,,,,,,,,,,
674,SYN-001062,SYN-001062,,0.0173255,0.010132183,False,2.9253783,1.328,2.688,586.01,8.1157,2.4629,0,bls_sde -0.57,log_period +0.28,log_duration_ratio +0.27,ok,,0,noise,,,,,,,,,,,,,,,,
675,SYN-001061,SYN-001061,,0.0172244,0.010037862,False,1.0274269,0.116,3.84,262.47,7.3089,3.286,0,log_depth -0.65,log_duration_ratio -0.45,max_single_event_fraction +0.44,ok,,0,noise,,,,,,,,,,,,,,,,
676,SYN-001816,SYN-001816,,0.0171123,0.0099336558,False,2.8868867,2.428,3.84,342.44,8.7257,4.0519,0,log_depth -0.83,log_period +0.36,harmonic_delta_loglike +0.33,ok,,0,noise,,,,,,,,,,,,,,,,
677,SYN-000833,SYN-000833,,0.0170902,0.0099132076,False,12.683773,5.4,3.84,2003.8,7.4225,3.8918,0,log_period -0.56,log_depth +0.55,flux_skew -0.34,ok,,0,noise,,,,,,,,,,,,,,,,
678,SYN-001604,SYN-001604,,0.017089,0.0099120978,False,1.1014136,0.916,1.728,217.0,5.4981,3.7157,0,log_depth -0.82,max_single_event_fraction +0.51,log_period +0.43,ok,,0,noise,,,,,,,,,,,,,,,,
679,SYN-000849,SYN-000849,,0.01696,0.0097927462,False,12.434262,11.976,1.728,533.7,7.317,3.1585,0,log_period -0.42,log_duration_ratio +0.37,odd_even_sigma +0.33,ok,,0,noise,,,,,,,,,,,,,,,,
680,SYN-001481,SYN-001481,,0.0168768,0.0097161547,False,9.5405664,2.384,2.688,3335.0,7.5534,3.056,0,log_period -0.49,log_depth +0.41,harmonic_delta_loglike -0.31,ok,,0,noise,,,,,,,,,,,,,,,,
681,SYN-001519,SYN-001519,,0.0168539,0.0096950656,False,2.0222595,0.724,5.76,519.67,17.345,4.1819,0,log_duration_ratio -0.75,flux_skew +0.58,log_period +0.32,ok,,1,planet,,,,,,,,,,,,,,,,
682,SYN-000591,SYN-000591,,0.0168359,0.0096785175,False,2.9302257,2.384,5.76,560.21,6.2042,3.4004,0,log_duration_ratio -0.57,log_period +0.36,flux_skew -0.33,ok,,0,noise,,,,,,,,,,,,,,,,
683,SYN-000532,SYN-000532,,0.0167385,0.0095892033,False,7.5918411,5.964,0.96,2441.0,4.9476,3.4065,0,log_depth +0.70,power_contrast -0.51,harmonic_amp_over_depth -0.49,ok,,0,noise,,,,,,,,,,,,,,,,
684,SYN-000974,SYN-000974,,0.0167278,0.0095793811,False,0.91499423,0.196,5.76,517.98,9.2732,2.7693,0,flux_skew +0.65,bls_sde -0.58,max_single_event_fraction +0.45,ok,,0,noise,,,,,,,,,,,,,,,,
685,SYN-000687,SYN-000687,,0.016715,0.0095677382,False,1.6387746,1.368,2.688,1241.8,7.1358,2.9545,0,log_depth +0.69,bls_sde -0.62,log_period +0.46,ok,,0,noise,,,,,,,,,,,,,,,,
686,SYN-001233,SYN-001233,,0.0167149,0.0095675843,False,5.8443919,0.724,5.76,950.42,9.1163,3.0663,0,log_duration_ratio -0.70,log_depth +0.57,flux_skew -0.31,ok,,0,noise,,,,,,,,,,,,,,,,
687,SYN-001577,SYN-001577,,0.0166543,0.0095122874,False,4.8793766,0.704,5.76,125.72,8.6729,3.0933,0,log_depth -0.63,log_duration_ratio -0.58,flux_skew +0.35,ok,,0,noise,,,,,,,,,,,,,,,,
688,SYN-000021,SYN-000021,,0.0166484,0.0095068938,False,0.61802592,0.056,1.728,241.72,5.6984,3.2632,0,log_depth -0.73,max_single_event_fraction +0.46,log_scatter +0.31,ok,,0,noise,,,,,,,,,,,,,,,,
689,SYN-000722,SYN-000722,,0.0165614,0.0094276078,False,0.78304026,0.56,5.76,106.85,5.4602,3.6071,0,bls_depth_over_scatter +0.64,log_depth -0.46,max_single_event_fraction +0.36,ok,,0,noise,,,,,,,,,,,,,,,,
690,SYN-001504,SYN-001504,,0.0165321,0.0094010192,False,1.1709944,0.576,3.84,234.95,6.955,4.7274,0,log_depth -0.70,log_duration_ratio -0.48,max_single_event_fraction +0.45,ok,,0,noise,,,,,,,,,,,,,,,,
691,SYN-000088,SYN-000088,,0.0165177,0.0093878584,False,8.8849622,1.716,2.688,662.41,10.014,3.461,0,harmonic_amp_over_depth -0.49,log_period +0.40,log_duration_ratio +0.39,ok,,0,noise,,,,,,,,,,,,,,,,
692,SYN-001357,SYN-001357,,0.0164867,0.0093597922,False,9.9437471,3.52,3.84,423.08,13.211,3.7979,0,delta_loglike -0.42,log_period -0.42,log_duration_ratio +0.33,ok,,0,noise,,,,,,,,,,,,,,,,
693,SYN-000943,SYN-000943,,0.0164368,0.0093145269,False,1.4002667,0.648,3.84,576.1,7.9165,3.3259,0,log_duration_ratio -0.63,max_single_event_fraction +0.40,log_period +0.36,ok,,0,noise,,,,,,,,,,,,,,,,
694,SYN-000565,SYN-000565,,0.0163474,0.0092336679,False,12.060333,7.73683333,5.76,556.81,11.23,3.594,0,harmonic_amp_over_depth -0.43,secondary_sigma +0.42,log_period -0.36,ok,,0,noise,,,,,,,,,,,,,,,,
695,SYN-000873,SYN-000873,,0.0163413,0.0092281761,False,1.0620174,0.316,5.76,447.66,8.9793,3.2206,0,max_single_event_fraction +0.43,log_duration_ratio -0.42,log_period +0.36,ok,,0,noise,,,,,,,,,,,,,,,,
696,SYN-000151,SYN-000151,,0.0163361,0.0092234817,False,1.8677688,1.304,1.728,20710.0,401.31,9.2778,2,secondary_sigma -1.77,odd_even_sigma -1.26,max_single_event_fraction +0.57,ok,,0,eclipsing_binary,,,,,,,,,,,,,,,,
697,SYN-000824,SYN-000824,,0.0162302,0.0091281755,False,2.5371427,1.388,0.96,9744.1,25.714,9.4619,1,secondary_sigma -1.57,odd_even_sigma -0.64,log_depth +0.51,ok,,0,eclipsing_binary,,,,,,,,,,,,,,,,
698,SYN-001206,SYN-001206,,0.0161984,0.0090995939,False,13.329675,9.208,3.84,2028.4,8.3523,4.445,0,log_period -0.55,log_depth +0.53,harmonic_amp_over_depth -0.48,ok,,0,noise,,,,,,,,,,,,,,,,
699,SYN-000803,SYN-000803,,0.0160899,0.0090023895,False,8.7101803,4.912,5.76,820.2,19.509,2.1928,0,max_single_event_fraction -0.83,bls_sde -0.73,log_period +0.46,ok,,0,noise,,,,,,,,,,,,,,,,
700,SYN-001695,SYN-001695,,0.0160774,0.008991228,False,8.3431912,2.832,3.84,1584.6,5.9602,2.8623,0,bls_sde -0.64,log_depth +0.61,harmonic_delta_loglike -0.27,ok,,0,noise,,,,,,,,,,,,,,,,
701,SYN-001202,SYN-001202,,0.016066,0.0089810271,False,6.931067,3.228,5.76,587.08,8.4508,3.0004,0,log_duration_ratio -0.71,bls_sde +0.64,power_contrast -0.40,ok,,0,noise,,,,,,,,,,,,,,,,
702,SYN-001026,SYN-001026,,0.0160455,0.0089627066,False,0.93181084,0.392,1.728,91.806,5.2642,3.8243,0,log_depth -0.77,max_single_event_fraction +0.59,log_period +0.50,ok,,0,noise,,,,,,,,,,,,,,,,
703,SYN-000013,SYN-000013,,0.0159315,0.0088612165,False,6.3487929,3.128,3.84,12672.0,985.09,5.708,1,secondary_sigma -1.77,odd_even_sigma -1.19,log_depth +0.51,ok,,0,eclipsing_binary,,,,,,,,,,,,,,,,
704,SYN-000329,SYN-000329,,0.0158165,0.008759202,False,5.5062257,1.44,3.84,646.25,12.157,3.5315,0,delta_loglike -0.52,harmonic_amp_over_depth -0.46,log_duration_ratio +0.34,ok,,0,noise,,,,,,,,,,,,,,,,
705,SYN-001933,SYN-001933,,0.0157739,0.0087215491,False,10.712892,3.888,2.688,3844.8,8.3807,4.0631,0,log_depth +0.50,log_period -0.48,log_duration_ratio +0.32,ok,,0,noise,,,,,,,,,,,,,,,,
706,SYN-000118,SYN-000118,,0.0157392,0.008690961,False,1.6551351,1.22,1.728,16667.0,186.97,9.3237,2,secondary_sigma -1.54,odd_even_sigma -1.23,max_single_event_fraction +0.52,ok,,0,eclipsing_binary,,,,,,,,,,,,,,,,
707,SYN-001663,SYN-001663,,0.0157143,0.0086689851,False,10.363966,5.592,1.728,880.52,6.4731,4.3643,0,log_period -0.51,log_depth +0.49,log_scatter +0.36,ok,,0,noise,,,,,,,,,,,,,,,,
708,SYN-001486,SYN-001486,,0.0156928,0.0086500426,False,9.275782,7.636,5.76,2232.1,12.408,3.0404,0,delta_loglike -0.52,log_period -0.47,flux_skew -0.41,ok,,0,noise,,,,,,,,,,,,,,,,
709,SYN-001973,SYN-001973,,0.0156519,0.008614071,False,9.5563752,6.584,1.728,3234.1,7.1913,3.7865,0,log_period -0.53,log_depth +0.51,flux_skew -0.33,ok,,0,noise,,,,,,,,,,,,,,,,
710,SYN-001905,SYN-001905,,0.0156479,0.0086105473,False,1.4862644,0.364,3.84,202.78,6.0084,3.6907,0,log_depth -0.67,max_single_event_fraction +0.46,log_duration_ratio -0.39,ok,,0,noise,,,,,,,,,,,,,,,,
711,SYN-000333,SYN-000333,,0.0156366,0.0086006349,False,0.63042747,0.472,3.84,635.49,5.981,2.766,0,bls_depth_over_scatter +0.86,max_single_event_fraction +0.47,bls_sde -0.41,ok,,0,noise,,,,,,,,,,,,,,,,
712,SYN-001007,SYN-001007,,0.0155972,0.0085659856,False,0.89402949,0.804,5.76,874.23,7.2394,4.3355,0,log_depth +0.64,log_duration_ratio -0.57,max_single_event_fraction +0.47,ok,,0,noise,,,,,,,,,,,,,,,,
713,SYN-001989,SYN-001989,,0.015575,0.0085465324,False,1.4986191,0.212,5.76,608.02,13.161,4.1087,0,log_duration_ratio -0.86,flux_skew +0.61,max_single_event_fraction +0.57,ok,,0,noise,,,,,,,,,,,,,,,,
714,SYN-001009,SYN-001009,,0.0155669,0.0085393886,False,1.2511699,0.72,2.688,94.415,6.0828,3.8651,0,log_depth -0.80,log_scatter -0.36,max_single_event_fraction +0.33,ok,,0,noise,,,,,,,,,,,,,,,,
715,SYN-001352,SYN-001352,,0.015511,0.0084904498,False,7.894566,5.21683333,3.84,1538.5,8.9189,2.8443,0,bls_sde -0.67,log_depth +0.56,power_contrast -0.55,ok,,0,noise,,,,,,,,,,,,,,,,
716,SYN-001335,SYN-001335,,0.0155001,0.0084809627,False,0.70555295,0.124,0.96,1068.2,74.469,8.4223,1,odd_even_sigma -1.06,secondary_sigma -0.97,log_depth +0.70,ok,,0,eclipsing_binary,,,,,,,,,,,,,,,,
717,SYN-000492,SYN-000492,,0.0154933,0.0084750076,False,9.2145555,3.516,2.688,1125.2,13.177,3.4586,0,max_single_event_fraction -0.92,log_depth +0.56,log_period -0.52,ok,,0,noise,,,,,,,,,,,,,,,,
718,SYN-000332,SYN-000332,,0.0154715,0.008455974,False,3.2095791,3.08,2.688,31814.0,111.17,7.1835,2,secondary_sigma -1.81,odd_even_sigma -1.22,bls_sde +0.56,ok,,0,eclipsing_binary,,,,,,,,,,,,,,,,
719,SYN-001919,SYN-001919,,0.015449,0.00843635,False,6.6942254,2.08,3.84,1763.9,7.9256,2.7244,0,bls_sde -0.68,log_depth +0.60,power_contrast -0.46,ok,,0,noise,,,,,,,,,,,,,,,,
720,SYN-001815,SYN-001815,,0.0154226,0.008413314,False,6.6280551,3.892,3.84,124.06,8.656,3.3657,0,log_depth -0.71,power_contrast -0.42,harmonic_delta_loglike +0.36,ok,,0,noise,,,,,,,,,,,,,,,,
721,SYN-001023,SYN-001023,,0.0154132,0.0084051584,False,1.0497802,0.272,5.76,45.371,7.0134,4.0737,0,log_depth -0.66,max_single_event_fraction +0.49,log_period +0.41,ok,,0,noise,,,,,,,,,,,,,,,,
722,SYN-000990,SYN-000990,,0.0154031,0.0083963166,False,7.2120209,0.144,2.688,349.09,6.6683,3.1878,0,log_depth -0.71,log_duration_ratio +0.25,harmonic_delta_loglike -0.24,ok,,0,noise,,,,,,,,,,,,,,,,
723,SYN-000523,SYN-000523,,0.0153329,0.0083353079,False,7.34457,3.288,2.688,1429.5,12.474,3.1216,0,log_depth +0.63,power_contrast -0.53,delta_loglike -0.49,ok,,0,noise,,,,,,,,,,,,,,,,
724,SYN-001294,SYN-001294,,0.0153289,0.0083317674,False,1.6012263,0.14,2.688,48.708,6.078,3.2361,0,log_depth -0.77,max_single_event_fraction +0.38,flux_skew -0.37,ok,,0,noise,,,,,,,,,,,,,,,,
725,SYN-000994,SYN-000994,,0.0152865,0.0082949709,False,1.9707869,0.1225,2.688,10920.0,363.83,8.9635,3,secondary_sigma -1.76,odd_even_sigma -1.36,log_depth +0.53,ok,,0,eclipsing_binary,,,,,,,,,,,,,,,,
726,SYN-001043,SYN-001043,,0.0152799,0.0082892509,False,0.57460457,0.24,5.76,932.11,22.048,6.3528,1,log_duration_ratio -1.08,flux_skew +0.72,secondary_sigma +0.58,ok,,0,noise,,,,,,,,,,,,,,,,
727,SYN-000302,SYN-000302,,0.0152602,0.0082721979,False,7.8604404,0.184,5.76,1289.3,6.7324,3.6129,0,log_depth +0.63,log_duration_ratio -0.58,log_period +0.30,ok,,0,noise,,,,,,,,,,,,,,,,
728,SYN-000866,SYN-000866,,0.0151767,0.0082000173,False,1.391024,0.764,3.84,503.19,10.198,4.3597,0,log_duration_ratio -0.81,max_single_event_fraction +0.40,log_period +0.36,ok,,0,noise,,,,,,,,,,,,,,,,
729,SYN-001852,SYN-001852,,0.0151749,0.0081985093,False,0.92566025,0.428,3.84,359.24,17.449,5.1963,0,log_duration_ratio -1.12,power_contrast +0.63,log_depth -0.58,ok,,0,noise,,,,,,,,,,,,,,,,
730,SYN-000746,SYN-000746,,0.0151648,0.0081897918,False,7.3081805,5.808,5.76,4541.0,28.231,3.2463,0,max_single_event_fraction -0.80,log_duration_ratio -0.73,log_depth +0.52,ok,,0,noise,,,,,,,,,,,,,,,,
731,SYN-000967,SYN-000967,,0.015143,0.0081709567,False,4.7518175,0.812,5.76,402.41,6.2488,3.7795,0,log_duration_ratio -0.48,log_scatter +0.34,log_depth -0.25,ok,,0,noise,,,,,,,,,,,,,,,,
732,SYN-001485,SYN-001485,,0.0151109,0.0081433009,False,10.964106,6.656,5.76,745.87,12.691,3.9052,0,log_depth +0.55,log_period -0.55,delta_loglike -0.53,ok,,0,noise,,,,,,,,,,,,,,,,
733,SYN-001887,SYN-001887,,0.015067,0.0081055277,False,9.5722103,5.984,3.84,2330.5,10.02,3.0333,0,delta_loglike -0.50,log_depth +0.50,log_period -0.46,ok,,0,noise,,,,,,,,,,,,,,,,
734,SYN-001751,SYN-001751,,0.0150522,0.0080928279,False,0.99891215,0.304,2.688,40.205,6.2345,3.0022,0,log_depth -0.79,max_single_event_fraction +0.54,bls_sde +0.51,ok,,0,noise,,,,,,,,,,,,,,,,
735,SYN-001622,SYN-001622,,0.0150501,0.0080909705,False,6.606144,4.272,3.84,4095.9,13.359,3.6768,0,log_depth +0.65,odd_even_sigma -0.50,delta_loglike -0.48,ok,,0,noise,,,,,,,,,,,,,,,,
736,SYN-000559,SYN-000559,,0.0149941,0.0080429917,False,0.65924844,0.132,5.76,297.46,6.4988,4.7312,0,bls_depth_over_scatter +0.67,log_depth -0.45,log_period -0.33,ok,,0,noise,,,,,,,,,,,,,,,,
737,SYN-001087,SYN-001087,,0.0149912,0.008040487,False,1.4450153,1.344,5.76,977.0,9.1643,3.1589,0,log_depth +0.63,log_duration_ratio -0.59,max_single_event_fraction +0.47,ok,,0,noise,,,,,,,,,,,,,,,,
738,SYN-001922,SYN-001922,,0.0149743,0.0080259761,False,13.024259,9.296,5.76,859.98,9.1363,3.5543,0,max_single_event_fraction -0.75,log_depth +0.53,log_period -0.51,ok,,0,noise,,,,,,,,,,,,,,,,
739,SYN-000153,SYN-000153,,0.0149297,0.007987878,False,7.0701485,6.32,2.688,3517.5,21.52,2.5937,0,max_single_event_fraction -0.95,bls_sde -0.77,power_contrast -0.54,ok,,0,noise,,,,,,,,,,,,,,,,
740,SYN-000043,SYN-000043,,0.0148952,0.0079584158,False,12.169494,11.036,3.84,4118.5,11.671,3.6258,0,delta_loglike -0.53,log_depth +0.50,log_period -0.45,ok,,0,noise,,,,,,,,,,,,,,,,
741,SYN-001106,SYN-001106,,0.0148697,0.0079366243,False,1.2657546,1.16,5.76,646.75,5.6877,2.6802,0,max_single_event_fraction +0.51,bls_sde -0.41,log_duration_ratio -0.37,ok,,0,noise,,,,,,,,,,,,,,,,
742,SYN-001558,SYN-001558,,0.0148089,0.0078848136,False,10.502152,7.692,3.84,1471.1,11.714,3.6824,0,log_period -0.55,log_depth +0.55,delta_loglike -0.48,ok,,0,noise,,,,,,,,,,,,,,,,
743,SYN-000041,SYN-000041,,0.0147626,0.0078454614,False,4.2038871,3.784,0.96,863.17,5.4007,2.6568,0,bls_sde -0.70,log_depth +0.54,power_contrast -0.53,ok,,0,noise,,,,,,,,,,,,,,,,
744,SYN-001566,SYN-001566,,0.0147268,0.0078151375,False,1.3148838,0.384,3.84,186.64,20.7,3.3773,0,log_duration_ratio -0.73,log_depth -0.66,flux_skew +0.52,ok,,0,noise,,,,,,,,,,,,,,,,
745,SYN-001271,SYN-001271,,0.0147168,0.0078066732,False,2.7561111,0.584,5.76,1014.8,6.271,3.0559,0,log_depth +0.56,log_duration_ratio -0.52,harmonic_amp_over_depth -0.50,ok,,0,noise,,,,,,,,,,,,,,,,
746,SYN-000675,SYN-000675,,0.0147018,0.0077939639,False,1.319245,1.072,0.96,39970.0,2212.3,10.788,2,secondary_sigma -1.70,odd_even_sigma -1.39,max_single_event_fraction +0.58,ok,,0,eclipsing_binary,,,,,,,,,,,,,,,,
747,SYN-001914,SYN-001914,,0.0146742,0.00777061,False,11.314488,2.992,5.76,1850.0,19.134,3.1632,0,max_single_event_fraction -0.98,log_period -0.52,log_depth +0.51,ok,,0,noise,,,,,,,,,,,,,,,,
748,SYN-001937,SYN-001937,,0.0146719,0.0077686547,False,0.73780841,0.504,1.728,337.67,5.4554,3.6536,0,log_depth -0.77,max_single_event_fraction +0.51,log_scatter +0.25,ok,,0,noise,,,,,,,,,,,,,,,,
749,SYN-000001,SYN-000001,,0.0146642,0.0077621162,False,0.60787785,0.092,3.84,482.35,5.5849,3.5438,0,bls_depth_over_scatter +0.79,secondary_sigma -0.55,max_single_event_fraction +0.42,ok,,0,noise,,,,,,,,,,,,,,,,
750,SYN-001923,SYN-001923,,0.0146477,0.007748183,False,1.2084161,0.6,5.76,735.45,11.685,3.6389,0,log_depth +0.65,delta_loglike -0.58,log_duration_ratio -0.55,ok,,0,noise,,,,,,,,,,,,,,,,
751,SYN-001256,SYN-001256,,0.0146287,0.0077321607,False,0.84789617,0.532,2.688,788.51,6.8504,3.3754,0,log_depth +0.60,log_duration_ratio -0.53,max_single_event_fraction +0.35,ok,,0,noise,,,,,,,,,,,,,,,,
752,SYN-000750,SYN-000750,,0.0145871,0.0076970033,False,3.7624921,0.464,2.688,2574.4,8.791,2.8029,0,bls_sde -0.67,log_depth +0.59,power_contrast -0.54,ok,,0,noise,,,,,,,,,,,,,,,,
753,SYN-001836,SYN-001836,,0.0145235,0.0076434713,False,1.321431,0.496,5.76,585.7,6.2231,3.2843,0,log_duration_ratio -0.45,max_single_event_fraction +0.34,log_period +0.33,ok,,0,noise,,,,,,,,,,,,,,,,
754,SYN-001385,SYN-001385,,0.0144741,0.0076020422,False,7.6676332,0.252,3.84,399.59,7.8852,2.5883,0,bls_sde -0.56,flux_skew -0.34,log_depth -0.33,ok,,0,noise,,,,,,,,,,,,,,,,
755,SYN-000570,SYN-000570,,0.014466,0.0075952179,False,0.82709829,0.632,2.688,70.579,7.5156,4.4911,0,flux_skew +0.93,log_depth -0.69,max_single_event_fraction +0.49,ok,,0,noise,,,,,,,,,,,,,,,,
756,SYN-001865,SYN-001865,,0.014388,0.0075299109,False,7.7009658,1.77683333,3.84,703.51,9.8768,3.3374,0,harmonic_amp_over_depth -0.46,delta_loglike -0.33,harmonic_delta_loglike +0.32,ok,,0,noise,,,,,,,,,,,,,,,,
757,SYN-000202,SYN-000202,,0.0143854,0.0075277015,False,5.230749,0.388,3.84,3385.5,172.63,6.3485,3,secondary_sigma -1.79,odd_even_sigma -1.23,log_depth +0.52,ok,,0,eclipsing_binary,,,,,,,,,,,,,,,,
758,SYN-001637,SYN-001637,,0.0143821,0.0075249479,False,1.1826848,0.912,2.688,85.096,6.1247,3.6105,0,log_depth -0.61,max_single_event_fraction +0.43,power_contrast +0.43,ok,,0,noise,,,,,,,,,,,,,,,,
759,SYN-000068,SYN-000068,,0.0143795,0.0075227691,False,0.87065733,0.2,5.76,62.866,6.4203,3.7026,0,bls_depth_over_scatter +0.67,log_depth -0.47,log_period +0.38,ok,,0,noise,,,,,,,,,,,,,,,,
760,SYN-001407,SYN-001407,,0.0143676,0.0075128835,False,9.5880716,4.812,5.76,3543.9,10.032,3.1807,0,max_single_event_fraction -0.82,log_period -0.49,log_depth +0.44,ok,,0,noise,,,,,,,,,,,,,,,,
761,SYN-000028,SYN-000028,,0.0143643,0.0075100985,False,8.6526871,5.592,0.96,895.72,4.7476,3.4419,0,log_depth +0.59,harmonic_amp_over_depth -0.50,log_period +0.40,ok,,0,noise,,,,,,,,,,,,,,,,
762,SYN-001038,SYN-001038,,0.0143632,0.0075091605,False,1.3930005,0.128833333,2.688,236.79,5.5861,3.3724,0,log_depth -0.74,power_contrast -0.40,max_single_event_fraction +0.40,ok,,0,noise,,,,,,,,,,,,,,,,
763,SYN-001674,SYN-001674,,0.014354,0.0075015182,False,1.2781151,0.216,2.688,310.88,5.3728,4.0275,0,log_depth -0.81,max_single_event_fraction +0.52,log_scatter +0.35,ok,,0,noise,,,,,,,,,,,,,,,,
764,SYN-001777,SYN-001777,,0.0143316,0.0074827726,False,5.2134571,5.164,0.96,2034.3,4.374,3.3292,0,log_depth +0.65,log_period +0.31,log_scatter +0.30,ok,,0,noise,,,,,,,,,,,,,,,,
765,SYN-000133,SYN-000133,,0.0143297,0.0074812398,False,1.2326647,0.584,5.76,94.972,6.0521,4.5076,0,log_depth -0.67,max_single_event_fraction +0.48,log_period +0.45,ok,,0,noise,,,,,,,,,,,,,,,,
766,SYN-000368,SYN-000368,,0.0143225,0.0074751843,False,10.748424,9.092,3.84,684.3,10.461,3.6006,0,harmonic_amp_over_depth -0.45,flux_skew -0.43,log_period -0.36,ok,,0,noise,,,,,,,,,,,,,,,,
767,SYN-000146,SYN-000146,,0.0142898,0.0074480057,False,1.9890537,1.408,2.688,1296.1,13.244,3.2243,0,log_depth +0.73,delta_loglike -0.54,odd_even_sigma -0.49,ok,,0,noise,,,,,,,,,,,,,,,,
768,SYN-001857,SYN-001857,,0.0142851,0.0074440337,False,8.0447655,5.676,2.688,3955.9,16.245,2.901,0,max_single_event_fraction -0.87,bls_sde -0.80,power_contrast -0.55,ok,,0,noise,,,,,,,,,,,,,,,,
769,SYN-000197,SYN-000197,,0.0142239,0.0073931851,False,7.9520689,7.18,1.728,788.72,5.7659,3.2363,0,log_depth +0.59,harmonic_amp_over_depth -0.47,log_scatter +0.32,ok,,0,noise,,,,,,,,,,,,,,,,
770,SYN-001935,SYN-001935,,0.0141149,0.0073028593,False,2.8916703,1.824,5.76,356.09,11.634,3.7042,0,log_depth -0.68,log_duration_ratio -0.59,flux_skew +0.58,ok,,0,noise,,,,,,,,,,,,,,,,
771,SYN-001471,SYN-001471,,0.0140761,0.0072708141,False,0.86491039,0.296,0.96,54.756,4.7956,3.7554,0,log_depth -0.86,max_single_event_fraction +0.59,log_scatter -0.36,ok,,0,noise,,,,,,,,,,,,,,,,
772,SYN-001103,SYN-001103,,0.0140589,0.0072566406,False,1.6716589,1.088,2.688,63.263,5.9203,3.5795,0,log_depth -0.83,max_single_event_fraction +0.59,log_period +0.33,ok,,0,noise,,,,,,,,,,,,,,,,
773,SYN-000275,SYN-000275,,0.0140419,0.0072426437,False,1.2720572,0.168,5.76,120.05,6.8728,3.2537,0,log_depth -0.64,max_single_event_fraction +0.52,log_period +0.34,ok,,0,noise,,,,,,,,,,,,,,,,
774,SYN-000300,SYN-000300,,0.0140285,0.0072315824,False,1.0779608,0.576,5.76,1170.6,9.3607,4.2899,0,log_depth +0.71,log_duration_ratio -0.68,log_period +0.42,ok,,0,noise,,,,,,,,,,,,,,,,
775,SYN-001231,SYN-001231,,0.0140234,0.007227448,False,10.043019,1.212,3.84,777.79,5.1422,3.0722,0,log_period -0.48,log_depth +0.42,secondary_sigma +0.37,ok,,0,noise,,,,,,,,,,,,,,,,
776,SYN-001353,SYN-001353,,0.0139268,0.0071480733,False,6.1828196,0.484,0.96,11312.0,137.74,7.1428,2,secondary_sigma -1.85,harmonic_delta_loglike +0.52,flux_skew +0.48,ok,,0,eclipsing_binary,,,,,,,,,,,,,,,,
777,SYN-001197,SYN-001197,,0.0139173,0.0071402426,False,13.597153,9.4,1.728,920.07,4.7235,3.2876,0,log_period -0.52,log_duration_ratio +0.42,log_depth +0.38,ok,,0,noise,,,,,,,,,,,,,,,,
778,SYN-001731,SYN-001731,,0.0139059,0.0071308927,False,7.1644166,5.252,3.84,702.48,6.2633,3.7157,0,harmonic_delta_loglike -0.38,log_scatter +0.31,log_duration_ratio +0.27,ok,,0,noise,,,,,,,,,,,,,,,,
779,SYN-000623,SYN-000623,,0.0138921,0.0071196126,False,7.2239713,4.496,2.688,4350.5,10.704,3.8469,0,log_depth +0.64,flux_skew -0.42,delta_loglike -0.35,ok,,0,noise,,,,,,,,,,,,,,,,
780,SYN-001031,SYN-001031,,0.0138852,0.0071139735,False,11.389668,6.308,2.688,1645.4,9.1584,3.7387,0,max_single_event_fraction -0.70,log_depth +0.58,log_period -0.49,ok,,0,noise,,,,,,,,,,,,,,,,
781,SYN-001528,SYN-001528,,0.0138832,0.0071123862,False,12.049203,2.396,2.688,1950.8,10.152,4.3078,0,max_single_event_fraction -0.70,log_depth +0.57,log_period -0.54,ok,,0,noise,,,,,,,,,,,,,,,,
782,SYN-000901,SYN-000901,,0.0138756,0.0071061566,False,6.8967262,2.744,1.728,314.95,6.4684,3.144,0,log_depth -0.75,odd_even_sigma +0.28,harmonic_delta_loglike -0.24,ok,,0,noise,,,,,,,,,,,,,,,,
783,SYN-000638,SYN-000638,,0.0138737,0.0071045878,False,5.2976139,2.052,5.76,1073.9,8.5023,2.7521,0,log_duration_ratio -0.68,bls_sde -0.62,log_depth +0.53,ok,,0,noise,,,,,,,,,,,,,,,,
784,SYN-000244,SYN-000244,,0.0138535,0.0070880844,False,10.484778,1.968,3.84,681.7,12.111,4.0136,0,flux_skew +0.45,log_period -0.40,log_duration_ratio +0.35,ok,,0,noise,,,,,,,,,,,,,,,,
785,SYN-001419,SYN-001419,,0.0137918,0.0070377213,False,9.3839091,3.98,5.76,754.23,12.45,3.4129,0,max_single_event_fraction -0.96,log_period -0.55,log_depth +0.54,ok,,0,noise,,,,,,,,,,,,,,,,
786,SYN-001615,SYN-001615,,0.0137875,0.007034197,False,11.656753,8.176,2.688,1617.9,12.71,3.5719,0,max_single_event_fraction -0.96,odd_even_sigma -0.62,log_depth +0.58,ok,,0,noise,,,,,,,,,,,,,,,,
787,SYN-000612,SYN-000612,,0.0137461,0.0070004857,False,1.3280107,1.104,2.688,285.48,11.402,3.8071,0,log_depth -0.83,max_single_event_fraction +0.38,log_period +0.32,ok,,0,noise,,,,,,,,,,,,,,,,
788,SYN-000928,SYN-000928,,0.0137308,0.006988018,False,13.6875,3.568,5.76,1561.3,13.291,3.7777,0,log_depth +0.57,delta_loglike -0.54,log_period -0.50,ok,,0,noise,,,,,,,,,,,,,,,,
789,SYN-000462,SYN-000462,,0.0137301,0.006987458,False,1.0655399,0.684,1.728,78.189,5.846,3.1326,0,log_depth -0.78,max_single_event_fraction +0.55,flux_skew -0.36,ok,,0,noise,,,,,,,,,,,,,,,,
790,SYN-001702,SYN-001702,,0.0136886,0.0069537553,False,10.026405,3.816,3.84,2788.6,9.2084,3.932,0,log_depth +0.57,log_period -0.47,flux_skew -0.33,ok,,0,noise,,,,,,,,,,,,,,,,
791,SYN-001548,SYN-001548,,0.0136781,0.0069452225,False,0.86326249,0.424,5.76,122.71,11.289,3.1806,0,log_depth -0.61,secondary_sigma -0.56,log_period +0.54,ok,,0,noise,,,,,,,,,,,,,,,,
792,SYN-000556,SYN-000556,,0.0136686,0.0069375794,False,11.734207,7.636,5.76,5247.8,15.486,3.1602,0,log_period -0.44,log_depth +0.44,delta_loglike -0.41,ok,,0,noise,,,,,,,,,,,,,,,,
793,SYN-001212,SYN-001212,,0.0135929,0.0068762788,False,2.4545063,0.16,3.84,112.72,5.1007,3.604,0,log_depth -0.66,max_single_event_fraction +0.38,log_period +0.36,ok,,0,noise,,,,,,,,,,,,,,,,
794,SYN-001340,SYN-001340,,0.0135538,0.0068447366,False,11.31697,3.26166667,3.84,239.43,12.922,3.0162,0,max_single_event_fraction -0.88,log_depth -0.64,flux_skew +0.50,ok,,0,noise,,,,,,,,,,,,,,,,
795,SYN-001215,SYN-001215,,0.0135458,0.0068382894,False,0.65381357,0.196,3.84,31.748,6.501,2.7872,0,bls_depth_over_scatter +0.98,max_single_event_fraction +0.34,log_depth -0.33,ok,,0,noise,,,,,,,,,,,,,,,,
796,SYN-000540,SYN-000540,,0.013532,0.0068271921,False,10.363966,8.352,3.84,4527.0,11.069,3.1237,0,delta_loglike -0.57,log_period -0.45,log_depth +0.43,ok,,0,noise,,,,,,,,,,,,,,,,
797,SYN-000169,SYN-000169,,0.0135272,0.0068232514,False,1.6442101,1.384,2.688,61.286,6.6284,3.4104,0,log_depth -0.82,max_single_event_fraction +0.55,flux_skew -0.38,ok,,0,noise,,,,,,,,,,,,,,,,
798,SYN-000566,SYN-000566,,0.0134942,0.0067966812,False,0.66914532,0.532,2.688,477.31,6.503,3.729,0,log_duration_ratio -0.57,max_single_event_fraction +0.47,red_noise_beta -0.31,ok,,0,noise,,,,,,,,,,,,,,,,
799,SYN-000097,SYN-000097,,0.0134814,0.0067863895,False,1.1498612,0.316,5.76,385.85,10.553,3.2065,0,max_single_event_fraction +0.48,log_period +0.48,log_duration_ratio -0.42,ok,,0,noise,,,,,,,,,,,,,,,,
800,SYN-000684,SYN-000684,,0.013417,0.006734744,False,0.72810047,0.164,5.76,755.8,7.3952,4.9889,0,log_depth +0.61,log_duration_ratio -0.56,max_single_event_fraction +0.34,ok,,0,noise,,,,,,,,,,,,,,,,
801,SYN-001425,SYN-001425,,0.0134164,0.0067342067,False,1.402587,0.204,5.76,663.73,7.4222,2.757,0,bls_sde -0.50,log_duration_ratio -0.49,max_single_event_fraction +0.43,ok,,0,noise,,,,,,,,,,,,,,,,
802,SYN-000935,SYN-000935,,0.0133022,0.0066429307,False,6.508437,4.52,2.688,700.67,5.3232,3.6415,0,flux_skew -0.32,harmonic_delta_loglike -0.29,log_scatter +0.29,ok,,0,noise,,,,,,,,,,,,,,,,
803,SYN-000509,SYN-000509,,0.0132784,0.0066239772,False,13.002714,6.704,3.84,319.24,10.33,3.1176,0,log_depth -0.57,flux_skew +0.52,max_single_event_fraction +0.37,ok,,0,noise,,,,,,,,,,,,,,,,
804,SYN-001594,SYN-001594,,0.0132722,0.0066190479,False,3.2577625,2.188,5.76,923.92,7.7102,2.8861,0,log_duration_ratio -0.67,bls_sde -0.54,log_depth +0.52,ok,,0,noise,,,,,,,,,,,,,,,,
805,SYN-001979,SYN-001979,,0.0132356,0.006589923,False,5.1790447,5.04,0.96,3335.9,5.4599,3.2151,0,log_depth +0.60,log_period +0.31,harmonic_delta_loglike -0.27,ok,,0,noise,,,,,,,,,,,,,,,,
806,SYN-001697,SYN-001697,,0.0132288,0.0065845117,False,0.69281967,0.548,5.76,147.31,5.8462,3.736,0,bls_depth_over_scatter +0.65,max_single_event_fraction +0.49,log_depth -0.47,ok,,0,noise,,,,,,,,,,,,,,,,
807,SYN-000458,SYN-000458,,0.0132276,0.0065835202,False,0.73293836,0.624,1.728,50.973,5.9001,4.8353,0,log_depth -0.80,max_single_event_fraction +0.42,log_scatter -0.33,ok,,0,noise,,,,,,,,,,,,,,,,
808,SYN-000717,SYN-000717,,0.0132048,0.0065654246,False,1.2164455,1.124,0.96,150.4,5.0484,3.6369,0,log_depth -0.85,max_single_event_fraction +0.60,flux_skew -0.40,ok,,0,noise,,,,,,,,,,,,,,,,
809,SYN-000775,SYN-000775,,0.0132039,0.0065647049,False,12.169494,1.848,5.76,292.45,8.3953,3.4629,0,log_depth -0.70,secondary_sigma +0.47,flux_skew -0.39,ok,,0,noise,,,,,,,,,,,,,,,,
810,SYN-000219,SYN-000219,,0.0131601,0.0065299289,False,11.427445,2.852,5.76,580.23,7.3918,3.0375,0,log_period -0.39,harmonic_delta_loglike -0.32,flux_skew -0.30,ok,,0,noise,,,,,,,,,,,,,,,,
811,SYN-001309,SYN-001309,,0.013157,0.0065274598,False,5.8734928,1.804,2.688,379.04,7.835,3.3287,0,harmonic_amp_over_depth -0.46,log_depth -0.32,flux_skew -0.30,ok,,0,noise,,,,,,,,,,,,,,,,
812,SYN-000788,SYN-000788,,0.0131493,0.0065214055,False,11.989504,7.788,3.84,722.34,15.66,3.122,0,max_single_event_fraction -0.87,secondary_sigma +0.57,odd_even_sigma -0.52,ok,,0,noise,,,,,,,,,,,,,,,,
813,SYN-000889,SYN-000889,,0.0131435,0.0065168065,False,1.2285897,0.128,5.76,62.657,7.4331,3.1517,0,log_depth -0.62,log_period +0.37,log_scatter -0.37,ok,,0,noise,,,,,,,,,,,,,,,,
814,SYN-001414,SYN-001414,,0.0131416,0.0065153355,False,1.1671233,0.692,3.84,645.86,7.9798,3.4438,0,log_duration_ratio -0.68,log_scatter +0.32,max_single_event_fraction +0.27,ok,,0,noise,,,,,,,,,,,,,,,,
815,SYN-001350,SYN-001350,,0.0131369,0.0065116125,False,1.0497802,0.24,5.76,111.36,7.0843,4.698,0,log_depth -0.65,log_duration_ratio -0.42,max_single_event_fraction +0.39,ok,,0,noise,,,,,,,,,,,,,,,,
816,SYN-000694,SYN-000694,,0.0131159,0.0064949743,False,9.4619135,7.092,5.76,256.76,11.695,3.0823,0,log_depth -0.65,secondary_sigma +0.45,flux_skew -0.38,ok,,0,noise,,,,,,,,,,,,,,,,
817,SYN-000488,SYN-000488,,0.0130577,0.0064489798,False,0.95682463,0.736,1.728,197.12,4.7637,3.23,0,log_depth -0.74,max_single_event_fraction +0.59,power_contrast -0.38,ok,,0,noise,,,,,,,,,,,,,,,,
818,SYN-000682,SYN-000682,,0.0130556,0.0064473375,False,1.1253767,0.888,3.84,34.157,4.7565,3.4899,0,log_depth -0.67,max_single_event_fraction +0.50,log_period +0.42,ok,,0,noise,,,,,,,,,,,,,,,,
819,SYN-001390,SYN-001390,,0.0130381,0.0064335768,False,6.5516827,1.384,2.688,8138.7,340.87,6.1636,2,secondary_sigma -1.79,odd_even_sigma -1.10,log_duration_ratio +0.53,ok,,0,eclipsing_binary,,,,,,,,,,,,,,,,
820,SYN-001953,SYN-001953,,0.0130123,0.0064132607,False,1.4594414,0.276,5.76,536.15,46.767,6.5704,1,secondary_sigma -1.39,log_duration_ratio -0.88,flux_skew +0.68,ok,,0,noise,,,,,,,,,,,,,,,,
821,SYN-000019,SYN-000019,,0.0129992,0.006402917,False,10.07633,1.908,3.84,342.48,10.635,4.7574,0,log_depth -0.70,bls_sde +0.38,log_duration_ratio +0.36,ok,,0,noise,,,,,,,,,,,,,,,,
822,SYN-000999,SYN-000999,,0.0129648,0.0063758425,False,13.373886,9.112,2.688,2827.9,11.44,3.5254,0,log_depth +0.57,log_period -0.53,delta_loglike -0.53,ok,,0,noise,,,,,,,,,,,,,,,,
823,SYN-001349,SYN-001349,,0.0129631,0.0063745629,False,0.8381262,0.352,1.728,395.15,50.638,4.2499,0,secondary_sigma -1.05,flux_skew +0.71,max_single_event_fraction +0.46,ok,,1,planet,,,,,,,,,,,,,,,,
824,SYN-001045,SYN-001045,,0.0129216,0.0063420247,False,0.92260019,0.164,5.76,620.66,9.3233,3.2849,0,log_duration_ratio -0.55,max_single_event_fraction +0.42,flux_skew -0.30,ok,,0,noise,,,,,,,,,,,,,,,,
825,SYN-001808,SYN-001808,,0.0128696,0.0063012774,False,7.8734652,6.216,5.76,845.21,14.376,3.3566,0,log_duration_ratio -0.88,log_depth +0.57,delta_loglike -0.54,ok,,0,noise,,,,,,,,,,,,,,,,
826,SYN-000858,SYN-000858,,0.0128034,0.0062495611,False,1.1068979,0.572,5.76,229.69,5.9148,4.9958,0,log_depth -0.64,log_duration_ratio -0.38,max_single_event_fraction +0.36,ok,,0,noise,,,,,,,,,,,,,,,,
827,SYN-000739,SYN-000739,,0.0128014,0.006248015,False,9.9204754,2.83283333,5.76,1051.8,5.0117,3.5829,0,log_period -0.50,harmonic_amp_over_depth -0.48,log_depth +0.48,ok,,0,noise,,,,,,,,,,,,,,,,
828,SYN-000701,SYN-000701,,0.0128007,0.0062474825,False,5.3860331,3.32883333,1.728,689.54,5.9178,4.6263,0,flux_skew -0.31,log_scatter +0.29,harmonic_delta_loglike -0.28,ok,,0,noise,,,,,,,,,,,,,,,,
829,SYN-000463,SYN-000463,,0.0127584,0.0062145344,False,1.2932932,0.92,5.76,126.0,17.442,3.2453,0,flux_skew +0.87,log_depth -0.67,log_duration_ratio -0.54,ok,,0,noise,,,,,,,,,,,,,,,,
830,SYN-001250,SYN-001250,,0.0127068,0.006174477,False,3.4865823,1.632,5.76,1771.8,11.059,3.329,0,log_duration_ratio -0.72,log_depth +0.46,secondary_sigma +0.39,ok,,0,noise,,,,,,,,,,,,,,,,
831,SYN-000832,SYN-000832,,0.0127063,0.0061740876,False,10.748424,2.48,5.76,2158.8,7.4063,3.0699,0,log_depth +0.50,log_period -0.49,harmonic_delta_loglike -0.31,ok,,0,noise,,,,,,,,,,,,,,,,
832,SYN-000035,SYN-000035,,0.01268,0.0061537225,False,1.1160991,1.04,5.76,451.2,5.6781,4.0877,0,max_single_event_fraction +0.48,log_period +0.43,log_duration_ratio -0.39,ok,,0,noise,,,,,,,,,,,,,,,,
833,SYN-000670,SYN-000670,,0.0126665,0.0061432051,False,13.597153,7.712,5.76,2505.3,12.174,3.1884,0,log_depth +0.50,delta_loglike -0.49,log_duration_ratio +0.36,ok,,0,noise,,,,,,,,,,,,,,,,
834,SYN-000838,SYN-000838,,0.0126221,0.0061088491,False,1.037684,0.48,5.76,313.89,12.294,7.1112,1,log_depth -0.59,log_duration_ratio -0.54,bls_sde +0.41,ok,,0,noise,,,,,,,,,,,,,,,,
835,SYN-000603,SYN-000603,,0.0125961,0.0060888043,False,11.091914,1.0,3.84,1532.5,30.71,2.8316,0,max_single_event_fraction -0.96,bls_sde -0.77,flux_skew +0.61,ok,,0,noise,,,,,,,,,,,,,,,,
836,SYN-000553,SYN-000553,,0.0125923,0.006085885,False,7.6549488,4.716,5.76,606.1,5.96,3.3002,0,log_duration_ratio -0.56,flux_skew -0.33,log_scatter +0.31,ok,,0,noise,,,,,,,,,,,,,,,,
837,SYN-000516,SYN-000516,,0.0125872,0.0060819244,False,9.2145555,6.312,3.84,3042.3,11.287,3.8614,0,log_depth +0.55,log_period -0.48,harmonic_amp_over_depth -0.44,ok,,0,noise,,,,,,,,,,,,,,,,
838,SYN-000696,SYN-000696,,0.0125748,0.0060723428,False,2.9939776,2.188,0.96,375.56,5.2468,3.4148,0,flux_skew -0.39,log_depth -0.38,log_duration_ratio +0.38,ok,,0,noise,,,,,,,,,,,,,,,,
839,SYN-001891,SYN-001891,,0.0125438,0.0060485023,False,11.667609,10.756,1.728,12607.0,25.877,4.7411,0,secondary_sigma -1.85,power_contrast +0.58,odd_even_sigma -0.52,ok,,0,eclipsing_binary,,,,,,,,,,,,,,,,
840,SYN-001788,SYN-001788,,0.012538,0.0060439746,False,1.3236206,0.688,5.76,535.82,16.494,4.4608,0,log_duration_ratio -1.06,power_contrast +0.48,delta_loglike -0.40,ok,,0,noise,,,,,,,,,,,,,,,,
841,SYN-000692,SYN-000692,,0.0125023,0.00601654,False,3.9345003,2.42,3.84,723.76,8.9817,2.9227,0,bls_sde -0.62,power_contrast -0.51,flux_skew -0.34,ok,,0,noise,,,,,,,,,,,,,,,,
842,SYN-000588,SYN-000588,,0.012486,0.0060040152,False,10.589451,8.508,2.688,9675.6,53.655,4.4562,0,secondary_sigma -1.60,odd_even_sigma -0.56,log_duration_ratio +0.51,ok,,0,eclipsing_binary,,,,,,,,,,,,,,,,
843,SYN-000959,SYN-000959,,0.0124741,0.0059949038,False,13.46275,6.964,3.84,964.48,11.532,3.0661,0,delta_loglike -0.52,log_period -0.51,log_depth +0.50,ok,,0,noise,,,,,,,,,,,,,,,,
844,SYN-001665,SYN-001665,,0.012406,0.0059427464,False,6.6280551,2.56,3.84,17308.0,1533.8,5.9467,2,secondary_sigma -1.79,odd_even_sigma -1.24,log_depth +0.51,ok,,0,eclipsing_binary,,,,,,,,,,,,,,,,
845,SYN-000823,SYN-000823,,0.0123965,0.00593546,False,11.352016,8.216,2.688,1089.3,7.1959,3.6897,0,max_single_event_fraction -0.57,log_period -0.53,log_depth +0.52,ok,,0,noise,,,,,,,,,,,,,,,,
846,SYN-001355,SYN-001355,,0.0123553,0.0059039557,False,11.522437,2.584,0.96,1541.9,5.6789,4.1044,0,flux_skew +0.66,log_depth +0.51,log_period -0.41,ok,,0,noise,,,,,,,,,,,,,,,,
847,SYN-001511,SYN-001511,,0.0123139,0.0058724583,False,6.8967262,1.692,1.728,2161.3,9.4751,2.4198,0,bls_sde -0.71,log_depth +0.63,power_contrast -0.55,ok,,1,planet,,,,,,,,,,,,,,,,
848,SYN-000392,SYN-000392,,0.0123128,0.0058716219,False,0.94579952,0.408,5.76,573.16,10.758,2.9003,0,delta_loglike -0.58,log_duration_ratio -0.52,log_period +0.48,ok,,0,noise,,,,,,,,,,,,,,,,
849,SYN-000752,SYN-000752,,0.0123119,0.0058708775,False,1.9759246,0.688,0.96,41471.0,416.73,9.1315,2,secondary_sigma -1.73,odd_even_sigma -1.46,log_depth +0.55,ok,,0,eclipsing_binary,,,,,,,,,,,,,,,,
850,SYN-000061,SYN-000061,,0.0122419,0.0058177425,False,6.4334429,4.096,1.728,444.87,7.3438,3.2285,0,log_depth -0.42,flat_bottom_fraction -0.34,delta_loglike +0.28,ok,,0,noise,,,,,,,,,,,,,,,,
851,SYN-001367,SYN-001367,,0.0122311,0.0058094876,False,2.6443614,0.748,0.96,430.75,5.2127,3.0575,0,power_contrast -0.49,odd_even_sigma +0.38,log_depth -0.37,ok,,0,noise,,,,,,,,,,,,,,,,
852,SYN-001992,SYN-001992,,0.0122282,0.0058073067,False,13.045841,9.456,5.76,1879.8,6.2505,3.4159,0,log_depth +0.53,log_period -0.53,harmonic_delta_loglike -0.37,ok,,0,noise,,,,,,,,,,,,,,,,
853,SYN-000648,SYN-000648,,0.0122029,0.0057881283,False,4.093987,1.216,3.84,404.19,9.6056,2.8894,0,bls_sde -0.64,harmonic_delta_loglike +0.33,log_depth -0.31,ok,,0,noise,,,,,,,,,,,,,,,,
854,SYN-001693,SYN-001693,,0.0121851,0.0057746465,False,1.0655399,0.748,5.76,319.28,6.4455,3.7679,0,log_depth -0.64,max_single_event_fraction +0.48,log_duration_ratio -0.35,ok,,1,planet,,,,,,,,,,,,,,,,
855,SYN-001461,SYN-001461,,0.0121723,0.00576502,False,8.3377911,7.764,3.84,408.32,11.868,3.6065,0,delta_loglike -0.42,flux_skew -0.38,log_depth -0.35,ok,,0,noise,,,,,,,,,,,,,,,,
856,SYN-000141,SYN-000141,,0.0121621,0.0057572378,False,1.2204802,1.144,5.76,501.69,5.6957,4.671,0,log_duration_ratio -0.51,max_single_event_fraction +0.38,log_scatter +0.33,ok,,0,noise,,,,,,,,,,,,,,,,
857,SYN-001715,SYN-001715,,0.0121607,0.0057562347,False,7.808556,0.796,5.76,3289.4,13.19,3.7486,0,log_duration_ratio -0.70,log_depth +0.57,flux_skew +0.46,ok,,0,noise,,,,,,,,,,,,,,,,
858,SYN-001128,SYN-001128,,0.0121324,0.0057348286,False,0.99231864,0.488,3.84,100.45,8.874,3.4499,0,log_depth -0.63,max_single_event_fraction +0.39,log_duration_ratio -0.36,ok,,0,noise,,,,,,,,,,,,,,,,
859,SYN-001995,SYN-001995,,0.0121164,0.005722796,False,1.7567856,1.148,3.84,119.2,4.7257,2.9973,0,log_depth -0.52,max_single_event_fraction +0.52,bls_sde -0.47,ok,,0,noise,,,,,,,,,,,,,,,,
860,SYN-001671,SYN-001671,,0.0120585,0.0056791963,False,1.0923335,0.408,5.76,448.64,6.5096,4.3164,0,max_single_event_fraction +0.48,log_duration_ratio -0.39,log_period +0.29,ok,,0,noise,,,,,,,,,,,,,,,,
861,SYN-001793,SYN-001793,,0.0119662,0.0056099365,False,0.52459249,0.088,3.84,170.15,9.0755,9.2382,1,log_duration_ratio -0.82,bls_sde +0.53,log_depth -0.47,ok,,0,noise,,,,,,,,,,,,,,,,
862,SYN-000330,SYN-000330,,0.0119509,0.005598446,False,10.10975,5.508,2.688,2921.7,10.18,3.4367,0,log_depth +0.52,log_period -0.50,harmonic_amp_over_depth -0.45,ok,,0,noise,,,,,,,,,,,,,,,,
863,SYN-000289,SYN-000289,,0.0119445,0.0055936791,False,13.219784,11.32,3.84,401.07,8.8224,3.4881,0,flux_skew -0.40,harmonic_delta_loglike +0.36,log_period -0.33,ok,,0,noise,,,,,,,,,,,,,,,,
864,SYN-000686,SYN-000686,,0.0119342,0.0055860118,False,13.418244,3.904,2.688,3457.1,6.5904,3.7512,0,log_depth +0.48,log_period -0.36,harmonic_delta_loglike -0.23,ok,,0,noise,,,,,,,,,,,,,,,,
865,SYN-001858,SYN-001858,,0.0119112,0.0055688245,False,8.6098164,7.96,2.688,490.02,6.4145,3.1874,0,harmonic_amp_over_depth -0.48,log_period +0.31,harmonic_delta_loglike -0.29,ok,,0,noise,,,,,,,,,,,,,,,,
866,SYN-001338,SYN-001338,,0.0119073,0.0055658912,False,9.2145555,7.896,3.84,286.95,9.7075,3.2718,0,log_depth -0.57,harmonic_amp_over_depth -0.39,flux_skew +0.38,ok,,0,noise,,,,,,,,,,,,,,,,
867,SYN-000086,SYN-000086,,0.011869,0.0055373427,False,0.93490145,0.308,5.76,102.41,13.275,4.2354,0,flux_skew +0.97,log_depth -0.68,log_duration_ratio -0.56,ok,,0,noise,,,,,,,,,,,,,,,,
868,SYN-000345,SYN-000345,,0.0118643,0.0055338098,False,0.63883311,0.26,2.688,486.22,6.2311,5.6736,1,log_duration_ratio -0.50,max_single_event_fraction +0.42,log_period -0.36,ok,,0,noise,,,,,,,,,,,,,,,,
869,SYN-000690,SYN-000690,,0.0118425,0.0055175919,False,10.30544,3.764,5.76,1326.4,9.6055,2.9815,0,bls_sde -0.83,log_period -0.54,power_contrast -0.50,ok,,0,noise,,,,,,,,,,,,,,,,
870,SYN-001875,SYN-001875,,0.0117429,0.0054437326,False,1.2164455,0.912,3.84,211.48,10.068,3.1252,0,log_depth -0.65,log_duration_ratio -0.62,max_single_event_fraction +0.45,ok,,0,noise,,,,,,,,,,,,,,,,
871,SYN-000518,SYN-000518,,0.0117104,0.0054197144,False,4.0535193,3.136,0.96,5579.3,25.465,7.9762,1,secondary_sigma -1.81,odd_even_sigma -0.62,log_depth +0.50,ok,,0,eclipsing_binary,,,,,,,,,,,,,,,,
872,SYN-000831,SYN-000831,,0.0117047,0.0054154706,False,1.3591522,1.276,2.688,979.12,10.841,2.7948,0,bls_sde -0.69,log_depth +0.66,delta_loglike -0.57,ok,,0,noise,,,,,,,,,,,,,,,,
873,SYN-001785,SYN-001785,,0.011695,0.0054082856,False,12.981204,6.648,3.84,1875.6,12.281,3.713,0,log_depth +0.54,log_period -0.53,harmonic_amp_over_depth -0.43,ok,,0,noise,,,,,,,,,,,,,,,,
874,SYN-000383,SYN-000383,,0.0116429,0.0053698861,False,12.93829,1.248,5.76,1572.9,11.214,2.9085,0,bls_sde -0.72,log_period -0.51,log_depth +0.46,ok,,0,noise,,,,,,,,,,,,,,,,
875,SYN-001319,SYN-001319,,0.011628,0.0053589102,False,1.1328543,0.56,5.76,250.58,6.9026,3.88,0,log_depth -0.67,max_single_event_fraction +0.51,log_duration_ratio -0.36,ok,,0,noise,,,,,,,,,,,,,,,,
876,SYN-001896,SYN-001896,,0.0115588,0.0053081229,False,1.1347315,0.552,3.84,901.09,7.1997,2.7325,0,bls_sde -0.57,log_depth +0.56,log_duration_ratio -0.52,ok,,1,planet,,,,,,,,,,,,,,,,
877,SYN-001514,SYN-001514,,0.0115518,0.0053029846,False,8.5955734,1.44,2.688,144.48,9.5266,3.5216,0,log_depth -0.81,log_period +0.41,harmonic_delta_loglike +0.35,ok,,0,noise,,,,,,,,,,,,,,,,
878,SYN-000161,SYN-000161,,0.0115176,0.0052779036,False,0.53511916,0.18,5.76,87.527,7.6928,2.9472,0,bls_depth_over_scatter +1.01,max_single_event_fraction +0.39,log_depth -0.39,ok,,0,noise,,,,,,,,,,,,,,,,
879,SYN-001761,SYN-001761,,0.0115135,0.0052749197,False,4.210853,0.936,5.76,1733.3,12.853,3.6794,0,log_duration_ratio -0.75,log_depth +0.64,delta_loglike -0.55,ok,,0,noise,,,,,,,,,,,,,,,,
880,SYN-001361,SYN-001361,,0.0115014,0.0052661251,False,12.209858,11.852,3.84,2034.2,8.7322,3.0592,0,max_single_event_fraction -0.77,log_period -0.55,log_depth +0.48,ok,,0,noise,,,,,,,,,,,,,,,,
881,SYN-001880,SYN-001880,,0.011486,0.0052548428,False,1.6118658,0.66,3.84,149.7,4.8242,3.6478,0,log_depth -0.71,max_single_event_fraction +0.55,flux_skew -0.40,ok,,0,noise,,,,,,,,,,,,,,,,
882,SYN-001387,SYN-001387,,0.0114714,0.0052441925,False,4.9117979,0.424,1.728,8939.2,373.32,7.2958,2,secondary_sigma -1.73,odd_even_sigma -1.22,log_depth +0.49,ok,,0,eclipsing_binary,,,,,,,,,,,,,,,,
883,SYN-000266,SYN-000266,,0.0114367,0.0052188627,False,1.1690572,1.024,5.76,118.21,10.896,7.4333,1,log_duration_ratio -0.94,power_contrast +0.79,bls_sde +0.49,ok,,0,noise,,,,,,,,,,,,,,,,
884,SYN-001822,SYN-001822,,0.0114169,0.005204464,False,9.0183464,4.756,0.96,1063.6,8.3932,2.9316,0,bls_sde -0.65,log_depth +0.46,log_period -0.35,ok,,0,noise,,,,,,,,,,,,,,,,
885,SYN-000744,SYN-000744,,0.0113807,0.0051781279,False,7.8865117,1.28,0.96,1342.1,5.0292,3.5509,0,log_depth +0.68,log_period +0.27,harmonic_delta_loglike -0.26,ok,,0,noise,,,,,,,,,,,,,,,,
886,SYN-001790,SYN-001790,,0.0112958,0.0051166087,False,2.2260812,1.144,5.76,257.85,10.68,3.0132,0,bls_sde +0.66,log_depth -0.62,log_duration_ratio -0.55,ok,,0,noise,,,,,,,,,,,,,,,,
887,SYN-000391,SYN-000391,,0.0112889,0.0051116143,False,0.96637695,0.596,1.728,84.477,7.9516,5.1047,0,log_depth -0.83,secondary_sigma -0.58,max_single_event_fraction +0.36,ok,,0,noise,,,,,,,,,,,,,,,,
888,SYN-000073,SYN-000073,,0.0112856,0.0051092294,False,1.2164455,0.188,5.76,334.19,36.971,4.0124,0,log_duration_ratio -1.12,power_contrast +0.68,log_depth -0.57,ok,,0,noise,,,,,,,,,,,,,,,,
889,SYN-001321,SYN-001321,,0.0112583,0.0050895381,False,10.467433,6.524,3.84,256.56,7.4053,2.764,0,flux_skew +0.65,bls_sde -0.56,secondary_sigma +0.52,ok,,0,noise,,,,,,,,,,,,,,,,
890,SYN-001955,SYN-001955,,0.011255,0.0050871329,False,12.620929,1.396,3.84,1515.0,18.616,2.5082,0,max_single_event_fraction -0.91,bls_sde -0.81,flux_skew +0.54,ok,,0,noise,,,,,,,,,,,,,,,,
891,SYN-000501,SYN-000501,,0.0112162,0.0050591992,False,8.2061949,2.548,1.728,504.85,5.8786,3.7585,0,harmonic_delta_loglike -0.27,power_contrast -0.27,log_duration_ratio +0.24,ok,,0,noise,,,,,,,,,,,,,,,,
892,SYN-001057,SYN-001057,,0.0111797,0.0050329485,False,0.95985416,0.656,3.84,465.92,9.3951,5.5473,1,secondary_sigma -0.76,log_duration_ratio -0.76,max_single_event_fraction +0.47,ok,,0,noise,,,,,,,,,,,,,,,,
893,SYN-000057,SYN-000057,,0.0111616,0.0050199507,False,7.8604404,1.244,3.84,246.74,8.8289,3.7785,0,log_depth -0.80,harmonic_delta_loglike +0.35,log_duration_ratio +0.29,ok,,0,noise,,,,,,,,,,,,,,,,
894,SYN-001227,SYN-001227,,0.0111605,0.0050191112,False,2.3510898,1.084,5.76,546.39,8.5541,2.7469,0,log_duration_ratio -0.63,bls_sde -0.46,log_period +0.33,ok,,0,noise,,,,,,,,,,,,,,,,
895,SYN-001226,SYN-001226,,0.0111501,0.005011701,False,0.84930115,0.728,5.76,725.42,10.063,3.2804,0,bls_depth_over_scatter +0.62,delta_loglike -0.59,max_single_event_fraction +0.49,ok,,0,noise,,,,,,,,,,,,,,,,
896,SYN-001812,SYN-001812,,0.0111446,0.00500773,False,7.5167982,5.616,3.84,1090.2,6.4092,2.8135,0,bls_sde -0.69,log_depth +0.55,power_contrast -0.53,ok,,0,noise,,,,,,,,,,,,,,,,
897,SYN-001216,SYN-001216,,0.0110904,0.0049689254,False,3.7068437,2.716,1.728,136.83,6.7611,3.7412,0,log_depth -0.74,harmonic_amp_over_depth -0.39,secondary_sigma +0.35,ok,,0,noise,,,,,,,,,,,,,,,,
898,SYN-000215,SYN-000215,,0.0110891,0.0049679681,False,1.2783911,0.652,3.84,105.6,6.6226,4.3346,0,log_depth -0.69,log_duration_ratio -0.49,max_single_event_fraction +0.46,ok,,0,noise,,,,,,,,,,,,,,,,
899,SYN-001573,SYN-001573,,0.0110758,0.0049584746,False,0.82300034,0.284,5.76,25.283,5.8529,3.4715,0,bls_depth_over_scatter +0.65,log_depth -0.48,max_single_event_fraction +0.36,ok,,0,noise,,,,,,,,,,,,,,,,
900,SYN-000755,SYN-000755,,0.0110683,0.0049531019,False,1.3368348,0.668,5.76,287.11,7.8973,2.7815,0,log_depth -0.58,bls_sde -0.44,max_single_event_fraction +0.38,ok,,0,noise,,,,,,,,,,,,,,,,
901,SYN-001694,SYN-001694,,0.0110407,0.004933382,False,0.86205116,0.628,3.84,1252.1,12.67,2.8946,0,log_duration_ratio -0.64,log_period +0.64,log_depth +0.61,ok,,1,planet,,,,,,,,,,,,,,,,
902,SYN-000060,SYN-000060,,0.0109935,0.004899779,False,6.3241116,3.14083333,2.688,2694.3,10.294,3.0299,0,log_depth +0.62,delta_loglike -0.51,harmonic_amp_over_depth -0.48,ok,,0,noise,,,,,,,,,,,,,,,,
903,SYN-000957,SYN-000957,,0.0109911,0.0048980947,False,10.801943,6.748,5.76,6643.4,30.255,3.876,0,max_single_event_fraction -0.97,harmonic_delta_loglike +0.56,odd_even_sigma -0.54,ok,,0,noise,,,,,,,,,,,,,,,,
904,SYN-000484,SYN-000484,,0.0109554,0.0048727365,False,10.945968,7.728,3.84,1713.8,6.7385,2.9139,0,bls_sde -0.79,log_period -0.55,log_depth +0.46,ok,,0,noise,,,,,,,,,,,,,,,,
905,SYN-000390,SYN-000390,,0.0109278,0.0048531475,False,7.4795553,5.768,1.728,3958.3,5.9161,3.304,0,log_depth +0.55,harmonic_amp_over_depth -0.48,odd_even_sigma +0.32,ok,,0,noise,,,,,,,,,,,,,,,,
906,SYN-000805,SYN-000805,,0.0109224,0.004849313,False,0.99710131,0.6,3.84,73.81,9.2933,3.3587,0,log_depth -0.64,log_duration_ratio -0.61,max_single_event_fraction +0.44,ok,,0,noise,,,,,,,,,,,,,,,,
907,SYN-001522,SYN-001522,,0.0109042,0.0048363911,False,1.2324088,1.15683333,0.96,325.76,5.0921,3.7153,0,log_depth -0.91,max_single_event_fraction +0.47,log_period +0.42,ok,,0,noise,,,,,,,,,,,,,,,,
908,SYN-000094,SYN-000094,,0.0108972,0.004831472,False,3.6823759,0.92,3.84,202.0,9.3156,3.5759,0,log_depth -0.82,flux_skew -0.36,harmonic_delta_loglike +0.35,ok,,0,noise,,,,,,,,,,,,,,,,
909,SYN-001540,SYN-001540,,0.0108816,0.0048204455,False,9.2695524,6.856,3.84,2289.1,12.19,3.4266,0,power_contrast -0.56,log_depth +0.54,log_period -0.52,ok,,0,noise,,,,,,,,,,,,,,,,
910,SYN-001452,SYN-001452,,0.010852,0.0047994863,False,9.1234725,7.772,3.84,1519.0,6.342,3.1978,0,log_period -0.54,log_depth +0.48,harmonic_delta_loglike -0.37,ok,,0,eclipsing_binary,,,,,,,,,,,,,,,,
911,SYN-001119,SYN-001119,,0.0108505,0.0047984517,False,1.2044213,1.136,3.84,559.33,9.7119,4.279,0,log_duration_ratio -0.81,log_period +0.42,max_single_event_fraction +0.36,ok,,0,noise,,,,,,,,,,,,,,,,
912,SYN-001162,SYN-001162,,0.0108171,0.0047749394,False,10.837771,6.836,5.76,1753.8,7.2151,3.6978,0,log_depth +0.54,log_period -0.50,flux_skew -0.39,ok,,1,planet,,,,,,,,,,,,,,,,
913,SYN-001889,SYN-001889,,0.0108167,0.0047746387,False,6.3909777,5.46,1.728,903.6,10.486,2.7395,0,bls_sde -0.64,log_depth +0.58,power_contrast -0.53,ok,,0,noise,,,,,,,,,,,,,,,,
914,SYN-001228,SYN-001228,,0.0107835,0.0047512504,False,9.0782693,0.404,0.96,1368.9,5.5225,3.2788,0,power_contrast -0.51,log_depth +0.48,log_period -0.41,ok,,0,noise,,,,,,,,,,,,,,,,
915,SYN-000796,SYN-000796,,0.0107707,0.0047422254,False,12.311353,9.836,0.96,1342.8,4.959,3.3699,0,log_depth +0.60,log_period -0.54,log_scatter +0.32,ok,,0,noise,,,,,,,,,,,,,,,,
916,SYN-000756,SYN-000756,,0.010743,0.0047228266,False,13.154285,3.8,2.688,2739.9,18.906,4.0123,0,max_single_event_fraction -0.99,log_depth +0.60,odd_even_sigma -0.57,ok,,0,noise,,,,,,,,,,,,,,,,
917,SYN-000204,SYN-000204,,0.0107333,0.0047160243,False,3.0288782,0.688,2.688,1985.8,7.3451,2.9538,0,bls_sde -0.64,log_depth +0.62,power_contrast -0.52,ok,,0,noise,,,,,,,,,,,,,,,,
918,SYN-000240,SYN-000240,,0.0106852,0.0046823413,False,1.5932929,0.272,3.84,1087.7,6.5214,2.7894,0,log_depth +0.57,bls_sde -0.53,log_duration_ratio -0.50,ok,,0,noise,,,,,,,,,,,,,,,,
919,SYN-000292,SYN-000292,,0.010673,0.0046737872,False,10.659814,5.72,0.96,1873.2,5.3589,4.401,0,log_depth +0.64,log_period -0.52,flux_skew -0.28,ok,,0,noise,,,,,,,,,,,,,,,,
920,SYN-001789,SYN-001789,,0.0106527,0.0046596403,False,1.3636602,0.904,3.84,66.46,6.0534,4.9614,0,log_depth -0.73,max_single_event_fraction +0.49,log_duration_ratio -0.46,ok,,0,noise,,,,,,,,,,,,,,,,
921,SYN-000059,SYN-000059,,0.0106065,0.0046274104,False,4.2178305,1.716,5.76,408.19,7.1256,3.5664,0,log_duration_ratio -0.62,log_scatter +0.37,log_depth -0.30,ok,,0,noise,,,,,,,,,,,,,,,,
922,SYN-000276,SYN-000276,,0.0106024,0.0046245406,False,10.467433,6.872,5.76,508.7,10.5,2.929,0,bls_sde -0.66,secondary_sigma +0.37,log_period -0.35,ok,,0,noise,,,,,,,,,,,,,,,,
923,SYN-000673,SYN-000673,,0.0105919,0.0046172231,False,9.3374154,4.216,1.728,805.69,7.105,3.3724,0,log_period -0.54,log_depth +0.49,flux_skew -0.31,ok,,0,noise,,,,,,,,,,,,,,,,
924,SYN-000962,SYN-000962,,0.0105463,0.0045855705,False,12.049203,1.832,5.76,627.85,6.2932,3.3524,0,log_period -0.42,flux_skew -0.33,harmonic_delta_loglike -0.28,ok,,0,noise,,,,,,,,,,,,,,,,
925,SYN-001773,SYN-001773,,0.0105461,0.0045854344,False,1.1345176,0.692833333,5.76,55.909,6.2409,5.1993,0,log_depth -0.64,max_single_event_fraction +0.48,log_period +0.37,ok,,0,noise,,,,,,,,,,,,,,,,
926,SYN-001399,SYN-001399,,0.0105412,0.0045819837,False,13.440478,1.188,0.96,32145.0,22.255,5.1657,0,max_single_event_fraction -0.90,bls_sde +0.50,harmonic_amp_over_depth -0.45,ok,,0,noise,,,,,,,,,,,,,,,,
927,SYN-000595,SYN-000595,,0.0105203,0.0045675463,False,13.024259,10.688,3.84,1249.8,6.4445,3.5692,0,max_single_event_fraction -0.55,log_depth +0.54,log_period -0.51,ok,,0,noise,,,,,,,,,,,,,,,,
928,SYN-001398,SYN-001398,,0.0105073,0.0045585228,False,12.169494,5.268,0.96,2745.0,15.165,3.3115,0,max_single_event_fraction -0.84,log_period -0.53,log_depth +0.51,ok,,0,noise,,,,,,,,,,,,,,,,
929,SYN-000284,SYN-000284,,0.0105055,0.0045572549,False,6.9081542,1.676,0.96,2090.9,5.6116,4.242,0,log_depth +0.69,log_period +0.30,log_duration_ratio -0.30,ok,,0,noise,,,,,,,,,,,,,,,,
930,SYN-001557,SYN-001557,,0.0105031,0.0045556164,False,11.147144,10.496,5.76,2412.4,12.212,3.5355,0,max_single_event_fraction -0.91,odd_even_sigma -0.63,log_depth +0.57,ok,,0,noise,,,,,,,,,,,,,,,,
931,SYN-000460,SYN-000460,,0.0104677,0.0045311054,False,0.87499258,0.64,2.688,157.93,8.7483,3.1093,0,log_depth -0.76,max_single_event_fraction +0.46,log_period +0.32,ok,,0,noise,,,,,,,,,,,,,,,,
932,SYN-001993,SYN-001993,,0.010464,0.0045286013,False,0.8851923,0.384,1.728,105.77,9.0363,3.1302,0,log_depth -0.80,secondary_sigma -0.63,max_single_event_fraction +0.48,ok,,0,noise,,,,,,,,,,,,,,,,
933,SYN-001956,SYN-001956,,0.0104543,0.004521911,False,7.629643,2.084,5.76,667.16,8.5634,3.3261,0,log_duration_ratio -0.71,harmonic_delta_loglike +0.23,log_period +0.21,ok,,0,noise,,,,,,,,,,,,,,,,
934,SYN-000170,SYN-000170,,0.0104537,0.0045214592,False,1.1826848,0.34,5.76,1189.6,9.116,3.8558,0,log_depth +0.63,log_duration_ratio -0.60,log_period +0.45,ok,,0,noise,,,,,,,,,,,,,,,,
935,SYN-001362,SYN-001362,,0.010446,0.0045161639,False,7.9257809,7.644,3.84,2905.3,14.762,3.0719,0,max_single_event_fraction -0.79,log_depth +0.66,odd_even_sigma -0.55,ok,,0,eclipsing_binary,,,,,,,,,,,,,,,,
936,SYN-001870,SYN-001870,,0.0104369,0.0045098779,False,0.70089582,0.64,2.688,366.72,10.067,5.6804,1,log_duration_ratio -0.72,log_scatter +0.34,log_period -0.32,ok,,0,noise,,,,,,,,,,,,,,,,
937,SYN-000920,SYN-000920,,0.0104208,0.0044987895,False,1.2245282,1.068,1.728,101.41,5.228,3.87,0,log_depth -0.88,max_single_event_fraction +0.54,log_period +0.35,ok,,0,noise,,,,,,,,,,,,,,,,
938,SYN-001213,SYN-001213,,0.0104168,0.004496048,False,11.695416,7.06,5.76,162.73,7.7481,3.1851,0,log_depth -0.61,log_period -0.35,log_scatter -0.33,ok,,0,noise,,,,,,,,,,,,,,,,
939,SYN-000629,SYN-000629,,0.0104146,0.0044944754,False,8.5106089,7.688,3.84,429.57,6.3175,4.4414,0,log_depth -0.37,log_period +0.35,harmonic_delta_loglike -0.28,ok,,0,noise,,,,,,,,,,,,,,,,
940,SYN-001805,SYN-001805,,0.0104124,0.0044930044,False,6.8625556,4.712,2.688,23505.0,232.1,6.0512,2,secondary_sigma -1.79,odd_even_sigma -1.18,log_duration_ratio +0.53,ok,,0,eclipsing_binary,,,,,,,,,,,,,,,,
941,SYN-001074,SYN-001074,,0.0103979,0.0044829877,False,0.97764193,0.164,5.76,54.127,12.381,8.2445,2,log_duration_ratio -0.94,power_contrast +0.85,bls_sde +0.57,ok,,0,noise,,,,,,,,,,,,,,,,
942,SYN-001974,SYN-001974,,0.0103658,0.0044609177,False,1.2805094,0.356,5.76,28.734,5.9094,3.7295,0,log_depth -0.67,max_single_event_fraction +0.54,log_scatter -0.36,ok,,0,noise,,,,,,,,,,,,,,,,
943,SYN-001983,SYN-001983,,0.0103641,0.0044597606,False,12.169494,7.432,2.688,248.22,11.448,3.2254,0,log_depth -0.55,flux_skew +0.47,secondary_sigma +0.40,ok,,0,noise,,,,,,,,,,,,,,,,
944,SYN-000409,SYN-000409,,0.010347,0.0044480362,False,1.1748783,0.512,3.84,672.45,7.8328,4.0271,0,log_duration_ratio -0.63,log_period +0.42,max_single_event_fraction +0.42,ok,,1,planet,,,,,,,,,,,,,,,,
945,SYN-001178,SYN-001178,,0.0103341,0.0044391923,False,8.3708636,1.944,0.96,2270.4,7.5274,4.2817,0,log_depth +0.70,log_period +0.31,flux_skew -0.28,ok,,0,noise,,,,,,,,,,,,,,,,
946,SYN-000217,SYN-000217,,0.0103317,0.0044375702,False,11.831748,4.716,5.76,824.3,14.189,4.3303,0,max_single_event_fraction -0.95,log_depth +0.55,log_period -0.51,ok,,0,noise,,,,,,,,,,,,,,,,
947,SYN-001421,SYN-001421,,0.0103055,0.0044196117,False,1.319245,0.14,5.76,522.19,7.3385,3.7275,0,log_duration_ratio -0.56,max_single_event_fraction +0.47,log_period +0.36,ok,,0,noise,,,,,,,,,,,,,,,,
948,SYN-001318,SYN-001318,,0.0102632,0.0043906901,False,5.9027386,2.196,1.728,630.92,7.0535,3.4273,0,harmonic_amp_over_depth -0.47,red_noise_beta +0.28,delta_loglike +0.27,ok,,0,noise,,,,,,,,,,,,,,,,
949,SYN-001065,SYN-001065,,0.0102624,0.0043901628,False,1.3704503,0.66,3.84,269.44,6.6784,2.9777,0,log_depth -0.59,bls_sde -0.43,max_single_event_fraction +0.41,ok,,0,noise,,,,,,,,,,,,,,,,
950,SYN-000840,SYN-000840,,0.0102413,0.0043757355,False,11.734207,4.616,5.76,2155.9,7.4328,2.9681,0,bls_sde -0.61,log_period -0.54,log_depth +0.46,ok,,0,noise,,,,,,,,,,,,,,,,
951,SYN-001743,SYN-001743,,0.0102396,0.0043745902,False,7.7441819,3.992,1.728,5013.3,243.69,5.9606,2,secondary_sigma -1.78,odd_even_sigma -1.08,log_depth +0.53,ok,,0,eclipsing_binary,,,,,,,,,,,,,,,,
952,SYN-000487,SYN-000487,,0.0102343,0.0043709935,False,8.4824744,6.952,3.84,218.47,7.8551,3.3205,0,log_depth -0.48,harmonic_amp_over_depth -0.39,flux_skew -0.33,ok,,0,noise,,,,,,,,,,,,,,,,
953,SYN-000298,SYN-000298,,0.0102324,0.0043696749,False,0.79356263,0.568,5.76,641.29,10.341,5.266,0,log_duration_ratio -0.66,log_scatter +0.33,max_single_event_fraction +0.32,ok,,0,noise,,,,,,,,,,,,,,,,
954,SYN-000213,SYN-000213,,0.010224,0.0043639448,False,12.549089,6.992,3.84,537.56,6.9241,4.0177,0,log_period -0.39,log_duration_ratio +0.27,harmonic_delta_loglike -0.24,ok,,0,noise,,,,,,,,,,,,,,,,
955,SYN-001158,SYN-001158,,0.0102205,0.0043616074,False,5.8929738,5.384,1.728,556.75,10.475,3.1539,0,power_contrast -0.56,delta_loglike -0.43,flux_skew -0.34,ok,,0,noise,,,,,,,,,,,,,,,,
956,SYN-001198,SYN-001198,,0.0102112,0.0043552425,False,11.637469,10.092,5.76,2012.2,8.6481,3.2796,0,max_single_event_fraction -0.67,odd_even_sigma -0.55,log_depth +0.49,ok,,0,noise,,,,,,,,,,,,,,,,
957,SYN-001299,SYN-001299,,0.0101762,0.0043314443,False,0.80148506,0.368,5.76,331.06,7.2879,3.6754,0,log_depth -0.65,max_single_event_fraction +0.42,log_duration_ratio -0.37,ok,,0,noise,,,,,,,,,,,,,,,,
958,SYN-001871,SYN-001871,,0.0101719,0.0043285318,False,12.149363,3.8,5.76,1440.9,4.7659,2.8726,0,bls_sde -0.63,log_depth +0.55,log_period -0.54,ok,,0,noise,,,,,,,,,,,,,,,,
959,SYN-001642,SYN-001642,,0.0101671,0.0043252406,False,0.5100332,0.252,0.96,86.014,5.5289,3.3646,0,log_depth -0.57,max_single_event_fraction +0.44,log_scatter -0.33,ok,,0,noise,,,,,,,,,,,,,,,,
960,SYN-000635,SYN-000635,,0.0101621,0.0043218487,False,0.88959992,0.744,5.76,491.61,8.5669,3.8457,0,log_duration_ratio -0.55,log_scatter +0.31,flux_skew -0.30,ok,,0,noise,,,,,,,,,,,,,,,,
961,SYN-000624,SYN-000624,,0.0101562,0.0043178906,False,1.0585066,0.228,5.76,53.784,8.2998,6.5134,1,log_duration_ratio -0.82,log_depth -0.50,max_single_event_fraction +0.43,ok,,0,noise,,,,,,,,,,,,,,,,
962,SYN-000851,SYN-000851,,0.0101363,0.00430438,False,5.0940041,4.784,3.84,613.98,12.244,2.8145,0,bls_sde -0.64,power_contrast -0.58,delta_loglike -0.49,ok,,0,noise,,,,,,,,,,,,,,,,
963,SYN-000144,SYN-000144,,0.0101234,0.0042956082,False,1.3933289,0.304,3.84,317.66,37.167,5.8547,3,log_depth -0.69,log_duration_ratio -0.58,harmonic_delta_loglike +0.56,ok,,0,noise,,,,,,,,,,,,,,,,
964,SYN-001341,SYN-001341,,0.0101085,0.0042855847,False,5.9419596,3.236,5.76,163.86,6.5063,3.3109,0,log_depth -0.53,log_duration_ratio -0.42,power_contrast +0.25,ok,,0,noise,,,,,,,,,,,,,,,,
965,SYN-000034,SYN-000034,,0.0101031,0.0042818764,False,9.0482582,1.888,5.76,2453.2,9.8622,3.5027,0,log_depth +0.53,flux_skew -0.44,harmonic_amp_over_depth -0.42,ok,,0,noise,,,,,,,,,,,,,,,,
966,SYN-001051,SYN-001051,,0.0100861,0.0042704386,False,1.5110765,1.208,1.728,59.963,5.3057,3.211,0,log_depth -0.79,max_single_event_fraction +0.53,flux_skew -0.33,ok,,0,noise,,,,,,,,,,,,,,,,
967,SYN-000905,SYN-000905,,0.0100591,0.0042521591,False,8.476952,6.25283333,3.84,219.55,6.4184,3.3486,0,log_depth -0.65,power_contrast -0.43,log_period +0.39,ok,,0,noise,,,,,,,,,,,,,,,,
968,SYN-001333,SYN-001333,,0.0100551,0.0042494849,False,2.3776431,1.716,5.76,381.74,6.3164,2.9984,0,bls_sde -0.50,log_duration_ratio -0.38,log_period +0.37,ok,,0,noise,,,,,,,,,,,,,,,,
969,SYN-001684,SYN-001684,,0.0100316,0.0042336351,False,1.1216564,1.032,5.76,31.403,5.9589,4.5288,0,log_depth -0.65,max_single_event_fraction +0.42,log_scatter -0.34,ok,,0,noise,,,,,,,,,,,,,,,,
970,SYN-000973,SYN-000973,,0.00999835,0.004211278,False,2.4423452,2.3,3.84,82.253,10.705,4.3766,0,log_depth -0.72,log_duration_ratio -0.69,log_period +0.33,ok,,0,noise,,,,,,,,,,,,,,,,
971,SYN-001569,SYN-001569,,0.00992294,0.0041607127,False,7.8734652,3.704,1.728,1335.9,6.0478,3.7728,0,log_depth +0.65,power_contrast -0.52,harmonic_amp_over_depth -0.45,ok,,0,noise,,,,,,,,,,,,,,,,
972,SYN-001730,SYN-001730,,0.00991258,0.0041537855,False,2.8678313,0.232,5.76,794.15,11.186,3.5257,0,log_duration_ratio -0.68,secondary_sigma -0.62,log_depth +0.60,ok,,0,noise,,,,,,,,,,,,,,,,
973,SYN-000520,SYN-000520,,0.00989797,0.0041440157,False,0.69052934,0.46,2.688,167.15,6.9002,3.2156,0,log_depth -0.65,max_single_event_fraction +0.38,log_duration_ratio -0.33,ok,,0,noise,,,,,,,,,,,,,,,,
974,SYN-000119,SYN-000119,,0.00989146,0.004139671,False,11.000472,0.684,1.728,2370.1,5.6995,3.5807,0,log_depth +0.55,log_period -0.55,flat_bottom_fraction -0.34,ok,,0,noise,,,,,,,,,,,,,,,,
975,SYN-000076,SYN-000076,,0.00983319,0.0041008314,False,0.52112981,0.416,5.76,100.96,14.187,6.414,1,log_duration_ratio -0.96,flux_skew +0.60,power_contrast +0.59,ok,,0,noise,,,,,,,,,,,,,,,,
976,SYN-001258,SYN-001258,,0.00982518,0.0040955008,False,11.055246,2.664,2.688,190.66,8.8192,4.6152,0,log_depth -0.68,log_duration_ratio +0.37,flux_skew -0.34,ok,,0,noise,,,,,,,,,,,,,,,,
977,SYN-000201,SYN-000201,,0.00982212,0.0040934677,False,1.8523709,1.692,5.76,149.97,7.8537,4.698,0,log_depth -0.69,log_duration_ratio -0.68,log_period +0.34,ok,,0,noise,,,,,,,,,,,,,,,,
978,SYN-000830,SYN-000830,,0.00980205,0.0040801267,False,10.043019,1.176,2.688,887.64,10.888,2.4254,0,bls_sde -0.71,log_period -0.52,log_depth +0.45,ok,,0,noise,,,,,,,,,,,,,,,,
979,SYN-001403,SYN-001403,,0.00978326,0.0040676569,False,1.2594833,0.088,2.688,66.412,6.1259,3.8985,0,log_depth -0.84,max_single_event_fraction +0.51,log_period +0.42,ok,,0,noise,,,,,,,,,,,,,,,,
980,SYN-001018,SYN-001018,,0.00976452,0.0040552273,False,4.9362551,1.048,5.76,614.5,9.2308,4.0468,0,log_duration_ratio -0.83,delta_loglike +0.31,bls_sde -0.26,ok,,0,noise,,,,,,,,,,,,,,,,
981,SYN-001538,SYN-001538,,0.00976113,0.0040529834,False,13.46275,11.632,1.728,5299.0,8.0257,3.5713,0,power_contrast -0.49,harmonic_amp_over_depth -0.44,log_depth +0.42,ok,,0,noise,,,,,,,,,,,,,,,,
982,SYN-001675,SYN-001675,,0.00975109,0.0040463329,False,13.485058,12.14,0.96,2127.6,5.9632,4.4633,0,log_depth +0.54,log_period -0.44,log_duration_ratio -0.36,ok,,0,noise,,,,,,,,,,,,,,,,
983,SYN-001030,SYN-001030,,0.00974013,0.0040390777,False,11.831748,1.24,2.688,603.6,7.0604,3.8005,0,max_single_event_fraction -0.44,log_period -0.37,power_contrast -0.28,ok,,0,noise,,,,,,,,,,,,,,,,
984,SYN-001866,SYN-001866,,0.00973483,0.0040355736,False,9.910875,9.752,5.76,303.79,11.124,3.7716,0,log_depth -0.69,flux_skew -0.42,secondary_sigma +0.38,ok,,0,noise,,,,,,,,,,,,,,,,
985,SYN-000793,SYN-000793,,0.00970261,0.0040142819,False,1.3546591,0.988,5.76,152.05,8.7682,3.332,0,log_depth -0.63,log_duration_ratio -0.56,log_period +0.40,ok,,0,noise,,,,,,,,,,,,,,,,
986,SYN-000779,SYN-000779,,0.00967918,0.0039988316,False,2.7198467,1.948,3.84,77.892,9.3545,3.5812,0,log_depth -0.81,flux_skew -0.34,log_period +0.30,ok,,0,noise,,,,,,,,,,,,,,,,
987,SYN-000586,SYN-000586,,0.00967187,0.0039940153,False,3.5624386,2.6,5.76,604.01,6.707,3.3949,0,log_duration_ratio -0.50,harmonic_amp_over_depth -0.42,flux_skew -0.35,ok,,1,planet,,,,,,,,,,,,,,,,
988,SYN-000186,SYN-000186,,0.0096704,0.0039930429,False,12.413692,4.424,1.728,1825.4,6.8057,3.9471,0,log_period -0.56,log_depth +0.54,harmonic_amp_over_depth -0.48,ok,,0,noise,,,,,,,,,,,,,,,,
989,SYN-000065,SYN-000065,,0.00966059,0.0039865807,False,9.1083798,1.416,2.688,153.41,9.0836,3.3416,0,log_depth -0.57,log_duration_ratio +0.41,secondary_sigma +0.41,ok,,0,noise,,,,,,,,,,,,,,,,
990,SYN-000622,SYN-000622,,0.00964258,0.003974732,False,4.2669974,3.752,0.96,448.27,5.6851,3.1411,0,harmonic_amp_over_depth -0.48,log_depth -0.37,flux_skew +0.31,ok,,0,noise,,,,,,,,,,,,,,,,
991,SYN-001099,SYN-001099,,0.00963496,0.0039697218,False,8.1926196,5.452,3.84,369.77,6.8528,3.3286,0,harmonic_delta_loglike -0.31,flux_skew -0.30,log_depth -0.28,ok,,0,noise,,,,,,,,,,,,,,,,
992,SYN-001804,SYN-001804,,0.00957907,0.0039330441,False,11.714795,8.768,3.84,770.51,7.1033,3.347,0,log_period -0.56,log_depth +0.51,harmonic_amp_over_depth -0.49,ok,,0,noise,,,,,,,,,,,,,,,,
993,SYN-000547,SYN-000547,,0.00957341,0.003929339,False,0.70438578,0.484,0.96,204.58,6.2165,3.2121,0,log_depth -0.84,max_single_event_fraction +0.36,flux_skew -0.33,ok,,0,noise,,,,,,,,,,,,,,,,
994,SYN-000413,SYN-000413,,0.00957021,0.0039272462,False,1.6387746,1.58,0.96,142.87,5.5124,4.069,0,log_depth -0.93,max_single_event_fraction +0.42,log_period +0.34,ok,,0,noise,,,,,,,,,,,,,,,,
995,SYN-001537,SYN-001537,,0.00956907,0.0039264945,False,13.57466,0.312,3.84,5123.4,8.6175,4.0241,0,max_single_event_fraction -0.85,harmonic_amp_over_depth -0.46,log_period -0.46,ok,,0,noise,,,,,,,,,,,,,,,,
996,SYN-000114,SYN-000114,,0.00955945,0.0039201995,False,12.250355,7.404,1.728,184.92,7.9154,2.7228,0,bls_sde -0.49,log_period -0.37,log_depth -0.35,ok,,0,noise,,,,,,,,,,,,,,,,
997,SYN-001302,SYN-001302,,0.00955588,0.0039178682,False,1.0977726,0.148,0.96,76.576,4.7689,2.9617,0,log_depth -0.68,max_single_event_fraction +0.58,log_period +0.52,ok,,0,noise,,,,,,,,,,,,,,,,
998,SYN-000625,SYN-000625,,0.00954207,0.003908838,False,1.042851,0.572,2.688,82.615,5.1338,4.1668,0,log_depth -0.82,max_single_event_fraction +0.60,log_period +0.42,ok,,0,noise,,,,,,,,,,,,,,,,
999,SYN-000711,SYN-000711,,0.00951669,0.0038922614,False,7.808556,6.528,3.84,442.4,18.397,2.6204,0,bls_sde -0.58,delta_loglike -0.41,max_single_event_fraction -0.41,ok,,0,noise,,,,,,,,,,,,,,,,
1000,SYN-001079,SYN-001079,,0.00951387,0.0038904226,False,5.3534086,0.352,2.688,384.82,5.1289,3.3741,0,power_contrast -0.54,log_depth -0.34,harmonic_delta_loglike -0.29,ok,,0,noise,,,,,,,,,,,,,,,,
1001,SYN-001406,SYN-001406,,0.0095018,0.0038825501,False,12.600051,7.072,3.84,1084.7,9.4401,3.5825,0,max_single_event_fraction -0.93,log_depth +0.55,odd_even_sigma -0.53,ok,,0,noise,,,,,,,,,,,,,,,,
1002,SYN-000472,SYN-000472,,0.00949987,0.0038812948,False,0.61598284,0.372,0.96,4006.0,88.92,12.507,1,secondary_sigma -1.70,odd_even_sigma -1.05,log_depth +0.53,ok,,0,eclipsing_binary,,,,,,,,,,,,,,,,
1003,SYN-001221,SYN-001221,,0.00946238,0.0038568884,False,0.83259399,0.748,5.76,199.15,4.8504,3.6736,0,bls_depth_over_scatter +0.70,log_depth -0.47,max_single_event_fraction +0.45,ok,,0,noise,,,,,,,,,,,,,,,,
1004,SYN-000898,SYN-000898,,0.00943781,0.0038409193,False,7.3811408,7.0,0.96,6459.8,5.0133,3.7864,0,log_depth +0.65,harmonic_amp_over_depth -0.50,flux_skew -0.32,ok,,0,eclipsing_binary,,,,,,,,,,,,,,,,
1005,SYN-000997,SYN-000997,,0.00941751,0.00382775,False,1.2997329,1.22,5.76,541.3,5.9457,4.2527,0,max_single_event_fraction +0.47,log_duration_ratio -0.44,log_scatter +0.35,ok,,0,noise,,,,,,,,,,,,,,,,
1006,SYN-000304,SYN-000304,,0.00939747,0.003814762,False,8.2061949,2.156,3.84,292.33,12.977,3.5787,0,log_depth -0.81,flux_skew +0.61,odd_even_sigma -0.57,ok,,0,noise,,,,,,,,,,,,,,,,
1007,SYN-000047,SYN-000047,,0.00939251,0.0038115545,False,10.606998,3.448,5.76,170.04,14.763,3.4558,0,odd_even_sigma -0.87,log_depth -0.69,flux_skew +0.62,ok,,0,noise,,,,,,,,,,,,,,,,
1008,SYN-000890,SYN-000890,,0.00938895,0.0038092452,False,1.2225025,0.808,5.76,192.03,9.2591,4.4707,0,log_duration_ratio -0.71,log_depth -0.70,log_period +0.41,ok,,0,noise,,,,,,,,,,,,,,,,
1009,SYN-000429,SYN-000429,,0.00938013,0.0038035378,False,11.792635,1.544,3.84,1480.1,18.893,2.3095,0,max_single_event_fraction -0.90,bls_sde -0.79,flux_skew +0.54,ok,,0,noise,,,,,,,,,,,,,,,,
1010,SYN-001324,SYN-001324,,0.00936881,0.0037962217,False,10.398341,5.992,2.688,530.89,9.0879,3.8907,0,power_contrast -0.57,log_duration_ratio +0.41,log_period -0.40,ok,,0,noise,,,,,,,,,,,,,,,,
1011,SYN-001661,SYN-001661,,0.00934355,0.0037799058,False,7.4795553,2.736,2.688,667.75,9.5529,2.6593,0,bls_sde -0.59,secondary_sigma +0.39,flux_skew -0.35,ok,,0,noise,,,,,,,,,,,,,,,,
1012,SYN-000683,SYN-000683,,0.00933946,0.0037772656,False,0.65815787,0.124,1.728,145.92,5.2049,3.907,0,log_depth -0.85,max_single_event_fraction +0.55,red_noise_beta +0.27,ok,,0,noise,,,,,,,,,,,,,,,,
1013,SYN-000309,SYN-000309,,0.00932162,0.0037657622,False,13.373886,8.904,5.76,461.25,12.123,3.3028,0,max_single_event_fraction -0.62,secondary_sigma +0.39,delta_loglike -0.38,ok,,0,noise,,,,,,,,,,,,,,,,
1014,SYN-001480,SYN-001480,,0.00931827,0.0037636053,False,1.2367531,1.06,5.76,304.54,9.1324,6.3763,2,log_duration_ratio -0.89,log_depth -0.52,power_contrast +0.40,ok,,0,noise,,,,,,,,,,,,,,,,
1015,SYN-000248,SYN-000248,,0.00931213,0.0037596449,False,1.3501809,0.62,3.84,403.93,13.632,3.3861,0,log_duration_ratio -0.60,delta_loglike -0.57,max_single_event_fraction +0.39,ok,,0,noise,,,,,,,,,,,,,,,,
1016,SYN-000262,SYN-000262,,0.00930127,0.0037526589,False,9.0183464,3.632,2.688,126.3,6.9966,3.705,0,log_depth -0.69,secondary_sigma +0.34,harmonic_delta_loglike -0.30,ok,,0,noise,,,,,,,,,,,,,,,,
1017,SYN-001054,SYN-001054,,0.00927672,0.0037368701,False,0.85636103,0.148,5.76,108.51,10.904,7.3454,1,log_duration_ratio -0.87,power_contrast +0.58,log_depth -0.47,ok,,0,noise,,,,,,,,,,,,,,,,
1018,SYN-001620,SYN-001620,,0.0092715,0.003733515,False,6.0712368,3.508,0.96,1139.9,5.4404,3.7111,0,log_depth +0.68,secondary_sigma -0.67,log_scatter +0.31,ok,,0,noise,,,,,,,,,,,,,,,,
1019,SYN-001833,SYN-001833,,0.00925573,0.0037233915,False,8.2061949,4.08,1.728,322.54,7.5115,5.027,0,log_depth -0.80,flux_skew -0.37,log_scatter -0.32,ok,,0,noise,,,,,,,,,,,,,,,,
1020,SYN-000272,SYN-000272,,0.00924553,0.0037168443,False,2.3010271,1.772,0.96,124.99,5.6929,3.8918,0,log_depth -0.91,max_single_event_fraction +0.40,log_period +0.36,ok,,0,noise,,,,,,,,,,,,,,,,
1021,SYN-000652,SYN-000652,,0.0092075,0.003692485,False,0.96158893,0.764,3.84,132.91,5.652,2.7577,0,log_depth -0.51,log_period +0.47,max_single_event_fraction +0.42,ok,,0,noise,,,,,,,,,,,,,,,,
1022,SYN-001503,SYN-001503,,0.00920479,0.003690751,False,3.9672062,0.584,2.688,2652.2,11.154,2.89,0,bls_sde -0.66,log_depth +0.60,delta_loglike -0.54,ok,,0,noise,,,,,,,,,,,,,,,,
1023,SYN-001946,SYN-001946,,0.00919701,0.0036857775,False,12.831626,6.436,1.728,2116.0,5.1882,2.7233,0,bls_sde -0.68,log_period -0.51,log_depth +0.47,ok,,0,noise,,,,,,,,,,,,,,,,
1024,SYN-001608,SYN-001608,,0.00919399,0.0036838486,False,12.65338,8.204,2.688,14069.0,65.714,4.7879,0,secondary_sigma -1.61,odd_even_sigma -0.56,harmonic_delta_loglike +0.52,ok,,0,eclipsing_binary,,,,,,,,,,,,,,,,
1025,SYN-001257,SYN-001257,,0.00919321,0.003683351,False,1.4642821,1.084,3.84,336.47,7.1039,3.587,0,log_depth -0.69,max_single_event_fraction +0.52,log_duration_ratio -0.39,ok,,0,noise,,,,,,,,,,,,,,,,
1026,SYN-000280,SYN-000280,,0.00916671,0.003666426,False,13.067458,8.044,1.728,3482.4,9.6947,3.5337,0,max_single_event_fraction -0.93,log_period -0.51,log_depth +0.49,ok,,0,noise,,,,,,,,,,,,,,,,
1027,SYN-000868,SYN-000868,,0.00913911,0.0036488314,False,6.6610581,5.556,5.76,329.4,11.584,3.2256,0,log_duration_ratio -0.59,delta_loglike -0.41,log_depth -0.41,ok,,0,noise,,,,,,,,,,,,,,,,
1028,SYN-000798,SYN-000798,,0.00912322,0.0036387156,False,12.789207,11.92,0.96,1322.4,4.9005,3.7877,0,log_depth +0.60,log_period -0.49,harmonic_amp_over_depth -0.47,ok,,0,noise,,,,,,,,,,,,,,,,
1029,SYN-000502,SYN-000502,,0.00912163,0.003637707,False,0.67694549,0.12,5.76,116.24,21.059,5.6319,1,flux_skew +0.98,log_duration_ratio -0.89,log_depth -0.54,ok,,0,noise,,,,,,,,,,,,,,,,
1030,SYN-001295,SYN-001295,,0.00911998,0.0036366537,False,1.0851234,0.268,5.76,102.73,12.029,5.0958,0,log_duration_ratio -0.88,log_depth -0.52,max_single_event_fraction +0.41,ok,,0,noise,,,,,,,,,,,,,,,,
1031,SYN-001864,SYN-001864,,0.00911069,0.0036307456,False,2.6751865,1.812,5.76,286.95,6.3137,3.576,0,log_depth -0.64,log_duration_ratio -0.43,log_scatter +0.35,ok,,0,noise,,,,,,,,,,,,,,,,
1032,SYN-000949,SYN-000949,,0.00907879,0.0036104916,False,1.3412688,0.12,2.688,188.82,7.9728,3.1167,0,log_depth -0.80,max_single_event_fraction +0.44,log_period +0.35,ok,,0,noise,,,,,,,,,,,,,,,,
1033,SYN-001209,SYN-001209,,0.00907658,0.0036090921,False,11.400336,8.468,2.688,2637.9,12.242,3.3919,0,delta_loglike -0.55,log_period -0.52,log_depth +0.50,ok,,0,noise,,,,,,,,,,,,,,,,
1034,SYN-001560,SYN-001560,,0.00907378,0.003607316,False,6.7387055,5.8,2.688,177.86,6.2943,3.55,0,log_depth -0.79,log_duration_ratio +0.34,log_scatter -0.32,ok,,0,noise,,,,,,,,,,,,,,,,
1035,SYN-000658,SYN-000658,,0.00906683,0.0036029066,False,3.9150064,3.036,1.728,449.17,8.1454,3.2747,0,power_contrast -0.54,secondary_sigma +0.35,flux_skew -0.33,ok,,0,noise,,,,,,,,,,,,,,,,
1036,SYN-001274,SYN-001274,,0.00904799,0.0035909721,False,13.440478,10.144,5.76,2499.4,6.1864,3.3213,0,log_depth +0.49,log_period -0.39,flux_skew -0.31,ok,,0,noise,,,,,,,,,,,,,,,,
1037,SYN-001432,SYN-001432,,0.00904009,0.0035859723,False,5.6260228,3.504,1.728,161.93,7.6983,4.3982,0,log_depth -0.80,flux_skew -0.35,power_contrast -0.33,ok,,0,noise,,,,,,,,,,,,,,,,
1038,SYN-000432,SYN-000432,,0.00902429,0.0035759798,False,7.5667439,6.016,1.728,1640.5,13.512,2.7095,0,bls_sde -0.69,log_depth +0.66,max_single_event_fraction -0.63,ok,,0,noise,,,,,,,,,,,,,,,,
1039,SYN-000008,SYN-000008,,0.00900928,0.0035664953,False,0.75012557,0.644,5.76,630.53,6.1037,4.8702,0,log_duration_ratio -0.49,max_single_event_fraction +0.39,bls_sde +0.38,ok,,0,noise,,,,,,,,,,,,,,,,
1040,SYN-001985,SYN-001985,,0.00899181,0.0035554716,False,1.0122309,0.36,3.84,435.09,30.076,5.8314,1,log_duration_ratio -0.73,harmonic_delta_loglike +0.54,flux_skew -0.37,ok,,0,noise,,,,,,,,,,,,,,,,
1041,SYN-001286,SYN-001286,,0.0089826,0.0035496674,False,1.0155882,0.464,3.84,188.07,5.9727,4.3325,0,log_depth -0.68,max_single_event_fraction +0.55,log_period +0.49,ok,,0,noise,,,,,,,,,,,,,,,,
1042,SYN-001169,SYN-001169,,0.00897924,0.0035475476,False,4.4179637,0.276,2.688,393.55,12.222,3.1076,0,power_contrast -0.48,delta_loglike -0.41,log_duration_ratio +0.38,ok,,0,noise,,,,,,,,,,,,,,,,
1043,SYN-000038,SYN-000038,,0.0089754,0.0035451277,False,11.295771,3.852,1.728,3257.5,8.7339,3.2519,0,log_period -0.48,log_depth +0.46,odd_even_sigma -0.45,ok,,0,noise,,,,,,,,,,,,,,,,
1044,SYN-000396,SYN-000396,,0.00897207,0.0035430324,False,2.3239991,0.132,2.688,103.41,5.4956,4.6076,0,log_depth -0.65,log_scatter -0.38,flux_skew -0.33,ok,,0,noise,,,,,,,,,,,,,,,,
1045,SYN-001916,SYN-001916,,0.00896801,0.0035404767,False,8.2197927,2.088,5.76,647.61,9.0626,3.5238,0,log_duration_ratio -0.75,log_scatter +0.32,delta_loglike +0.26,ok,,0,noise,,,,,,,,,,,,,,,,
1046,SYN-001962,SYN-001962,,0.00894704,0.0035272805,False,0.94111345,0.196,3.84,376.65,16.359,5.5328,1,log_duration_ratio -0.66,flux_skew -0.37,max_single_event_fraction +0.35,ok,,0,noise,,,,,,,,,,,,,,,,
1047,SYN-001331,SYN-001331,,0.00893279,0.0035183192,False,11.389668,7.836,5.76,1328.2,6.6138,3.6569,0,log_period -0.57,log_depth +0.56,flux_skew -0.34,ok,,0,noise,,,,,,,,,,,,,,,,
1048,SYN-000167,SYN-000167,,0.00892378,0.0035126637,False,7.0351186,5.204,1.728,561.27,4.5892,3.4362,0,harmonic_delta_loglike -0.27,odd_even_sigma +0.21,delta_loglike -0.19,ok,,0,noise,,,,,,,,,,,,,,,,
1049,SYN-000427,SYN-000427,,0.00891637,0.003508012,False,13.045841,9.464,2.688,1458.3,5.6057,3.7881,0,log_depth +0.59,log_period -0.55,harmonic_amp_over_depth -0.51,ok,,0,noise,,,,,,,,,,,,,,,,
1050,SYN-000503,SYN-000503,,0.00890121,0.0034985025,False,0.6702541,0.46,0.96,44161.0,3001.3,14.451,2,secondary_sigma -1.70,odd_even_sigma -1.26,log_depth +0.53,ok,,0,eclipsing_binary,,,,,,,,,,,,,,,,
1051,SYN-000156,SYN-000156,,0.00889275,0.003493202,False,1.1160991,0.74,5.76,60.99,5.1532,3.2984,0,log_depth -0.61,max_single_event_fraction +0.56,log_period +0.37,ok,,0,noise,,,,,,,,,,,,,,,,
1052,SYN-000412,SYN-000412,,0.00888805,0.0034902565,False,12.311353,1.58,5.76,450.2,7.6231,3.067,0,power_contrast -0.44,flat_bottom_fraction -0.35,log_period -0.33,ok,,0,noise,,,,,,,,,,,,,,,,
1053,SYN-001513,SYN-001513,,0.00887757,0.0034836949,False,12.93829,2.892,5.76,446.24,10.431,3.2119,0,max_single_event_fraction -0.66,secondary_sigma +0.42,flux_skew -0.32,ok,,0,noise,,,,,,,,,,,,,,,,
1054,SYN-000193,SYN-000193,,0.00887339,0.0034810789,False,0.62213242,0.06,1.728,43530.0,5389.7,10.734,3,secondary_sigma -1.66,odd_even_sigma -1.17,log_depth +0.53,ok,,0,eclipsing_binary,,,,,,,,,,,,,,,,
1055,SYN-001613,SYN-001613,,0.00886186,0.0034738669,False,2.414203,1.5,5.76,582.88,6.6911,3.5921,0,log_duration_ratio -0.64,max_single_event_fraction +0.34,log_period +0.34,ok,,0,noise,,,,,,,,,,,,,,,,
1056,SYN-000877,SYN-000877,,0.00885841,0.0034717081,False,2.466728,1.364,3.84,256.67,5.4737,3.498,0,log_depth -0.66,log_duration_ratio -0.38,max_single_event_fraction +0.32,ok,,0,noise,,,,,,,,,,,,,,,,
1057,SYN-000924,SYN-000924,,0.00885337,0.0034685606,False,11.637469,10.504,5.76,1083.4,11.852,3.3329,0,max_single_event_fraction -0.89,odd_even_sigma -0.64,log_depth +0.52,ok,,0,noise,,,,,,,,,,,,,,,,
1058,SYN-000899,SYN-000899,,0.00882841,0.0034529781,False,8.7971372,6.112,2.688,2367.3,6.6034,2.6743,0,bls_sde -0.64,log_depth +0.59,power_contrast -0.48,ok,,0,noise,,,,,,,,,,,,,,,,
1059,SYN-000079,SYN-000079,,0.008819,0.0034471057,False,13.014496,7.256,5.76,316.44,9.1672,3.8161,0,log_depth -0.70,log_period -0.33,harmonic_delta_loglike +0.32,ok,,0,noise,,,,,,,,,,,,,,,,
1060,SYN-000883,SYN-000883,,0.0088084,0.0034404983,False,12.831626,7.072,2.688,2243.6,10.43,4.1238,0,max_single_event_fraction -1.01,log_depth +0.59,odd_even_sigma -0.56,ok,,0,noise,,,,,,,,,,,,,,,,
1061,SYN-001435,SYN-001435,,0.00879632,0.0034329762,False,4.2599386,2.956,3.84,215.14,5.0154,3.4645,0,log_depth -0.82,harmonic_delta_loglike -0.30,power_contrast -0.28,ok,,0,noise,,,,,,,,,,,,,,,,
1062,SYN-000482,SYN-000482,,0.00877862,0.003421968,False,0.80405551,0.776,1.728,220.55,5.2775,3.818,0,log_depth -0.88,max_single_event_fraction +0.51,red_noise_beta +0.26,ok,,0,noise,,,,,,,,,,,,,,,,
1063,SYN-001585,SYN-001585,,0.00874118,0.0033987208,False,1.1824506,1.048,0.96,63.409,5.4717,3.7316,0,log_depth -0.85,max_single_event_fraction +0.46,log_period +0.35,ok,,0,noise,,,,,,,,,,,,,,,,
1064,SYN-000956,SYN-000956,,0.00872112,0.0033862871,False,2.1895287,0.34,3.84,173.95,4.6939,3.3555,0,log_depth -0.63,log_duration_ratio -0.36,log_period +0.33,ok,,0,noise,,,,,,,,,,,,,,,,
1065,SYN-000627,SYN-000627,,0.00871293,0.0033812147,False,5.4608322,4.372,2.688,269.61,7.4851,3.3861,0,log_depth -0.77,harmonic_delta_loglike -0.31,delta_loglike +0.25,ok,,0,noise,,,,,,,,,,,,,,,,
1066,SYN-001769,SYN-001769,,0.00870921,0.0033789138,False,2.5667179,0.208,5.76,56.975,8.0263,3.316,0,log_depth -0.60,log_duration_ratio -0.55,log_period +0.29,ok,,0,noise,,,,,,,,,,,,,,,,
1067,SYN-000354,SYN-000354,,0.00869596,0.0033707179,False,8.7680555,4.98,5.76,361.85,8.0724,3.1996,0,log_depth -0.70,log_duration_ratio -0.38,log_period +0.38,ok,,0,noise,,,,,,,,,,,,,,,,
1068,SYN-001384,SYN-001384,,0.00867568,0.003358193,False,11.910365,1.024,5.76,2431.5,16.313,4.0168,0,log_depth +0.57,delta_loglike -0.56,log_period -0.55,ok,,0,noise,,,,,,,,,,,,,,,,
1069,SYN-001814,SYN-001814,,0.00867237,0.0033561466,False,12.70479,11.36,1.728,4966.6,7.6774,4.0514,0,max_single_event_fraction -0.64,log_depth +0.51,log_duration_ratio +0.33,ok,,0,noise,,,,,,,,,,,,,,,,
1070,SYN-000363,SYN-000363,,0.00866843,0.0033537159,False,6.4121752,6.064,2.688,148.96,6.6974,3.2565,0,log_depth -0.77,flux_skew -0.30,odd_even_sigma +0.28,ok,,0,noise,,,,,,,,,,,,,,,,
1071,SYN-001502,SYN-001502,,0.00865263,0.0033439708,False,7.1525646,1.028,1.728,5010.5,269.48,5.4036,0,secondary_sigma -1.75,odd_even_sigma -1.19,log_depth +0.51,ok,,0,eclipsing_binary,,,,,,,,,,,,,,,,
1072,SYN-001166,SYN-001166,,0.00863921,0.0033357027,False,13.132524,2.08,0.96,2881.6,6.2198,4.6583,0,log_period -0.53,log_depth +0.53,flux_skew -0.30,ok,,0,noise,,,,,,,,,,,,,,,,
1073,SYN-000860,SYN-000860,,0.00862627,0.0033277397,False,1.0779608,0.336,5.76,614.74,7.4625,2.7946,0,bls_sde -0.47,log_duration_ratio -0.39,log_scatter +0.27,ok,,0,noise,,,,,,,,,,,,,,,,
1074,SYN-001738,SYN-001738,,0.008615,0.0033208084,False,3.0641856,0.824,3.84,165.25,8.4222,4.1723,0,log_depth -0.84,flux_skew -0.36,log_period +0.31,ok,,0,noise,,,,,,,,,,,,,,,,
1075,SYN-000980,SYN-000980,,0.00861239,0.0033192028,False,1.2265573,0.376,3.84,59.694,5.912,4.0251,0,log_depth -0.69,max_single_event_fraction +0.46,log_scatter -0.36,ok,,0,noise,,,,,,,,,,,,,,,,
1076,SYN-001542,SYN-001542,,0.00860888,0.00331705,False,11.618218,9.256,3.84,1633.3,11.892,2.6594,0,bls_sde -0.73,delta_loglike -0.56,log_period -0.49,ok,,0,noise,,,,,,,,,,,,,,,,
1077,SYN-001575,SYN-001575,,0.00859854,0.0033106952,False,1.0257272,0.496,5.76,686.65,5.5741,3.8825,0,max_single_event_fraction +0.56,log_duration_ratio -0.42,log_period +0.40,ok,,0,noise,,,,,,,,,,,,,,,,
1078,SYN-001118,SYN-001118,,0.00859429,0.0033080873,False,0.62419589,0.288,2.688,918.73,10.616,3.2814,0,log_depth +0.64,delta_loglike -0.57,log_duration_ratio -0.48,ok,,0,noise,,,,,,,,,,,,,,,,
1079,SYN-000242,SYN-000242,,0.00857953,0.0032990313,False,8.6670247,5.916,0.96,780.24,7.5932,6.2009,1,log_depth +0.72,secondary_sigma -0.67,log_period +0.45,ok,,0,eclipsing_binary,,,,,,,,,,,,,,,,
1080,SYN-001678,SYN-001678,,0.00857743,0.0032977442,False,9.9437471,3.048,5.76,243.04,11.15,4.2242,0,log_depth -0.70,log_period -0.39,log_scatter -0.34,ok,,0,noise,,,,,,,,,,,,,,,,
1081,SYN-001272,SYN-001272,,0.00853614,0.0032724618,False,13.285609,8.196,1.728,842.02,5.4655,3.6668,0,power_contrast -0.55,log_period -0.49,log_depth +0.46,ok,,0,noise,,,,,,,,,,,,,,,,
1082,SYN-001487,SYN-001487,,0.00853575,0.0032722227,False,2.9643831,2.54,1.728,188.54,8.447,3.3299,0,log_depth -0.79,secondary_sigma -0.69,log_period +0.32,ok,,0,noise,,,,,,,,,,,,,,,,
1083,SYN-001475,SYN-001475,,0.00852391,0.0032649847,False,12.496176,11.684,5.76,2060.2,13.938,4.2983,0,log_depth +0.57,log_period -0.52,delta_loglike -0.49,ok,,0,eclipsing_binary,,,,,,,,,,,,,,,,
1084,SYN-000749,SYN-000749,,0.0085079,0.0032552154,False,10.261522,9.904,5.76,488.29,7.5555,3.3193,0,power_contrast -0.49,flux_skew -0.39,log_period -0.38,ok,,0,noise,,,,,,,,,,,,,,,,
1085,SYN-001736,SYN-001736,,0.00849859,0.0032495331,False,0.88812828,0.376,0.96,82.589,5.2556,4.0567,0,log_depth -0.82,max_single_event_fraction +0.51,log_scatter -0.36,ok,,0,noise,,,,,,,,,,,,,,,,
1086,SYN-001451,SYN-001451,,0.00849661,0.0032483243,False,1.5337613,0.764,5.76,140.23,15.236,3.8022,0,log_depth -0.71,log_duration_ratio -0.61,max_single_event_fraction +0.59,ok,,0,noise,,,,,,,,,,,,,,,,
1087,SYN-001073,SYN-001073,,0.00847548,0.0032354561,False,1.1309803,0.232,5.76,80.652,12.354,2.7113,0,flux_skew +0.83,log_depth -0.57,bls_sde -0.52,ok,,0,noise,,,,,,,,,,,,,,,,
1088,SYN-000433,SYN-000433,,0.00847415,0.0032346425,False,5.0771643,4.404,2.688,696.51,6.9709,2.5204,0,bls_sde -0.57,power_contrast -0.45,log_scatter +0.34,ok,,0,noise,,,,,,,,,,,,,,,,
1089,SYN-001991,SYN-001991,,0.00842249,0.0032032533,False,12.434262,1.22,3.84,2014.9,5.943,3.9743,0,log_depth +0.55,log_period -0.53,flux_skew -0.32,ok,,0,noise,,,,,,,,,,,,,,,,
1090,SYN-001264,SYN-001264,,0.00841568,0.0031991238,False,1.7950074,1.192,1.728,505.74,5.4354,3.963,0,harmonic_amp_over_depth -0.53,log_period +0.36,log_duration_ratio +0.29,ok,,0,noise,,,,,,,,,,,,,,,,
1091,SYN-001669,SYN-001669,,0.00841527,0.0031988767,False,11.541529,10.8,2.688,1899.8,5.4308,4.2414,0,log_depth +0.66,log_period -0.55,flux_skew -0.28,ok,,0,noise,,,,,,,,,,,,,,,,
1092,SYN-001375,SYN-001375,,0.00840601,0.0031932661,False,13.329675,12.268,2.688,1208.0,15.055,3.5472,0,max_single_event_fraction -0.87,odd_even_sigma -0.73,log_depth +0.60,ok,,0,noise,,,,,,,,,,,,,,,,
1093,SYN-001124,SYN-001124,,0.00839679,0.0031876822,False,2.339441,0.916,0.96,120.41,5.7088,4.4397,0,log_depth -0.82,log_period +0.35,log_scatter -0.33,ok,,0,noise,,,,,,,,,,,,,,,,
1094,SYN-000326,SYN-000326,,0.00838527,0.0031807073,False,0.9631823,0.048,1.728,267.4,29.92,3.9184,0,log_depth -0.86,secondary_sigma -0.75,harmonic_delta_loglike +0.47,ok,,0,noise,,,,,,,,,,,,,,,,
1095,SYN-001910,SYN-001910,,0.00837365,0.0031736834,False,4.0381778,2.55683333,1.728,111.13,5.7585,3.1378,0,log_depth -0.75,log_scatter -0.28,harmonic_delta_loglike -0.28,ok,,0,noise,,,,,,,,,,,,,,,,
1096,SYN-000546,SYN-000546,,0.00837018,0.0031715876,False,1.0206451,0.96,2.688,57.924,5.3909,3.3563,0,log_depth -0.77,max_single_event_fraction +0.48,flux_skew -0.35,ok,,0,noise,,,,,,,,,,,,,,,,
1097,SYN-001374,SYN-001374,,0.00834951,0.0031591073,False,12.311353,2.584,0.96,2900.6,4.8535,3.8452,0,log_depth +0.53,log_period -0.52,log_scatter +0.28,ok,,0,noise,,,,,,,,,,,,,,,,
1098,SYN-001041,SYN-001041,,0.00834006,0.0031534082,False,0.69052934,0.136,0.96,9885.9,1064.7,15.575,2,secondary_sigma -1.67,odd_even_sigma -1.27,log_depth +0.53,ok,,0,eclipsing_binary,,,,,,,,,,,,,,,,
1099,SYN-000105,SYN-000105,,0.00832557,0.0031446757,False,1.0620174,0.68,1.728,142.31,6.618,2.9853,0,log_depth -0.74,bls_sde -0.60,max_single_event_fraction +0.50,ok,,0,noise,,,,,,,,,,,,,,,,
1100,SYN-001017,SYN-001017,,0.00832189,0.0031424569,False,13.6875,3.204,2.688,303.44,10.572,4.1877,0,log_depth -0.70,log_period -0.33,harmonic_delta_loglike +0.32,ok,,0,noise,,,,,,,,,,,,,,,,
1101,SYN-000801,SYN-000801,,0.00827355,0.0031134,False,1.3772741,1.256,5.76,278.92,8.1743,4.0243,0,log_depth -0.71,log_duration_ratio -0.40,log_period +0.35,ok,,0,noise,,,,,,,,,,,,,,,,
1102,SYN-001405,SYN-001405,,0.00827125,0.0031120214,False,1.3236206,1.228,3.84,541.45,9.3081,3.8648,0,log_duration_ratio -0.59,max_single_event_fraction +0.45,flux_skew -0.35,ok,,0,noise,,,,,,,,,,,,,,,,
1103,SYN-000607,SYN-000607,,0.00826801,0.0031100753,False,1.1984539,0.168,5.76,594.41,8.6145,6.3001,1,log_duration_ratio -1.03,max_single_event_fraction +0.30,secondary_sigma +0.28,ok,,0,noise,,,,,,,,,,,,,,,,
1104,SYN-001559,SYN-001559,,0.00826125,0.0031060234,False,7.4056223,0.6,2.688,672.69,5.311,3.6271,0,harmonic_amp_over_depth -0.50,flux_skew -0.34,secondary_sigma +0.33,ok,,0,noise,,,,,,,,,,,,,,,,
1105,SYN-001654,SYN-001654,,0.00823369,0.0030895119,False,5.3711646,2.224,3.84,202.29,7.6599,3.5453,0,log_depth -0.70,power_contrast -0.43,harmonic_amp_over_depth -0.38,ok,,0,noise,,,,,,,,,,,,,,,,
1106,SYN-001175,SYN-001175,,0.00822835,0.0030863177,False,8.49653,5.236,5.76,2756.3,21.617,2.4046,0,max_single_event_fraction -0.83,bls_sde -0.67,log_duration_ratio -0.59,ok,,0,noise,,,,,,,,,,,,,,,,
1107,SYN-001932,SYN-001932,,0.00821802,0.0030801453,False,8.7535508,2.312,5.76,485.12,12.406,3.4657,0,delta_loglike -0.41,log_period +0.41,log_duration_ratio -0.39,ok,,0,noise,,,,,,,,,,,,,,,,
1108,SYN-001315,SYN-001315,,0.00821702,0.003079549,False,13.219784,11.36,5.76,2477.7,6.5367,4.4018,0,max_single_event_fraction -0.62,log_depth +0.55,bls_sde +0.41,ok,,0,noise,,,,,,,,,,,,,,,,
1109,SYN-001107,SYN-001107,,0.00821101,0.0030759543,False,12.486927,5.132,2.688,812.34,5.1843,3.6917,0,log_period -0.51,harmonic_amp_over_depth -0.48,log_depth +0.46,ok,,0,noise,,,,,,,,,,,,,,,,
1110,SYN-001115,SYN-001115,,0.00820039,0.003069616,False,12.209858,11.212,5.76,351.55,6.529,3.7739,0,log_depth -0.60,secondary_sigma +0.37,power_contrast -0.36,ok,,0,noise,,,,,,,,,,,,,,,,
1111,SYN-001071,SYN-001071,,0.0081944,0.0030660403,False,1.3704503,1.32,2.688,489.39,14.494,2.8675,0,delta_loglike -0.56,bls_sde -0.54,max_single_event_fraction +0.48,ok,,0,noise,,,,,,,,,,,,,,,,
1112,SYN-001365,SYN-001365,,0.00818198,0.0030586337,False,0.67247718,0.34,5.76,37.131,6.2106,3.353,0,bls_depth_over_scatter +0.74,log_depth -0.43,max_single_event_fraction +0.37,ok,,0,noise,,,,,,,,,,,,,,,,
1113,SYN-000318,SYN-000318,,0.00817365,0.0030536692,False,0.87644245,0.332,2.688,458.38,10.364,3.2952,0,delta_loglike -0.58,log_duration_ratio -0.36,log_period +0.35,ok,,0,noise,,,,,,,,,,,,,,,,
1114,SYN-000606,SYN-000606,,0.0081361,0.0030313282,False,0.74148217,0.636,0.96,6093.3,297.75,15.751,2,secondary_sigma -1.69,odd_even_sigma -1.08,log_depth +0.53,ok,,0,eclipsing_binary,,,,,,,,,,,,,,,,
1115,SYN-000705,SYN-000705,,0.00811201,0.003017032,False,0.71852026,0.46,3.84,666.45,6.5301,3.7304,0,log_duration_ratio -0.44,max_single_event_fraction +0.41,flux_skew -0.35,ok,,1,planet,,,,,,,,,,,,,,,,
1116,SYN-001553,SYN-001553,,0.00808683,0.0030021088,False,11.706299,2.31683333,3.84,7570.5,17.254,2.4168,0,max_single_event_fraction -0.92,bls_sde -0.80,log_period -0.53,ok,,0,noise,,,,,,,,,,,,,,,,
1117,SYN-000491,SYN-000491,,0.00804956,0.0029800777,False,4.4252844,2.44,5.76,130.33,6.0773,3.6855,0,log_depth -0.62,log_duration_ratio -0.42,log_period +0.26,ok,,0,noise,,,,,,,,,,,,,,,,
1118,SYN-000618,SYN-000618,,0.00804465,0.0029771829,False,12.852889,8.692,3.84,663.72,9.3683,2.9231,0,bls_sde -0.62,max_single_event_fraction -0.46,flux_skew +0.41,ok,,0,noise,,,,,,,,,,,,,,,,
1119,SYN-001593,SYN-001593,,0.00802327,0.0029645734,False,2.3824374,0.56,3.84,204.1,6.0734,3.5134,0,log_depth -0.65,log_duration_ratio -0.43,log_period +0.35,ok,,0,noise,,,,,,,,,,,,,,,,
1120,SYN-001710,SYN-001710,,0.00796668,0.0029313077,False,10.784074,3.1,2.688,1020.9,14.976,2.7871,0,max_single_event_fraction -0.87,bls_sde -0.81,log_period -0.50,ok,,0,noise,,,,,,,,,,,,,,,,
1121,SYN-000634,SYN-000634,,0.00796564,0.002930698,False,1.3368348,0.96,5.76,366.15,13.933,2.7293,0,log_duration_ratio -0.56,bls_sde -0.54,log_period +0.35,ok,,0,noise,,,,,,,,,,,,,,,,
1122,SYN-000203,SYN-000203,,0.00796194,0.0029285236,False,1.3659198,1.072,5.76,401.42,33.072,4.3649,0,log_duration_ratio -1.15,power_contrast +0.62,harmonic_delta_loglike +0.37,ok,,0,noise,,,,,,,,,,,,,,,,
1123,SYN-001509,SYN-001509,,0.00795502,0.0029244663,False,0.66803837,0.232,3.84,622.74,12.109,5.2441,0,log_duration_ratio -1.07,power_contrast +0.54,log_period -0.45,ok,,0,noise,,,,,,,,,,,,,,,,
1124,SYN-000893,SYN-000893,,0.00794,0.0029156669,False,5.0997193,2.72,1.728,273.79,8.9276,3.7201,0,log_depth -0.74,flux_skew -0.39,harmonic_amp_over_depth -0.37,ok,,0,noise,,,,,,,,,,,,,,,,
1125,SYN-000386,SYN-000386,,0.007928,0.0029086452,False,11.091914,5.34,5.76,3678.2,12.595,3.2984,0,delta_loglike -0.55,log_period -0.47,log_depth +0.42,ok,,0,noise,,,,,,,,,,,,,,,,
1126,SYN-001163,SYN-001163,,0.00791652,0.0029019333,False,1.308369,0.408,3.84,37.962,5.9481,3.1649,0,log_depth -0.63,max_single_event_fraction +0.45,log_duration_ratio -0.42,ok,,0,noise,,,,,,,,,,,,,,,,
1127,SYN-000548,SYN-000548,,0.00789675,0.0028903909,False,6.3068864,5.432,5.76,145.2,8.5008,3.006,0,log_depth -0.58,log_duration_ratio -0.58,bls_sde +0.56,ok,,0,noise,,,,,,,,,,,,,,,,
1128,SYN-001360,SYN-001360,,0.0078896,0.0028862173,False,0.74271081,0.596,0.96,37835.0,2458.3,14.054,2,secondary_sigma -1.70,odd_even_sigma -1.23,log_depth +0.53,ok,,0,eclipsing_binary,,,,,,,,,,,,,,,,
1129,SYN-000533,SYN-000533,,0.00786857,0.0028739607,False,9.1083798,1.876,0.96,5034.3,6.7565,3.6253,0,log_period -0.49,log_depth +0.47,power_contrast -0.29,ok,,0,noise,,,,,,,,,,,,,,,,
1130,SYN-000950,SYN-000950,,0.00783926,0.0028569085,False,11.792635,7.488,2.688,6133.4,13.551,3.8661,0,delta_loglike -0.53,log_depth +0.44,log_period -0.42,ok,,0,noise,,,,,,,,,,,,,,,,
1131,SYN-000765,SYN-000765,,0.00783643,0.0028552651,False,0.67582564,0.248,5.76,27.895,5.9912,4.4435,0,bls_depth_over_scatter +0.64,log_depth -0.47,max_single_event_fraction +0.39,ok,,0,noise,,,,,,,,,,,,,,,,
1132,SYN-000908,SYN-000908,,0.00783637,0.0028552299,False,8.7971372,6.26,2.688,2104.0,89.822,5.2611,0,secondary_sigma -1.74,odd_even_sigma -1.37,log_depth +0.55,ok,,0,eclipsing_binary,,,,,,,,,,,,,,,,
1133,SYN-001521,SYN-001521,,0.00783629,0.002855183,False,7.1644166,0.196,3.84,132.11,7.7029,3.6373,0,log_depth -0.80,log_duration_ratio +0.28,log_scatter -0.23,ok,,0,noise,,,,,,,,,,,,,,,,
1134,SYN-000700,SYN-000700,,0.00781658,0.0028437457,False,7.6628192,5.688,3.84,311.44,7.0531,3.2166,0,log_depth -0.64,flux_skew +0.43,log_scatter -0.31,ok,,0,noise,,,,,,,,,,,,,,,,
1135,SYN-001771,SYN-001771,,0.00779109,0.0028289734,False,10.536985,7.912,2.688,740.34,6.0951,3.3047,0,max_single_event_fraction -0.64,log_period -0.50,log_depth +0.46,ok,,0,noise,,,,,,,,,,,,,,,,
1136,SYN-000159,SYN-000159,,0.00778785,0.0028270997,False,3.5565454,2.74,2.688,251.68,5.9811,3.0425,0,log_depth -0.75,harmonic_delta_loglike -0.36,power_contrast -0.27,ok,,0,noise,,,,,,,,,,,,,,,,
1137,SYN-001825,SYN-001825,,0.00778695,0.0028265751,False,12.874186,0.324,2.688,4671.5,12.55,3.0765,0,max_single_event_fraction -0.87,log_period -0.51,log_depth +0.45,ok,,0,noise,,,,,,,,,,,,,,,,
1138,SYN-000020,SYN-000020,,0.00777981,0.0028224486,False,1.3127086,0.528,5.76,126.49,9.0985,4.3737,0,log_depth -0.67,log_duration_ratio -0.53,max_single_event_fraction +0.34,ok,,0,noise,,,,,,,,,,,,,,,,
1139,SYN-001652,SYN-001652,,0.00776388,0.0028132356,False,9.9602241,8.228,5.76,193.32,11.747,3.1387,0,max_single_event_fraction -0.59,secondary_sigma +0.42,log_depth -0.42,ok,,0,noise,,,,,,,,,,,,,,,,
1140,SYN-000977,SYN-000977,,0.00774907,0.0028046878,False,0.8381262,0.736,1.728,148.12,6.565,4.1265,0,log_depth -0.84,secondary_sigma -0.81,max_single_event_fraction +0.55,ok,,0,noise,,,,,,,,,,,,,,,,
1141,SYN-001431,SYN-001431,,0.00774729,0.0028036611,False,10.766234,1.384,1.728,361.69,12.304,3.6236,0,max_single_event_fraction -0.95,log_depth -0.69,flux_skew +0.46,ok,,0,noise,,,,,,,,,,,,,,,,
1142,SYN-001254,SYN-001254,,0.00774237,0.0028008223,False,0.77409749,0.296,5.76,374.93,8.5993,4.5508,0,log_duration_ratio -0.50,flux_skew -0.35,log_period -0.28,ok,,0,noise,,,,,,,,,,,,,,,,
1143,SYN-001426,SYN-001426,,0.00773286,0.0027953397,False,9.7966759,0.452,5.76,4154.1,108.69,5.2822,0,secondary_sigma -1.51,odd_even_sigma -1.06,log_depth +0.44,ok,,0,eclipsing_binary,,,,,,,,,,,,,,,,
1144,SYN-000680,SYN-000680,,0.00773234,0.0027950413,False,5.4307946,3.74483333,1.728,2435.6,5.7945,4.8427,0,log_depth +0.62,harmonic_amp_over_depth -0.53,power_contrast -0.42,ok,,0,noise,,,,,,,,,,,,,,,,
1145,SYN-001370,SYN-001370,,0.00773198,0.0027948302,False,13.485058,2.636,5.76,185.64,10.512,3.5451,0,log_depth -0.64,power_contrast -0.48,secondary_sigma +0.40,ok,,0,noise,,,,,,,,,,,,,,,,
1146,SYN-000067,SYN-000067,,0.00771916,0.0027874484,False,10.873718,0.128,0.96,1259.3,5.2241,3.621,0,log_depth +0.60,log_period -0.53,power_contrast -0.45,ok,,0,noise,,,,,,,,,,,,,,,,
1147,SYN-001673,SYN-001673,,0.00769111,0.0027713159,False,0.70438578,0.612,5.76,203.92,7.9691,3.033,0,log_depth -0.59,max_single_event_fraction +0.32,log_duration_ratio -0.32,ok,,0,noise,,,,,,,,,,,,,,,,
1148,SYN-001028,SYN-001028,,0.0076905,0.002770966,False,0.75386065,0.4,5.76,279.5,7.7968,4.1175,0,log_depth -0.65,max_single_event_fraction +0.44,log_duration_ratio -0.39,ok,,0,noise,,,,,,,,,,,,,,,,
1149,SYN-000135,SYN-000135,,0.00766637,0.0027571178,False,11.57981,6.548,5.76,168.27,9.4538,3.4338,0,log_depth -0.55,log_period -0.40,harmonic_amp_over_depth -0.38,ok,,0,noise,,,,,,,,,,,,,,,,
1150,SYN-001986,SYN-001986,,0.00765122,0.002748438,False,3.9803645,0.196,5.76,586.66,9.1003,3.9149,0,log_duration_ratio -0.72,harmonic_amp_over_depth -0.39,flux_skew -0.33,ok,,0,noise,,,,,,,,,,,,,,,,
1151,SYN-001275,SYN-001275,,0.0076466,0.0027457922,False,2.5572724,1.232,3.84,1667.4,8.23,2.9749,0,log_duration_ratio -0.64,bls_sde -0.56,log_depth +0.54,ok,,0,noise,,,,,,,,,,,,,,,,
1152,SYN-001366,SYN-001366,,0.00763871,0.002741278,False,0.74640898,0.296,1.728,7317.3,728.01,12.895,2,secondary_sigma -1.66,odd_even_sigma -1.20,log_depth +0.53,ok,,0,eclipsing_binary,,,,,,,,,,,,,,,,
1153,SYN-001101,SYN-001101,,0.00761515,0.0027278097,False,8.6957713,4.164,2.688,511.72,8.4531,3.2313,0,max_single_event_fraction -0.77,flux_skew -0.32,log_period +0.30,ok,,0,noise,,,,,,,,,,,,,,,,
1154,SYN-001497,SYN-001497,,0.00758883,0.0027127935,False,9.5563752,4.308,0.96,5180.7,6.9796,3.207,0,log_period -0.50,log_depth +0.44,flux_skew -0.27,ok,,0,noise,,,,,,,,,,,,,,,,
1155,SYN-001517,SYN-001517,,0.00757487,0.0027048439,False,1.699566,1.072,3.84,451.4,10.521,3.6998,0,log_duration_ratio -0.59,delta_loglike -0.57,max_single_event_fraction +0.43,ok,,0,noise,,,,,,,,,,,,,,,,
1156,SYN-001224,SYN-001224,,0.00754626,0.0026885768,False,12.393157,8.336,3.84,1510.2,6.5031,3.3168,0,log_period -0.53,harmonic_amp_over_depth -0.48,log_depth +0.46,ok,,0,noise,,,,,,,,,,,,,,,,
1157,SYN-000312,SYN-000312,,0.00753949,0.002684732,False,5.9223166,1.38,3.84,96.522,6.8039,3.6688,0,log_depth -0.81,log_scatter -0.32,harmonic_delta_loglike -0.23,ok,,0,noise,,,,,,,,,,,,,,,,
1158,SYN-001596,SYN-001596,,0.007538,0.0026838857,False,7.442497,5.916,0.96,4563.8,5.8952,3.8695,0,log_depth +0.62,odd_even_sigma -0.59,log_duration_ratio -0.35,ok,,0,noise,,,,,,,,,,,,,,,,
1159,SYN-001704,SYN-001704,,0.00753282,0.0026809493,False,0.75754192,0.404833333,3.84,814.01,6.2104,3.9062,0,log_depth +0.64,log_duration_ratio -0.55,max_single_event_fraction +0.42,ok,,0,noise,,,,,,,,,,,,,,,,
1160,SYN-000896,SYN-000896,,0.00752915,0.0026788645,False,0.72209797,0.28,5.76,57.843,5.7165,3.5361,0,bls_depth_over_scatter +0.92,log_depth -0.44,log_scatter -0.37,ok,,0,noise,,,,,,,,,,,,,,,,
1161,SYN-000611,SYN-000611,,0.00752159,0.0026745779,False,1.4236431,1.06,3.84,545.28,9.9312,3.2123,0,log_duration_ratio -0.57,max_single_event_fraction +0.45,delta_loglike -0.39,ok,,0,noise,,,,,,,,,,,,,,,,
1162,SYN-000730,SYN-000730,,0.00748921,0.0026562464,False,1.2326647,0.176,5.76,202.0,6.0626,3.4679,0,log_depth -0.67,max_single_event_fraction +0.43,flux_skew -0.35,ok,,0,noise,,,,,,,,,,,,,,,,
1163,SYN-001477,SYN-001477,,0.0074828,0.0026526267,False,11.147144,2.504,2.688,578.41,6.6429,3.1818,0,max_single_event_fraction -0.51,log_period -0.40,power_contrast -0.29,ok,,0,noise,,,,,,,,,,,,,,,,
1164,SYN-001526,SYN-001526,,0.00748237,0.0026523799,False,0.59787183,0.16,0.96,154.67,5.2953,3.5605,0,log_depth -0.83,max_single_event_fraction +0.50,flux_skew -0.30,ok,,0,noise,,,,,,,,,,,,,,,,
1165,SYN-000495,SYN-000495,,0.00747897,0.0026504634,False,1.0726199,0.756,5.76,52.595,9.8432,4.8546,0,log_duration_ratio -0.69,log_depth -0.66,log_period +0.37,ok,,0,noise,,,,,,,,,,,,,,,,
1166,SYN-001828,SYN-001828,,0.00747778,0.0026497903,False,1.8493065,1.06,0.96,984.07,38.787,10.545,1,secondary_sigma -1.74,odd_even_sigma -1.34,max_single_event_fraction +0.50,ok,,0,eclipsing_binary,,,,,,,,,,,,,,,,
1167,SYN-001091,SYN-001091,,0.00745579,0.0026373776,False,0.87934941,0.268,1.728,179.03,5.5639,3.972,0,log_depth -0.86,max_single_event_fraction +0.50,flux_skew -0.43,ok,,0,noise,,,,,,,,,,,,,,,,
1168,SYN-001478,SYN-001478,,0.00744818,0.0026330887,False,3.7624921,2.092,5.76,128.46,8.3945,3.0472,0,log_depth -0.61,log_duration_ratio -0.57,flux_skew -0.34,ok,,0,noise,,,,,,,,,,,,,,,,
1169,SYN-000058,SYN-000058,,0.00744808,0.0026330306,False,0.81351724,0.628,5.76,80.747,11.653,5.6074,1,log_duration_ratio -0.66,log_depth -0.63,flux_skew +0.59,ok,,0,noise,,,,,,,,,,,,,,,,
1170,SYN-001647,SYN-001647,,0.0074389,0.0026278581,False,13.329675,13.22,2.688,1477.0,6.3958,4.0191,0,max_single_event_fraction -0.60,log_depth +0.55,log_period -0.46,ok,,0,noise,,,,,,,,,,,,,,,,
1171,SYN-001861,SYN-001861,,0.0074145,0.0026141351,False,11.57981,9.568,3.84,4258.8,12.309,3.1201,0,max_single_event_fraction -0.67,log_period -0.47,log_depth +0.43,ok,,0,eclipsing_binary,,,,,,,,,,,,,,,,
1172,SYN-000656,SYN-000656,,0.00741223,0.0026128585,False,9.0933121,2.128,0.96,1736.1,5.0565,3.5177,0,log_depth +0.59,log_period -0.36,flux_skew -0.36,ok,,0,noise,,,,,,,,,,,,,,,,
1173,SYN-001818,SYN-001818,,0.00736382,0.0025857086,False,1.0532621,0.22,5.76,351.57,9.2077,3.5615,0,log_depth -0.67,max_single_event_fraction +0.47,log_period +0.43,ok,,0,noise,,,,,,,,,,,,,,,,
1174,SYN-001489,SYN-001489,,0.0073384,0.0025714958,False,8.73907,6.84,2.688,1157.5,14.115,2.7515,0,max_single_event_fraction -0.91,bls_sde -0.78,log_depth +0.65,ok,,0,noise,,,,,,,,,,,,,,,,
1175,SYN-001416,SYN-001416,,0.0073317,0.0025677548,False,1.1630391,0.824833333,5.76,27.822,5.5437,3.4183,0,log_depth -0.63,max_single_event_fraction +0.50,log_period +0.45,ok,,0,noise,,,,,,,,,,,,,,,,
1176,SYN-000036,SYN-000036,,0.00732382,0.0025633557,False,12.049203,4.184,3.84,1870.1,10.627,3.6451,0,max_single_event_fraction -0.68,log_depth +0.57,log_period -0.51,ok,,0,noise,,,,,,,,,,,,,,,,
1177,SYN-001764,SYN-001764,,0.00732094,0.0025617523,False,11.277085,3.792,3.84,5483.5,28.613,2.6561,0,max_single_event_fraction -0.97,bls_sde -0.77,log_period -0.52,ok,,0,noise,,,,,,,,,,,,,,,,
1178,SYN-001546,SYN-001546,,0.0073199,0.0025611724,False,7.8604404,4.46,1.728,9850.6,113.77,4.6101,0,secondary_sigma -1.56,odd_even_sigma -1.11,log_depth +0.53,ok,,0,eclipsing_binary,,,,,,,,,,,,,,,,
1179,SYN-000273,SYN-000273,,0.00731899,0.0025606632,False,6.2239016,1.504,0.96,2778.3,5.1567,3.6814,0,log_depth +0.71,harmonic_amp_over_depth -0.52,power_contrast -0.49,ok,,0,noise,,,,,,,,,,,,,,,,
1180,SYN-000291,SYN-000291,,0.00730839,0.0025547526,False,1.0620174,0.872,5.76,76.349,5.9527,3.6807,0,log_depth -0.65,max_single_event_fraction +0.42,log_duration_ratio -0.36,ok,,0,noise,,,,,,,,,,,,,,,,
1181,SYN-001877,SYN-001877,,0.00730777,0.0025544079,False,0.68483659,0.644,0.96,5628.8,362.39,15.129,2,secondary_sigma -1.65,odd_even_sigma -1.25,log_depth +0.53,ok,,0,eclipsing_binary,,,,,,,,,,,,,,,,
1182,SYN-000550,SYN-000550,,0.00730667,0.0025537927,False,0.60186918,0.204,2.688,1285.7,13.387,2.7645,0,log_duration_ratio -0.66,log_depth +0.63,delta_loglike -0.58,ok,,0,noise,,,,,,,,,,,,,,,,
1183,SYN-000781,SYN-000781,,0.00730439,0.0025525277,False,7.9652456,6.772,2.688,585.27,5.2089,4.0948,0,flux_skew -0.35,harmonic_delta_loglike -0.29,log_duration_ratio +0.24,ok,,0,noise,,,,,,,,,,,,,,,,
1184,SYN-000748,SYN-000748,,0.00729838,0.0025491804,False,0.5755567,0.3,5.76,819.09,15.697,7.3024,1,log_duration_ratio -1.00,bls_sde +0.47,log_depth +0.38,ok,,0,noise,,,,,,,,,,,,,,,,
1185,SYN-001064,SYN-001064,,0.00729635,0.0025480485,False,11.352016,10.632,1.728,616.88,4.8687,3.3113,0,log_period -0.38,harmonic_delta_loglike -0.27,log_duration_ratio +0.27,ok,,0,noise,,,,,,,,,,,,,,,,
1186,SYN-001574,SYN-001574,,0.00729008,0.0025445588,False,11.949869,6.08,5.76,118.82,7.7314,3.171,0,log_depth -0.53,log_period -0.44,harmonic_amp_over_depth -0.38,ok,,0,noise,,,,,,,,,,,,,,,,
1187,SYN-001358,SYN-001358,,0.0072735,0.0025353396,False,1.3720832,1.27766667,5.76,223.17,22.216,2.8223,0,flux_skew +0.87,log_depth -0.62,bls_sde -0.56,ok,,0,noise,,,,,,,,,,,,,,,,
1188,SYN-000537,SYN-000537,,0.00726288,0.0025294436,False,9.1840939,1.268,3.84,401.53,8.2343,2.6165,0,bls_sde -0.52,log_period -0.41,delta_loglike +0.26,ok,,0,noise,,,,,,,,,,,,,,,,
1189,SYN-001882,SYN-001882,,0.00724965,0.0025221044,False,2.6138915,0.244,1.728,219.96,5.7219,3.7177,0,log_depth -0.81,secondary_sigma +0.34,log_period +0.30,ok,,0,noise,,,,,,,,,,,,,,,,
1190,SYN-001617,SYN-001617,,0.00724847,0.0025214495,False,7.808556,0.264,0.96,2439.0,5.3677,3.8303,0,log_depth +0.65,power_contrast -0.42,flat_bottom_fraction -0.33,ok,,0,noise,,,,,,,,,,,,,,,,
1191,SYN-000632,SYN-000632,,0.00724211,0.0025179203,False,0.59690734,0.188,5.76,38.146,6.0005,4.4468,0,bls_depth_over_scatter +0.65,log_depth -0.48,log_duration_ratio -0.44,ok,,0,noise,,,,,,,,,,,,,,,,
1192,SYN-001424,SYN-001424,,0.00721721,0.0025041353,False,1.493289,1.42483333,2.688,430.73,12.122,3.0281,0,secondary_sigma -0.63,delta_loglike -0.51,power_contrast -0.41,ok,,0,noise,,,,,,,,,,,,,,,,
1193,SYN-001603,SYN-001603,,0.0072107,0.0025005379,False,1.1050668,0.832,3.84,379.82,7.7407,4.2308,0,log_duration_ratio -0.55,max_single_event_fraction +0.38,red_noise_beta -0.31,ok,,0,noise,,,,,,,,,,,,,,,,
1194,SYN-000914,SYN-000914,,0.00720611,0.0024980016,False,5.5336428,3.696,3.84,85.916,7.8667,3.7217,0,log_depth -0.74,harmonic_amp_over_depth -0.39,log_duration_ratio +0.26,ok,,0,noise,,,,,,,,,,,,,,,,
1195,SYN-000795,SYN-000795,,0.00720129,0.0024953412,False,11.370827,2.828,2.688,978.91,21.003,2.9131,0,max_single_event_fraction -0.94,bls_sde -0.74,flux_skew +0.47,ok,,0,noise,,,,,,,,,,,,,,,,
1196,SYN-000325,SYN-000325,,0.00716922,0.00247765,False,5.7929443,3.784,2.688,201.08,6.9976,3.8487,0,log_depth -0.54,harmonic_amp_over_depth -0.31,log_scatter -0.31,ok,,0,noise,,,,,,,,,,,,,,,,
1197,SYN-000707,SYN-000707,,0.00715895,0.0024719929,False,9.5722103,5.468,5.76,214.99,8.4145,3.2469,0,log_depth -0.58,harmonic_amp_over_depth -0.38,flux_skew -0.37,ok,,0,noise,,,,,,,,,,,,,,,,
1198,SYN-000461,SYN-000461,,0.00713569,0.0024592078,False,4.1554474,2.788,3.84,73.211,6.8443,3.4401,0,log_depth -0.81,flux_skew -0.36,power_contrast -0.32,ok,,0,noise,,,,,,,,,,,,,,,,
1199,SYN-001423,SYN-001423,,0.00713568,0.0024592012,False,2.596638,0.2,2.688,100.35,5.7528,3.5676,0,log_depth -0.78,log_scatter -0.36,log_period +0.32,ok,,0,noise,,,,,,,,,,,,,,,,
1200,SYN-000528,SYN-000528,,0.00711471,0.0024476938,False,9.0034276,3.636,3.84,255.77,6.2062,4.3745,0,log_depth -0.67,log_duration_ratio +0.32,harmonic_delta_loglike -0.29,ok,,0,noise,,,,,,,,,,,,,,,,
1201,SYN-001439,SYN-001439,,0.00710656,0.0024432239,False,9.8387093,9.20483333,5.76,246.76,12.821,4.0209,0,log_depth -0.69,secondary_sigma +0.40,harmonic_delta_loglike +0.36,ok,,0,noise,,,,,,,,,,,,,,,,
1202,SYN-000453,SYN-000453,,0.00710246,0.0024409776,False,9.9767283,0.224,1.728,769.68,4.8543,3.5588,0,log_period -0.55,harmonic_amp_over_depth -0.48,power_contrast -0.47,ok,,0,noise,,,,,,,,,,,,,,,,
1203,SYN-001317,SYN-001317,,0.00707427,0.0024255579,False,4.7913174,1.468,1.728,170.78,10.566,3.1289,0,log_depth -0.69,harmonic_amp_over_depth -0.34,harmonic_delta_loglike +0.34,ok,,0,noise,,,,,,,,,,,,,,,,
1204,SYN-001719,SYN-001719,,0.00706363,0.0024197458,False,1.2144331,0.484,2.688,122.24,6.5755,2.9209,0,log_depth -0.72,bls_sde -0.46,max_single_event_fraction +0.44,ok,,0,noise,,,,,,,,,,,,,,,,
1205,SYN-000958,SYN-000958,,0.00705957,0.0024175284,False,10.07633,3.508,1.728,3056.3,12.543,3.3398,0,odd_even_sigma -0.63,log_period -0.52,log_depth +0.45,ok,,0,noise,,,,,,,,,,,,,,,,
1206,SYN-000056,SYN-000056,,0.00704531,0.0024097482,False,2.5497758,1.132,3.84,247.19,7.5015,3.7553,0,log_depth -0.66,log_duration_ratio -0.44,log_period +0.36,ok,,0,noise,,,,,,,,,,,,,,,,
1207,SYN-000440,SYN-000440,,0.00704248,0.0024082047,False,11.110293,2.432,1.728,7742.4,19.383,2.8003,0,max_single_event_fraction -0.99,bls_sde -0.78,log_period -0.52,ok,,0,noise,,,,,,,,,,,,,,,,
1208,SYN-000741,SYN-000741,,0.00703513,0.0024042018,False,0.97279809,0.596,3.84,262.3,8.1212,4.0999,0,log_depth -0.70,log_duration_ratio -0.44,max_single_event_fraction +0.37,ok,,0,noise,,,,,,,,,,,,,,,,
1209,SYN-000258,SYN-000258,,0.00700501,0.0023878174,False,1.2847566,0.74,3.84,154.17,6.2327,3.5872,0,log_depth -0.68,max_single_event_fraction +0.52,log_duration_ratio -0.39,ok,,0,noise,,,,,,,,,,,,,,,,
1210,SYN-000947,SYN-000947,,0.00700318,0.0023868224,False,4.7204523,2.776,5.76,84.143,8.9907,2.9119,0,log_depth -0.59,log_duration_ratio -0.52,bls_sde -0.41,ok,,0,noise,,,,,,,,,,,,,,,,
1211,SYN-001483,SYN-001483,,0.00696183,0.002364402,False,5.7484262,2.68,3.84,127.5,9.1271,2.8364,0,log_depth -0.66,bls_sde -0.52,power_contrast -0.52,ok,,0,noise,,,,,,,,,,,,,,,,
1212,SYN-001380,SYN-001380,,0.0069584,0.0023625433,False,0.60486605,0.424,3.84,34.247,7.9836,3.6078,0,log_depth -0.66,max_single_event_fraction +0.53,flux_skew +0.48,ok,,0,noise,,,,,,,,,,,,,,,,
1213,SYN-001085,SYN-001085,,0.00695269,0.002359457,False,7.1171265,1.412,0.96,2056.7,5.3377,3.4391,0,log_depth +0.63,harmonic_amp_over_depth -0.48,log_period +0.30,ok,,0,noise,,,,,,,,,,,,,,,,
1214,SYN-001300,SYN-001300,,0.00694903,0.0023574765,False,1.2615703,0.524,5.76,65.011,11.344,3.466,0,log_depth -0.70,log_duration_ratio -0.70,log_period +0.36,ok,,0,noise,,,,,,,,,,,,,,,,
1215,SYN-001763,SYN-001763,,0.00694342,0.0023544459,False,9.5090271,2.912,2.688,5140.7,13.04,3.7835,0,max_single_event_fraction -0.85,log_depth +0.50,log_period -0.48,ok,,0,noise,,,,,,,,,,,,,,,,
1216,SYN-000897,SYN-000897,,0.00693719,0.00235108,False,4.1417103,0.904,5.76,131.59,7.5781,3.0778,0,log_depth -0.63,log_duration_ratio -0.43,log_scatter -0.34,ok,,0,noise,,,,,,,,,,,,,,,,
1217,SYN-001371,SYN-001371,,0.0069336,0.0023491429,False,13.132524,3.864,2.688,1870.6,9.3593,3.8492,0,max_single_event_fraction -1.01,odd_even_sigma -0.68,log_depth +0.58,ok,,0,noise,,,,,,,,,,,,,,,,
1218,SYN-001926,SYN-001926,,0.00693238,0.0023484806,False,10.07633,4.008,5.76,925.05,9.2838,2.6643,0,log_period -0.60,bls_sde -0.60,log_depth +0.41,ok,,0,noise,,,,,,,,,,,,,,,,
1219,SYN-001927,SYN-001927,,0.00692784,0.0023460318,False,12.149363,11.952,5.76,1529.7,9.8777,4.1701,0,max_single_event_fraction -1.02,log_depth +0.57,log_period -0.51,ok,,0,noise,,,,,,,,,,,,,,,,
1220,SYN-001827,SYN-001827,,0.00691315,0.0023381081,False,0.85211809,0.756,5.76,221.76,6.8976,4.6684,0,log_depth -0.64,log_duration_ratio -0.41,log_scatter +0.32,ok,,0,noise,,,,,,,,,,,,,,,,
1221,SYN-000171,SYN-000171,,0.00689599,0.0023288657,False,3.1568774,3.116,0.96,437.04,5.1257,3.5597,0,log_depth -0.38,flux_skew -0.33,log_period +0.32,ok,,0,noise,,,,,,,,,,,,,,,,
1222,SYN-000301,SYN-000301,,0.00688594,0.0023234611,False,1.5853987,0.804,1.728,154.23,6.2435,3.0815,0,log_depth -0.60,harmonic_delta_loglike -0.34,flux_skew -0.31,ok,,0,noise,,,,,,,,,,,,,,,,
1223,SYN-001930,SYN-001930,,0.0068673,0.0023134464,False,12.109199,11.968,2.688,3028.4,5.4033,3.03,0,harmonic_amp_over_depth -0.47,log_period -0.46,log_depth +0.44,ok,,0,noise,,,,,,,,,,,,,,,,
1224,SYN-001391,SYN-001391,,0.00685807,0.0023084924,False,6.2136056,5.26,2.688,181.5,6.533,3.1281,0,log_depth -0.78,flux_skew -0.29,log_scatter -0.28,ok,,0,noise,,,,,,,,,,,,,,,,
1225,SYN-000592,SYN-000592,,0.00683007,0.0022934906,False,1.3258138,0.244,5.76,182.5,19.558,3.1544,0,log_depth -0.64,log_duration_ratio -0.54,flux_skew +0.45,ok,,0,noise,,,,,,,,,,,,,,,,
1226,SYN-001234,SYN-001234,,0.00682933,0.002293091,False,9.65178,4.012,0.96,677.0,6.5635,3.2816,0,harmonic_amp_over_depth -0.45,log_period -0.41,max_single_event_fraction +0.28,ok,,0,noise,,,,,,,,,,,,,,,,
1227,SYN-001847,SYN-001847,,0.00682787,0.0022923116,False,0.53158701,0.388,5.76,25.692,5.6571,3.7179,0,bls_depth_over_scatter +0.85,log_depth -0.41,max_single_event_fraction +0.39,ok,,0,noise,,,,,,,,,,,,,,,,
1228,SYN-001381,SYN-001381,,0.0067986,0.002276672,False,7.1407324,5.016,0.96,2621.3,4.9054,2.7763,0,bls_sde -0.56,log_depth +0.53,power_contrast -0.44,ok,,0,noise,,,,,,,,,,,,,,,,
1229,SYN-000218,SYN-000218,,0.00679288,0.002273622,False,2.3784962,2.212,1.728,142.08,5.5556,4.4967,0,log_depth -0.82,flux_skew -0.39,log_scatter -0.38,ok,,0,noise,,,,,,,,,,,,,,,,
1230,SYN-000030,SYN-000030,,0.00679197,0.0022731361,False,1.2657546,0.984,3.84,49.423,8.1735,3.3787,0,log_depth -0.65,log_duration_ratio -0.43,log_period +0.37,ok,,0,noise,,,,,,,,,,,,,,,,
1231,SYN-000108,SYN-000108,,0.00677688,0.002265092,False,7.9652456,3.852,5.76,255.95,10.76,3.0977,0,odd_even_sigma -0.68,log_depth -0.63,flux_skew +0.58,ok,,0,noise,,,,,,,,,,,,,,,,
1232,SYN-000817,SYN-000817,,0.00677585,0.002264542,False,13.176082,8.924,1.728,1738.7,11.627,3.3032,0,max_single_event_fraction -0.90,odd_even_sigma -0.64,log_depth +0.57,ok,,0,noise,,,,,,,,,,,,,,,,
1233,SYN-000846,SYN-000846,,0.00677433,0.0022637325,False,6.5843053,4.872,2.688,605.88,6.4609,3.8762,0,harmonic_amp_over_depth -0.50,log_scatter +0.33,flux_skew -0.31,ok,,0,noise,,,,,,,,,,,,,,,,
1234,SYN-000942,SYN-000942,,0.00675456,0.0022532136,False,10.21068,4.16,3.84,218.31,9.387,3.3939,0,max_single_event_fraction -1.00,log_depth -0.61,flux_skew +0.59,ok,,0,noise,,,,,,,,,,,,,,,,
1235,SYN-001032,SYN-001032,,0.00670536,0.0022271198,False,8.3570159,4.36,5.76,1128.8,21.775,2.9995,0,max_single_event_fraction -0.84,bls_sde -0.63,log_duration_ratio -0.59,ok,,0,noise,,,,,,,,,,,,,,,,
1236,SYN-001459,SYN-001459,,0.00669042,0.0022192163,False,1.2636607,0.268,5.76,334.45,11.753,3.5365,0,log_depth -0.68,log_duration_ratio -0.63,delta_loglike -0.58,ok,,0,noise,,,,,,,,,,,,,,,,
1237,SYN-000042,SYN-000042,,0.00668324,0.0022154223,False,7.0351186,4.032,0.96,8743.5,331.9,6.6534,1,secondary_sigma -1.76,odd_even_sigma -1.21,log_depth +0.50,ok,,0,eclipsing_binary,,,,,,,,,,,,,,,,
1238,SYN-000872,SYN-000872,,0.00667803,0.0022126705,False,1.2529782,0.488,5.76,46.939,6.3868,3.5308,0,log_depth -0.66,log_duration_ratio -0.34,log_scatter -0.27,ok,,0,noise,,,,,,,,,,,,,,,,
1239,SYN-000551,SYN-000551,,0.00666833,0.0022075506,False,12.02927,1.876,5.76,3098.5,15.882,2.5007,0,max_single_event_fraction -0.91,bls_sde -0.79,log_period -0.53,ok,,0,noise,,,,,,,,,,,,,,,,
1240,SYN-001463,SYN-001463,,0.0066602,0.0022032612,False,0.51427288,0.24,5.76,94.012,18.161,9.211,1,log_duration_ratio -0.93,power_contrast +0.83,bls_sde +0.56,ok,,0,noise,,,,,,,,,,,,,,,,
1241,SYN-001717,SYN-001717,,0.00665744,0.0022018105,False,12.089167,0.752,2.688,2372.0,7.838,2.5876,0,bls_sde -0.72,max_single_event_fraction -0.71,log_period -0.55,ok,,0,noise,,,,,,,,,,,,,,,,
1242,SYN-000992,SYN-000992,,0.00665525,0.0022006555,False,4.6199379,2.136,2.688,99.589,6.4823,3.8496,0,log_depth -0.78,flux_skew -0.40,log_scatter -0.30,ok,,0,noise,,,,,,,,,,,,,,,,
1243,SYN-000120,SYN-000120,,0.00664389,0.0021946741,False,10.712892,0.216,1.728,1229.4,5.6593,2.8862,0,bls_sde -0.62,log_period -0.58,log_depth +0.47,ok,,0,noise,,,,,,,,,,,,,,,,
1244,SYN-000843,SYN-000843,,0.00663416,0.0021895516,False,7.3324201,2.008,2.688,267.33,5.569,3.1381,0,log_depth -0.70,power_contrast -0.48,flux_skew -0.35,ok,,0,noise,,,,,,,,,,,,,,,,
1245,SYN-001725,SYN-001725,,0.00663079,0.0021877795,False,0.60087352,0.32,1.728,57.154,7.5546,4.2618,0,log_depth -0.86,max_single_event_fraction +0.37,log_duration_ratio +0.34,ok,,0,noise,,,,,,,,,,,,,,,,
1246,SYN-001760,SYN-001760,,0.00662878,0.0021867223,False,2.4749096,2.472,1.728,114.35,6.8572,3.2923,0,log_depth -0.77,power_contrast -0.46,max_single_event_fraction +0.45,ok,,0,noise,,,,,,,,,,,,,,,,
1247,SYN-000904,SYN-000904,,0.00662874,0.0021867043,False,1.0833283,0.776,5.76,162.11,21.463,6.0988,1,log_duration_ratio -0.96,power_contrast +0.80,log_depth -0.54,ok,,0,noise,,,,,,,,,,,,,,,,
1248,SYN-001571,SYN-001571,,0.00662506,0.0021847709,False,9.0632513,6.04,3.84,2611.9,11.122,2.7248,0,max_single_event_fraction -0.92,bls_sde -0.76,log_depth +0.49,ok,,0,noise,,,,,,,,,,,,,,,,
1249,SYN-001245,SYN-001245,,0.006616,0.0021800077,False,2.2223987,1.052,5.76,222.84,5.8385,3.5848,0,log_depth -0.69,max_single_event_fraction +0.39,log_duration_ratio -0.38,ok,,0,noise,,,,,,,,,,,,,,,,
1250,SYN-000521,SYN-000521,,0.00661148,0.0021776364,False,0.51087833,0.272,1.728,162.38,8.0418,5.8513,1,log_depth -0.80,log_duration_ratio +0.35,max_single_event_fraction +0.32,ok,,0,noise,,,,,,,,,,,,,,,,
1251,SYN-001515,SYN-001515,,0.00659521,0.0021691032,False,1.037684,0.244,5.76,1056.3,13.383,3.2503,0,log_depth +0.62,delta_loglike -0.57,log_duration_ratio -0.49,ok,,0,noise,,,,,,,,,,,,,,,,
1252,SYN-001270,SYN-001270,,0.00658074,0.0021615252,False,11.734207,5.264,3.84,851.59,6.5961,3.1485,0,max_single_event_fraction -0.62,power_contrast -0.53,log_period -0.52,ok,,0,noise,,,,,,,,,,,,,,,,
1253,SYN-000111,SYN-000111,,0.00657262,0.0021572763,False,10.16009,8.036,5.76,1264.2,12.606,3.3209,0,secondary_sigma -0.67,log_period -0.53,log_depth +0.49,ok,,0,noise,,,,,,,,,,,,,,,,
1254,SYN-000063,SYN-000063,,0.00656956,0.0021556751,False,0.99560994,0.472,5.76,540.57,8.7365,2.9108,0,log_period +0.40,log_duration_ratio -0.38,bls_sde -0.38,ok,,0,noise,,,,,,,,,,,,,,,,
1255,SYN-000505,SYN-000505,,0.00656927,0.0021555241,False,10.909783,4.38,1.728,104.75,4.8292,3.016,0,bls_sde +0.60,flux_skew +0.40,harmonic_amp_over_depth -0.33,ok,,0,noise,,,,,,,,,,,,,,,,
1256,SYN-000981,SYN-000981,,0.00656558,0.0021535981,False,12.352187,1.136,5.76,485.53,11.604,3.3351,0,delta_loglike -0.44,log_period -0.39,flux_skew -0.33,ok,,0,noise,,,,,,,,,,,,,,,,
1257,SYN-001136,SYN-001136,,0.00655319,0.0021471226,False,0.65924844,0.464,5.76,181.15,6.5486,4.1315,0,bls_depth_over_scatter +0.62,log_depth -0.45,log_duration_ratio -0.36,ok,,0,noise,,,,,,,,,,,,,,,,
1258,SYN-001978,SYN-001978,,0.00654432,0.0021424944,False,5.6260228,4.56,1.728,10907.0,86.778,7.0257,1,secondary_sigma -1.75,odd_even_sigma -1.14,log_depth +0.46,ok,,0,eclipsing_binary,,,,,,,,,,,,,,,,
1259,SYN-000172,SYN-000172,,0.006509,0.0021240999,False,1.0941436,0.452,5.76,215.35,6.0672,4.2096,0,log_depth -0.64,log_duration_ratio -0.43,max_single_event_fraction +0.38,ok,,0,noise,,,,,,,,,,,,,,,,
1260,SYN-000191,SYN-000191,,0.00650412,0.0021215618,False,12.558398,2.56,1.728,312.59,8.8225,3.1387,0,log_depth -0.37,harmonic_amp_over_depth -0.36,log_period -0.35,ok,,0,noise,,,,,,,,,,,,,,,,
1261,SYN-001747,SYN-001747,,0.0064756,0.0021067586,False,7.34457,3.968,3.84,257.78,8.72,2.9875,0,log_depth -0.71,bls_sde -0.54,harmonic_delta_loglike +0.31,ok,,0,noise,,,,,,,,,,,,,,,,
1262,SYN-000841,SYN-000841,,0.00647148,0.0021046251,False,7.5918411,6.012,2.688,450.37,5.3794,3.0945,0,log_depth -0.41,flux_skew -0.34,harmonic_delta_loglike -0.28,ok,,0,noise,,,,,,,,,,,,,,,,
1263,SYN-000728,SYN-000728,,0.00646189,0.0020996569,False,11.010863,6.23683333,5.76,1292.0,18.416,3.0293,0,max_single_event_fraction -0.87,odd_even_sigma -0.71,log_depth +0.51,ok,,0,noise,,,,,,,,,,,,,,,,
1264,SYN-001132,SYN-001132,,0.00644205,0.0020893972,False,13.219784,12.872,5.76,2847.0,20.02,3.5429,0,max_single_event_fraction -0.98,odd_even_sigma -0.57,log_depth +0.55,ok,,0,noise,,,,,,,,,,,,,,,,
1265,SYN-001745,SYN-001745,,0.00641887,0.0020774306,False,9.3994584,1.16,5.76,656.01,8.9902,3.4185,0,odd_even_sigma -0.59,log_period -0.38,harmonic_delta_loglike +0.31,ok,,0,noise,,,,,,,,,,,,,,,,
1266,SYN-001143,SYN-001143,,0.0063954,0.0020653403,False,12.149363,7.56,2.688,395.08,7.2164,3.7497,0,log_period -0.37,flux_skew +0.31,harmonic_delta_loglike -0.31,ok,,0,noise,,,,,,,,,,,,,,,,
1267,SYN-000308,SYN-000308,,0.00639414,0.0020646925,False,10.909783,9.808,5.76,146.08,7.9092,3.6087,0,log_depth -0.66,log_period -0.40,log_scatter -0.33,ok,,0,noise,,,,,,,,,,,,,,,,
1268,SYN-001849,SYN-001849,,0.00639211,0.0020636453,False,4.1211897,2.144,2.688,310.95,12.45,3.0438,0,log_depth -0.73,power_contrast -0.51,delta_loglike -0.43,ok,,0,noise,,,,,,,,,,,,,,,,
1269,SYN-001346,SYN-001346,,0.00639109,0.0020631223,False,1.0567556,0.86,3.84,289.04,9.9599,4.1985,0,log_depth -0.70,log_duration_ratio -0.60,max_single_event_fraction +0.47,ok,,0,noise,,,,,,,,,,,,,,,,
1270,SYN-000321,SYN-000321,,0.00637207,0.0020533497,False,10.982274,8.644,3.84,885.08,5.2715,2.6225,0,bls_sde -0.62,log_period -0.54,log_depth +0.40,ok,,0,noise,,,,,,,,,,,,,,,,
1271,SYN-000403,SYN-000403,,0.00636867,0.0020516001,False,9.8617704,3.392,1.728,601.78,5.2207,3.6666,0,log_duration_ratio +0.41,flux_skew -0.40,log_period -0.39,ok,,0,noise,,,,,,,,,,,,,,,,
1272,SYN-000804,SYN-000804,,0.00636501,0.0020497241,False,11.202648,7.048,3.84,2146.7,10.792,3.3731,0,max_single_event_fraction -0.90,odd_even_sigma -0.65,log_depth +0.51,ok,,0,noise,,,,,,,,,,,,,,,,
1273,SYN-000435,SYN-000435,,0.00636265,0.0020485145,False,10.009819,3.104,5.76,4183.9,15.826,2.5235,0,max_single_event_fraction -0.92,bls_sde -0.79,log_period -0.52,ok,,0,noise,,,,,,,,,,,,,,,,
1274,SYN-001824,SYN-001824,,0.00634881,0.0020414207,False,12.23009,0.444,2.688,883.05,7.3572,4.0656,0,log_depth +0.56,log_period -0.55,flux_skew -0.36,ok,,0,noise,,,,,,,,,,,,,,,,
1275,SYN-001976,SYN-001976,,0.00630334,0.0020181728,False,8.1116382,7.2,5.76,383.35,13.024,3.0153,0,bls_sde +0.66,log_duration_ratio -0.64,delta_loglike -0.44,ok,,0,noise,,,,,,,,,,,,,,,,
1276,SYN-000614,SYN-000614,,0.00629562,0.0020142385,False,2.0256104,0.472,1.728,62.468,5.028,4.2604,0,log_depth -0.81,max_single_event_fraction +0.61,log_period +0.35,ok,,0,noise,,,,,,,,,,,,,,,,
1277,SYN-000397,SYN-000397,,0.00628836,0.0020105404,False,3.1621084,0.368,0.96,370.17,4.9732,3.3641,0,harmonic_amp_over_depth -0.55,log_depth -0.39,log_period +0.31,ok,,0,noise,,,,,,,,,,,,,,,,
1278,SYN-001157,SYN-001157,,0.00628523,0.0020089454,False,9.9437471,8.532,5.76,366.07,11.581,3.5454,0,max_single_event_fraction -0.90,odd_even_sigma -0.49,log_period -0.38,ok,,0,noise,,,,,,,,,,,,,,,,
1279,SYN-001881,SYN-001881,,0.00628257,0.0020075887,False,8.5671581,6.84,5.76,698.32,6.5347,3.0639,0,harmonic_amp_over_depth -0.47,log_duration_ratio -0.43,flux_skew -0.36,ok,,0,noise,,,,,,,,,,,,,,,,
1280,SYN-000425,SYN-000425,,0.00627676,0.0020046304,False,6.3804053,4.84,2.688,122.27,6.1054,3.0433,0,log_depth -0.72,flux_skew -0.30,harmonic_delta_loglike -0.29,ok,,0,noise,,,,,,,,,,,,,,,,
1281,SYN-001860,SYN-001860,,0.00627466,0.0020035651,False,8.8849622,1.344,3.84,318.93,5.5133,3.4712,0,log_depth -0.77,log_period +0.41,harmonic_delta_loglike -0.30,ok,,0,noise,,,,,,,,,,,,,,,,
1282,SYN-001943,SYN-001943,,0.00626582,0.0019990682,False,13.197915,3.872,2.688,3925.2,9.3451,3.6018,0,max_single_event_fraction -0.95,log_depth +0.49,odd_even_sigma -0.47,ok,,0,noise,,,,,,,,,,,,,,,,
1283,SYN-000356,SYN-000356,,0.00626504,0.0019986701,False,1.2285897,0.416,5.76,90.491,6.1546,3.3583,0,log_depth -0.62,max_single_event_fraction +0.44,log_duration_ratio -0.32,ok,,0,noise,,,,,,,,,,,,,,,,
1284,SYN-000576,SYN-000576,,0.00626221,0.0019972325,False,8.8555902,6.384,2.688,250.48,8.96,3.3797,0,log_depth -0.75,max_single_event_fraction -0.67,log_period +0.38,ok,,0,noise,,,,,,,,,,,,,,,,
1285,SYN-001940,SYN-001940,,0.00625585,0.0019940038,False,7.8734652,4.516,5.76,424.85,6.3334,3.5074,0,log_duration_ratio -0.48,log_depth -0.30,harmonic_delta_loglike -0.28,ok,,0,noise,,,,,,,,,,,,,,,,
1286,SYN-001902,SYN-001902,,0.00624927,0.001990663,False,0.93490145,0.444,5.76,1112.5,11.166,4.255,0,log_depth +0.69,log_duration_ratio -0.56,log_period +0.44,ok,,0,noise,,,,,,,,,,,,,,,,
1287,SYN-000188,SYN-000188,,0.00624863,0.0019903396,False,1.7655332,1.308,5.76,84.095,9.7569,3.6549,0,log_depth -0.69,log_duration_ratio -0.60,log_scatter -0.35,ok,,0,noise,,,,,,,,,,,,,,,,
1288,SYN-001081,SYN-001081,,0.00622524,0.0019784819,False,11.522437,2.564,0.96,1340.3,4.5704,3.2551,0,log_period -0.56,log_depth +0.56,harmonic_amp_over_depth -0.51,ok,,0,noise,,,,,,,,,,,,,,,,
1289,SYN-000807,SYN-000807,,0.00621798,0.0019748068,False,0.86205116,0.672,3.84,57.67,9.6761,6.1126,1,log_duration_ratio -0.99,log_depth -0.54,max_single_event_fraction +0.49,ok,,0,noise,,,,,,,,,,,,,,,,
1290,SYN-000448,SYN-000448,,0.00619622,0.0019638088,False,10.801943,0.424,3.84,1384.2,8.294,2.7502,0,bls_sde -0.63,log_period -0.59,log_depth +0.46,ok,,0,noise,,,,,,,,,,,,,,,,
1291,SYN-000987,SYN-000987,,0.00619056,0.0019609508,False,6.8059804,4.992,1.728,703.02,5.7833,3.4312,0,log_scatter +0.32,flux_skew -0.30,harmonic_delta_loglike -0.27,ok,,0,noise,,,,,,,,,,,,,,,,
1292,SYN-001602,SYN-001602,,0.00618651,0.0019589088,False,3.301199,2.756,5.76,59.508,8.6079,3.2431,0,log_depth -0.58,log_duration_ratio -0.57,flux_skew -0.32,ok,,0,noise,,,,,,,,,,,,,,,,
1293,SYN-000753,SYN-000753,,0.00614974,0.001940394,False,5.4068536,3.352,5.76,281.79,6.9815,3.8373,0,log_depth -0.67,log_duration_ratio -0.47,delta_loglike +0.25,ok,,0,noise,,,,,,,,,,,,,,,,
1294,SYN-001584,SYN-001584,,0.00614956,0.0019402999,False,8.018171,1.84,5.76,1320.5,11.29,3.212,0,log_duration_ratio -0.72,log_depth +0.56,delta_loglike -0.54,ok,,0,noise,,,,,,,,,,,,,,,,
1295,SYN-000863,SYN-000863,,0.00614788,0.0019394558,False,5.1193686,1.336,2.688,300.07,7.078,3.8809,0,log_depth -0.79,flux_skew -0.35,log_duration_ratio +0.34,ok,,0,noise,,,,,,,,,,,,,,,,
1296,SYN-001897,SYN-001897,,0.00614569,0.0019383559,False,1.163265,0.224,3.84,202.26,7.4393,3.8341,0,log_depth -0.69,log_duration_ratio -0.47,max_single_event_fraction +0.43,ok,,0,noise,,,,,,,,,,,,,,,,
1297,SYN-000347,SYN-000347,,0.00613681,0.0019338951,False,4.4473191,2.924,3.84,174.07,6.2543,3.4372,0,log_depth -0.77,harmonic_delta_loglike -0.37,flux_skew -0.31,ok,,0,noise,,,,,,,,,,,,,,,,
1298,SYN-000006,SYN-000006,,0.00613459,0.0019327812,False,1.6387746,1.464,3.84,98.909,9.638,3.2763,0,log_depth -0.64,log_duration_ratio -0.59,max_single_event_fraction +0.36,ok,,0,noise,,,,,,,,,,,,,,,,
1299,SYN-000938,SYN-000938,,0.00610128,0.0019160925,False,0.55222009,0.14,0.96,353.02,7.3795,4.2426,0,log_depth -0.84,max_single_event_fraction +0.40,flux_skew -0.36,ok,,0,noise,,,,,,,,,,,,,,,,
1300,SYN-001775,SYN-001775,,0.00608945,0.0019101733,False,0.66253103,0.224,5.76,536.0,9.7453,6.6936,1,log_duration_ratio -0.97,log_period -0.42,secondary_sigma +0.36,ok,,0,noise,,,,,,,,,,,,,,,,
1301,SYN-000122,SYN-000122,,0.00607893,0.0019049228,False,1.1179485,0.808,5.76,309.51,6.6919,3.5567,0,log_depth -0.64,log_duration_ratio -0.43,max_single_event_fraction +0.42,ok,,0,noise,,,,,,,,,,,,,,,,
1302,SYN-000907,SYN-000907,,0.00607818,0.001904545,False,0.8677791,0.34,1.728,67.846,9.8492,5.4274,0,log_depth -0.86,secondary_sigma -0.64,max_single_event_fraction +0.50,ok,,0,noise,,,,,,,,,,,,,,,,
1303,SYN-001378,SYN-001378,,0.0060731,0.0019020093,False,1.3681832,0.288,5.76,100.26,12.389,5.4338,0,log_duration_ratio -1.07,log_depth -0.57,flux_skew -0.37,ok,,0,noise,,,,,,,,,,,,,,,,
1304,SYN-001685,SYN-001685,,0.00606963,0.0019002806,False,9.1385903,3.42,2.688,3853.7,11.948,3.4252,0,delta_loglike -0.56,power_contrast -0.55,log_period -0.52,ok,,0,noise,,,,,,,,,,,,,,,,
1305,SYN-001420,SYN-001420,,0.00605184,0.001891414,False,0.64949795,0.164,5.76,566.42,10.228,5.6952,1,log_duration_ratio -0.66,log_period -0.32,log_scatter +0.29,ok,,0,noise,,,,,,,,,,,,,,,,
1306,SYN-001534,SYN-001534,,0.00605168,0.0018913373,False,3.8000544,3.444,3.84,118.6,7.2664,4.1359,0,log_depth -0.83,flux_skew -0.35,log_scatter -0.34,ok,,0,noise,,,,,,,,,,,,,,,,
1307,SYN-000247,SYN-000247,,0.00604517,0.0018880976,False,9.3065477,6.42,5.76,94.931,8.6144,3.0666,0,log_depth -0.64,log_period -0.41,harmonic_delta_loglike +0.34,ok,,0,noise,,,,,,,,,,,,,,,,
1308,SYN-000327,SYN-000327,,0.00603789,0.0018844728,False,4.0267633,1.692,3.84,83.493,7.2304,4.097,0,log_depth -0.79,harmonic_delta_loglike -0.33,log_duration_ratio +0.33,ok,,0,noise,,,,,,,,,,,,,,,,
1309,SYN-000940,SYN-000940,,0.00603389,0.0018824872,False,8.4125445,8.024,0.96,1059.5,5.0739,3.4264,0,log_depth +0.57,harmonic_amp_over_depth -0.49,flux_skew -0.35,ok,,0,noise,,,,,,,,,,,,,,,,
1310,SYN-000856,SYN-000856,,0.00602896,0.0018800367,False,2.2040771,1.064,5.76,68.63,5.9498,3.2002,0,log_depth -0.58,log_duration_ratio -0.40,red_noise_beta +0.33,ok,,0,noise,,,,,,,,,,,,,,,,
1311,SYN-001627,SYN-001627,,0.00601771,0.0018744518,False,2.6095674,1.612,3.84,119.62,9.0125,3.2656,0,log_depth -0.69,log_duration_ratio -0.34,log_period +0.31,ok,,0,noise,,,,,,,,,,,,,,,,
1312,SYN-001002,SYN-001002,,0.00601071,0.0018709798,False,4.6737921,3.388,3.84,119.38,6.2717,3.4937,0,log_depth -0.73,power_contrast -0.42,log_scatter -0.33,ok,,0,noise,,,,,,,,,,,,,,,,
1313,SYN-001734,SYN-001734,,0.00600833,0.0018697984,False,0.88080651,0.14,3.84,111.71,7.2018,2.9515,0,log_depth -0.60,max_single_event_fraction +0.46,bls_sde -0.43,ok,,0,noise,,,,,,,,,,,,,,,,
1314,SYN-001368,SYN-001368,,0.00598195,0.0018567376,False,12.393157,1.8,5.76,975.72,14.038,2.2844,0,max_single_event_fraction -0.93,bls_sde -0.69,log_period -0.55,ok,,0,noise,,,,,,,,,,,,,,,,
1315,SYN-001837,SYN-001837,,0.00595195,0.0018419291,False,11.202648,9.636,3.84,793.91,6.2544,2.9835,0,bls_sde -0.67,log_period -0.52,log_depth +0.44,ok,,0,noise,,,,,,,,,,,,,,,,
1316,SYN-000349,SYN-000349,,0.005949,0.0018404717,False,8.7680555,5.168,5.76,469.38,6.0466,3.4292,0,max_single_event_fraction -0.49,log_period +0.40,red_noise_beta -0.21,ok,,0,noise,,,,,,,,,,,,,,,,
1317,SYN-001129,SYN-001129,,0.00591842,0.0018254243,False,10.398341,2.212,2.688,1392.6,12.43,2.9844,0,max_single_event_fraction -0.88,bls_sde -0.72,log_period -0.56,ok,,0,noise,,,,,,,,,,,,,,,,
1318,SYN-000364,SYN-000364,,0.005918,0.0018252185,False,8.7971372,2.716,5.76,481.39,10.11,2.8406,0,bls_sde -0.52,log_duration_ratio -0.43,log_period +0.39,ok,,0,noise,,,,,,,,,,,,,,,,
1319,SYN-000447,SYN-000447,,0.00591447,0.001823487,False,3.1412363,0.72,1.728,202.62,6.2362,3.6038,0,log_depth -0.79,log_scatter -0.32,log_period +0.32,ok,,0,noise,,,,,,,,,,,,,,,,
1320,SYN-001878,SYN-001878,,0.00588679,0.0018099124,False,0.53246785,0.096,3.84,298.42,8.0367,4.5665,0,log_depth -0.66,log_duration_ratio -0.42,max_single_event_fraction +0.32,ok,,0,noise,,,,,,,,,,,,,,,,
1321,SYN-001120,SYN-001120,,0.00588057,0.0018068674,False,0.93645059,0.616,5.76,69.42,11.875,7.1107,1,log_duration_ratio -0.88,bls_sde +0.49,log_depth -0.47,ok,,0,noise,,,,,,,,,,,,,,,,
1322,SYN-000975,SYN-000975,,0.00586541,0.0017994523,False,5.3268845,2.788,5.76,223.18,12.051,3.3348,0,log_depth -0.63,log_duration_ratio -0.61,delta_loglike -0.40,ok,,0,noise,,,,,,,,,,,,,,,,
1323,SYN-000081,SYN-000081,,0.0058493,0.0017915874,False,13.045841,8.352,3.84,2677.7,11.025,3.1332,0,max_single_event_fraction -0.73,power_contrast -0.55,log_period -0.54,ok,,0,noise,,,,,,,,,,,,,,,,
1324,SYN-001795,SYN-001795,,0.00583154,0.0017829304,False,0.98413792,0.492,3.84,249.47,10.611,3.4949,0,log_depth -0.68,delta_loglike -0.59,log_duration_ratio -0.51,ok,,0,noise,,,,,,,,,,,,,,,,
1325,SYN-000489,SYN-000489,,0.0058092,0.001772063,False,8.2197927,3.104,3.84,260.66,7.4735,2.68,0,log_depth -0.71,bls_sde -0.51,harmonic_delta_loglike -0.29,ok,,0,noise,,,,,,,,,,,,,,,,
1326,SYN-000650,SYN-000650,,0.00580427,0.0017696666,False,1.384132,0.464,5.76,224.06,7.2119,3.9051,0,log_depth -0.68,log_duration_ratio -0.43,max_single_event_fraction +0.35,ok,,0,noise,,,,,,,,,,,,,,,,
1327,SYN-000517,SYN-000517,,0.00580404,0.0017695567,False,11.091914,10.26,3.84,2527.7,5.9056,4.1351,0,log_depth +0.56,log_period -0.45,flux_skew -0.28,ok,,0,noise,,,,,,,,,,,,,,,,
1328,SYN-000926,SYN-000926,,0.00580359,0.0017693363,False,3.8000544,2.696,2.688,63.508,5.8113,3.265,0,log_depth -0.73,harmonic_delta_loglike -0.28,log_scatter -0.28,ok,,0,noise,,,,,,,,,,,,,,,,
1329,SYN-000454,SYN-000454,,0.0058033,0.001769194,False,3.6159192,3.336,5.76,97.916,6.3356,3.5789,0,log_depth -0.62,log_duration_ratio -0.45,flux_skew -0.37,ok,,0,noise,,,,,,,,,,,,,,,,
1330,SYN-001161,SYN-001161,,0.00580178,0.0017684585,False,10.891735,3.588,5.76,332.07,12.465,3.0047,0,max_single_event_fraction -0.71,log_depth -0.64,bls_sde +0.58,ok,,0,noise,,,,,,,,,,,,,,,,
1331,SYN-001404,SYN-001404,,0.00579706,0.0017661672,False,9.153733,1.64,2.688,1132.2,6.1924,2.8315,0,bls_sde -0.64,log_period -0.56,log_depth +0.34,ok,,0,noise,,,,,,,,,,,,,,,,
1332,SYN-000010,SYN-000010,,0.00577059,0.0017533391,False,9.3994584,4.792,1.728,589.87,16.993,2.5135,0,max_single_event_fraction -0.88,bls_sde -0.62,odd_even_sigma +0.39,ok,,0,noise,,,,,,,,,,,,,,,,
1333,SYN-001850,SYN-001850,,0.0057689,0.0017525189,False,10.10975,7.98,3.84,2570.8,15.716,3.0884,0,max_single_event_fraction -0.90,odd_even_sigma -0.75,log_period -0.51,ok,,0,noise,,,,,,,,,,,,,,,,
1334,SYN-001460,SYN-001460,,0.00576098,0.0017486898,False,11.792635,3.004,1.728,478.52,12.15,2.7413,0,max_single_event_fraction -0.85,bls_sde -0.67,odd_even_sigma +0.39,ok,,0,noise,,,,,,,,,,,,,,,,
1335,SYN-001903,SYN-001903,,0.00575889,0.0017476802,False,0.71259674,0.508,2.688,48.328,7.1967,3.8094,0,log_depth -0.68,max_single_event_fraction +0.38,log_duration_ratio -0.35,ok,,0,noise,,,,,,,,,,,,,,,,
1336,SYN-001972,SYN-001972,,0.00575444,0.0017455311,False,0.54948405,0.436,5.76,388.01,7.7523,3.8653,0,log_duration_ratio -0.48,max_single_event_fraction +0.35,flux_skew -0.29,ok,,0,noise,,,,,,,,,,,,,,,,
1337,SYN-001445,SYN-001445,,0.00575003,0.0017433991,False,12.352187,9.448,5.76,3302.3,8.9779,3.481,0,max_single_event_fraction -0.73,log_depth +0.51,odd_even_sigma -0.47,ok,,0,noise,,,,,,,,,,,,,,,,
1338,SYN-000253,SYN-000253,,0.00574837,0.0017425991,False,2.1322889,0.236,3.84,275.72,6.0634,4.0059,0,log_depth -0.69,red_noise_beta +0.38,max_single_event_fraction +0.38,ok,,0,noise,,,,,,,,,,,,,,,,
1339,SYN-000306,SYN-000306,,0.00574602,0.0017414647,False,1.4474097,0.172,5.76,124.53,12.074,3.3028,0,log_depth -0.65,log_duration_ratio -0.61,delta_loglike -0.46,ok,,0,noise,,,,,,,,,,,,,,,,
1340,SYN-001311,SYN-001311,,0.00573608,0.001736668,False,7.9520689,1.256,5.76,343.48,8.0449,3.9019,0,log_depth -0.68,log_duration_ratio -0.56,bls_sde -0.28,ok,,0,noise,,,,,,,,,,,,,,,,
1341,SYN-000130,SYN-000130,,0.00573582,0.0017365433,False,2.8583508,0.8,3.84,42.074,5.0916,3.2499,0,log_depth -0.64,power_contrast -0.34,log_scatter -0.30,ok,,0,noise,,,,,,,,,,,,,,,,
1342,SYN-001982,SYN-001982,,0.00572741,0.0017324869,False,4.3888021,4.244,2.688,407.34,5.3182,3.1481,0,power_contrast -0.53,log_depth -0.36,secondary_sigma +0.35,ok,,0,noise,,,,,,,,,,,,,,,,
1343,SYN-001707,SYN-001707,,0.00571112,0.0017246474,False,8.2197927,4.748,0.96,502.65,4.8755,3.037,0,harmonic_amp_over_depth -0.48,harmonic_delta_loglike -0.27,odd_even_sigma +0.27,ok,,0,noise,,,,,,,,,,,,,,,,
1344,SYN-001457,SYN-001457,,0.00570352,0.0017209911,False,11.147144,5.056,1.728,516.94,26.507,2.6243,0,odd_even_sigma -0.88,bls_sde -0.63,secondary_sigma +0.49,ok,,0,noise,,,,,,,,,,,,,,,,
1345,SYN-001555,SYN-001555,,0.00569972,0.0017191647,False,9.6998389,5.424,5.76,155.22,11.256,3.6464,0,log_depth -0.69,log_period -0.33,harmonic_delta_loglike +0.31,ok,,0,noise,,,,,,,,,,,,,,,,
1346,SYN-000554,SYN-000554,,0.00569706,0.0017178876,False,0.68938702,0.444,2.688,274.26,10.403,4.4863,0,log_depth -0.70,log_duration_ratio -0.68,max_single_event_fraction +0.28,ok,,0,noise,,,,,,,,,,,,,,,,
1347,SYN-001783,SYN-001783,,0.00567087,0.0017053292,False,12.352187,1.028,5.76,3620.4,26.554,2.2635,0,max_single_event_fraction -0.98,bls_sde -0.77,log_period -0.54,ok,,0,noise,,,,,,,,,,,,,,,,
1348,SYN-001797,SYN-001797,,0.00564051,0.0016908097,False,0.60286648,0.284,5.76,65.483,12.931,8.5196,1,log_duration_ratio -0.92,power_contrast +0.66,log_depth -0.48,ok,,0,noise,,,,,,,,,,,,,,,,
1349,SYN-001260,SYN-001260,,0.00563714,0.0016892034,False,12.537623,9.416,3.84,797.58,9.7845,3.078,0,max_single_event_fraction -0.95,odd_even_sigma -0.67,log_period -0.49,ok,,0,noise,,,,,,,,,,,,,,,,
1350,SYN-000394,SYN-000394,,0.00562874,0.0016851932,False,10.837771,8.556,1.728,811.11,9.8403,3.6301,0,max_single_event_fraction -0.91,odd_even_sigma -0.80,log_depth +0.52,ok,,0,noise,,,,,,,,,,,,,,,,
1351,SYN-000733,SYN-000733,,0.00562306,0.0016824847,False,12.069169,1.892,5.76,3265.8,18.527,2.7709,0,max_single_event_fraction -0.93,bls_sde -0.79,log_period -0.56,ok,,0,noise,,,,,,,,,,,,,,,,
1352,SYN-000102,SYN-000102,,0.00561322,0.0016777994,False,1.3501809,0.08,3.84,163.63,9.3703,4.1432,0,log_depth -0.70,log_duration_ratio -0.66,max_single_event_fraction +0.36,ok,,0,noise,,,,,,,,,,,,,,,,
1353,SYN-001262,SYN-001262,,0.00561179,0.001677119,False,9.4462609,0.62,2.688,716.84,5.8521,3.7489,0,harmonic_amp_over_depth -0.50,log_period -0.39,log_scatter +0.34,ok,,0,noise,,,,,,,,,,,,,,,,
1354,SYN-001653,SYN-001653,,0.00560796,0.0016752987,False,1.9890537,0.196,2.688,112.37,5.8874,3.224,0,log_depth -0.77,flux_skew -0.36,log_period +0.34,ok,,0,noise,,,,,,,,,,,,,,,,
1355,SYN-001588,SYN-001588,,0.00559544,0.0016693438,False,10.043019,4.744,5.76,733.55,21.34,2.4663,0,max_single_event_fraction -0.66,bls_sde -0.60,log_depth +0.53,ok,,0,noise,,,,,,,,,,,,,,,,
1356,SYN-000716,SYN-000716,,0.00557806,0.0016610919,False,0.92873045,0.216,2.688,345.26,53.661,5.7213,2,secondary_sigma -0.86,log_depth -0.84,harmonic_delta_loglike +0.55,ok,,0,noise,,,,,,,,,,,,,,,,
1357,SYN-000189,SYN-000189,,0.00556049,0.0016527696,False,1.2265573,0.46,5.76,207.56,16.157,6.205,1,log_duration_ratio -0.96,power_contrast +0.57,log_depth -0.55,ok,,0,noise,,,,,,,,,,,,,,,,
1358,SYN-000955,SYN-000955,,0.00556015,0.0016526051,False,1.3412688,0.568,5.76,139.05,12.184,5.0783,0,log_duration_ratio -0.88,log_depth -0.57,power_contrast +0.39,ok,,0,noise,,,,,,,,,,,,,,,,
1359,SYN-000778,SYN-000778,,0.0055479,0.0016468129,False,2.7744242,0.996,3.84,222.6,5.2295,3.6689,0,log_depth -0.75,flux_skew -0.41,log_period +0.34,ok,,0,noise,,,,,,,,,,,,,,,,
1360,SYN-000449,SYN-000449,,0.00554309,0.0016445382,False,10.450117,4.804,5.76,367.12,8.0526,3.9541,0,log_period -0.40,bls_sde -0.25,log_depth -0.25,ok,,0,noise,,,,,,,,,,,,,,,,
1361,SYN-001167,SYN-001167,,0.00552621,0.0016365726,False,2.596638,0.624,2.688,245.27,6.7706,3.4914,0,log_depth -0.80,flux_skew -0.36,log_period +0.31,ok,,0,noise,,,,,,,,,,,,,,,,
1362,SYN-000993,SYN-000993,,0.0055207,0.0016339712,False,6.0012803,5.504,2.688,262.47,5.7297,3.3046,0,log_depth -0.72,harmonic_delta_loglike -0.28,log_duration_ratio +0.22,ok,,0,noise,,,,,,,,,,,,,,,,
1363,SYN-001990,SYN-001990,,0.00551833,0.0016328541,False,1.4189368,1.216,5.76,293.59,9.2351,3.8273,0,log_depth -0.68,log_duration_ratio -0.44,max_single_event_fraction +0.32,ok,,0,noise,,,,,,,,,,,,,,,,
1364,SYN-000062,SYN-000062,,0.0054825,0.0016160022,False,0.88080651,0.796,5.76,412.23,23.84,5.6093,2,log_duration_ratio -1.00,power_contrast +0.68,delta_loglike -0.51,ok,,0,noise,,,,,,,,,,,,,,,,
1365,SYN-001541,SYN-001541,,0.00546855,0.0016094586,False,3.0439598,2.524,5.76,82.367,10.713,3.035,0,log_duration_ratio -0.67,log_depth -0.63,delta_loglike -0.45,ok,,0,noise,,,,,,,,,,,,,,,,
1366,SYN-001320,SYN-001320,,0.00546418,0.0016074118,False,1.3795563,0.492,5.76,256.46,10.783,3.7538,0,log_depth -0.70,log_duration_ratio -0.54,log_period +0.33,ok,,0,noise,,,,,,,,,,,,,,,,
1367,SYN-000581,SYN-000581,,0.00544599,0.0015988989,False,6.988682,2.308,3.84,427.21,8.7134,3.9093,0,harmonic_amp_over_depth -0.45,log_depth -0.37,harmonic_delta_loglike +0.34,ok,,0,noise,,,,,,,,,,,,,,,,
1368,SYN-000126,SYN-000126,,0.00544047,0.0015963178,False,2.1822905,0.66,1.728,101.82,5.4283,3.189,0,log_depth -0.77,log_scatter -0.36,log_period +0.30,ok,,0,noise,,,,,,,,,,,,,,,,
1369,SYN-001240,SYN-001240,,0.00543384,0.0015932208,False,11.427445,0.656,3.84,2609.9,6.4926,2.6929,0,bls_sde -0.70,log_depth +0.46,log_period -0.45,ok,,0,noise,,,,,,,,,,,,,,,,
1370,SYN-000706,SYN-000706,,0.00541811,0.0015858835,False,5.3622792,4.628,5.76,131.66,8.3264,3.4149,0,log_depth -0.68,log_duration_ratio -0.64,flux_skew -0.34,ok,,0,noise,,,,,,,,,,,,,,,,
1371,SYN-001354,SYN-001354,,0.00541009,0.0015821492,False,1.2532431,0.448,5.76,342.56,10.923,3.5033,0,log_depth -0.69,log_duration_ratio -0.52,flat_bottom_fraction -0.33,ok,,0,noise,,,,,,,,,,,,,,,,
1372,SYN-001052,SYN-001052,,0.00539633,0.0015757435,False,7.0935986,6.34,5.76,344.12,8.8099,3.4668,0,max_single_event_fraction -0.85,log_depth -0.65,flux_skew +0.52,ok,,0,noise,,,,,,,,,,,,,,,,
1373,SYN-000033,SYN-000033,,0.0053866,0.0015712212,False,11.239805,9.04,2.688,293.01,11.338,3.5498,0,log_depth -0.69,delta_loglike -0.38,log_period -0.34,ok,,0,noise,,,,,,,,,,,,,,,,
1374,SYN-001304,SYN-001304,,0.00538352,0.0015697899,False,2.4423452,1.772,5.76,152.79,9.4939,3.3283,0,log_duration_ratio -0.67,log_depth -0.59,log_period +0.29,ok,,0,noise,,,,,,,,,,,,,,,,
1375,SYN-001356,SYN-001356,,0.0053761,0.0015663493,False,2.9890248,1.016,2.688,181.69,11.374,3.9897,0,log_depth -0.83,delta_loglike -0.42,log_period +0.33,ok,,0,noise,,,,,,,,,,,,,,,,
1376,SYN-001807,SYN-001807,,0.00536738,0.0015623049,False,0.64949795,0.44,0.96,123.16,5.7309,2.7002,0,log_depth -0.70,max_single_event_fraction +0.49,bls_sde -0.48,ok,,0,noise,,,,,,,,,,,,,,,,
1377,SYN-000297,SYN-000297,,0.00535973,0.0015587612,False,10.450117,2.748,5.76,2416.9,9.3386,2.9713,0,max_single_event_fraction -0.74,bls_sde -0.64,log_period -0.56,ok,,0,noise,,,,,,,,,,,,,,,,
1378,SYN-000695,SYN-000695,,0.0053565,0.0015572625,False,6.3068864,1.824,2.688,464.19,7.4284,2.693,0,bls_sde -0.52,harmonic_delta_loglike -0.29,power_contrast -0.27,ok,,0,noise,,,,,,,,,,,,,,,,
1379,SYN-001565,SYN-001565,,0.00534573,0.0015522801,False,0.62110324,0.12,5.76,132.2,10.083,7.2731,1,log_duration_ratio -0.83,bls_sde +0.58,log_depth -0.48,ok,,0,noise,,,,,,,,,,,,,,,,
1380,SYN-001967,SYN-001967,,0.00534054,0.0015498803,False,10.086052,2.432,3.84,3001.4,8.5079,2.8953,0,bls_sde -0.59,log_period -0.52,log_depth +0.43,ok,,0,noise,,,,,,,,,,,,,,,,
1381,SYN-000313,SYN-000313,,0.00533889,0.0015491174,False,11.465347,5.416,3.84,806.14,7.6412,3.4955,0,max_single_event_fraction -0.66,log_depth +0.52,odd_even_sigma -0.51,ok,,0,noise,,,,,,,,,,,,,,,,
1382,SYN-001020,SYN-001020,,0.00533592,0.0015477459,False,5.3979092,5.112,2.688,224.94,6.3155,3.2753,0,log_depth -0.72,flux_skew -0.28,harmonic_delta_loglike -0.28,ok,,0,noise,,,,,,,,,,,,,,,,
1383,SYN-001750,SYN-001750,,0.00533173,0.0015458093,False,1.147959,0.152,5.76,51.969,7.6018,3.1181,0,log_depth -0.61,secondary_sigma -0.57,log_duration_ratio -0.36,ok,,0,noise,,,,,,,,,,,,,,,,
1384,SYN-000729,SYN-000729,,0.00532026,0.0015405178,False,0.8108279,0.376,2.688,308.17,26.533,5.2197,0,log_duration_ratio -1.05,log_depth -0.57,harmonic_delta_loglike +0.53,ok,,0,noise,,,,,,,,,,,,,,,,
1385,SYN-001055,SYN-001055,,0.00530574,0.0015338308,False,1.3390499,1.112,5.76,732.75,24.901,5.6144,1,secondary_sigma -1.00,log_duration_ratio -0.88,log_depth +0.53,ok,,0,noise,,,,,,,,,,,,,,,,
1386,SYN-001131,SYN-001131,,0.00530208,0.0015321437,False,11.57981,2.588,3.84,3208.9,6.6627,3.2759,0,max_single_event_fraction -0.50,log_period -0.47,log_depth +0.41,ok,,0,noise,,,,,,,,,,,,,,,,
1387,SYN-000714,SYN-000714,,0.00527974,0.0015218777,False,11.618218,9.644,3.84,725.77,8.7025,3.7724,0,max_single_event_fraction -0.66,power_contrast -0.54,log_period -0.41,ok,,0,noise,,,,,,,,,,,,,,,,
1388,SYN-001997,SYN-001997,,0.00527694,0.0015205915,False,10.784074,3.888,5.76,5154.9,23.461,2.3661,0,max_single_event_fraction -0.95,bls_sde -0.78,power_contrast -0.52,ok,,0,noise,,,,,,,,,,,,,,,,
1389,SYN-000587,SYN-000587,,0.00527505,0.001519724,False,7.8214949,0.836,5.76,611.29,8.8091,2.7887,0,log_duration_ratio -0.64,bls_sde -0.47,harmonic_delta_loglike +0.20,ok,,0,noise,,,,,,,,,,,,,,,,
1390,SYN-001999,SYN-001999,,0.00526956,0.0015172073,False,8.018171,7.292,3.84,326.31,6.9306,3.2161,0,log_depth -0.69,harmonic_amp_over_depth -0.38,flux_skew -0.33,ok,,0,noise,,,,,,,,,,,,,,,,
1391,SYN-000590,SYN-000590,,0.00526195,0.0015137189,False,11.202648,10.876,1.728,564.68,6.0305,4.5132,0,harmonic_amp_over_depth -0.52,log_period -0.40,odd_even_sigma +0.38,ok,,0,noise,,,,,,,,,,,,,,,,
1392,SYN-001988,SYN-001988,,0.00525673,0.0015113302,False,0.60186918,0.516,5.76,214.99,8.6537,5.032,0,log_depth -0.65,log_duration_ratio -0.53,log_period -0.36,ok,,0,noise,,,,,,,,,,,,,,,,
1393,SYN-001479,SYN-001479,,0.00525216,0.0015092378,False,0.85778003,0.452,5.76,164.39,8.01,2.6672,0,log_depth -0.56,bls_sde -0.41,max_single_event_fraction +0.36,ok,,0,noise,,,,,,,,,,,,,,,,
1394,SYN-001587,SYN-001587,,0.00525016,0.0015083228,False,2.3706334,0.392,3.84,35910.0,1739.8,8.3977,3,secondary_sigma -1.40,odd_even_sigma -1.16,log_duration_ratio -0.84,ok,,0,eclipsing_binary,,,,,,,,,,,,,,,,
1395,SYN-001343,SYN-001343,,0.00523026,0.0014992319,False,12.069169,6.928,1.728,254.05,6.8231,3.2118,0,log_depth -0.60,power_contrast -0.51,log_period -0.39,ok,,0,noise,,,,,,,,,,,,,,,,
1396,SYN-000678,SYN-000678,,0.0052235,0.0014961447,False,4.0872145,1.588,0.96,313.16,5.3531,3.9286,0,log_depth -0.80,harmonic_delta_loglike -0.27,log_duration_ratio +0.27,ok,,0,noise,,,,,,,,,,,,,,,,
1397,SYN-000780,SYN-000780,,0.00520238,0.0014865268,False,10.571934,5.464,2.688,1125.1,6.2847,3.57,0,log_period -0.56,log_depth +0.49,harmonic_amp_over_depth -0.47,ok,,0,noise,,,,,,,,,,,,,,,,
1398,SYN-001830,SYN-001830,,0.00518794,0.0014799626,False,3.8698953,1.3,3.84,427.86,12.942,2.8026,0,bls_sde -0.57,delta_loglike -0.43,flux_skew -0.33,ok,,0,noise,,,,,,,,,,,,,,,,
1399,SYN-001322,SYN-001322,,0.00518202,0.0014772703,False,13.329675,5.44,5.76,2018.8,9.4435,3.2589,0,max_single_event_fraction -1.00,log_period -0.53,log_depth +0.50,ok,,0,noise,,,,,,,,,,,,,,,,
1400,SYN-001607,SYN-001607,,0.00518088,0.0014767569,False,1.2164455,0.152,5.76,175.28,7.2613,3.4169,0,log_depth -0.66,log_duration_ratio -0.46,flux_skew -0.34,ok,,0,noise,,,,,,,,,,,,,,,,
1401,SYN-000519,SYN-000519,,0.00515934,0.0014669896,False,5.6260228,4.204,3.84,98.068,6.2888,3.698,0,log_depth -0.78,flux_skew -0.34,harmonic_delta_loglike -0.29,ok,,0,noise,,,,,,,,,,,,,,,,
1402,SYN-000785,SYN-000785,,0.00515431,0.0014647162,False,11.792635,10.724,1.728,935.05,13.697,3.776,0,max_single_event_fraction -0.89,odd_even_sigma -0.57,log_period -0.51,ok,,0,noise,,,,,,,,,,,,,,,,
1403,SYN-001744,SYN-001744,,0.00515239,0.0014638433,False,0.95682463,0.184,5.76,91.665,6.8074,3.4217,0,log_depth -0.64,log_duration_ratio -0.35,max_single_event_fraction +0.31,ok,,0,noise,,,,,,,,,,,,,,,,
1404,SYN-000177,SYN-000177,,0.00514182,0.0014590652,False,2.3163164,0.7,5.76,1409.8,10.64,2.9426,0,log_duration_ratio -0.65,log_depth +0.56,bls_sde -0.55,ok,,0,noise,,,,,,,,,,,,,,,,
1405,SYN-000221,SYN-000221,,0.00514029,0.0014583757,False,4.6199379,2.052,1.728,112.27,6.649,3.3707,0,log_depth -0.78,flux_skew -0.31,log_scatter -0.29,ok,,0,noise,,,,,,,,,,,,,,,,
1406,SYN-001586,SYN-001586,,0.00513864,0.0014576279,False,4.3310551,1.096,5.76,348.01,6.2028,2.6939,0,log_depth -0.55,bls_sde -0.39,log_duration_ratio -0.36,ok,,0,noise,,,,,,,,,,,,,,,,
1407,SYN-000939,SYN-000939,,0.0051384,0.001457523,False,4.9608341,4.664,2.688,160.58,5.5517,3.1676,0,log_depth -0.70,flux_skew -0.30,harmonic_delta_loglike -0.30,ok,,0,noise,,,,,,,,,,,,,,,,
1408,SYN-001455,SYN-001455,,0.00513614,0.0014565021,False,2.8773432,1.588,0.96,351.52,4.8016,3.8926,0,log_depth -0.86,flux_skew -0.40,log_duration_ratio +0.37,ok,,0,noise,,,,,,,,,,,,,,,,
1409,SYN-000697,SYN-000697,,0.00509569,0.0014382779,False,0.59198641,0.052,0.96,40.346,4.7287,3.0603,0,log_depth -0.81,max_single_event_fraction +0.53,log_scatter -0.36,ok,,0,noise,,,,,,,,,,,,,,,,
1410,SYN-001961,SYN-001961,,0.00508756,0.0014346256,False,13.002714,7.692,5.76,461.71,15.389,3.1576,0,max_single_event_fraction -0.85,odd_even_sigma -0.69,log_period -0.35,ok,,0,noise,,,,,,,,,,,,,,,,
1411,SYN-001756,SYN-001756,,0.00508157,0.00143194,False,13.6875,0.28,1.728,1833.1,21.203,2.6939,0,max_single_event_fraction -0.96,bls_sde -0.71,log_period -0.52,ok,,0,noise,,,,,,,,,,,,,,,,
1412,SYN-001500,SYN-001500,,0.00508086,0.0014316187,False,8.8555902,8.024,3.84,164.45,6.2097,3.9533,0,log_depth -0.80,log_period +0.39,log_scatter -0.33,ok,,0,noise,,,,,,,,,,,,,,,,
1413,SYN-000400,SYN-000400,,0.00507577,0.0014293399,False,13.642252,12.488,1.728,1419.3,11.802,3.1502,0,max_single_event_fraction -0.86,odd_even_sigma -0.64,log_depth +0.50,ok,,0,noise,,,,,,,,,,,,,,,,
1414,SYN-000361,SYN-000361,,0.00506755,0.0014256548,False,13.285609,9.32,5.76,346.82,6.4899,3.1807,0,log_depth -0.61,log_period -0.38,harmonic_delta_loglike -0.31,ok,,0,noise,,,,,,,,,,,,,,,,
1415,SYN-000539,SYN-000539,,0.00506599,0.0014249543,False,11.221211,3.348,5.76,534.49,17.052,2.4633,0,max_single_event_fraction -0.91,bls_sde -0.64,log_period -0.42,ok,,0,noise,,,,,,,,,,,,,,,,
1416,SYN-001533,SYN-001533,,0.00505751,0.0014211611,False,1.4715732,1.02,5.76,197.7,8.1003,3.7447,0,log_depth -0.65,max_single_event_fraction +0.46,log_duration_ratio -0.43,ok,,0,noise,,,,,,,,,,,,,,,,
1417,SYN-001196,SYN-001196,,0.00505662,0.0014207617,False,12.149363,11.848,3.84,1260.4,15.822,3.7718,0,max_single_event_fraction -0.90,log_depth +0.57,odd_even_sigma -0.53,ok,,0,noise,,,,,,,,,,,,,,,,
1418,SYN-000467,SYN-000467,,0.00505348,0.0014193568,False,1.2449708,0.864,3.84,1710.0,13.661,2.9219,0,log_duration_ratio -0.66,bls_sde -0.60,log_period +0.59,ok,,0,noise,,,,,,,,,,,,,,,,
1419,SYN-001386,SYN-001386,,0.0050496,0.001417621,False,1.2930105,1.048,5.76,159.87,6.6807,3.3405,0,log_depth -0.63,log_duration_ratio -0.56,max_single_event_fraction +0.38,ok,,0,noise,,,,,,,,,,,,,,,,
1420,SYN-000206,SYN-000206,,0.00503673,0.0014118743,False,1.1068979,0.176,2.688,46.773,7.8328,2.9906,0,log_depth -0.75,bls_sde -0.51,max_single_event_fraction +0.46,ok,,0,noise,,,,,,,,,,,,,,,,
1421,SYN-000322,SYN-000322,,0.00502716,0.0014076049,False,13.024259,12.688,3.84,690.92,4.626,3.1745,0,power_contrast -0.55,harmonic_amp_over_depth -0.52,log_period -0.46,ok,,0,noise,,,,,,,,,,,,,,,,
1422,SYN-000834,SYN-000834,,0.00502649,0.001407307,False,5.6228911,4.272,5.76,3077.1,12.091,3.8645,0,log_duration_ratio -0.77,secondary_sigma -0.69,log_depth +0.61,ok,,0,noise,,,,,,,,,,,,,,,,
1423,SYN-000336,SYN-000336,,0.00502314,0.0014058154,False,7.2479316,5.144,3.84,207.72,6.9915,3.2515,0,log_depth -0.72,log_scatter -0.32,harmonic_delta_loglike -0.32,ok,,0,noise,,,,,,,,,,,,,,,,
1424,SYN-001720,SYN-001720,,0.00502299,0.0014057449,False,7.442497,5.976,3.84,171.85,10.636,3.296,0,log_depth -0.69,delta_loglike -0.42,harmonic_amp_over_depth -0.35,ok,,0,noise,,,,,,,,,,,,,,,,
1425,SYN-000212,SYN-000212,,0.00502204,0.0014053238,False,9.8454564,3.344,0.96,2752.3,5.4578,4.1527,0,log_period -0.53,log_depth +0.39,log_scatter +0.28,ok,,0,noise,,,,,,,,,,,,,,,,
1426,SYN-000575,SYN-000575,,0.00501825,0.001403636,False,10.227599,1.092,5.76,335.08,6.2266,3.4165,0,flux_skew -0.46,log_depth -0.46,log_period -0.41,ok,,0,noise,,,,,,,,,,,,,,,,
1427,SYN-001159,SYN-001159,,0.00500336,0.0013970117,False,2.8254151,2.412,3.84,66.752,5.9233,3.8143,0,log_depth -0.75,log_period +0.32,log_scatter -0.32,ok,,0,noise,,,,,,,,,,,,,,,,
1428,SYN-001494,SYN-001494,,0.0049974,0.001394363,False,1.0602606,0.14,5.76,85.691,8.5181,3.7238,0,log_depth -0.64,log_duration_ratio -0.43,max_single_event_fraction +0.40,ok,,0,noise,,,,,,,,,,,,,,,,
1429,SYN-000387,SYN-000387,,0.00498849,0.0013904038,False,2.2896264,1.784,3.84,120.27,7.9867,3.4609,0,log_depth -0.66,log_duration_ratio -0.63,log_scatter -0.34,ok,,0,noise,,,,,,,,,,,,,,,,
1430,SYN-001908,SYN-001908,,0.00498593,0.0013892688,False,6.2719873,4.21683333,1.728,117.08,6.9266,3.1151,0,log_depth -0.75,log_scatter -0.27,flux_skew -0.27,ok,,0,noise,,,,,,,,,,,,,,,,
1431,SYN-001149,SYN-001149,,0.00497717,0.0013853856,False,12.916887,8.624,5.76,311.47,8.6543,4.0978,0,log_depth -0.65,harmonic_delta_loglike +0.38,log_period -0.34,ok,,0,noise,,,,,,,,,,,,,,,,
1432,SYN-001650,SYN-001650,,0.00497171,0.0013829649,False,11.989504,11.268,2.688,5281.4,10.608,3.0501,0,max_single_event_fraction -0.67,secondary_sigma +0.46,log_depth +0.45,ok,,0,noise,,,,,,,,,,,,,,,,
1433,SYN-000598,SYN-000598,,0.00495585,0.0013759481,False,6.4654768,4.88,5.76,558.32,5.9774,3.7137,0,log_duration_ratio -0.53,harmonic_amp_over_depth -0.46,flux_skew -0.35,ok,,0,noise,,,,,,,,,,,,,,,,
1434,SYN-001153,SYN-001153,,0.0049481,0.0013725235,False,5.7866219,5.5,5.76,206.21,12.368,3.2711,0,log_depth -0.63,log_duration_ratio -0.63,delta_loglike -0.45,ok,,0,noise,,,,,,,,,,,,,,,,
1435,SYN-001450,SYN-001450,,0.00492405,0.0013619183,False,12.270654,2.12,2.688,589.1,15.545,2.9826,0,max_single_event_fraction -0.90,bls_sde -0.66,flux_skew +0.44,ok,,0,noise,,,,,,,,,,,,,,,,
1436,SYN-000158,SYN-000158,,0.00491816,0.0013593248,False,0.6780672,0.276,2.688,191.64,16.39,4.0724,0,log_duration_ratio -1.09,log_depth -0.59,log_period -0.36,ok,,0,noise,,,,,,,,,,,,,,,,
1437,SYN-000568,SYN-000568,,0.00489878,0.0013508101,False,7.231495,3.72883333,5.76,2316.7,9.1278,2.8508,0,log_duration_ratio -0.63,bls_sde -0.55,log_depth +0.41,ok,,0,noise,,,,,,,,,,,,,,,,
1438,SYN-000437,SYN-000437,,0.00487589,0.001340776,False,2.4872329,0.592,3.84,564.52,11.2,3.0328,0,log_duration_ratio -0.64,secondary_sigma -0.63,delta_loglike -0.49,ok,,0,noise,,,,,,,,,,,,,,,,
1439,SYN-000422,SYN-000422,,0.00487194,0.0013390434,False,1.0977726,0.136,5.76,35.392,7.8583,3.708,0,log_depth -0.67,max_single_event_fraction +0.40,log_duration_ratio -0.37,ok,,0,noise,,,,,,,,,,,,,,,,
1440,SYN-001281,SYN-001281,,0.00485774,0.0013328383,False,3.2957379,1.088,3.84,122.89,7.4353,4.4496,0,log_depth -0.76,harmonic_amp_over_depth -0.37,log_scatter -0.34,ok,,0,noise,,,,,,,,,,,,,,,,
1441,SYN-000563,SYN-000563,,0.00485411,0.0013312536,False,7.938914,1.228,5.76,208.66,5.487,3.048,0,log_depth -0.46,log_duration_ratio -0.37,harmonic_amp_over_depth -0.37,ok,,0,noise,,,,,,,,,,,,,,,,
1442,SYN-001778,SYN-001778,,0.00485199,0.0013303273,False,1.1826848,0.552,5.76,198.6,8.8764,3.6133,0,log_depth -0.66,log_duration_ratio -0.56,max_single_event_fraction +0.29,ok,,0,noise,,,,,,,,,,,,,,,,
1443,SYN-001039,SYN-001039,,0.00484834,0.0013287345,False,2.8583508,1.396,0.96,181.15,5.253,3.1208,0,log_depth -0.76,log_scatter -0.32,log_period +0.31,ok,,0,noise,,,,,,,,,,,,,,,,
1444,SYN-001610,SYN-001610,,0.00483891,0.0013246225,False,6.949846,4.66,3.84,237.39,13.413,3.5096,0,flux_skew +0.73,log_depth -0.69,odd_even_sigma -0.55,ok,,0,noise,,,,,,,,,,,,,,,,
1445,SYN-001895,SYN-001895,,0.00483299,0.0013220426,False,1.321431,0.776,5.76,127.11,7.2172,3.3356,0,log_depth -0.65,log_duration_ratio -0.44,max_single_event_fraction +0.31,ok,,0,noise,,,,,,,,,,,,,,,,
1446,SYN-000446,SYN-000446,,0.00482764,0.001319712,False,7.731371,2.748,0.96,625.62,5.3272,3.9713,0,flux_skew -0.32,harmonic_delta_loglike -0.30,delta_loglike -0.23,ok,,0,noise,,,,,,,,,,,,,,,,
1447,SYN-001823,SYN-001823,,0.00482631,0.001319133,False,2.3824374,2.252,3.84,75.741,9.2415,3.6747,0,log_depth -0.70,log_duration_ratio -0.57,flux_skew -0.33,ok,,0,noise,,,,,,,,,,,,,,,,
1448,SYN-000103,SYN-000103,,0.00478678,0.0013019777,False,9.9767283,9.8,3.84,969.1,11.833,2.9102,0,bls_sde -0.70,log_period -0.55,delta_loglike -0.49,ok,,0,noise,,,,,,,,,,,,,,,,
1449,SYN-000740,SYN-000740,,0.00477776,0.0012980725,False,1.9402646,1.06,3.84,227.0,10.733,3.0665,0,log_depth -0.62,log_duration_ratio -0.53,delta_loglike -0.45,ok,,0,noise,,,,,,,,,,,,,,,,
1450,SYN-000477,SYN-000477,,0.00477515,0.0012969452,False,1.1160991,0.192,5.76,196.96,9.7728,3.6422,0,log_depth -0.65,log_duration_ratio -0.46,max_single_event_fraction +0.38,ok,,0,noise,,,,,,,,,,,,,,,,
1451,SYN-001291,SYN-001291,,0.00477386,0.0012963856,False,1.1198009,0.564,5.76,175.35,6.3585,3.7261,0,log_depth -0.61,max_single_event_fraction +0.41,log_duration_ratio -0.36,ok,,0,noise,,,,,,,,,,,,,,,,
1452,SYN-000620,SYN-000620,,0.00476274,0.0012915834,False,6.317337,3.968,3.84,225.36,5.8476,3.4237,0,log_depth -0.70,harmonic_amp_over_depth -0.40,harmonic_delta_loglike -0.37,ok,,0,noise,,,,,,,,,,,,,,,,
1453,SYN-001454,SYN-001454,,0.00475856,0.0012897768,False,13.57466,10.164,1.728,629.68,6.2539,2.557,0,bls_sde -0.55,log_period -0.42,delta_loglike +0.29,ok,,0,noise,,,,,,,,,,,,,,,,
1454,SYN-000005,SYN-000005,,0.00475531,0.0012883791,False,0.74517422,0.14,5.76,202.91,7.9804,3.7792,0,log_depth -0.65,log_duration_ratio -0.38,log_scatter +0.34,ok,,0,noise,,,,,,,,,,,,,,,,
1455,SYN-000513,SYN-000513,,0.00474082,0.001282131,False,0.54495408,0.5,3.84,431.68,113.75,5.8512,1,secondary_sigma -1.38,log_duration_ratio -0.78,flux_skew +0.67,ok,,0,noise,,,,,,,,,,,,,,,,
1456,SYN-000207,SYN-000207,,0.00473996,0.0012817608,False,5.1193686,2.072,3.84,144.53,7.0587,3.9823,0,log_depth -0.78,log_duration_ratio +0.37,harmonic_delta_loglike -0.35,ok,,0,noise,,,,,,,,,,,,,,,,
1457,SYN-000791,SYN-000791,,0.0047204,0.0012733548,False,11.147144,7.84,5.76,1770.3,13.214,3.3268,0,log_period -0.57,secondary_sigma -0.54,delta_loglike -0.48,ok,,0,noise,,,,,,,,,,,,,,,,
1458,SYN-000160,SYN-000160,,0.00470627,0.0012672906,False,0.75636104,0.252,5.76,991.24,15.137,3.4491,0,log_depth +0.65,delta_loglike -0.57,log_duration_ratio -0.48,ok,,0,noise,,,,,,,,,,,,,,,,
1459,SYN-000305,SYN-000305,,0.00470177,0.0012653608,False,4.5894431,3.992,3.84,351.4,8.3673,2.9563,0,log_depth -0.66,bls_sde -0.50,power_contrast -0.44,ok,,0,noise,,,,,,,,,,,,,,,,
1460,SYN-001741,SYN-001741,,0.00470078,0.00126494,False,0.82709829,0.124,5.76,194.07,27.23,3.835,0,flux_skew +0.84,log_depth -0.71,log_duration_ratio -0.53,ok,,0,noise,,,,,,,,,,,,,,,,
1461,SYN-000818,SYN-000818,,0.00469452,0.0012622565,False,6.7947215,4.472,5.76,380.28,13.305,3.6921,0,log_duration_ratio -0.67,delta_loglike -0.44,log_depth -0.28,ok,,0,noise,,,,,,,,,,,,,,,,
1462,SYN-000087,SYN-000087,,0.00467775,0.0012550866,False,9.910875,1.288,5.76,459.28,6.632,3.5862,0,log_period -0.39,harmonic_delta_loglike -0.32,red_noise_beta -0.26,ok,,0,noise,,,,,,,,,,,,,,,,
1463,SYN-000406,SYN-000406,,0.00466856,0.0012511655,False,1.2636607,0.428,5.76,28.731,6.2826,3.2173,0,log_depth -0.62,max_single_event_fraction +0.42,log_duration_ratio -0.33,ok,,0,noise,,,,,,,,,,,,,,,,
1464,SYN-001753,SYN-001753,,0.00465846,0.0012468581,False,4.0267633,3.756,5.76,177.87,8.7304,4.1929,0,log_depth -0.69,log_duration_ratio -0.67,flux_skew -0.38,ok,,0,noise,,,,,,,,,,,,,,,,
1465,SYN-001820,SYN-001820,,0.00465634,0.0012459562,False,1.480981,0.960833333,5.76,171.61,19.449,4.5603,0,log_duration_ratio -0.91,log_depth -0.58,delta_loglike -0.43,ok,,0,noise,,,,,,,,,,,,,,,,
1466,SYN-000075,SYN-000075,,0.00465132,0.0012438164,False,4.2248195,2.988,0.96,452.21,5.557,4.0633,0,harmonic_amp_over_depth -0.51,log_duration_ratio +0.48,odd_even_sigma +0.30,ok,,0,noise,,,,,,,,,,,,,,,,
1467,SYN-000032,SYN-000032,,0.00464596,0.0012415383,False,0.86205116,0.66,5.76,181.19,17.7,7.623,1,log_duration_ratio -0.89,bls_sde +0.58,log_depth -0.48,ok,,0,noise,,,,,,,,,,,,,,,,
1468,SYN-000857,SYN-000857,,0.00464516,0.0012411975,False,0.97279809,0.876,5.76,97.923,6.6987,4.7294,0,log_depth -0.64,log_duration_ratio -0.41,max_single_event_fraction +0.33,ok,,0,noise,,,,,,,,,,,,,,,,
1469,SYN-000911,SYN-000911,,0.00463907,0.0012386067,False,13.089111,5.036,2.688,450.53,11.256,2.9952,0,bls_sde -0.59,delta_loglike -0.39,log_period -0.33,ok,,0,noise,,,,,,,,,,,,,,,,
1470,SYN-001125,SYN-001125,,0.00461356,0.0012277846,False,1.0022253,0.256,5.76,61.264,6.5145,3.5776,0,log_depth -0.64,max_single_event_fraction +0.37,log_scatter -0.36,ok,,0,noise,,,,,,,,,,,,,,,,
1471,SYN-001495,SYN-001495,,0.00460981,0.0012261949,False,0.59394989,0.532,3.84,131.26,7.6322,3.505,0,log_depth -0.64,log_duration_ratio -0.39,max_single_event_fraction +0.37,ok,,0,noise,,,,,,,,,,,,,,,,
1472,SYN-001111,SYN-001111,,0.00460101,0.0012224719,False,12.445657,2.656,3.84,5172.9,12.594,3.2492,0,secondary_sigma -0.59,log_period -0.50,delta_loglike -0.49,ok,,0,noise,,,,,,,,,,,,,,,,
1473,SYN-001314,SYN-001314,,0.00459943,0.0012218033,False,12.149363,6.86,5.76,201.34,9.2679,3.9215,0,log_depth -0.62,harmonic_delta_loglike +0.29,harmonic_amp_over_depth -0.29,ok,,0,noise,,,,,,,,,,,,,,,,
1474,SYN-000672,SYN-000672,,0.00459227,0.0012187768,False,7.7058125,2.588,0.96,574.36,14.335,6.0919,2,secondary_sigma -1.04,odd_even_sigma -0.61,flux_skew +0.40,ok,,0,eclipsing_binary,,,,,,,,,,,,,,,,
1475,SYN-000468,SYN-000468,,0.00458749,0.0012167581,False,1.1709944,0.588,5.76,46.641,9.8771,5.0444,0,log_depth -0.64,log_duration_ratio -0.64,log_scatter -0.31,ok,,0,noise,,,,,,,,,,,,,,,,
1476,SYN-000408,SYN-000408,,0.00458161,0.0012142751,False,7.6549488,4.74,1.728,397.85,6.1417,3.2053,0,harmonic_amp_over_depth -0.46,log_depth -0.36,flux_skew -0.29,ok,,0,noise,,,,,,,,,,,,,,,,
1477,SYN-000676,SYN-000676,,0.00458008,0.0012136326,False,13.263631,8.596,5.76,561.56,11.598,2.7633,0,max_single_event_fraction -0.87,bls_sde -0.63,odd_even_sigma -0.47,ok,,0,noise,,,,,,,,,,,,,,,,
1478,SYN-001306,SYN-001306,,0.00457368,0.0012109345,False,1.308369,0.62,5.76,160.06,15.929,3.5499,0,log_depth -0.71,log_duration_ratio -0.45,log_period +0.27,ok,,0,noise,,,,,,,,,,,,,,,,
1479,SYN-000236,SYN-000236,,0.00454377,0.0011983537,False,9.7320111,4.148,1.728,209.13,5.043,3.2019,0,log_depth -0.55,power_contrast -0.42,odd_even_sigma +0.42,ok,,0,noise,,,,,,,,,,,,,,,,
1480,SYN-001924,SYN-001924,,0.00453774,0.0011958217,False,0.74517422,0.18,5.76,24.346,5.227,4.1245,0,bls_depth_over_scatter +0.68,log_depth -0.43,log_scatter -0.35,ok,,0,noise,,,,,,,,,,,,,,,,
1481,SYN-000527,SYN-000527,,0.00453636,0.001195243,False,7.6422855,2.516,2.688,98.308,6.4783,3.3698,0,log_depth -0.75,flux_skew -0.34,power_contrast -0.31,ok,,0,noise,,,,,,,,,,,,,,,,
1482,SYN-001005,SYN-001005,,0.00453606,0.0011951162,False,1.4095708,0.944,5.76,204.49,16.709,5.2038,0,log_depth -0.73,log_duration_ratio -0.68,flat_bottom_fraction -0.36,ok,,0,noise,,,,,,,,,,,,,,,,
1483,SYN-001337,SYN-001337,,0.0045257,0.0011907758,False,9.2451181,2.0,5.76,233.27,11.069,2.924,0,max_single_event_fraction -0.78,bls_sde -0.63,secondary_sigma +0.43,ok,,0,eclipsing_binary,,,,,,,,,,,,,,,,
1484,SYN-000009,SYN-000009,,0.00452174,0.0011891181,False,0.74148217,0.428,5.76,348.69,7.2358,4.1339,0,log_depth -0.60,log_duration_ratio -0.37,max_single_event_fraction +0.34,ok,,0,noise,,,,,,,,,,,,,,,,
1485,SYN-001609,SYN-001609,,0.00451307,0.0011854924,False,0.68144349,0.592,3.84,665.89,12.325,3.2717,0,secondary_sigma -0.60,log_duration_ratio -0.58,delta_loglike -0.54,ok,,0,noise,,,,,,,,,,,,,,,,
1486,SYN-000580,SYN-000580,,0.00445874,0.0011628583,False,10.07633,3.972,0.96,3122.1,20.549,2.358,0,max_single_event_fraction -0.90,bls_sde -0.70,log_period -0.54,ok,,0,noise,,,,,,,,,,,,,,,,
1487,SYN-000794,SYN-000794,,0.00445685,0.0011620729,False,7.3689303,0.732,5.76,163.24,13.27,3.6149,0,log_depth -0.67,log_duration_ratio -0.60,flux_skew +0.41,ok,,0,noise,,,,,,,,,,,,,,,,
1488,SYN-001938,SYN-001938,,0.00443439,0.0011527643,False,1.0480436,0.4,2.688,138.74,5.4323,3.2686,0,log_depth -0.78,max_single_event_fraction +0.36,harmonic_delta_loglike -0.32,ok,,0,noise,,,,,,,,,,,,,,,,
1489,SYN-001004,SYN-001004,,0.00443319,0.0011522707,False,11.734207,8.808,2.688,507.59,10.545,3.1711,0,max_single_event_fraction -0.88,odd_even_sigma -0.59,log_duration_ratio +0.37,ok,,0,noise,,,,,,,,,,,,,,,,
1490,SYN-001400,SYN-001400,,0.0044208,0.0011471497,False,10.730643,6.852,1.728,2903.9,11.753,3.5423,0,max_single_event_fraction -0.88,odd_even_sigma -0.74,log_depth +0.56,ok,,0,noise,,,,,,,,,,,,,,,,
1491,SYN-001014,SYN-001014,,0.0044186,0.0011462383,False,1.3040438,0.816,5.76,114.13,9.9571,3.6332,0,log_depth -0.68,log_duration_ratio -0.54,log_period +0.31,ok,,0,noise,,,,,,,,,,,,,,,,
1492,SYN-001890,SYN-001890,,0.00441694,0.0011455541,False,11.484346,3.364,3.84,4114.0,17.359,2.5446,0,max_single_event_fraction -0.92,bls_sde -0.79,power_contrast -0.57,ok,,0,noise,,,,,,,,,,,,,,,,
1493,SYN-001438,SYN-001438,,0.00438996,0.0011344364,False,4.0804531,2.832,0.96,240.42,5.2347,3.6916,0,log_depth -0.83,flux_skew -0.42,odd_even_sigma +0.37,ok,,0,noise,,,,,,,,,,,,,,,,
1494,SYN-001077,SYN-001077,,0.00437699,0.0011291083,False,5.4971169,2.196,3.84,661.46,6.2221,2.8182,0,bls_sde -0.60,power_contrast -0.54,harmonic_delta_loglike -0.35,ok,,0,noise,,,,,,,,,,,,,,,,
1495,SYN-001265,SYN-001265,,0.00436905,0.0011258507,False,9.2145555,2.776,3.84,320.41,10.344,3.7315,0,log_depth -0.69,flux_skew -0.37,log_period -0.35,ok,,0,noise,,,,,,,,,,,,,,,,
1496,SYN-000476,SYN-000476,,0.00436667,0.0011248731,False,1.2245282,0.688,5.76,41.415,6.8457,4.3428,0,log_depth -0.69,max_single_event_fraction +0.47,log_duration_ratio -0.44,ok,,0,noise,,,,,,,,,,,,,,,,
1497,SYN-001581,SYN-001581,,0.00436515,0.0011242493,False,6.2652566,5.592,5.76,87.001,9.0269,2.9211,0,log_duration_ratio -0.54,log_depth -0.54,bls_sde -0.42,ok,,0,noise,,,,,,,,,,,,,,,,
1498,SYN-001307,SYN-001307,,0.00433401,0.0011115126,False,12.895519,2.924,1.728,2070.5,4.9172,2.888,0,bls_sde -0.63,log_period -0.58,power_contrast -0.55,ok,,0,noise,,,,,,,,,,,,,,,,
1499,SYN-001867,SYN-001867,,0.00432789,0.0011090159,False,5.6167158,4.68,3.84,138.91,6.9491,3.1664,0,log_depth -0.70,power_contrast -0.49,harmonic_delta_loglike -0.31,ok,,0,noise,,,,,,,,,,,,,,,,
1500,SYN-000944,SYN-000944,,0.00432753,0.0011088699,False,0.80547588,0.284,5.76,187.47,10.584,3.0343,0,log_depth -0.61,max_single_event_fraction +0.35,bls_sde +0.31,ok,,0,noise,,,,,,,,,,,,,,,,
1501,SYN-000261,SYN-000261,,0.00429062,0.001093855,False,0.71971085,0.252,5.76,387.28,8.0703,5.1606,0,log_duration_ratio -0.48,max_single_event_fraction +0.33,flat_bottom_fraction -0.27,ok,,0,noise,,,,,,,,,,,,,,,,
1502,SYN-001148,SYN-001148,,0.00429058,0.0010938393,False,12.496176,4.164,1.728,1537.2,21.38,3.1609,0,max_single_event_fraction -0.91,odd_even_sigma -0.82,log_depth +0.54,ok,,0,noise,,,,,,,,,,,,,,,,
1503,SYN-000538,SYN-000538,,0.00429021,0.0010936874,False,1.3258138,1.16,2.688,259.92,10.52,3.2038,0,log_depth -0.76,delta_loglike -0.47,harmonic_delta_loglike -0.31,ok,,0,noise,,,,,,,,,,,,,,,,
1504,SYN-000960,SYN-000960,,0.00428991,0.0010935688,False,0.74764579,0.708,0.96,283.41,5.4176,3.3576,0,log_depth -0.79,max_single_event_fraction +0.53,log_period -0.26,ok,,0,noise,,,,,,,,,,,,,,,,
1505,SYN-001188,SYN-001188,,0.00428469,0.0010914495,False,2.8916703,0.196,0.96,168.65,5.3091,4.2144,0,log_depth -0.84,log_scatter -0.35,log_duration_ratio +0.32,ok,,0,noise,,,,,,,,,,,,,,,,
1506,SYN-000816,SYN-000816,,0.00427951,0.0010893507,False,2.9545834,1.36,1.728,68.294,6.0158,3.9014,0,log_depth -0.79,log_period +0.33,log_scatter -0.30,ok,,0,noise,,,,,,,,,,,,,,,,
1507,SYN-000659,SYN-000659,,0.0042634,0.0010828306,False,10.891735,8.792,3.84,2430.4,18.571,2.7905,0,odd_even_sigma -1.15,bls_sde -0.79,max_single_event_fraction -0.79,ok,,0,noise,,,,,,,,,,,,,,,,
1508,SYN-000865,SYN-000865,,0.0042622,0.0010823488,False,0.73415285,0.224,5.76,41.367,5.9595,5.4177,0,log_depth -0.64,log_duration_ratio -0.43,flux_skew -0.40,ok,,0,noise,,,,,,,,,,,,,,,,
1509,SYN-000439,SYN-000439,,0.00425751,0.0010804536,False,2.1042327,1.3,1.728,64.562,5.7966,3.9438,0,log_depth -0.83,flux_skew -0.41,log_scatter -0.33,ok,,0,noise,,,,,,,,,,,,,,,,
1510,SYN-001185,SYN-001185,,0.00424864,0.0010768707,False,1.914735,1.756,5.76,209.74,17.818,4.7214,0,secondary_sigma -0.99,log_duration_ratio -0.71,log_depth -0.69,ok,,0,noise,,,,,,,,,,,,,,,,
1511,SYN-000671,SYN-000671,,0.00424146,0.0010739772,False,9.910875,9.872,1.728,9069.7,20.261,2.6614,0,max_single_event_fraction -0.92,bls_sde -0.76,odd_even_sigma -0.63,ok,,0,noise,,,,,,,,,,,,,,,,
1512,SYN-000456,SYN-000456,,0.00423569,0.0010716548,False,0.75754192,0.388833333,5.76,507.76,7.8795,4.0548,0,log_duration_ratio -0.48,max_single_event_fraction +0.36,log_scatter +0.31,ok,,0,noise,,,,,,,,,,,,,,,,
1513,SYN-000407,SYN-000407,,0.00423418,0.0010710457,False,13.24169,8.972,3.84,665.75,13.621,3.3027,0,max_single_event_fraction -0.91,odd_even_sigma -0.70,log_duration_ratio +0.35,ok,,0,noise,,,,,,,,,,,,,,,,
1514,SYN-000530,SYN-000530,,0.00423393,0.001070945,False,7.0701485,6.788,5.76,6580.8,21.023,3.5801,0,max_single_event_fraction -0.88,log_duration_ratio -0.61,odd_even_sigma -0.60,ok,,0,noise,,,,,,,,,,,,,,,,
1515,SYN-000142,SYN-000142,,0.00419694,0.001056092,False,0.8041434,0.092,3.84,161.57,5.6529,3.8195,0,log_depth -0.65,max_single_event_fraction +0.43,red_noise_beta +0.41,ok,,0,noise,,,,,,,,,,,,,,,,
1516,SYN-000452,SYN-000452,,0.00418846,0.0010527013,False,9.4932966,4.908,5.76,6670.2,23.467,2.4759,0,max_single_event_fraction -0.93,bls_sde -0.79,harmonic_delta_loglike +0.45,ok,,0,noise,,,,,,,,,,,,,,,,
1517,SYN-001176,SYN-001176,,0.0041761,0.0010477621,False,12.874186,7.924,3.84,1089.8,17.783,2.4629,0,max_single_event_fraction -0.88,bls_sde -0.69,log_period -0.51,ok,,0,noise,,,,,,,,,,,,,,,,
1518,SYN-001872,SYN-001872,,0.00416715,0.0010441877,False,9.8291693,4.612,5.76,4785.7,21.364,2.2344,0,max_single_event_fraction -0.97,bls_sde -0.68,log_period -0.56,ok,,0,noise,,,,,,,,,,,,,,,,
1519,SYN-001070,SYN-001070,,0.00416397,0.0010429227,False,12.241345,10.7448333,3.84,1907.4,14.835,2.8033,0,max_single_event_fraction -0.91,bls_sde -0.73,log_period -0.54,ok,,0,noise,,,,,,,,,,,,,,,,
1520,SYN-000228,SYN-000228,,0.00416139,0.0010418921,False,0.74025555,0.14,5.76,666.18,8.2915,4.301,0,log_duration_ratio -0.55,log_scatter +0.33,log_period -0.31,ok,,0,noise,,,,,,,,,,,,,,,,
1521,SYN-000106,SYN-000106,,0.00415879,0.0010408569,False,0.63120014,0.424,5.76,144.4,34.04,4.5429,0,odd_even_sigma -0.86,flux_skew +0.75,log_depth -0.68,ok,,0,noise,,,,,,,,,,,,,,,,
1522,SYN-001863,SYN-001863,,0.00414322,0.0010346625,False,2.4062222,0.452,0.96,102.7,6.3974,4.2966,0,log_depth -0.88,max_single_event_fraction +0.41,flux_skew -0.32,ok,,0,noise,,,,,,,,,,,,,,,,
1523,SYN-000989,SYN-000989,,0.00414094,0.0010337565,False,0.65165219,0.32,5.76,236.6,11.647,5.6871,1,log_duration_ratio -0.97,power_contrast +0.55,log_depth -0.51,ok,,0,noise,,,,,,,,,,,,,,,,
1524,SYN-000417,SYN-000417,,0.00413073,0.0010297058,False,4.8793766,3.208,3.84,153.3,6.4462,2.9729,0,log_depth -0.69,bls_sde -0.49,harmonic_delta_loglike -0.35,ok,,0,noise,,,,,,,,,,,,,,,,
1525,SYN-000370,SYN-000370,,0.00413061,0.001029655,False,12.695339,3.752,2.688,1727.1,9.3884,3.1982,0,max_single_event_fraction -0.93,odd_even_sigma -0.59,log_depth +0.57,ok,,0,noise,,,,,,,,,,,,,,,,
1526,SYN-000966,SYN-000966,,0.00412621,0.0010279105,False,1.0690741,0.952,5.76,64.89,8.8878,5.3604,0,log_depth -0.63,log_duration_ratio -0.61,max_single_event_fraction +0.37,ok,,0,noise,,,,,,,,,,,,,,,,
1527,SYN-001506,SYN-001506,,0.00412476,0.0010273354,False,2.3943003,0.216,5.76,274.88,29.253,2.6077,0,log_depth -0.62,flux_skew +0.60,log_duration_ratio -0.49,ok,,0,noise,,,,,,,,,,,,,,,,
1528,SYN-001473,SYN-001473,,0.00412096,0.0010258314,False,6.8059804,1.212,0.96,1532.9,5.1827,2.8491,0,bls_sde -0.57,log_depth +0.55,harmonic_amp_over_depth -0.42,ok,,0,noise,,,,,,,,,,,,,,,,
1529,SYN-000017,SYN-000017,,0.00411302,0.0010226896,False,9.9767283,0.568,3.84,1227.4,6.0561,3.1257,0,log_period -0.54,harmonic_amp_over_depth -0.47,log_depth +0.43,ok,,0,noise,,,,,,,,,,,,,,,,
1530,SYN-001499,SYN-001499,,0.00410963,0.0010213467,False,1.3887228,0.552,5.76,208.54,9.5302,3.9621,0,log_depth -0.66,log_duration_ratio -0.64,log_period +0.35,ok,,0,noise,,,,,,,,,,,,,,,,
1531,SYN-000542,SYN-000542,,0.00410352,0.0010189335,False,1.044579,0.712,5.76,85.807,8.1286,3.8206,0,log_depth -0.67,log_duration_ratio -0.44,log_period +0.39,ok,,0,noise,,,,,,,,,,,,,,,,
1532,SYN-000241,SYN-000241,,0.00410056,0.0010177613,False,7.731371,4.492,5.76,289.92,6.5393,2.7479,0,log_depth -0.55,bls_sde -0.37,log_duration_ratio -0.36,ok,,0,noise,,,,,,,,,,,,,,,,
1533,SYN-001392,SYN-001392,,0.00405967,0.0010016594,False,0.92566025,0.628,5.76,104.45,11.571,4.8346,0,log_depth -0.67,log_duration_ratio -0.54,max_single_event_fraction +0.33,ok,,0,noise,,,,,,,,,,,,,,,,
1534,SYN-000107,SYN-000107,,0.00404887,0.00099742285,False,3.0389243,2.852,0.96,149.24,4.8848,3.3987,0,log_depth -0.80,power_contrast -0.41,log_scatter -0.36,ok,,0,noise,,,,,,,,,,,,,,,,
1535,SYN-000679,SYN-000679,,0.00404427,0.00099561949,False,11.295771,5.496,1.728,588.16,9.4486,3.3923,0,max_single_event_fraction -0.97,odd_even_sigma -0.81,flux_skew +0.35,ok,,0,noise,,,,,,,,,,,,,,,,
1536,SYN-001109,SYN-001109,,0.00404341,0.00099528211,False,0.82027966,0.744,2.688,469.13,7.4395,3.9685,0,log_duration_ratio -0.55,secondary_sigma -0.54,max_single_event_fraction +0.47,ok,,0,noise,,,,,,,,,,,,,,,,
1537,SYN-001636,SYN-001636,,0.00404253,0.00099493812,False,1.2826313,1.156,5.76,48.07,5.57,3.4475,0,log_depth -0.67,max_single_event_fraction +0.51,log_period +0.35,ok,,0,noise,,,,,,,,,,,,,,,,
1538,SYN-001801,SYN-001801,,0.00403527,0.00099209629,False,2.2512509,1.684,0.96,88.401,5.2101,4.2477,0,log_depth -0.87,log_period +0.33,log_scatter -0.30,ok,,0,noise,,,,,,,,,,,,,,,,
1539,SYN-000157,SYN-000157,,0.00402607,0.00098850221,False,1.079747,0.2,3.84,456.53,12.799,3.9497,0,log_duration_ratio -0.59,delta_loglike -0.58,max_single_event_fraction +0.44,ok,,1,planet,,,,,,,,,,,,,,,,
1540,SYN-000145,SYN-000145,,0.00401052,0.00098243433,False,0.76391207,0.432,5.76,49.862,5.0843,4.5823,0,bls_depth_over_scatter +0.65,log_depth -0.45,log_scatter -0.38,ok,,0,noise,,,,,,,,,,,,,,,,
1541,SYN-000337,SYN-000337,,0.00400338,0.0009796518,False,6.6170905,4.212,5.76,143.59,9.0239,2.9254,0,log_depth -0.59,log_duration_ratio -0.53,bls_sde -0.44,ok,,0,noise,,,,,,,,,,,,,,,,
1542,SYN-001289,SYN-001289,,0.00398912,0.00097410332,False,0.77409749,0.656,5.76,107.15,7.583,3.3764,0,secondary_sigma -0.61,log_depth -0.60,log_duration_ratio -0.44,ok,,0,noise,,,,,,,,,,,,,,,,
1543,SYN-000015,SYN-000015,,0.00398721,0.00097336087,False,1.0637772,0.608,5.76,157.94,29.708,5.8726,1,log_duration_ratio -0.92,power_contrast +0.66,log_depth -0.55,ok,,0,noise,,,,,,,,,,,,,,,,
1544,SYN-001781,SYN-001781,,0.00397053,0.00096689258,False,1.0240304,0.172,5.76,173.32,10.986,6.0813,1,log_duration_ratio -0.91,log_depth -0.50,flux_skew -0.42,ok,,0,noise,,,,,,,,,,,,,,,,
1545,SYN-001342,SYN-001342,,0.00396007,0.00096284198,False,2.6830221,0.344833333,5.76,115.62,11.932,3.0786,0,log_depth -0.62,secondary_sigma -0.61,log_duration_ratio -0.53,ok,,0,noise,,,,,,,,,,,,,,,,
1546,SYN-001137,SYN-001137,,0.00395738,0.00096180242,False,11.465347,10.896,0.96,4328.3,5.9887,2.8952,0,bls_sde -0.64,log_period -0.55,power_contrast -0.55,ok,,0,noise,,,,,,,,,,,,,,,,
1547,SYN-001063,SYN-001063,,0.00395128,0.00095944425,False,0.86491039,0.132,3.84,413.58,12.358,3.4074,0,delta_loglike -0.58,log_duration_ratio -0.50,max_single_event_fraction +0.41,ok,,0,noise,,,,,,,,,,,,,,,,
1548,SYN-001171,SYN-001171,,0.00393401,0.00095277747,False,7.7698676,3.86,1.728,269.87,5.9307,3.5615,0,log_depth -0.79,log_scatter -0.33,flux_skew -0.30,ok,,0,noise,,,,,,,,,,,,,,,,
1549,SYN-000255,SYN-000255,,0.0039287,0.00095073253,False,0.81892269,0.236,5.76,295.54,9.0013,3.0771,0,log_depth -0.59,max_single_event_fraction +0.30,bls_sde +0.29,ok,,0,noise,,,,,,,,,,,,,,,,
1550,SYN-000259,SYN-000259,,0.00392108,0.0009478,False,0.59002941,0.272,5.76,236.41,17.717,8.8854,1,log_duration_ratio -0.88,power_contrast +0.60,log_depth -0.50,ok,,0,noise,,,,,,,,,,,,,,,,
1551,SYN-001583,SYN-001583,,0.00391365,0.00094494353,False,2.1714781,0.612,3.84,230.2,9.5481,3.2118,0,log_depth -0.62,log_duration_ratio -0.59,delta_loglike -0.45,ok,,0,noise,,,,,,,,,,,,,,,,
1552,SYN-001040,SYN-001040,,0.00391105,0.00094394713,False,13.024259,4.244,1.728,11807.0,10.899,2.9105,0,max_single_event_fraction -0.84,bls_sde -0.70,log_duration_ratio +0.43,ok,,0,noise,,,,,,,,,,,,,,,,
1553,SYN-001446,SYN-001446,,0.00390699,0.00094238968,False,6.7834811,4.864,5.76,465.32,10.05,2.7138,0,log_duration_ratio -0.64,bls_sde -0.54,flux_skew -0.37,ok,,0,noise,,,,,,,,,,,,,,,,
1554,SYN-001313,SYN-001313,,0.00390443,0.00094140566,False,12.475504,7.348,2.688,5878.2,11.86,2.9027,0,bls_sde -0.72,delta_loglike -0.53,log_period -0.43,ok,,0,noise,,,,,,,,,,,,,,,,
1555,SYN-000693,SYN-000693,,0.00389824,0.0009390334,False,9.3994584,3.3,2.688,479.12,6.3856,4.0355,0,log_period -0.37,harmonic_delta_loglike -0.28,flux_skew -0.26,ok,,0,noise,,,,,,,,,,,,,,,,
1556,SYN-001330,SYN-001330,,0.00389607,0.00093820069,False,5.1619238,3.156,0.96,145.23,5.8301,3.4727,0,log_depth -0.77,flux_skew -0.32,power_contrast -0.29,ok,,0,noise,,,,,,,,,,,,,,,,
1557,SYN-000136,SYN-000136,,0.00388143,0.0009325975,False,13.529784,1.896,2.688,2491.1,17.486,3.0399,0,max_single_event_fraction -0.91,odd_even_sigma -0.82,log_depth +0.54,ok,,0,noise,,,,,,,,,,,,,,,,
1558,SYN-000402,SYN-000402,,0.00387958,0.00093189017,False,9.9437471,9.344,5.76,458.14,7.1308,3.1392,0,harmonic_amp_over_depth -0.49,flux_skew -0.42,log_period -0.41,ok,,0,noise,,,,,,,,,,,,,,,,
1559,SYN-000867,SYN-000867,,0.00387347,0.00092955602,False,9.9204754,2.052,1.728,859.82,8.2292,2.9711,0,max_single_event_fraction -0.76,bls_sde -0.72,log_period -0.55,ok,,0,noise,,,,,,,,,,,,,,,,
1560,SYN-001266,SYN-001266,,0.00386181,0.00092511015,False,6.3804053,4.336,5.76,305.02,10.649,3.1308,0,log_depth -0.63,log_duration_ratio -0.62,odd_even_sigma -0.49,ok,,0,noise,,,,,,,,,,,,,,,,
1561,SYN-001408,SYN-001408,,0.0038576,0.00092350334,False,1.1309803,0.344,5.76,164.73,15.257,5.0612,0,log_duration_ratio -0.68,log_depth -0.65,flat_bottom_fraction -0.37,ok,,0,noise,,,,,,,,,,,,,,,,
1562,SYN-000025,SYN-000025,,0.00385515,0.00092257266,False,10.502152,1.076,2.688,728.47,6.4092,3.692,0,harmonic_amp_over_depth -0.46,log_period -0.39,harmonic_delta_loglike -0.37,ok,,0,noise,,,,,,,,,,,,,,,,
1563,SYN-001893,SYN-001893,,0.00385006,0.00092063395,False,1.3148838,1.232,3.84,633.91,11.377,4.0831,0,delta_loglike -0.60,log_duration_ratio -0.56,max_single_event_fraction +0.36,ok,,0,noise,,,,,,,,,,,,,,,,
1564,SYN-001232,SYN-001232,,0.0038449,0.00091867308,False,6.3487929,3.948,3.84,85.47,7.5499,3.9803,0,log_depth -0.79,harmonic_delta_loglike -0.34,log_duration_ratio +0.32,ok,,0,noise,,,,,,,,,,,,,,,,
1565,SYN-000965,SYN-000965,,0.00382232,0.00091010095,False,12.372655,4.948,2.688,1453.7,8.1345,3.221,0,max_single_event_fraction -0.71,log_period -0.53,odd_even_sigma -0.52,ok,,0,noise,,,,,,,,,,,,,,,,
1566,SYN-000152,SYN-000152,,0.00379367,0.00089927272,False,9.6039591,4.276,5.76,328.82,9.3709,2.5739,0,max_single_event_fraction -0.97,bls_sde -0.64,log_period -0.40,ok,,0,noise,,,,,,,,,,,,,,,,
1567,SYN-001297,SYN-001297,,0.00379291,0.0008989878,False,1.0673055,0.728,5.76,193.64,9.6186,3.9874,0,log_depth -0.64,max_single_event_fraction +0.43,flux_skew -0.41,ok,,0,noise,,,,,,,,,,,,,,,,
1568,SYN-001711,SYN-001711,,0.00378566,0.00089625373,False,1.2470337,0.416,5.76,212.78,12.72,3.19,0,log_depth -0.61,delta_loglike -0.57,odd_even_sigma -0.39,ok,,0,noise,,,,,,,,,,,,,,,,
1569,SYN-001936,SYN-001936,,0.00378461,0.00089586047,False,13.664857,2.564,3.84,1231.7,5.4766,2.7935,0,bls_sde -0.57,log_period -0.55,harmonic_amp_over_depth -0.43,ok,,0,noise,,,,,,,,,,,,,,,,
1570,SYN-000348,SYN-000348,,0.0037754,0.00089239203,False,0.66143502,0.14,5.76,120.52,9.3017,3.146,0,log_depth -0.63,log_duration_ratio -0.38,max_single_event_fraction +0.37,ok,,0,noise,,,,,,,,,,,,,,,,
1571,SYN-001706,SYN-001706,,0.00376972,0.00089025917,False,7.2000902,1.38,0.96,629.35,5.4368,3.4186,0,harmonic_amp_over_depth -0.52,flux_skew -0.32,harmonic_delta_loglike -0.28,ok,,0,noise,,,,,,,,,,,,,,,,
1572,SYN-000343,SYN-000343,,0.00376837,0.00088975192,False,4.2318201,1.96,5.76,121.41,6.859,3.2511,0,log_depth -0.59,log_duration_ratio -0.43,log_scatter -0.29,ok,,0,noise,,,,,,,,,,,,,,,,
1573,SYN-001755,SYN-001755,,0.00375712,0.00088552987,False,2.4699075,1.24083333,3.84,59.669,7.8403,2.7343,0,log_duration_ratio -0.53,log_depth -0.50,bls_sde -0.43,ok,,0,noise,,,,,,,,,,,,,,,,
1574,SYN-001249,SYN-001249,,0.00375706,0.00088550687,False,0.84930115,0.656,2.688,142.67,8.2999,5.486,0,log_depth -0.69,secondary_sigma -0.68,log_duration_ratio -0.45,ok,,0,noise,,,,,,,,,,,,,,,,
1575,SYN-000113,SYN-000113,,0.00373877,0.00087865855,False,0.81756797,0.728,5.76,234.87,8.9493,4.0385,0,log_depth -0.66,log_duration_ratio -0.37,log_period -0.35,ok,,0,noise,,,,,,,,,,,,,,,,
1576,SYN-001809,SYN-001809,,0.00373332,0.00087662012,False,1.147959,0.184,5.76,164.23,9.2183,5.3737,0,log_duration_ratio -0.65,log_depth -0.62,flux_skew -0.32,ok,,0,noise,,,,,,,,,,,,,,,,
1577,SYN-000494,SYN-000494,,0.00372498,0.00087350863,False,8.9144316,0.736,1.728,516.87,12.11,3.8281,0,max_single_event_fraction -0.68,power_contrast -0.55,log_period +0.38,ok,,0,noise,,,,,,,,,,,,,,,,
1578,SYN-000526,SYN-000526,,0.00372084,0.00087196482,False,8.2197927,5.436,2.688,5873.4,18.509,2.3421,0,odd_even_sigma -1.26,max_single_event_fraction -0.82,bls_sde -0.78,ok,,0,noise,,,,,,,,,,,,,,,,
1579,SYN-001578,SYN-001578,,0.0036879,0.00085971595,False,9.0933121,7.572,5.76,176.11,6.9988,2.7355,0,log_depth -0.60,bls_sde -0.49,flux_skew -0.37,ok,,0,noise,,,,,,,,,,,,,,,,
1580,SYN-000134,SYN-000134,,0.00368559,0.00085885897,False,1.2144331,0.66,3.84,38.63,7.2983,3.1605,0,log_depth -0.64,log_duration_ratio -0.46,flux_skew -0.34,ok,,0,noise,,,,,,,,,,,,,,,,
1581,SYN-000703,SYN-000703,,0.00368322,0.00085798071,False,0.97279809,0.124,5.76,99.136,21.83,3.2474,0,log_duration_ratio -0.89,log_depth -0.51,delta_loglike -0.44,ok,,0,noise,,,,,,,,,,,,,,,,
1582,SYN-000719,SYN-000719,,0.00367712,0.00085571943,False,1.3795563,0.12,5.76,164.56,25.511,2.1575,0,log_depth -0.59,bls_sde -0.52,flux_skew +0.45,ok,,0,noise,,,,,,,,,,,,,,,,
1583,SYN-001848,SYN-001848,,0.00366916,0.00085277572,False,12.069169,6.34,2.688,1314.8,6.5634,2.917,0,bls_sde -0.66,log_period -0.57,power_contrast -0.55,ok,,0,noise,,,,,,,,,,,,,,,,
1584,SYN-001709,SYN-001709,,0.00366724,0.00085206446,False,1.2124241,0.716,5.76,44.136,8.0,3.4945,0,log_depth -0.66,log_duration_ratio -0.44,max_single_event_fraction +0.43,ok,,0,noise,,,,,,,,,,,,,,,,
1585,SYN-000339,SYN-000339,,0.00366611,0.00085164786,False,6.4015677,2.02,5.76,157.5,10.172,3.9794,0,log_duration_ratio -0.72,log_depth -0.68,flux_skew -0.33,ok,,0,noise,,,,,,,,,,,,,,,,
1586,SYN-000071,SYN-000071,,0.00366234,0.00085025483,False,11.910365,5.516,2.688,1697.0,7.6404,3.1237,0,max_single_event_fraction -0.77,log_period -0.51,odd_even_sigma -0.48,ok,,0,noise,,,,,,,,,,,,,,,,
1587,SYN-000195,SYN-000195,,0.00366227,0.00085022928,False,6.4869214,1.268,2.688,94.954,6.5494,3.7725,0,log_depth -0.77,harmonic_delta_loglike -0.31,power_contrast -0.30,ok,,0,noise,,,,,,,,,,,,,,,,
1588,SYN-000450,SYN-000450,,0.00366039,0.00084953515,False,0.71496027,0.204,2.688,112.2,8.6921,3.8277,0,log_depth -0.68,log_duration_ratio -0.33,flux_skew -0.31,ok,,0,noise,,,,,,,,,,,,,,,,
1589,SYN-001834,SYN-001834,,0.0036572,0.00084835849,False,11.165615,2.836,3.84,3727.9,8.0693,2.7413,0,max_single_event_fraction -0.88,bls_sde -0.80,log_period -0.51,ok,,0,noise,,,,,,,,,,,,,,,,
1590,SYN-000720,SYN-000720,,0.00365378,0.00084709637,False,5.1619238,5.044,0.96,582.65,6.4519,3.9051,0,harmonic_amp_over_depth -0.47,flux_skew -0.34,harmonic_delta_loglike -0.24,ok,,0,noise,,,,,,,,,,,,,,,,
1591,SYN-001177,SYN-001177,,0.00364756,0.00084480123,False,3.9475502,0.408,0.96,232.33,4.8353,3.1571,0,log_depth -0.75,power_contrast -0.28,harmonic_delta_loglike -0.27,ok,,0,noise,,,,,,,,,,,,,,,,
1592,SYN-000689,SYN-000689,,0.00361756,0.00083377437,False,12.434262,4.96,5.76,447.2,7.9619,3.8215,0,max_single_event_fraction -0.62,harmonic_amp_over_depth -0.43,log_period -0.38,ok,,0,noise,,,,,,,,,,,,,,,,
1593,SYN-001718,SYN-001718,,0.00361728,0.00083367523,False,5.5305836,2.84483333,2.688,93.277,5.6115,3.9272,0,log_depth -0.78,flux_skew -0.36,log_duration_ratio +0.32,ok,,0,noise,,,,,,,,,,,,,,,,
1594,SYN-001225,SYN-001225,,0.00361613,0.0008332513,False,0.76898792,0.436,5.76,72.208,17.249,7.2008,1,log_duration_ratio -0.87,bls_sde +0.56,log_depth -0.51,ok,,0,noise,,,,,,,,,,,,,,,,
1595,SYN-000887,SYN-000887,,0.00361401,0.000832476,False,0.69052934,0.32,3.84,530.18,61.204,5.6325,2,secondary_sigma -1.38,log_duration_ratio -0.87,flux_skew +0.67,ok,,0,noise,,,,,,,,,,,,,,,,
1596,SYN-001579,SYN-001579,,0.00360539,0.00082931975,False,13.176082,6.192,0.96,4399.1,5.214,2.73,0,bls_sde -0.59,harmonic_amp_over_depth -0.40,log_depth +0.36,ok,,0,noise,,,,,,,,,,,,,,,,
1597,SYN-000594,SYN-000594,,0.00360405,0.00082882853,False,13.024259,12.984,3.84,384.37,6.972,2.6306,0,bls_sde -0.54,log_period -0.38,harmonic_delta_loglike -0.29,ok,,0,noise,,,,,,,,,,,,,,,,
1598,SYN-000267,SYN-000267,,0.00360333,0.00082856291,False,9.287774,0.856,5.76,1508.8,11.734,2.9059,0,bls_sde -0.63,log_period -0.55,delta_loglike -0.51,ok,,0,noise,,,,,,,,,,,,,,,,
1599,SYN-001564,SYN-001564,,0.0035961,0.00082592147,False,10.819842,9.476,2.688,126.09,4.8053,3.016,0,bls_sde +0.55,log_period -0.40,log_depth -0.39,ok,,0,noise,,,,,,,,,,,,,,,,
1600,SYN-001840,SYN-001840,,0.00358978,0.00082361461,False,8.1520284,1.9,5.76,377.51,10.584,3.7152,0,log_duration_ratio -0.68,delta_loglike -0.44,flux_skew -0.33,ok,,0,noise,,,,,,,,,,,,,,,,
1601,SYN-000479,SYN-000479,,0.00358679,0.0008225223,False,0.92412895,0.596,5.76,266.25,14.3,4.7177,0,log_duration_ratio -0.88,log_depth -0.53,flux_skew -0.31,ok,,0,noise,,,,,,,,,,,,,,,,
1602,SYN-001126,SYN-001126,,0.00356689,0.0008152752,False,1.0532621,0.2,5.76,76.405,8.4209,3.62,0,log_depth -0.66,log_duration_ratio -0.46,log_scatter -0.33,ok,,0,noise,,,,,,,,,,,,,,,,
1603,SYN-000536,SYN-000536,,0.00354848,0.00080859324,False,7.8344552,6.664,3.84,3295.0,15.405,2.9407,0,max_single_event_fraction -0.89,bls_sde -0.79,odd_even_sigma -0.68,ok,,0,noise,,,,,,,,,,,,,,,,
1604,SYN-001806,SYN-001806,,0.00354301,0.00080661108,False,4.060236,3.024,1.728,120.73,8.6794,2.7961,0,log_depth -0.72,bls_sde -0.45,harmonic_delta_loglike +0.28,ok,,0,noise,,,,,,,,,,,,,,,,
1605,SYN-001059,SYN-001059,,0.00353929,0.00080526383,False,2.8773432,1.656,0.96,379.54,4.9451,3.0864,0,harmonic_amp_over_depth -0.47,log_depth -0.40,flat_bottom_fraction -0.31,ok,,0,noise,,,,,,,,,,,,,,,,
1606,SYN-000480,SYN-000480,,0.00353761,0.00080465434,False,9.7159117,0.5,0.96,2693.2,5.2929,2.7459,0,bls_sde -0.68,log_period -0.53,log_depth +0.43,ok,,0,noise,,,,,,,,,,,,,,,,
1607,SYN-001708,SYN-001708,,0.0035246,0.00079995105,False,9.5247837,6.284,3.84,467.72,5.4396,3.0409,0,log_period -0.41,harmonic_delta_loglike -0.37,flux_skew -0.32,ok,,0,noise,,,,,,,,,,,,,,,,
1608,SYN-001885,SYN-001885,,0.00351546,0.00079665519,False,3.9803645,1.536,3.84,150.56,7.4779,2.6868,0,log_depth -0.72,bls_sde -0.49,flux_skew -0.37,ok,,0,noise,,,,,,,,,,,,,,,,
1609,SYN-001842,SYN-001842,,0.0035148,0.00079641869,False,10.776458,0.752833333,2.688,4431.7,10.174,2.7994,0,bls_sde -0.73,delta_loglike -0.53,log_period -0.48,ok,,0,noise,,,,,,,,,,,,,,,,
1610,SYN-001624,SYN-001624,,0.00349871,0.00079062686,False,3.8956091,0.288,1.728,269.96,4.9475,3.3657,0,log_depth -0.74,power_contrast -0.31,harmonic_delta_loglike -0.28,ok,,0,noise,,,,,,,,,,,,,,,,
1611,SYN-001688,SYN-001688,,0.00349631,0.00078976444,False,4.5667042,3.776,2.688,137.15,9.135,2.9833,0,log_depth -0.67,bls_sde -0.49,power_contrast -0.44,ok,,0,noise,,,,,,,,,,,,,,,,
1612,SYN-001173,SYN-001173,,0.00349129,0.00078796084,False,8.454433,2.104,3.84,152.37,9.7531,2.9159,0,log_depth -0.66,bls_sde -0.53,power_contrast -0.51,ok,,0,noise,,,,,,,,,,,,,,,,
1613,SYN-000023,SYN-000023,,0.00348035,0.00078403611,False,12.579207,8.632,1.728,415.16,6.1344,3.7285,0,log_period -0.35,flux_skew +0.31,log_depth -0.27,ok,,0,eclipsing_binary,,,,,,,,,,,,,,,,
1614,SYN-001123,SYN-001123,,0.00345869,0.00077628978,False,2.6009406,2.028,2.688,91.556,5.3307,3.582,0,log_depth -0.80,log_scatter -0.37,harmonic_delta_loglike -0.26,ok,,0,noise,,,,,,,,,,,,,,,,
1615,SYN-001244,SYN-001244,,0.00345821,0.00077611811,False,1.0905265,0.328,5.76,76.678,11.837,5.2578,0,log_depth -0.67,log_duration_ratio -0.53,log_scatter -0.32,ok,,0,noise,,,,,,,,,,,,,,,,
1616,SYN-001970,SYN-001970,,0.00344183,0.00077027954,False,2.6312596,2.088,5.76,315.66,10.492,2.894,0,log_depth -0.57,log_duration_ratio -0.52,bls_sde -0.46,ok,,0,noise,,,,,,,,,,,,,,,,
1617,SYN-000771,SYN-000771,,0.0034392,0.00076934388,False,10.019492,7.75683333,2.688,246.78,7.4008,3.3007,0,max_single_event_fraction -0.72,log_depth -0.62,log_period -0.34,ok,,0,noise,,,,,,,,,,,,,,,,
1618,SYN-000372,SYN-000372,,0.00343132,0.00076654245,False,13.485058,10.332,5.76,887.22,10.024,3.0533,0,max_single_event_fraction -0.95,odd_even_sigma -0.63,log_period -0.53,ok,,0,noise,,,,,,,,,,,,,,,,
1619,SYN-001076,SYN-001076,,0.00343088,0.00076638489,False,0.62419589,0.428,2.688,97.048,7.0999,4.9081,0,log_depth -0.69,secondary_sigma -0.67,max_single_event_fraction +0.41,ok,,0,noise,,,,,,,,,,,,,,,,
1620,SYN-000797,SYN-000797,,0.00342871,0.00076561354,False,12.23009,8.548,5.76,245.86,12.082,3.3259,0,max_single_event_fraction -0.89,log_depth -0.65,odd_even_sigma -0.56,ok,,0,noise,,,,,,,,,,,,,,,,
1621,SYN-000647,SYN-000647,,0.00340757,0.00075811977,False,5.2655049,4.264,2.688,72.26,5.2669,3.3252,0,log_depth -0.68,power_contrast -0.49,flux_skew -0.34,ok,,0,noise,,,,,,,,,,,,,,,,
1622,SYN-000759,SYN-000759,,0.00338779,0.00075113122,False,0.93955659,0.884,3.84,46.331,8.1754,3.1387,0,log_depth -0.63,log_duration_ratio -0.34,log_scatter -0.28,ok,,0,noise,,,,,,,,,,,,,,,,
1623,SYN-000344,SYN-000344,,0.00338729,0.00075095441,False,4.7048473,2.136,3.84,107.43,4.4792,3.3933,0,log_depth -0.68,power_contrast -0.41,log_scatter -0.34,ok,,0,noise,,,,,,,,,,,,,,,,
1624,SYN-000375,SYN-000375,,0.00338435,0.0007499184,False,4.1671966,2.58883333,2.688,190.44,5.2979,3.7731,0,log_depth -0.77,harmonic_delta_loglike -0.30,log_duration_ratio +0.23,ok,,0,noise,,,,,,,,,,,,,,,,
1625,SYN-001591,SYN-001591,,0.00334527,0.00073619173,False,9.1689009,6.412,5.76,257.62,5.8404,3.1557,0,log_depth -0.59,log_period -0.43,harmonic_delta_loglike -0.37,ok,,0,noise,,,,,,,,,,,,,,,,
1626,SYN-000710,SYN-000710,,0.00333632,0.00073306092,False,1.0743973,0.828,5.76,47.625,8.6905,4.5104,0,log_depth -0.67,log_duration_ratio -0.43,log_scatter -0.32,ok,,0,noise,,,,,,,,,,,,,,,,
1627,SYN-000474,SYN-000474,,0.00333253,0.00073173907,False,0.6702541,0.328,3.84,64.994,5.9608,3.6684,0,log_depth -0.64,max_single_event_fraction +0.42,log_scatter -0.36,ok,,0,noise,,,,,,,,,,,,,,,,
1628,SYN-000984,SYN-000984,,0.00333162,0.00073141915,False,1.1826848,0.544,3.84,124.26,12.033,3.8676,0,log_duration_ratio -0.71,log_depth -0.67,delta_loglike -0.49,ok,,0,noise,,,,,,,,,,,,,,,,
1629,SYN-001058,SYN-001058,,0.00330664,0.00072271527,False,10.093026,6.528,3.84,281.95,6.334,3.3697,0,log_depth -0.61,harmonic_delta_loglike -0.35,log_period -0.28,ok,,0,noise,,,,,,,,,,,,,,,,
1630,SYN-000378,SYN-000378,,0.00329245,0.00071778945,False,0.92260019,0.688,5.76,34.56,7.3593,3.2599,0,log_depth -0.60,log_duration_ratio -0.48,max_single_event_fraction +0.33,ok,,0,noise,,,,,,,,,,,,,,,,
1631,SYN-000776,SYN-000776,,0.00328383,0.00071480446,False,2.544605,2.17683333,3.84,152.46,11.401,3.1168,0,log_depth -0.64,log_duration_ratio -0.62,delta_loglike -0.42,ok,,0,noise,,,,,,,,,,,,,,,,
1632,SYN-001456,SYN-001456,,0.00328364,0.00071473787,False,9.1840939,7.284,5.76,1737.0,22.362,2.9421,0,max_single_event_fraction -0.91,bls_sde -0.76,secondary_sigma +0.53,ok,,0,noise,,,,,,,,,,,,,,,,
1633,SYN-001630,SYN-001630,,0.00328114,0.00071387361,False,12.725842,0.544,0.96,1747.5,8.6648,2.6742,0,bls_sde -0.61,log_period -0.52,harmonic_amp_over_depth -0.39,ok,,0,noise,,,,,,,,,,,,,,,,
1634,SYN-000265,SYN-000265,,0.00325498,0.00070484293,False,6.5843053,2.456,0.96,307.86,4.4689,3.1736,0,log_depth -0.45,harmonic_amp_over_depth -0.38,log_scatter -0.30,ok,,0,noise,,,,,,,,,,,,,,,,
1635,SYN-000578,SYN-000578,,0.00324215,0.00070042912,False,0.61496384,0.112,2.688,43.701,6.6291,3.9548,0,log_depth -0.65,log_duration_ratio -0.45,max_single_event_fraction +0.41,ok,,0,noise,,,,,,,,,,,,,,,,
1636,SYN-000264,SYN-000264,,0.00322824,0.00069565423,False,5.5428121,3.384,2.688,332.77,12.093,2.8863,0,bls_sde -0.53,log_depth -0.52,delta_loglike -0.44,ok,,0,noise,,,,,,,,,,,,,,,,
1637,SYN-001733,SYN-001733,,0.00322599,0.00069488411,False,0.59591989,0.12,3.84,247.74,35.426,5.9968,2,log_duration_ratio -0.94,power_contrast +0.78,log_depth -0.55,ok,,0,noise,,,,,,,,,,,,,,,,
1638,SYN-000544,SYN-000544,,0.00322577,0.0006948074,False,1.1729347,0.332,5.76,87.794,8.2156,4.0616,0,log_depth -0.68,log_duration_ratio -0.46,max_single_event_fraction +0.37,ok,,0,noise,,,,,,,,,,,,,,,,
1639,SYN-001601,SYN-001601,,0.0032201,0.00069286562,False,1.1179485,0.572,5.76,53.687,9.0474,3.7405,0,log_depth -0.67,log_duration_ratio -0.39,max_single_event_fraction +0.38,ok,,0,noise,,,,,,,,,,,,,,,,
1640,SYN-000165,SYN-000165,,0.00321992,0.00069280465,False,5.1619238,2.544,2.688,366.55,5.1644,3.5381,0,power_contrast -0.53,log_depth -0.39,flux_skew -0.33,ok,,0,noise,,,,,,,,,,,,,,,,
1641,SYN-001347,SYN-001347,,0.00321841,0.00069229043,False,8.5106089,0.476,5.76,167.99,13.966,2.9124,0,log_duration_ratio -0.55,delta_loglike -0.44,power_contrast +0.40,ok,,0,noise,,,,,,,,,,,,,,,,
1642,SYN-000294,SYN-000294,,0.00321054,0.00068959748,False,5.2134571,5.148,3.84,101.46,5.6707,3.4977,0,log_depth -0.72,power_contrast -0.47,harmonic_delta_loglike -0.37,ok,,0,noise,,,,,,,,,,,,,,,,
1643,SYN-000808,SYN-000808,,0.00318557,0.00068108693,False,10.450117,10.004,5.76,3269.2,10.546,3.0942,0,max_single_event_fraction -0.82,odd_even_sigma -0.60,log_period -0.47,ok,,0,noise,,,,,,,,,,,,,,,,
1644,SYN-001006,SYN-001006,,0.00318553,0.00068107455,False,1.49614,0.308,5.76,326.85,10.347,3.4703,0,log_depth -0.68,secondary_sigma -0.62,log_duration_ratio -0.56,ok,,0,noise,,,,,,,,,,,,,,,,
1645,SYN-000077,SYN-000077,,0.00317854,0.00067869989,False,3.8443514,2.224,2.688,164.61,5.7269,3.8419,0,log_depth -0.79,flux_skew -0.40,harmonic_delta_loglike -0.28,ok,,0,noise,,,,,,,,,,,,,,,,
1646,SYN-000952,SYN-000952,,0.00317142,0.00067628323,False,13.619684,4.8,1.728,1181.5,14.622,3.7498,0,max_single_event_fraction -0.94,odd_even_sigma -0.82,log_depth +0.59,ok,,0,noise,,,,,,,,,,,,,,,,
1647,SYN-000148,SYN-000148,,0.00315373,0.00067029459,False,11.277085,5.488,2.688,1121.5,17.339,2.5513,0,max_single_event_fraction -0.89,bls_sde -0.79,power_contrast -0.56,ok,,0,noise,,,,,,,,,,,,,,,,
1648,SYN-000651,SYN-000651,,0.00314616,0.00066773651,False,12.789207,3.504,0.96,843.51,7.5076,2.4929,0,log_period -0.56,bls_sde -0.52,log_depth +0.42,ok,,0,noise,,,,,,,,,,,,,,,,
1649,SYN-000137,SYN-000137,,0.00313688,0.00066460708,False,0.93955659,0.78,3.84,80.041,8.2053,4.0566,0,log_depth -0.69,log_duration_ratio -0.52,max_single_event_fraction +0.41,ok,,0,noise,,,,,,,,,,,,,,,,
1650,SYN-000514,SYN-000514,,0.0031365,0.00066448004,False,0.85353006,0.388,3.84,295.86,27.534,6.1625,2,secondary_sigma -0.99,log_duration_ratio -0.75,log_depth -0.55,ok,,0,noise,,,,,,,,,,,,,,,,
1651,SYN-001792,SYN-001792,,0.00313617,0.00066436715,False,1.308369,1.26,2.688,93.119,8.9156,2.9858,0,log_depth -0.74,bls_sde -0.50,max_single_event_fraction +0.43,ok,,0,noise,,,,,,,,,,,,,,,,
1652,SYN-001397,SYN-001397,,0.00312389,0.00066023473,False,1.3127086,1.212,5.76,168.07,10.84,4.0453,0,log_depth -0.70,log_duration_ratio -0.56,log_period +0.36,ok,,0,noise,,,,,,,,,,,,,,,,
1653,SYN-000809,SYN-000809,,0.00312239,0.00065973252,False,2.7379189,2.42,3.84,102.31,6.7054,3.4611,0,log_depth -0.75,log_scatter -0.32,harmonic_delta_loglike -0.31,ok,,0,noise,,,,,,,,,,,,,,,,
1654,SYN-001075,SYN-001075,,0.00311504,0.00065726308,False,1.0743973,0.364,3.84,348.39,11.293,3.9942,0,log_depth -0.69,delta_loglike -0.59,log_duration_ratio -0.57,ok,,0,noise,,,,,,,,,,,,,,,,
1655,SYN-000352,SYN-000352,,0.0031094,0.00065537316,False,0.53335016,0.212,3.84,310.79,8.8291,4.2442,0,log_depth -0.66,log_duration_ratio -0.35,log_scatter +0.30,ok,,0,noise,,,,,,,,,,,,,,,,
1656,SYN-000124,SYN-000124,,0.00310537,0.00065402262,False,0.57460457,0.528,2.688,33.302,6.8359,3.3958,0,log_depth -0.69,log_duration_ratio -0.42,max_single_event_fraction +0.32,ok,,0,noise,,,,,,,,,,,,,,,,
1657,SYN-001572,SYN-001572,,0.0030986,0.00065175479,False,12.895519,3.216,5.76,2080.5,7.7084,3.8697,0,max_single_event_fraction -0.66,log_depth +0.56,log_period -0.50,ok,,0,noise,,,,,,,,,,,,,,,,
1658,SYN-000104,SYN-000104,,0.0030954,0.00065068683,False,5.8250714,5.224,5.76,258.32,6.0296,3.5259,0,log_depth -0.61,log_duration_ratio -0.43,harmonic_amp_over_depth -0.39,ok,,0,noise,,,,,,,,,,,,,,,,
1659,SYN-000090,SYN-000090,,0.00309412,0.00065025725,False,11.812175,8.316,3.84,3621.3,16.757,3.4702,0,max_single_event_fraction -0.92,odd_even_sigma -0.74,log_period -0.51,ok,,0,noise,,,,,,,,,,,,,,,,
1660,SYN-000585,SYN-000585,,0.00309004,0.00064889594,False,11.446381,6.988,5.76,1197.6,25.998,2.7532,0,max_single_event_fraction -0.94,bls_sde -0.77,odd_even_sigma -0.59,ok,,0,noise,,,,,,,,,,,,,,,,
1661,SYN-000225,SYN-000225,,0.00307862,0.00064508628,False,1.0480436,0.968,5.76,47.803,9.7889,3.2458,0,log_depth -0.62,log_duration_ratio -0.42,log_scatter -0.32,ok,,0,noise,,,,,,,,,,,,,,,,
1662,SYN-001563,SYN-001563,,0.00307648,0.0006443723,False,13.485058,1.32,1.728,3497.1,7.5628,3.5881,0,max_single_event_fraction -0.89,odd_even_sigma -0.57,log_period -0.52,ok,,0,noise,,,,,,,,,,,,,,,,
1663,SYN-001388,SYN-001388,,0.00307147,0.0006427055,False,1.4715732,0.756,5.76,111.96,9.2843,2.8344,0,secondary_sigma -0.65,log_depth -0.60,max_single_event_fraction +0.40,ok,,0,noise,,,,,,,,,,,,,,,,
1664,SYN-001279,SYN-001279,,0.00306134,0.00063933787,False,2.9108842,0.884,2.688,70.096,5.7036,4.7533,0,log_depth -0.75,harmonic_amp_over_depth -0.46,log_scatter -0.35,ok,,0,noise,,,,,,,,,,,,,,,,
1665,SYN-001443,SYN-001443,,0.00306097,0.00063921409,False,7.0818638,0.132,0.96,210.85,5.0873,3.7992,0,log_depth -0.72,flux_skew -0.35,harmonic_delta_loglike -0.28,ok,,0,noise,,,,,,,,,,,,,,,,
1666,SYN-000238,SYN-000238,,0.00305305,0.0006365872,False,0.93026937,0.684,5.76,172.77,23.983,5.4299,0,secondary_sigma -0.99,log_duration_ratio -0.74,log_depth -0.55,ok,,0,noise,,,,,,,,,,,,,,,,
1667,SYN-000466,SYN-000466,,0.00303775,0.00063152019,False,0.64414346,0.532,2.688,213.91,8.6545,4.9749,0,log_depth -0.68,log_duration_ratio -0.52,flux_skew -0.43,ok,,0,noise,,,,,,,,,,,,,,,,
1668,SYN-001547,SYN-001547,,0.00303456,0.0006304668,False,1.2636607,1.184,5.76,72.903,9.9038,3.1712,0,log_depth -0.63,log_duration_ratio -0.55,log_scatter -0.33,ok,,0,noise,,,,,,,,,,,,,,,,
1669,SYN-001957,SYN-001957,,0.00302886,0.0006285839,False,11.091914,1.324,2.688,565.59,9.76,2.653,0,max_single_event_fraction -0.95,bls_sde -0.58,log_period -0.41,ok,,0,noise,,,,,,,,,,,,,,,,
1670,SYN-001093,SYN-001093,,0.00301093,0.00062267577,False,1.4002667,1.316,5.76,203.04,8.7114,3.929,0,log_depth -0.69,log_duration_ratio -0.54,log_period +0.32,ok,,0,noise,,,,,,,,,,,,,,,,
1671,SYN-000524,SYN-000524,,0.00300727,0.00062147497,False,10.766234,1.512,0.96,1327.3,5.3557,3.7849,0,log_period -0.55,log_depth +0.49,harmonic_amp_over_depth -0.48,ok,,0,noise,,,,,,,,,,,,,,,,
1672,SYN-001019,SYN-001019,,0.00299408,0.00061714372,False,11.637469,3.296,3.84,316.18,6.6047,2.9877,0,log_depth -0.59,bls_sde -0.47,log_period -0.30,ok,,0,noise,,,,,,,,,,,,,,,,
1673,SYN-001278,SYN-001278,,0.00297923,0.00061228342,False,1.079747,0.468,5.76,231.29,12.778,3.5277,0,log_depth -0.68,log_duration_ratio -0.57,max_single_event_fraction +0.38,ok,,0,noise,,,,,,,,,,,,,,,,
1674,SYN-001518,SYN-001518,,0.00297686,0.00061151209,False,11.25843,1.884,1.728,506.43,7.4976,3.4466,0,harmonic_amp_over_depth -0.46,log_period -0.41,flux_skew -0.38,ok,,0,noise,,,,,,,,,,,,,,,,
1675,SYN-000117,SYN-000117,,0.00296375,0.00060723466,False,1.1179485,1.028,5.76,48.438,10.97,4.4696,0,log_depth -0.67,log_duration_ratio -0.51,flux_skew -0.29,ok,,0,noise,,,,,,,,,,,,,,,,
1676,SYN-001854,SYN-001854,,0.00296194,0.00060664538,False,0.85070845,0.712,5.76,31.866,5.7863,4.5505,0,log_depth -0.64,log_duration_ratio -0.43,log_scatter -0.35,ok,,0,noise,,,,,,,,,,,,,,,,
1677,SYN-001884,SYN-001884,,0.00295206,0.00060342978,False,6.5952156,2.62,1.728,295.08,6.3996,3.477,0,log_depth -0.78,flux_skew -0.32,log_scatter -0.31,ok,,0,noise,,,,,,,,,,,,,,,,
1678,SYN-001044,SYN-001044,,0.00293188,0.00059688312,False,0.62110324,0.104,3.84,222.28,9.3256,5.4863,0,log_duration_ratio -0.87,log_depth -0.51,log_period -0.40,ok,,0,noise,,,,,,,,,,,,,,,,
1679,SYN-001965,SYN-001965,,0.0029291,0.00059598286,False,0.90745098,0.524,5.76,86.505,9.3464,5.3309,0,secondary_sigma -0.72,log_duration_ratio -0.67,log_depth -0.64,ok,,0,noise,,,,,,,,,,,,,,,,
1680,SYN-000443,SYN-000443,,0.00292782,0.00059556843,False,0.65924844,0.1,2.688,234.56,7.2079,3.7928,0,log_depth -0.69,log_duration_ratio -0.39,log_scatter +0.33,ok,,0,noise,,,,,,,,,,,,,,,,
1681,SYN-001520,SYN-001520,,0.00292463,0.00059453732,False,1.1050668,0.968,5.76,69.305,12.566,3.1946,0,log_depth -0.58,max_single_event_fraction +0.50,flux_skew +0.46,ok,,0,noise,,,,,,,,,,,,,,,,
1682,SYN-000128,SYN-000128,,0.00291576,0.00059167406,False,8.1385427,7.608,2.688,251.95,6.1374,3.9536,0,log_depth -0.79,harmonic_delta_loglike -0.35,log_scatter -0.30,ok,,0,noise,,,,,,,,,,,,,,,,
1683,SYN-001851,SYN-001851,,0.00291302,0.0005907913,False,0.51682966,0.236,3.84,92.261,16.652,7.3462,1,secondary_sigma -0.95,log_duration_ratio -0.71,log_depth -0.51,ok,,0,noise,,,,,,,,,,,,,,,,
1684,SYN-000982,SYN-000982,,0.00291008,0.00058984188,False,10.571934,7.228,5.76,155.31,9.4846,2.4001,0,max_single_event_fraction -0.63,log_depth -0.58,bls_sde -0.53,ok,,0,noise,,,,,,,,,,,,,,,,
1685,SYN-001469,SYN-001469,,0.00290699,0.00058884773,False,3.818976,1.832,2.688,57.807,5.0504,4.0172,0,log_depth -0.81,flux_skew -0.40,harmonic_delta_loglike -0.31,ok,,0,noise,,,,,,,,,,,,,,,,
1686,SYN-000948,SYN-000948,,0.00290646,0.00058867539,False,9.65178,6.416,0.96,351.41,5.5875,3.9817,0,log_depth -0.61,log_scatter -0.33,odd_even_sigma +0.26,ok,,0,noise,,,,,,,,,,,,,,,,
1687,SYN-000209,SYN-000209,,0.00289905,0.00058629019,False,13.619684,11.616,3.84,81.894,5.0617,3.4481,0,log_depth -0.66,log_period -0.33,log_scatter -0.29,ok,,0,noise,,,,,,,,,,,,,,,,
1688,SYN-000069,SYN-000069,,0.00288903,0.00058307317,False,0.50834712,0.332,5.76,352.83,43.653,10.126,1,log_duration_ratio -0.91,power_contrast +0.59,log_depth -0.51,ok,,0,noise,,,,,,,,,,,,,,,,
1689,SYN-001247,SYN-001247,,0.00288837,0.00058286085,False,2.6009406,0.828,2.688,67.15,4.7006,3.4611,0,log_depth -0.73,power_contrast -0.40,flux_skew -0.35,ok,,0,noise,,,,,,,,,,,,,,,,
1690,SYN-001429,SYN-001429,,0.00288452,0.00058162653,False,7.9916645,6.256,2.688,324.28,7.378,3.8825,0,log_depth -0.81,flux_skew -0.35,harmonic_delta_loglike -0.30,ok,,0,noise,,,,,,,,,,,,,,,,
1691,SYN-001476,SYN-001476,,0.00288265,0.00058102624,False,6.2756383,5.828,3.84,306.75,6.1052,2.9086,0,log_depth -0.68,bls_sde -0.53,harmonic_delta_loglike -0.35,ok,,0,noise,,,,,,,,,,,,,,,,
1692,SYN-001859,SYN-001859,,0.00287713,0.00057925704,False,8.6098164,6.824,5.76,72.588,6.4168,3.4443,0,log_depth -0.65,log_duration_ratio -0.53,flux_skew -0.39,ok,,0,noise,,,,,,,,,,,,,,,,
1693,SYN-001389,SYN-001389,,0.00287103,0.00057730573,False,10.945968,10.084,2.688,1923.3,15.086,2.732,0,max_single_event_fraction -0.85,bls_sde -0.78,odd_even_sigma -0.52,ok,,0,noise,,,,,,,,,,,,,,,,
1694,SYN-001072,SYN-001072,,0.00287092,0.00057727133,False,12.069169,4.052,2.688,2717.7,16.783,2.9644,0,max_single_event_fraction -0.83,bls_sde -0.79,odd_even_sigma -0.72,ok,,0,noise,,,,,,,,,,,,,,,,
1695,SYN-001945,SYN-001945,,0.0028596,0.00057365587,False,5.3268845,4.44,5.76,67.043,5.4691,3.9599,0,log_depth -0.65,log_duration_ratio -0.40,bls_sde -0.29,ok,,0,noise,,,,,,,,,,,,,,,,
1696,SYN-001200,SYN-001200,,0.00285276,0.00057147566,False,10.642179,7.96,5.76,488.0,12.054,3.7835,0,max_single_event_fraction -0.95,odd_even_sigma -0.67,log_period -0.36,ok,,0,noise,,,,,,,,,,,,,,,,
1697,SYN-000029,SYN-000029,,0.00284385,0.00056864241,False,9.0482582,1.32,0.96,1060.8,5.3775,3.8935,0,harmonic_amp_over_depth -0.50,log_depth +0.46,log_period -0.37,ok,,0,noise,,,,,,,,,,,,,,,,
1698,SYN-000616,SYN-000616,,0.00284292,0.00056834497,False,13.024259,9.628,5.76,212.68,10.598,3.787,0,max_single_event_fraction -0.92,log_depth -0.69,flux_skew +0.38,ok,,0,noise,,,,,,,,,,,,,,,,
1699,SYN-000277,SYN-000277,,0.00283157,0.00056474304,False,6.7164286,1.664,5.76,178.48,10.483,3.3539,0,log_duration_ratio -0.70,log_depth -0.62,log_scatter -0.28,ok,,0,noise,,,,,,,,,,,,,,,,
1700,SYN-001906,SYN-001906,,0.00278762,0.00055086945,False,13.024259,6.088,5.76,3571.4,27.147,3.0942,0,odd_even_sigma -1.43,max_single_event_fraction -0.85,log_period -0.47,ok,,0,noise,,,,,,,,,,,,,,,,
1701,SYN-001798,SYN-001798,,0.00277217,0.00054602373,False,10.026405,6.56,1.728,3866.3,12.398,3.1902,0,max_single_event_fraction -0.92,odd_even_sigma -0.77,log_period -0.52,ok,,0,noise,,,,,,,,,,,,,,,,
1702,SYN-001056,SYN-001056,,0.00275515,0.00054070211,False,1.153675,0.268,5.76,57.075,10.093,5.5942,1,log_duration_ratio -0.65,log_depth -0.62,flux_skew -0.39,ok,,0,noise,,,,,,,,,,,,,,,,
1703,SYN-001786,SYN-001786,,0.00275507,0.00054067874,False,10.21068,9.172,3.84,1769.5,10.893,2.4944,0,bls_sde -0.71,max_single_event_fraction -0.66,power_contrast -0.56,ok,,0,noise,,,,,,,,,,,,,,,,
1704,SYN-001328,SYN-001328,,0.00274394,0.0005372099,False,9.76429,3.864,2.688,350.24,14.207,2.3718,0,max_single_event_fraction -0.84,bls_sde -0.63,log_depth -0.62,ok,,0,noise,,,,,,,,,,,,,,,,
1705,SYN-001568,SYN-001568,,0.00273407,0.00053413863,False,10.312617,2.06,5.76,170.73,9.4229,2.8245,0,log_depth -0.54,bls_sde -0.50,log_period -0.35,ok,,0,noise,,,,,,,,,,,,,,,,
1706,SYN-000125,SYN-000125,,0.00273316,0.00053385641,False,13.440478,7.28,2.688,1126.6,5.7561,2.6227,0,bls_sde -0.63,power_contrast -0.56,log_period -0.55,ok,,0,noise,,,,,,,,,,,,,,,,
1707,SYN-001873,SYN-001873,,0.00272555,0.00053149477,False,12.00937,10.664,3.84,488.47,19.165,2.6455,0,max_single_event_fraction -0.87,odd_even_sigma -0.83,bls_sde -0.58,ok,,0,noise,,,,,,,,,,,,,,,,
1708,SYN-000646,SYN-000646,,0.00271962,0.00052965946,False,0.75136853,0.508,3.84,107.49,13.377,3.6347,0,log_depth -0.68,log_duration_ratio -0.62,delta_loglike -0.45,ok,,0,noise,,,,,,,,,,,,,,,,
1709,SYN-000577,SYN-000577,,0.00270203,0.0005242223,False,1.2347072,0.144,5.76,204.06,9.6514,3.9313,0,log_depth -0.69,log_duration_ratio -0.55,max_single_event_fraction +0.34,ok,,0,noise,,,,,,,,,,,,,,,,
1710,SYN-001611,SYN-001611,,0.00270031,0.0005236906,False,0.84369517,0.744,5.76,265.88,13.193,4.8145,0,log_duration_ratio -0.88,log_depth -0.51,log_period -0.38,ok,,0,noise,,,,,,,,,,,,,,,,
1711,SYN-001931,SYN-001931,,0.002662,0.00051192866,False,7.3202903,1.72,5.76,288.77,10.846,3.602,0,log_depth -0.67,log_duration_ratio -0.63,delta_loglike -0.45,ok,,0,noise,,,,,,,,,,,,,,,,
1712,SYN-000367,SYN-000367,,0.00264952,0.0005081193,False,0.98413792,0.2,5.76,149.3,10.261,2.5652,0,log_depth -0.52,delta_loglike -0.48,bls_sde -0.42,ok,,0,noise,,,,,,,,,,,,,,,,
1713,SYN-001765,SYN-001765,,0.0026494,0.00050808397,False,5.6916049,4.216,1.728,277.19,5.9099,2.8604,0,log_depth -0.65,bls_sde -0.47,harmonic_amp_over_depth -0.37,ok,,0,noise,,,,,,,,,,,,,,,,
1714,SYN-000224,SYN-000224,,0.00264019,0.00050527623,False,13.079284,6.49683333,5.76,1007.7,16.033,2.582,0,odd_even_sigma -1.10,max_single_event_fraction -0.84,bls_sde -0.79,ok,,0,noise,,,,,,,,,,,,,,,,
1715,SYN-001259,SYN-001259,,0.00263474,0.00050361938,False,7.5918411,1.416,5.76,179.64,11.446,3.0864,0,log_depth -0.57,log_duration_ratio -0.56,flux_skew -0.39,ok,,0,noise,,,,,,,,,,,,,,,,
1716,SYN-000499,SYN-000499,,0.00263461,0.00050357968,False,12.475504,6.248,2.688,538.44,5.505,3.5417,0,harmonic_amp_over_depth -0.47,log_period -0.40,flux_skew -0.38,ok,,0,noise,,,,,,,,,,,,,,,,
1717,SYN-001703,SYN-001703,,0.00263333,0.00050319317,False,0.62213242,0.172,5.76,260.16,64.55,9.6795,1,log_duration_ratio -0.92,power_contrast +0.65,log_depth -0.50,ok,,0,noise,,,,,,,,,,,,,,,,
1718,SYN-001892,SYN-001892,,0.00262725,0.0005013462,False,0.69281967,0.656,3.84,80.608,6.8021,3.5027,0,log_depth -0.65,max_single_event_fraction +0.37,log_duration_ratio -0.34,ok,,0,noise,,,,,,,,,,,,,,,,
1719,SYN-001110,SYN-001110,,0.00261582,0.00049788311,False,10.536985,4.112,3.84,202.97,6.5615,3.3665,0,log_depth -0.61,log_period -0.40,flux_skew -0.31,ok,,0,noise,,,,,,,,,,,,,,,,
1720,SYN-000742,SYN-000742,,0.0026093,0.00049591142,False,13.307624,9.52,3.84,5525.6,12.747,2.9915,0,max_single_event_fraction -0.89,bls_sde -0.80,odd_even_sigma -0.50,ok,,0,noise,,,,,,,,,,,,,,,,
1721,SYN-000470,SYN-000470,,0.00259931,0.00049289778,False,8.6383732,8.136,3.84,309.53,6.1057,3.1168,0,log_depth -0.64,harmonic_amp_over_depth -0.39,harmonic_delta_loglike -0.37,ok,,0,noise,,,,,,,,,,,,,,,,
1722,SYN-000508,SYN-000508,,0.00258604,0.00048890389,False,11.831748,1.2,1.728,4410.0,9.9978,3.0368,0,power_contrast -0.56,log_period -0.48,odd_even_sigma -0.46,ok,,0,noise,,,,,,,,,,,,,,,,
1723,SYN-001589,SYN-001589,,0.00258588,0.00048885398,False,1.0905265,0.412,5.76,63.047,9.91,3.8135,0,log_depth -0.68,log_duration_ratio -0.56,flux_skew -0.35,ok,,0,noise,,,,,,,,,,,,,,,,
1724,SYN-000362,SYN-000362,,0.00258186,0.00048764722,False,13.619684,7.984,0.96,9676.6,12.759,3.2047,0,max_single_event_fraction -0.82,harmonic_amp_over_depth -0.43,delta_loglike -0.38,ok,,0,noise,,,,,,,,,,,,,,,,
1725,SYN-000543,SYN-000543,,0.00257729,0.00048627427,False,13.253633,5.50883333,5.76,452.8,12.588,3.7225,0,max_single_event_fraction -0.74,odd_even_sigma -0.50,log_period -0.36,ok,,0,noise,,,,,,,,,,,,,,,,
1726,SYN-001467,SYN-001467,,0.00257389,0.00048525648,False,8.2470559,0.992,0.96,257.14,4.7745,3.6874,0,log_depth -0.77,flux_skew -0.32,log_scatter -0.29,ok,,0,noise,,,,,,,,,,,,,,,,
1727,SYN-000018,SYN-000018,,0.00257077,0.00048432287,False,0.75761434,0.104,3.84,125.94,26.105,5.4252,0,log_duration_ratio -1.12,log_depth -0.53,flux_skew -0.48,ok,,0,noise,,,,,,,,,,,,,,,,
1728,SYN-001714,SYN-001714,,0.00256757,0.00048336395,False,3.8063512,2.796,1.728,109.46,5.3835,3.4388,0,log_depth -0.72,power_contrast -0.51,flux_skew -0.35,ok,,0,noise,,,,,,,,,,,,,,,,
1729,SYN-001835,SYN-001835,,0.00255169,0.00047862034,False,12.641843,8.092,2.688,172.02,7.9371,3.5422,0,max_single_event_fraction -0.68,log_depth -0.49,flux_skew -0.38,ok,,0,noise,,,,,,,,,,,,,,,,
1730,SYN-000351,SYN-000351,,0.00255133,0.00047851162,False,13.219784,13.016,1.728,688.09,18.871,3.217,0,max_single_event_fraction -0.95,odd_even_sigma -0.73,secondary_sigma +0.46,ok,,0,noise,,,,,,,,,,,,,,,,
1731,SYN-000012,SYN-000012,,0.00254795,0.00047750634,False,10.945968,10.864,1.728,4296.0,6.3973,3.2748,0,max_single_event_fraction -0.73,harmonic_amp_over_depth -0.47,log_period -0.46,ok,,0,noise,,,,,,,,,,,,,,,,
1732,SYN-001312,SYN-001312,,0.00254775,0.00047744443,False,12.768051,10.82,1.728,5969.1,14.873,2.8418,0,max_single_event_fraction -0.90,bls_sde -0.72,odd_even_sigma -0.62,ok,,0,noise,,,,,,,,,,,,,,,,
1733,SYN-001049,SYN-001049,,0.00253175,0.00047268703,False,1.3818422,1.288,5.76,66.816,8.7801,2.9292,0,log_depth -0.59,bls_sde -0.41,log_duration_ratio -0.36,ok,,0,noise,,,,,,,,,,,,,,,,
1734,SYN-001078,SYN-001078,,0.00252681,0.00047122294,False,5.2655049,1.372,0.96,379.95,5.2419,3.6863,0,harmonic_amp_over_depth -0.47,log_depth -0.37,flux_skew -0.31,ok,,0,noise,,,,,,,,,,,,,,,,
1735,SYN-001147,SYN-001147,,0.00251691,0.00046829039,False,11.128703,2.616,5.76,275.61,7.5407,3.7964,0,log_depth -0.67,max_single_event_fraction -0.57,log_period -0.36,ok,,0,noise,,,,,,,,,,,,,,,,
1736,SYN-000000,SYN-000000,,0.00250176,0.00046381841,False,3.4923596,1.196,5.76,395.7,12.797,2.9554,0,log_duration_ratio -0.56,delta_loglike -0.54,bls_sde -0.53,ok,,0,noise,,,,,,,,,,,,,,,,
1737,SYN-000768,SYN-000768,,0.002498,0.00046270997,False,1.0240304,0.54,5.76,33.931,7.7261,3.9703,0,log_depth -0.66,log_duration_ratio -0.38,flux_skew -0.32,ok,,0,noise,,,,,,,,,,,,,,,,
1738,SYN-000196,SYN-000196,,0.00249262,0.00046112829,False,0.70322053,0.244,5.76,339.71,15.149,4.7409,0,log_depth -0.65,delta_loglike -0.60,log_duration_ratio -0.52,ok,,0,noise,,,,,,,,,,,,,,,,
1739,SYN-001190,SYN-001190,,0.00248996,0.0004603458,False,1.0905265,0.596,3.84,118.36,12.535,2.785,0,log_depth -0.55,delta_loglike -0.49,log_duration_ratio -0.49,ok,,0,noise,,,,,,,,,,,,,,,,
1740,SYN-001417,SYN-001417,,0.00247005,0.00045450841,False,1.1748783,0.36,5.76,81.67,10.638,3.4382,0,log_depth -0.66,log_duration_ratio -0.56,flux_skew -0.38,ok,,0,noise,,,,,,,,,,,,,,,,
1741,SYN-001282,SYN-001282,,0.00246787,0.00045387114,False,13.664857,11.8,5.76,173.24,9.9615,3.8438,0,max_single_event_fraction -0.76,log_depth -0.66,log_period -0.35,ok,,0,noise,,,,,,,,,,,,,,,,
1742,SYN-001100,SYN-001100,,0.00246546,0.00045316643,False,12.404524,11.988,2.688,1397.5,13.457,2.8249,0,max_single_event_fraction -0.85,bls_sde -0.70,odd_even_sigma -0.66,ok,,0,noise,,,,,,,,,,,,,,,,
1743,SYN-000274,SYN-000274,,0.00246224,0.00045222571,False,10.143282,2.592,3.84,478.92,13.337,3.7682,0,max_single_event_fraction -0.56,harmonic_amp_over_depth -0.45,delta_loglike -0.40,ok,,0,noise,,,,,,,,,,,,,,,,
1744,SYN-001524,SYN-001524,,0.00246178,0.00045209267,False,11.618218,5.708,3.84,311.26,11.762,2.8582,0,max_single_event_fraction -0.89,log_depth -0.60,bls_sde -0.60,ok,,0,noise,,,,,,,,,,,,,,,,
1745,SYN-000395,SYN-000395,,0.00245179,0.00044917724,False,1.0325427,0.176,5.76,122.82,21.259,4.7837,0,log_duration_ratio -0.91,log_depth -0.53,delta_loglike -0.43,ok,,0,noise,,,,,,,,,,,,,,,,
1746,SYN-001762,SYN-001762,,0.00245027,0.00044873476,False,2.1429062,1.924,3.84,144.93,9.1659,3.6554,0,log_depth -0.71,secondary_sigma -0.64,log_duration_ratio -0.58,ok,,0,noise,,,,,,,,,,,,,,,,
1747,SYN-000243,SYN-000243,,0.00244984,0.00044861033,False,10.801943,6.956,3.84,2187.9,8.087,3.2157,0,max_single_event_fraction -0.92,power_contrast -0.53,odd_even_sigma -0.53,ok,,0,noise,,,,,,,,,,,,,,,,
1748,SYN-001960,SYN-001960,,0.00244893,0.00044834703,False,11.734207,7.808,2.688,221.41,8.2037,2.9477,0,log_depth -0.49,bls_sde -0.49,power_contrast -0.44,ok,,0,noise,,,,,,,,,,,,,,,,
1749,SYN-000310,SYN-000310,,0.00244751,0.00044793257,False,10.589451,1.548,1.728,103.01,5.4081,3.5331,0,log_depth -0.64,log_period -0.38,log_duration_ratio +0.38,ok,,0,noise,,,,,,,,,,,,,,,,
1750,SYN-001729,SYN-001729,,0.00243437,0.00044411683,False,13.507402,11.72,3.84,1875.1,13.627,2.669,0,max_single_event_fraction -0.91,bls_sde -0.78,odd_even_sigma -0.69,ok,,0,noise,,,,,,,,,,,,,,,,
1751,SYN-000324,SYN-000324,,0.00242218,0.00044058633,False,6.7834811,3.1,0.96,480.0,4.8327,3.4932,0,power_contrast -0.49,flat_bottom_fraction -0.33,harmonic_delta_loglike -0.24,ok,,0,noise,,,,,,,,,,,,,,,,
1752,SYN-001308,SYN-001308,,0.00242075,0.00044017201,False,12.454866,2.88,3.84,117.01,7.3219,2.9845,0,log_depth -0.59,bls_sde -0.42,log_period -0.40,ok,,0,noise,,,,,,,,,,,,,,,,
1753,SYN-001512,SYN-001512,,0.00241356,0.00043809623,False,3.7937681,1.676,2.688,137.22,6.1274,3.043,0,log_depth -0.61,harmonic_amp_over_depth -0.40,power_contrast -0.40,ok,,0,noise,,,,,,,,,,,,,,,,
1754,SYN-000790,SYN-000790,,0.00241005,0.00043708311,False,11.57981,7.872,2.688,336.92,7.3232,3.7471,0,log_depth -0.62,max_single_event_fraction -0.52,secondary_sigma +0.41,ok,,0,noise,,,,,,,,,,,,,,,,
1755,SYN-001612,SYN-001612,,0.00240827,0.00043657021,False,0.84649352,0.332,5.76,60.591,8.2204,3.3428,0,log_depth -0.61,log_duration_ratio -0.39,log_period -0.29,ok,,0,noise,,,,,,,,,,,,,,,,
1756,SYN-001668,SYN-001668,,0.00240687,0.00043616842,False,9.7159117,1.828,2.688,830.62,8.8278,2.7107,0,max_single_event_fraction -0.94,bls_sde -0.70,log_period -0.54,ok,,0,noise,,,,,,,,,,,,,,,,
1757,SYN-001705,SYN-001705,,0.00239889,0.00043387192,False,5.701036,4.98,5.76,118.39,7.0955,3.9606,0,log_depth -0.66,log_duration_ratio -0.44,log_scatter -0.34,ok,,0,noise,,,,,,,,,,,,,,,,
1758,SYN-000610,SYN-000610,,0.00239765,0.0004335155,False,5.0687653,2.3,2.688,114.38,6.9155,2.9047,0,log_depth -0.63,bls_sde -0.52,power_contrast -0.51,ok,,0,noise,,,,,,,,,,,,,,,,
1759,SYN-001053,SYN-001053,,0.002397,0.00043332714,False,12.270654,3.456,3.84,401.96,11.438,3.1195,0,max_single_event_fraction -0.89,odd_even_sigma -0.67,log_period -0.37,ok,,0,noise,,,,,,,,,,,,,,,,
1760,SYN-000411,SYN-000411,,0.0023963,0.00043312648,False,5.6074242,0.928,0.96,187.28,4.8704,3.1219,0,log_depth -0.73,log_duration_ratio -0.32,harmonic_delta_loglike -0.30,ok,,0,noise,,,,,,,,,,,,,,,,
1761,SYN-000091,SYN-000091,,0.00238622,0.00043023538,False,0.73051541,0.204,2.688,41.697,6.0002,2.5945,0,log_depth -0.60,max_single_event_fraction +0.42,bls_sde -0.33,ok,,0,noise,,,,,,,,,,,,,,,,
1762,SYN-000645,SYN-000645,,0.00237213,0.00042620405,False,1.4378558,0.356,5.76,164.0,16.382,3.8218,0,log_depth -0.70,log_duration_ratio -0.53,delta_loglike -0.48,ok,,0,noise,,,,,,,,,,,,,,,,
1763,SYN-001339,SYN-001339,,0.00236985,0.00042555387,False,0.88226602,0.532,3.84,143.61,15.167,5.5112,2,log_depth -0.69,secondary_sigma -0.63,log_duration_ratio -0.58,ok,,0,noise,,,,,,,,,,,,,,,,
1764,SYN-000398,SYN-000398,,0.00236473,0.00042409329,False,11.408541,1.844,2.688,228.28,10.659,3.2561,0,max_single_event_fraction -0.73,log_depth -0.57,log_period -0.38,ok,,0,noise,,,,,,,,,,,,,,,,
1765,SYN-001034,SYN-001034,,0.0023331,0.0004151128,False,10.10975,9.744,0.96,600.75,11.723,2.5407,0,max_single_event_fraction -0.87,bls_sde -0.61,power_contrast -0.59,ok,,0,noise,,,,,,,,,,,,,,,,
1766,SYN-001767,SYN-001767,,0.00232996,0.00041422435,False,8.8996847,4.724,5.76,251.14,21.091,3.3684,0,max_single_event_fraction -0.83,log_depth -0.71,odd_even_sigma -0.62,ok,,0,noise,,,,,,,,,,,,,,,,
1767,SYN-001748,SYN-001748,,0.00232717,0.00041343642,False,7.2840211,4.22,2.688,273.49,6.3931,2.5152,0,log_depth -0.66,bls_sde -0.54,power_contrast -0.45,ok,,0,noise,,,,,,,,,,,,,,,,
1768,SYN-000092,SYN-000092,,0.0023164,0.00041039859,False,0.55039455,0.452,5.76,174.09,9.4218,7.7435,1,log_duration_ratio -0.59,log_depth -0.58,bls_sde +0.49,ok,,0,noise,,,,,,,,,,,,,,,,
1769,SYN-001382,SYN-001382,,0.00231168,0.00040907169,False,0.64521081,0.512,3.84,123.27,15.754,5.5533,1,secondary_sigma -1.01,log_duration_ratio -0.75,log_depth -0.52,ok,,0,noise,,,,,,,,,,,,,,,,
1770,SYN-000654,SYN-000654,,0.00230488,0.00040716125,False,7.7698676,3.148,0.96,181.83,6.2001,3.0073,0,log_depth -0.67,bls_sde +0.47,harmonic_amp_over_depth -0.44,ok,,0,noise,,,,,,,,,,,,,,,,
1771,SYN-000919,SYN-000919,,0.00225406,0.00039298569,False,4.2458561,3.52,1.728,160.6,6.1528,3.6728,0,log_depth -0.78,flux_skew -0.32,harmonic_delta_loglike -0.28,ok,,0,noise,,,,,,,,,,,,,,,,
1772,SYN-000486,SYN-000486,,0.00224379,0.00039014158,False,6.6500388,3.352,5.76,151.16,10.081,4.1332,0,log_duration_ratio -0.69,log_depth -0.64,harmonic_amp_over_depth -0.37,ok,,0,noise,,,,,,,,,,,,,,,,
1773,SYN-001925,SYN-001925,,0.00223875,0.0003887508,False,11.57981,7.748,5.76,2692.3,16.249,2.9194,0,max_single_event_fraction -0.92,bls_sde -0.78,odd_even_sigma -0.70,ok,,0,noise,,,,,,,,,,,,,,,,
1774,SYN-000743,SYN-000743,,0.00223208,0.00038691129,False,11.277085,0.992,0.96,522.04,5.0059,3.1572,0,power_contrast -0.46,log_period -0.41,harmonic_delta_loglike -0.24,ok,,0,noise,,,,,,,,,,,,,,,,
1775,SYN-000644,SYN-000644,,0.00221874,0.00038324403,False,11.75365,6.2,1.728,6534.2,12.77,3.5988,0,odd_even_sigma -0.67,max_single_event_fraction -0.63,log_depth +0.48,ok,,0,noise,,,,,,,,,,,,,,,,
1776,SYN-001657,SYN-001657,,0.00221186,0.00038135641,False,1.3569038,0.328,5.76,330.41,45.795,4.6713,0,secondary_sigma -0.77,log_depth -0.73,log_duration_ratio -0.67,ok,,0,noise,,,,,,,,,,,,,,,,
1777,SYN-000093,SYN-000093,,0.00220937,0.00038067338,False,1.3040438,0.632,5.76,77.679,7.1797,4.3171,0,log_depth -0.68,log_duration_ratio -0.49,max_single_event_fraction +0.38,ok,,0,noise,,,,,,,,,,,,,,,,
1778,SYN-000979,SYN-000979,,0.00220912,0.00038060564,False,3.5861094,1.78,3.84,107.0,5.759,4.0792,0,log_depth -0.74,flux_skew -0.41,log_scatter -0.33,ok,,0,noise,,,,,,,,,,,,,,,,
1779,SYN-000970,SYN-000970,,0.00220842,0.00038041353,False,12.434262,11.088,3.84,514.51,21.953,3.1528,0,secondary_sigma -0.83,max_single_event_fraction -0.77,odd_even_sigma -0.69,ok,,0,noise,,,,,,,,,,,,,,,,
1780,SYN-000850,SYN-000850,,0.00220794,0.00038028199,False,13.664857,3.0,3.84,2331.2,14.947,2.6103,0,max_single_event_fraction -0.88,bls_sde -0.68,log_period -0.50,ok,,0,noise,,,,,,,,,,,,,,,,
1781,SYN-001268,SYN-001268,,0.00218454,0.00037389722,False,11.695416,9.688,3.84,1355.5,11.221,2.9142,0,max_single_event_fraction -0.94,bls_sde -0.79,odd_even_sigma -0.73,ok,,0,noise,,,,,,,,,,,,,,,,
1782,SYN-001472,SYN-001472,,0.0021728,0.00037070887,False,1.2429113,1.08,5.76,86.852,10.019,4.0922,0,log_depth -0.70,log_duration_ratio -0.52,max_single_event_fraction +0.34,ok,,0,noise,,,,,,,,,,,,,,,,
1783,SYN-001634,SYN-001634,,0.00216253,0.00036792723,False,10.07633,2.108,5.76,114.53,6.0525,3.7424,0,log_depth -0.65,log_period -0.37,log_scatter -0.33,ok,,0,noise,,,,,,,,,,,,,,,,
1784,SYN-001098,SYN-001098,,0.00215767,0.00036661454,False,10.009819,6.276,2.688,159.73,4.7918,3.77,0,log_depth -0.69,log_scatter -0.34,log_period -0.33,ok,,0,noise,,,,,,,,,,,,,,,,
1785,SYN-001016,SYN-001016,,0.00215695,0.00036642042,False,10.571934,5.9,0.96,297.58,6.9302,3.5418,0,log_depth -0.56,harmonic_amp_over_depth -0.40,log_period -0.35,ok,,0,noise,,,,,,,,,,,,,,,,
1786,SYN-000819,SYN-000819,,0.0021547,0.00036581409,False,13.6875,2.768,2.688,1132.6,10.45,2.7271,0,max_single_event_fraction -0.82,bls_sde -0.77,odd_even_sigma -0.64,ok,,0,noise,,,,,,,,,,,,,,,,
1787,SYN-000549,SYN-000549,,0.00215348,0.00036548354,False,6.2860371,1.64,2.688,142.03,9.7696,2.9654,0,log_depth -0.73,bls_sde -0.55,delta_loglike -0.42,ok,,0,noise,,,,,,,,,,,,,,,,
1788,SYN-000319,SYN-000319,,0.00215302,0.0003653608,False,12.725842,3.896,3.84,393.49,14.391,3.4061,0,max_single_event_fraction -0.54,odd_even_sigma -0.53,delta_loglike -0.39,ok,,0,noise,,,,,,,,,,,,,,,,
1789,SYN-000481,SYN-000481,,0.00214583,0.00036342169,False,8.7246132,3.668,5.76,81.239,7.6623,2.6113,0,log_depth -0.60,max_single_event_fraction -0.54,bls_sde -0.48,ok,,0,noise,,,,,,,,,,,,,,,,
1790,SYN-000131,SYN-000131,,0.00213565,0.00036068579,False,10.043019,0.000980838318,0.96,8472.8,17.557,2.6227,0,bls_sde -0.70,odd_even_sigma -0.66,log_period -0.51,ok,,0,noise,,,,,,,,,,,,,,,,
1791,SYN-001754,SYN-001754,,0.0021284,0.00035874301,False,0.90594981,0.284,5.76,234.8,17.127,5.8693,2,log_depth -0.66,log_duration_ratio -0.61,flux_skew -0.33,ok,,0,noise,,,,,,,,,,,,,,,,
1792,SYN-000751,SYN-000751,,0.00212131,0.00035684617,False,10.059661,2.892,2.688,5428.3,11.753,2.9241,0,max_single_event_fraction -0.93,bls_sde -0.69,log_period -0.57,ok,,0,noise,,,,,,,,,,,,,,,,
1793,SYN-001766,SYN-001766,,0.00210874,0.00035349111,False,2.466728,1.228,5.76,50.979,7.542,4.3257,0,log_depth -0.65,log_duration_ratio -0.59,max_single_event_fraction +0.34,ok,,0,noise,,,,,,,,,,,,,,,,
1794,SYN-000910,SYN-000910,,0.00210014,0.00035120234,False,1.1690572,0.312,5.76,109.78,12.487,3.5779,0,log_depth -0.66,log_duration_ratio -0.56,log_scatter -0.28,ok,,0,noise,,,,,,,,,,,,,,,,
1795,SYN-000316,SYN-000316,,0.00209309,0.00034933201,False,4.6122952,1.864,2.688,222.96,4.525,2.975,0,log_depth -0.72,bls_sde -0.56,flux_skew -0.38,ok,,0,noise,,,,,,,,,,,,,,,,
1796,SYN-001310,SYN-001310,,0.00209057,0.00034866373,False,10.766234,3.06,1.728,360.62,13.181,2.5723,0,max_single_event_fraction -0.87,bls_sde -0.55,log_depth -0.54,ok,,0,noise,,,,,,,,,,,,,,,,
1797,SYN-001325,SYN-001325,,0.00208946,0.00034836965,False,9.619873,1.756,2.688,287.89,11.963,2.9387,0,log_depth -0.60,bls_sde -0.54,log_period -0.39,ok,,0,noise,,,,,,,,,,,,,,,,
1798,SYN-000881,SYN-000881,,0.0020855,0.00034732007,False,10.945968,2.372,3.84,311.43,17.601,2.4624,0,max_single_event_fraction -0.89,log_depth -0.59,flux_skew +0.55,ok,,0,noise,,,,,,,,,,,,,,,,
1799,SYN-001813,SYN-001813,,0.00207736,0.00034516845,False,10.964106,3.072,3.84,168.15,5.8452,3.6685,0,log_depth -0.61,power_contrast -0.53,flux_skew -0.39,ok,,0,noise,,,,,,,,,,,,,,,,
1800,SYN-000115,SYN-000115,,0.0020767,0.00034499379,False,12.413692,12.28,2.688,3088.3,22.478,2.6272,0,odd_even_sigma -1.33,max_single_event_fraction -0.87,bls_sde -0.78,ok,,0,noise,,,,,,,,,,,,,,,,
1801,SYN-001105,SYN-001105,,0.00206686,0.00034240098,False,10.295557,3.32,5.76,190.33,11.154,2.845,0,max_single_event_fraction -0.93,log_depth -0.61,bls_sde -0.58,ok,,0,noise,,,,,,,,,,,,,,,,
1802,SYN-001662,SYN-001662,,0.00204649,0.0003370539,False,0.77924102,0.584,5.76,96.377,9.1111,6.503,1,log_duration_ratio -0.87,log_depth -0.49,log_period -0.43,ok,,0,noise,,,,,,,,,,,,,,,,
1803,SYN-001001,SYN-001001,,0.00204566,0.00033683715,False,0.80948657,0.252,2.688,149.21,27.433,5.8611,2,log_depth -0.69,log_duration_ratio -0.57,harmonic_delta_loglike +0.55,ok,,0,noise,,,,,,,,,,,,,,,,
1804,SYN-000044,SYN-000044,,0.00203948,0.00033522147,False,0.74271081,0.232,3.84,128.31,10.382,3.1152,0,log_depth -0.62,log_duration_ratio -0.42,flux_skew -0.34,ok,,0,noise,,,,,,,,,,,,,,,,
1805,SYN-001971,SYN-001971,,0.00203752,0.00033470936,False,1.3956377,0.172,5.76,76.185,13.875,4.9351,0,log_depth -0.72,log_duration_ratio -0.69,flat_bottom_fraction -0.36,ok,,0,noise,,,,,,,,,,,,,,,,
1806,SYN-000112,SYN-000112,,0.00202561,0.00033160477,False,13.497164,0.976833333,5.76,6961.0,21.836,2.5006,0,odd_even_sigma -0.94,max_single_event_fraction -0.87,bls_sde -0.73,ok,,0,noise,,,,,,,,,,,,,,,,
1807,SYN-001253,SYN-001253,,0.00201514,0.00032888599,False,13.045841,10.764,5.76,3040.3,30.202,2.3588,0,odd_even_sigma -0.97,max_single_event_fraction -0.88,bls_sde -0.77,ok,,0,noise,,,,,,,,,,,,,,,,
1808,SYN-000626,SYN-000626,,0.0020047,0.00032618113,False,0.75510981,0.656,5.76,66.571,7.3681,3.7969,0,log_depth -0.66,log_duration_ratio -0.38,flux_skew -0.38,ok,,0,noise,,,,,,,,,,,,,,,,
1809,SYN-001033,SYN-001033,,0.00199134,0.00032273354,False,6.0411561,5.376,3.84,92.419,6.0781,2.6259,0,log_depth -0.68,bls_sde -0.48,harmonic_delta_loglike -0.35,ok,,0,noise,,,,,,,,,,,,,,,,
1810,SYN-001248,SYN-001248,,0.00198399,0.00032084257,False,12.725842,9.032,5.76,5808.4,15.468,2.6856,0,odd_even_sigma -0.95,max_single_event_fraction -0.83,bls_sde -0.74,ok,,0,noise,,,,,,,,,,,,,,,,
1811,SYN-000619,SYN-000619,,0.00197904,0.0003195726,False,13.285609,12.32,5.76,7718.6,24.325,2.2629,0,odd_even_sigma -0.90,max_single_event_fraction -0.88,bls_sde -0.78,ok,,0,noise,,,,,,,,,,,,,,,,
1812,SYN-000192,SYN-000192,,0.00197139,0.00031761147,False,12.789207,9.048,3.84,204.09,5.9815,3.4517,0,log_depth -0.65,log_period -0.39,flux_skew -0.36,ok,,0,noise,,,,,,,,,,,,,,,,
1813,SYN-000163,SYN-000163,,0.00196448,0.00031584423,False,12.768051,2.516,1.728,362.58,6.9251,3.5069,0,log_depth -0.59,harmonic_amp_over_depth -0.38,log_period -0.33,ok,,0,noise,,,,,,,,,,,,,,,,
1814,SYN-001113,SYN-001113,,0.00195738,0.00031403204,False,0.94579952,0.776,5.76,125.74,27.502,5.0175,0,secondary_sigma -0.74,log_depth -0.69,log_duration_ratio -0.66,ok,,0,noise,,,,,,,,,,,,,,,,
1815,SYN-000583,SYN-000583,,0.00194796,0.0003116349,False,4.7754782,1.072,0.96,292.85,4.5096,3.1518,0,log_depth -0.73,power_contrast -0.41,log_duration_ratio -0.30,ok,,0,noise,,,,,,,,,,,,,,,,
1816,SYN-001377,SYN-001377,,0.00193535,0.00030843501,False,5.3711646,1.3,5.76,102.51,6.7524,3.5671,0,log_depth -0.65,log_duration_ratio -0.43,flux_skew -0.32,ok,,0,noise,,,,,,,,,,,,,,,,
1817,SYN-001287,SYN-001287,,0.00192687,0.00030629039,False,8.8409406,0.244,1.728,253.31,6.7306,2.9854,0,max_single_event_fraction -0.67,log_depth -0.51,bls_sde -0.47,ok,,0,noise,,,,,,,,,,,,,,,,
1818,SYN-000251,SYN-000251,,0.00191915,0.00030434212,False,11.484346,7.536,3.84,535.01,4.5106,2.7356,0,bls_sde -0.54,power_contrast -0.47,log_period -0.42,ok,,0,noise,,,,,,,,,,,,,,,,
1819,SYN-001638,SYN-001638,,0.00191896,0.00030429622,False,13.57466,9.172,5.76,2105.0,25.012,2.2441,0,odd_even_sigma -1.00,max_single_event_fraction -0.84,bls_sde -0.68,ok,,0,noise,,,,,,,,,,,,,,,,
1820,SYN-001968,SYN-001968,,0.00191193,0.00030252517,False,10.891735,8.748,5.76,5815.7,14.306,2.4707,0,max_single_event_fraction -0.90,bls_sde -0.80,odd_even_sigma -0.62,ok,,0,eclipsing_binary,,,,,,,,,,,,,,,,
1821,SYN-001207,SYN-001207,,0.00190939,0.00030188715,False,0.71496027,0.344,3.84,78.392,8.375,3.8546,0,log_depth -0.67,max_single_event_fraction +0.37,log_duration_ratio -0.33,ok,,0,noise,,,,,,,,,,,,,,,,
1822,SYN-000257,SYN-000257,,0.0019018,0.00029998346,False,3.7812266,1.024,0.96,151.22,5.1251,3.6648,0,log_depth -0.83,log_scatter -0.33,flux_skew -0.32,ok,,0,noise,,,,,,,,,,,,,,,,
1823,SYN-000560,SYN-000560,,0.00189762,0.00029893677,False,0.66914532,0.54,5.76,79.109,8.5655,4.569,0,log_depth -0.66,log_duration_ratio -0.44,log_scatter -0.38,ok,,0,noise,,,,,,,,,,,,,,,,
1824,SYN-001000,SYN-001000,,0.0018963,0.00029860586,False,11.128703,1.82,1.728,305.8,7.396,2.5655,0,log_depth -0.55,power_contrast -0.52,bls_sde -0.50,ok,,0,noise,,,,,,,,,,,,,,,,
1825,SYN-000024,SYN-000024,,0.00189341,0.00029788273,False,0.60087352,0.468,3.84,44.941,8.1981,5.5923,1,log_depth -0.62,log_duration_ratio -0.59,log_period -0.38,ok,,0,noise,,,,,,,,,,,,,,,,
1826,SYN-000497,SYN-000497,,0.00189153,0.0002974142,False,0.50082851,0.412,5.76,217.25,11.954,5.1951,0,log_depth -0.66,log_duration_ratio -0.53,flux_skew -0.29,ok,,0,noise,,,,,,,,,,,,,,,,
1827,SYN-001242,SYN-001242,,0.00188424,0.00029559499,False,12.789207,5.884,5.76,154.01,9.953,2.9472,0,bls_sde -0.50,power_contrast -0.47,log_depth -0.47,ok,,0,noise,,,,,,,,,,,,,,,,
1828,SYN-001046,SYN-001046,,0.00187045,0.00029216348,False,11.851353,8.424,0.96,4624.8,6.2585,2.8398,0,bls_sde -0.56,power_contrast -0.50,log_period -0.46,ok,,0,noise,,,,,,,,,,,,,,,,
1829,SYN-001677,SYN-001677,,0.00186813,0.00029158943,False,13.440478,11.392,3.84,239.66,7.6281,4.4848,0,log_depth -0.66,max_single_event_fraction -0.46,log_scatter -0.37,ok,,0,noise,,,,,,,,,,,,,,,,
1830,SYN-001088,SYN-001088,,0.00186743,0.00029141443,False,6.5734131,2.976,2.688,118.6,5.3923,3.8639,0,log_depth -0.75,harmonic_amp_over_depth -0.43,log_scatter -0.32,ok,,0,noise,,,,,,,,,,,,,,,,
1831,SYN-001869,SYN-001869,,0.00186276,0.00029025722,False,11.343865,6.80883333,5.76,2267.6,11.263,2.8948,0,bls_sde -0.67,secondary_sigma -0.62,log_period -0.51,ok,,0,noise,,,,,,,,,,,,,,,,
1832,SYN-001436,SYN-001436,,0.00185074,0.00028728864,False,0.50666662,0.176,5.76,309.1,18.732,10.664,1,log_duration_ratio -0.91,power_contrast +0.56,secondary_sigma +0.48,ok,,0,noise,,,,,,,,,,,,,,,,
1833,SYN-000737,SYN-000737,,0.00184579,0.00028606642,False,3.8316427,2.844,5.76,86.207,6.5991,2.9738,0,log_depth -0.48,bls_sde -0.41,log_duration_ratio -0.36,ok,,0,noise,,,,,,,,,,,,,,,,
1834,SYN-001606,SYN-001606,,0.00182937,0.00028203417,False,7.1762881,4.024,0.96,220.84,8.4607,2.8541,0,log_depth -0.63,bls_sde -0.49,power_contrast -0.43,ok,,0,noise,,,,,,,,,,,,,,,,
1835,SYN-001218,SYN-001218,,0.00182309,0.00028049759,False,11.446381,11.184,5.76,431.35,5.3069,2.9817,0,bls_sde -0.61,power_contrast -0.50,log_period -0.42,ok,,0,noise,,,,,,,,,,,,,,,,
1836,SYN-001876,SYN-001876,,0.00181219,0.0002778388,False,7.9126694,0.168,0.96,354.62,6.1913,2.9618,0,log_depth -0.67,bls_sde -0.42,power_contrast -0.32,ok,,0,noise,,,,,,,,,,,,,,,,
1837,SYN-001060,SYN-001060,,0.00181198,0.00027778797,False,7.2960908,0.436,5.76,77.783,7.3216,4.3771,0,log_depth -0.65,log_duration_ratio -0.50,flux_skew -0.33,ok,,0,noise,,,,,,,,,,,,,,,,
1838,SYN-001740,SYN-001740,,0.00180631,0.00027640827,False,10.026405,7.7,2.688,4401.4,7.6385,2.7112,0,bls_sde -0.68,max_single_event_fraction -0.54,log_period -0.44,ok,,0,noise,,,,,,,,,,,,,,,,
1839,SYN-001204,SYN-001204,,0.00180611,0.0002763583,False,0.98413792,0.616,5.76,61.899,13.122,4.4251,0,log_depth -0.67,log_duration_ratio -0.53,delta_loglike -0.47,ok,,0,noise,,,,,,,,,,,,,,,,
1840,SYN-001484,SYN-001484,,0.00180482,0.00027604444,False,13.619684,2.632,3.84,270.64,6.0874,3.6846,0,log_depth -0.64,log_period -0.38,flux_skew -0.37,ok,,0,noise,,,,,,,,,,,,,,,,
1841,SYN-001174,SYN-001174,,0.00179879,0.00027458103,False,5.5704114,0.612,3.84,206.98,6.0302,2.9976,0,log_depth -0.63,bls_sde -0.46,harmonic_amp_over_depth -0.37,ok,,0,noise,,,,,,,,,,,,,,,,
1842,SYN-001645,SYN-001645,,0.00179346,0.00027328984,False,0.90582595,0.556,3.84,63.738,13.173,3.9487,0,log_depth -0.69,log_duration_ratio -0.66,secondary_sigma -0.59,ok,,0,noise,,,,,,,,,,,,,,,,
1843,SYN-000814,SYN-000814,,0.00178803,0.00027197511,False,1.0055495,0.552,5.76,79.47,13.153,3.4168,0,log_depth -0.67,log_duration_ratio -0.42,max_single_event_fraction +0.39,ok,,0,noise,,,,,,,,,,,,,,,,
1844,SYN-000194,SYN-000194,,0.0017853,0.00027131613,False,10.589451,8.968,1.728,746.55,9.1972,3.0682,0,max_single_event_fraction -0.93,odd_even_sigma -0.80,power_contrast -0.56,ok,,0,noise,,,,,,,,,,,,,,,,
1845,SYN-001211,SYN-001211,,0.00178494,0.00027123068,False,5.644683,2.74,1.728,185.74,6.061,2.7439,0,log_depth -0.70,bls_sde -0.47,power_contrast -0.32,ok,,0,noise,,,,,,,,,,,,,,,,
1846,SYN-001699,SYN-001699,,0.00178472,0.00027117573,False,1.9020964,0.176,5.76,220.54,13.579,3.3253,0,secondary_sigma -0.70,log_depth -0.65,log_duration_ratio -0.57,ok,,1,planet,,,,,,,,,,,,,,,,
1847,SYN-000123,SYN-000123,,0.00177705,0.00026932822,False,10.07633,4.08,1.728,361.93,5.4675,3.2539,0,log_depth -0.60,log_period -0.39,log_scatter -0.30,ok,,0,noise,,,,,,,,,,,,,,,,
1848,SYN-001527,SYN-001527,,0.00177248,0.00026822841,False,12.516882,9.836,5.76,577.61,6.9193,2.7529,0,max_single_event_fraction -0.61,bls_sde -0.57,log_period -0.42,ok,,0,noise,,,,,,,,,,,,,,,,
1849,SYN-000353,SYN-000353,,0.00176715,0.00026694753,False,0.71852026,0.448,1.728,316.61,8.7476,2.5985,0,log_depth -0.66,bls_sde -0.49,power_contrast -0.40,ok,,0,noise,,,,,,,,,,,,,,,,
1850,SYN-001629,SYN-001629,,0.00176477,0.00026637613,False,2.4945598,0.508833333,3.84,154.88,11.804,2.7213,0,log_depth -0.59,log_duration_ratio -0.50,bls_sde -0.45,ok,,0,noise,,,,,,,,,,,,,,,,
1851,SYN-000820,SYN-000820,,0.00174942,0.000262705,False,10.945968,6.248,3.84,1740.8,14.113,2.7071,0,max_single_event_fraction -0.86,bls_sde -0.75,odd_even_sigma -0.72,ok,,0,noise,,,,,,,,,,,,,,,,
1852,SYN-000388,SYN-000388,,0.00174818,0.00026240845,False,0.63042747,0.584,3.84,30.629,6.3733,3.8244,0,log_depth -0.64,log_duration_ratio -0.46,flux_skew -0.41,ok,,0,noise,,,,,,,,,,,,,,,,
1853,SYN-001782,SYN-001782,,0.00174672,0.00026206184,False,13.46275,4.148,1.728,618.57,12.826,3.0203,0,odd_even_sigma -0.90,max_single_event_fraction -0.90,bls_sde +0.43,ok,,0,noise,,,,,,,,,,,,,,,,
1854,SYN-000149,SYN-000149,,0.00173583,0.00025946973,False,13.6875,1.528,3.84,274.12,13.961,3.0891,0,max_single_event_fraction -0.90,odd_even_sigma -0.71,log_depth -0.64,ok,,0,noise,,,,,,,,,,,,,,,,
1855,SYN-001966,SYN-001966,,0.00172591,0.00025711886,False,11.949869,0.8,3.84,315.69,7.0473,3.4403,0,log_depth -0.59,harmonic_amp_over_depth -0.39,log_period -0.38,ok,,0,noise,,,,,,,,,,,,,,,,
1856,SYN-001013,SYN-001013,,0.00172376,0.0002566089,False,12.160562,4.04,1.728,323.53,7.231,2.6727,0,log_depth -0.56,bls_sde -0.53,power_contrast -0.51,ok,,0,noise,,,,,,,,,,,,,,,,
1857,SYN-001193,SYN-001193,,0.00171628,0.0002548436,False,3.5155647,2.392,1.728,147.81,6.6119,4.5613,0,log_depth -0.71,harmonic_amp_over_depth -0.44,flux_skew -0.39,ok,,0,noise,,,,,,,,,,,,,,,,
1858,SYN-000870,SYN-000870,,0.00171336,0.0002541546,False,0.90146118,0.524,5.76,131.06,11.322,3.5448,0,log_depth -0.66,delta_loglike -0.45,log_duration_ratio -0.43,ok,,0,noise,,,,,,,,,,,,,,,,
1859,SYN-000205,SYN-000205,,0.00171048,0.00025347685,False,0.81351724,0.736,5.76,75.498,6.8539,5.12,0,log_depth -0.57,log_duration_ratio -0.48,log_scatter -0.38,ok,,0,noise,,,,,,,,,,,,,,,,
1860,SYN-000269,SYN-000269,,0.00170511,0.00025221258,False,11.812175,5.456,5.76,760.79,15.539,2.6272,0,odd_even_sigma -1.01,max_single_event_fraction -0.82,bls_sde -0.68,ok,,0,noise,,,,,,,,,,,,,,,,
1861,SYN-001639,SYN-001639,,0.00170016,0.00025104998,False,13.418244,12.744,5.76,3734.9,25.453,2.1947,0,odd_even_sigma -0.98,max_single_event_fraction -0.85,bls_sde -0.74,ok,,0,noise,,,,,,,,,,,,,,,,
1862,SYN-001737,SYN-001737,,0.00169577,0.00025002106,False,0.96158893,0.272,3.84,359.99,11.613,3.8691,0,log_depth -0.69,delta_loglike -0.58,log_duration_ratio -0.44,ok,,0,noise,,,,,,,,,,,,,,,,
1863,SYN-001428,SYN-001428,,0.00169521,0.00024988925,False,5.7104827,2.592,2.688,214.28,6.8719,2.9769,0,log_depth -0.69,bls_sde -0.42,harmonic_delta_loglike -0.30,ok,,0,noise,,,,,,,,,,,,,,,,
1864,SYN-000839,SYN-000839,,0.00169322,0.00024942448,False,4.8713048,4.772,0.96,478.39,4.6228,3.2811,0,harmonic_amp_over_depth -0.49,harmonic_delta_loglike -0.27,log_duration_ratio -0.27,ok,,0,noise,,,,,,,,,,,,,,,,
1865,SYN-001345,SYN-001345,,0.00169117,0.0002489458,False,0.94893652,0.724,5.76,181.24,23.591,3.4785,0,odd_even_sigma -0.76,log_depth -0.68,log_duration_ratio -0.48,ok,,0,noise,,,,,,,,,,,,,,,,
1866,SYN-001597,SYN-001597,,0.00166867,0.0002437031,False,10.784074,5.064,0.96,4113.6,6.0318,4.1631,0,log_period -0.53,harmonic_amp_over_depth -0.50,log_depth +0.42,ok,,0,noise,,,,,,,,,,,,,,,,
1867,SYN-000098,SYN-000098,,0.00166807,0.00024356468,False,12.281937,6.916,3.84,2016.7,17.604,2.5938,0,max_single_event_fraction -0.88,bls_sde -0.78,odd_even_sigma -0.71,ok,,0,noise,,,,,,,,,,,,,,,,
1868,SYN-001900,SYN-001900,,0.00166728,0.00024338253,False,5.3180724,3.052,2.688,103.85,5.1331,4.2216,0,log_depth -0.71,harmonic_amp_over_depth -0.42,log_scatter -0.29,ok,,0,noise,,,,,,,,,,,,,,,,
1869,SYN-001490,SYN-001490,,0.00163689,0.00023637143,False,13.154285,2.656,2.688,145.13,7.4634,3.0322,0,log_depth -0.61,max_single_event_fraction -0.59,log_period -0.33,ok,,0,noise,,,,,,,,,,,,,,,,
1870,SYN-000886,SYN-000886,,0.00162757,0.00023423756,False,0.76012718,0.188,5.76,58.787,6.7038,4.6855,0,log_depth -0.63,log_duration_ratio -0.42,log_scatter -0.36,ok,,0,noise,,,,,,,,,,,,,,,,
1871,SYN-001950,SYN-001950,,0.00162278,0.0002331431,False,12.00937,5.52,2.688,174.5,7.1772,3.7647,0,log_depth -0.67,max_single_event_fraction -0.66,log_period -0.34,ok,,0,noise,,,,,,,,,,,,,,,,
1872,SYN-000783,SYN-000783,,0.0016076,0.00022968895,False,10.450117,4.44,3.84,329.7,14.919,2.6998,0,max_single_event_fraction -0.81,secondary_sigma -0.69,log_depth -0.60,ok,,0,noise,,,,,,,,,,,,,,,,
1873,SYN-000609,SYN-000609,,0.00160432,0.00022894501,False,10.295557,3.404,2.688,6041.8,13.904,2.6006,0,max_single_event_fraction -0.69,bls_sde -0.65,log_period -0.50,ok,,0,noise,,,,,,,,,,,,,,,,
1874,SYN-000490,SYN-000490,,0.00160173,0.00022835721,False,10.484778,5.248,3.84,215.2,12.314,3.1369,0,max_single_event_fraction -0.91,odd_even_sigma -0.75,log_depth -0.64,ok,,0,noise,,,,,,,,,,,,,,,,
1875,SYN-000782,SYN-000782,,0.00159702,0.00022729135,False,12.70479,12.248,5.76,3500.2,12.558,2.4761,0,max_single_event_fraction -0.93,bls_sde -0.78,odd_even_sigma -0.71,ok,,0,noise,,,,,,,,,,,,,,,,
1876,SYN-001086,SYN-001086,,0.00158511,0.00022460449,False,13.373886,4.048,5.76,346.49,20.808,2.6239,0,max_single_event_fraction -0.94,log_depth -0.59,bls_sde -0.54,ok,,0,noise,,,,,,,,,,,,,,,,
1877,SYN-000702,SYN-000702,,0.00158274,0.00022407263,False,0.70672206,0.22,3.84,89.047,10.823,6.9717,1,secondary_sigma -0.87,log_duration_ratio -0.73,log_depth -0.49,ok,,0,noise,,,,,,,,,,,,,,,,
1878,SYN-001672,SYN-001672,,0.00157561,0.00022246995,False,5.3268845,3.828,5.76,117.61,10.765,2.8372,0,log_depth -0.58,log_duration_ratio -0.51,delta_loglike -0.44,ok,,0,noise,,,,,,,,,,,,,,,,
1879,SYN-000357,SYN-000357,,0.00156405,0.00021988229,False,13.197915,8.372,3.84,587.51,23.819,2.8727,0,odd_even_sigma -0.81,max_single_event_fraction -0.81,bls_sde -0.53,ok,,0,noise,,,,,,,,,,,,,,,,
1880,SYN-001246,SYN-001246,,0.00156295,0.00021963814,False,12.270654,7.488,2.688,1010.6,19.662,2.7468,0,odd_even_sigma -1.18,max_single_event_fraction -0.88,bls_sde -0.73,ok,,0,noise,,,,,,,,,,,,,,,,
1881,SYN-000564,SYN-000564,,0.00155151,0.0002170889,False,10.026405,9.944,1.728,764.92,5.4086,2.983,0,bls_sde -0.55,max_single_event_fraction -0.53,log_period -0.52,ok,,0,noise,,,,,,,,,,,,,,,,
1882,SYN-000874,SYN-000874,,0.00154857,0.00021643552,False,6.0311624,1.736,1.728,122.34,5.1139,3.89,0,log_depth -0.78,flux_skew -0.31,log_scatter -0.29,ok,,0,noise,,,,,,,,,,,,,,,,
1883,SYN-000774,SYN-000774,,0.00153389,0.00021318635,False,12.549089,9.61283333,2.688,1201.4,17.753,2.6397,0,max_single_event_fraction -0.90,odd_even_sigma -0.80,bls_sde -0.79,ok,,0,noise,,,,,,,,,,,,,,,,
1884,SYN-001493,SYN-001493,,0.00152754,0.00021178513,False,0.56330115,0.2,2.688,206.6,7.2206,4.1921,0,log_depth -0.67,log_duration_ratio -0.48,max_single_event_fraction +0.34,ok,,0,noise,,,,,,,,,,,,,,,,
1885,SYN-001192,SYN-001192,,0.00152476,0.00021117289,False,12.632453,3.55283333,5.76,349.45,13.555,3.2324,0,max_single_event_fraction -0.89,odd_even_sigma -0.67,log_depth -0.64,ok,,0,noise,,,,,,,,,,,,,,,,
1886,SYN-001021,SYN-001021,,0.00152214,0.00021059722,False,3.7937681,0.564,3.84,91.525,5.0983,2.8854,0,log_depth -0.54,power_contrast -0.43,bls_sde -0.40,ok,,0,noise,,,,,,,,,,,,,,,,
1887,SYN-000799,SYN-000799,,0.00151195,0.00020836177,False,0.68478703,0.576,5.76,251.59,69.484,3.8055,0,log_duration_ratio -0.95,power_contrast +0.60,log_depth -0.56,ok,,0,noise,,,,,,,,,,,,,,,,
1888,SYN-000066,SYN-000066,,0.00151002,0.00020794064,False,0.64095198,0.168,5.76,40.992,7.7426,3.9108,0,log_depth -0.68,log_duration_ratio -0.45,max_single_event_fraction +0.35,ok,,0,noise,,,,,,,,,,,,,,,,
1889,SYN-000664,SYN-000664,,0.00150646,0.00020716299,False,11.890662,0.26,0.96,617.54,6.0878,4.5492,0,harmonic_amp_over_depth -0.54,log_period -0.40,log_duration_ratio -0.32,ok,,0,noise,,,,,,,,,,,,,,,,
1890,SYN-000923,SYN-000923,,0.00150549,0.00020694936,False,7.5167982,0.096,0.96,118.83,4.6901,3.822,0,log_depth -0.71,harmonic_amp_over_depth -0.41,power_contrast -0.32,ok,,0,noise,,,,,,,,,,,,,,,,
1891,SYN-001505,SYN-001505,,0.00148056,0.0002015332,False,11.75365,4.0,3.84,5155.7,20.899,2.5657,0,odd_even_sigma -1.23,max_single_event_fraction -0.87,bls_sde -0.77,ok,,0,noise,,,,,,,,,,,,,,,,
1892,SYN-000286,SYN-000286,,0.00148027,0.00020147097,False,13.6875,13.02,3.84,3350.3,26.669,2.3989,0,odd_even_sigma -1.35,max_single_event_fraction -0.86,bls_sde -0.77,ok,,1,planet,,,,,,,,,,,,,,,,
1893,SYN-000864,SYN-000864,,0.00148003,0.00020141911,False,13.46275,8.36,3.84,974.42,17.517,2.6108,0,odd_even_sigma -1.09,max_single_event_fraction -0.84,bls_sde -0.79,ok,,0,noise,,,,,,,,,,,,,,,,
1894,SYN-001549,SYN-001549,,0.00147078,0.00019942216,False,7.6248616,0.604,0.96,372.94,5.5938,3.8367,0,log_depth -0.35,flux_skew -0.34,flat_bottom_fraction -0.33,ok,,0,noise,,,,,,,,,,,,,,,,
1895,SYN-000512,SYN-000512,,0.00146914,0.00019906883,False,10.381139,6.412,0.96,177.27,5.0408,3.1016,0,log_depth -0.63,log_period -0.37,log_duration_ratio -0.31,ok,,0,noise,,,,,,,,,,,,,,,,
1896,SYN-000496,SYN-000496,,0.00146036,0.0001971838,False,11.618218,11.56,2.688,615.71,23.936,2.3872,0,odd_even_sigma -1.15,max_single_event_fraction -0.88,bls_sde -0.65,ok,,0,noise,,,,,,,,,,,,,,,,
1897,SYN-000346,SYN-000346,,0.00145286,0.00019557786,False,12.916887,8.728,5.76,259.4,7.0152,3.6491,0,max_single_event_fraction -0.75,log_depth -0.59,clipped_fraction +0.41,ok,,0,noise,,,,,,,,,,,,,,,,
1898,SYN-001449,SYN-001449,,0.00144212,0.0001932865,False,13.57466,10.04,5.76,5299.2,17.199,2.5478,0,odd_even_sigma -1.04,max_single_event_fraction -0.81,bls_sde -0.71,ok,,0,noise,,,,,,,,,,,,,,,,
1899,SYN-001683,SYN-001683,,0.00142293,0.00018921591,False,9.9767283,4.216,2.688,424.13,15.532,2.7153,0,max_single_event_fraction -0.77,secondary_sigma -0.69,bls_sde -0.48,ok,,0,noise,,,,,,,,,,,,,,,,
1900,SYN-001095,SYN-001095,,0.00141473,0.0001874868,False,11.870991,7.652,3.84,1777.2,16.832,2.3551,0,max_single_event_fraction -0.89,bls_sde -0.78,odd_even_sigma -0.77,ok,,0,noise,,,,,,,,,,,,,,,,
1901,SYN-000223,SYN-000223,,0.00139111,0.00018254048,False,12.393157,11.54,3.84,1364.9,29.612,2.4738,0,odd_even_sigma -1.39,max_single_event_fraction -0.88,bls_sde -0.73,ok,,0,noise,,,,,,,,,,,,,,,,
1902,SYN-000109,SYN-000109,,0.00138498,0.00018126508,False,11.57981,11.02,3.84,1826.7,10.618,2.5756,0,max_single_event_fraction -0.90,bls_sde -0.70,log_period -0.55,ok,,0,noise,,,,,,,,,,,,,,,,
1903,SYN-001770,SYN-001770,,0.00137971,0.00018017076,False,11.389668,4.884,5.76,2065.9,22.749,2.9538,0,odd_even_sigma -0.87,max_single_event_fraction -0.72,bls_sde -0.67,ok,,1,planet,,,,,,,,,,,,,,,,
1904,SYN-000597,SYN-000597,,0.0013702,0.00017820249,False,13.002714,2.712,5.76,511.36,32.915,2.6877,0,odd_even_sigma -0.99,max_single_event_fraction -0.84,bls_sde -0.59,ok,,0,noise,,,,,,,,,,,,,,,,
1905,SYN-000341,SYN-000341,,0.00136163,0.00017643377,False,0.84090608,0.524,5.76,124.26,10.579,3.7283,0,secondary_sigma -0.68,log_depth -0.67,log_duration_ratio -0.65,ok,,0,noise,,,,,,,,,,,,,,,,
1906,SYN-001618,SYN-001618,,0.00135776,0.00017563894,False,2.0594264,0.148,5.76,262.72,15.564,2.8346,0,log_depth -0.63,secondary_sigma -0.60,log_duration_ratio -0.52,ok,,0,noise,,,,,,,,,,,,,,,,
1907,SYN-001811,SYN-001811,,0.00135593,0.0001752628,False,12.209858,4.0,0.96,3425.8,11.123,2.9815,0,max_single_event_fraction -0.84,bls_sde -0.66,power_contrast -0.57,ok,,0,noise,,,,,,,,,,,,,,,,
1908,SYN-001012,SYN-001012,,0.00135298,0.00017465734,False,0.53599729,0.428,2.688,140.13,17.479,10.531,1,secondary_sigma -0.97,log_duration_ratio -0.74,log_depth -0.52,ok,,0,noise,,,,,,,,,,,,,,,,
1909,SYN-000371,SYN-000371,,0.00134632,0.00017329461,False,11.9301,7.56,3.84,8515.2,16.942,2.9723,0,max_single_event_fraction -0.87,bls_sde -0.76,odd_even_sigma -0.73,ok,,0,noise,,,,,,,,,,,,,,,,
1910,SYN-000726,SYN-000726,,0.00134554,0.00017313393,False,0.51087833,0.296,5.76,102.84,22.119,6.233,1,log_duration_ratio -0.93,power_contrast +0.85,log_depth -0.54,ok,,0,noise,,,,,,,,,,,,,,,,
1911,SYN-000667,SYN-000667,,0.0013427,0.00017255514,False,9.8944797,9.82,2.688,518.36,15.519,2.5091,0,max_single_event_fraction -0.87,odd_even_sigma -0.69,bls_sde -0.67,ok,,0,noise,,,,,,,,,,,,,,,,
1912,SYN-000382,SYN-000382,,0.00134139,0.00017228762,False,10.193789,5.796,2.688,276.11,6.2537,3.9808,0,log_depth -0.66,flux_skew -0.37,log_period -0.35,ok,,0,noise,,,,,,,,,,,,,,,,
1913,SYN-001116,SYN-001116,,0.00133761,0.00017151642,False,12.454866,9.048,5.76,279.66,12.409,3.1749,0,max_single_event_fraction -0.90,odd_even_sigma -0.77,log_depth -0.64,ok,,0,noise,,,,,,,,,,,,,,,,
1914,SYN-001369,SYN-001369,,0.00132505,0.00016896648,False,6.2445449,1.08,0.96,223.04,5.194,3.6523,0,log_depth -0.66,harmonic_amp_over_depth -0.39,flux_skew -0.35,ok,,0,noise,,,,,,,,,,,,,,,,
1915,SYN-001561,SYN-001561,,0.00130097,0.00016411602,False,11.091914,8.416,0.96,1321.6,6.1638,2.8318,0,bls_sde -0.57,log_period -0.52,log_depth +0.44,ok,,0,noise,,,,,,,,,,,,,,,,
1916,SYN-001344,SYN-001344,,0.00130043,0.00016400829,False,10.484778,0.956,1.728,186.4,5.74,3.2228,0,log_depth -0.48,power_contrast -0.42,harmonic_amp_over_depth -0.39,ok,,0,noise,,,,,,,,,,,,,,,,
1917,SYN-001831,SYN-001831,,0.00129803,0.00016352701,False,12.768051,5.08,5.76,3921.2,20.329,2.3478,0,odd_even_sigma -0.94,max_single_event_fraction -0.90,bls_sde -0.71,ok,,0,noise,,,,,,,,,,,,,,,,
1918,SYN-000845,SYN-000845,,0.00129514,0.00016294817,False,13.045841,2.316,2.688,464.7,15.787,2.806,0,odd_even_sigma -0.96,max_single_event_fraction -0.80,bls_sde -0.64,ok,,0,noise,,,,,,,,,,,,,,,,
1919,SYN-000985,SYN-000985,,0.00129015,0.00016195258,False,10.467433,8.104,3.84,206.34,6.0511,3.5493,0,max_single_event_fraction -0.66,log_depth -0.64,log_period -0.36,ok,,0,noise,,,,,,,,,,,,,,,,
1920,SYN-001625,SYN-001625,,0.00128829,0.00016158319,False,0.67919076,0.512,3.84,201.48,9.4876,4.9082,0,secondary_sigma -0.70,log_depth -0.65,log_duration_ratio -0.49,ok,,0,noise,,,,,,,,,,,,,,,,
1921,SYN-001236,SYN-001236,,0.00128051,0.00016003507,False,13.57466,9.048,5.76,3782.9,24.435,2.5976,0,odd_even_sigma -0.85,max_single_event_fraction -0.84,bls_sde -0.67,ok,,0,noise,,,,,,,,,,,,,,,,
1922,SYN-001628,SYN-001628,,0.0012767,0.00015928039,False,0.60989405,0.072,2.688,158.31,15.252,6.4093,1,secondary_sigma -0.95,log_duration_ratio -0.76,log_depth -0.57,ok,,0,noise,,,,,,,,,,,,,,,,
1923,SYN-000493,SYN-000493,,0.00127621,0.00015918195,False,13.219784,3.068,5.76,1196.6,19.28,2.3516,0,odd_even_sigma -0.99,max_single_event_fraction -0.73,bls_sde -0.67,ok,,1,planet,,,,,,,,,,,,,,,,
1924,SYN-001433,SYN-001433,,0.00125814,0.00015561877,False,12.00937,0.48,2.688,639.41,10.74,2.9759,0,max_single_event_fraction -0.91,bls_sde -0.63,power_contrast -0.57,ok,,0,noise,,,,,,,,,,,,,,,,
1925,SYN-001104,SYN-001104,,0.00125294,0.00015459892,False,0.75386065,0.48,3.84,138.21,15.967,7.7649,2,secondary_sigma -0.96,log_duration_ratio -0.71,log_depth -0.51,ok,,0,noise,,,,,,,,,,,,,,,,
1926,SYN-001676,SYN-001676,,0.00124283,0.00015262136,False,11.0187,1.216,0.96,164.87,5.3161,3.0909,0,flux_skew +0.54,log_depth -0.52,harmonic_amp_over_depth -0.43,ok,,0,noise,,,,,,,,,,,,,,,,
1927,SYN-000861,SYN-000861,,0.00123694,0.00015147426,False,6.4547812,1.38,0.96,121.23,5.4029,4.7654,0,log_depth -0.71,harmonic_amp_over_depth -0.45,log_duration_ratio -0.31,ok,,0,noise,,,,,,,,,,,,,,,,
1928,SYN-000691,SYN-000691,,0.00123604,0.00015129931,False,11.184116,6.696,2.688,5654.6,22.968,2.6814,0,odd_even_sigma -1.27,max_single_event_fraction -0.87,bls_sde -0.78,ok,,0,noise,,,,,,,,,,,,,,,,
1929,SYN-001728,SYN-001728,,0.00120312,0.00014495054,False,9.1993121,8.24,0.96,180.73,4.9565,3.7208,0,log_depth -0.57,harmonic_amp_over_depth -0.41,flux_skew -0.34,ok,,0,noise,,,,,,,,,,,,,,,,
1930,SYN-000567,SYN-000567,,0.00119573,0.00014353828,False,9.5563752,3.768,2.688,1702.5,18.294,2.9271,0,max_single_event_fraction -0.82,odd_even_sigma -0.77,bls_sde -0.69,ok,,0,noise,,,,,,,,,,,,,,,,
1931,SYN-000245,SYN-000245,,0.00118869,0.00014220037,False,10.766234,9.664,5.76,409.51,15.583,2.4866,0,max_single_event_fraction -0.89,odd_even_sigma -0.67,bls_sde -0.64,ok,,0,noise,,,,,,,,,,,,,,,,
1932,SYN-000132,SYN-000132,,0.00117382,0.00013938525,False,11.213184,3.85683333,1.728,298.16,5.9744,4.041,0,log_depth -0.58,log_duration_ratio +0.46,harmonic_amp_over_depth -0.39,ok,,0,noise,,,,,,,,,,,,,,,,
1933,SYN-001759,SYN-001759,,0.00117338,0.00013930202,False,11.57981,9.456,1.728,270.08,5.1928,3.8715,0,log_depth -0.64,power_contrast -0.52,log_period -0.39,ok,,0,noise,,,,,,,,,,,,,,,,
1934,SYN-001963,SYN-001963,,0.00116533,0.00013778794,False,0.81217146,0.344,3.84,205.63,11.76,3.1922,0,secondary_sigma -0.65,log_depth -0.62,log_duration_ratio -0.57,ok,,0,noise,,,,,,,,,,,,,,,,
1935,SYN-000800,SYN-000800,,0.00116408,0.00013755252,False,0.68257265,0.124,5.76,198.21,10.97,4.2242,0,log_depth -0.64,log_duration_ratio -0.64,flux_skew -0.32,ok,,0,noise,,,,,,,,,,,,,,,,
1936,SYN-001800,SYN-001800,,0.00116407,0.00013755035,False,12.169494,6.412,1.728,247.49,5.5954,3.2849,0,log_depth -0.53,harmonic_amp_over_depth -0.40,log_period -0.34,ok,,0,noise,,,,,,,,,,,,,,,,
1937,SYN-001288,SYN-001288,,0.00115936,0.0001366677,False,9.3219688,2.5,5.76,1028.3,12.691,2.5812,0,max_single_event_fraction -0.89,bls_sde -0.69,odd_even_sigma -0.61,ok,,0,noise,,,,,,,,,,,,,,,,
1938,SYN-000485,SYN-000485,,0.00115445,0.00013574993,False,12.537623,8.684,5.76,7081.2,23.275,2.8287,0,odd_even_sigma -1.37,max_single_event_fraction -0.88,bls_sde -0.77,ok,,0,noise,,,,,,,,,,,,,,,,
1939,SYN-000669,SYN-000669,,0.00114413,0.00013382726,False,11.091914,6.904,5.76,835.86,25.469,2.3242,0,odd_even_sigma -1.22,max_single_event_fraction -0.83,bls_sde -0.72,ok,,0,noise,,,,,,,,,,,,,,,,
1940,SYN-001819,SYN-001819,,0.00114216,0.00013346193,False,12.352187,10.896,3.84,3637.6,10.11,2.811,0,bls_sde -0.60,power_contrast -0.54,log_period -0.54,ok,,0,noise,,,,,,,,,,,,,,,,
1941,SYN-001114,SYN-001114,,0.00113529,0.00013218918,False,11.676068,0.556,0.96,287.37,5.0249,3.6507,0,log_depth -0.66,log_period -0.36,flux_skew -0.34,ok,,0,noise,,,,,,,,,,,,,,,,
1942,SYN-000813,SYN-000813,,0.00113173,0.00013153277,False,5.5704114,1.588,0.96,439.99,5.3474,2.9783,0,bls_sde -0.49,harmonic_amp_over_depth -0.41,log_depth -0.33,ok,,0,noise,,,,,,,,,,,,,,,,
1943,SYN-000455,SYN-000455,,0.00112695,0.00013065112,False,4.5591496,3.816,5.76,101.04,5.9764,2.6578,0,log_depth -0.47,bls_sde -0.37,log_duration_ratio -0.36,ok,,0,noise,,,,,,,,,,,,,,,,
1944,SYN-000639,SYN-000639,,0.00111663,0.00012875715,False,9.1993121,4.588,5.76,348.57,9.8495,2.8928,0,max_single_event_fraction -0.72,log_depth -0.60,bls_sde -0.54,ok,,0,noise,,,,,,,,,,,,,,,,
1945,SYN-001791,SYN-001791,,0.00111409,0.00012829201,False,0.57460457,0.116,3.84,54.434,9.4375,4.5698,0,log_depth -0.66,log_duration_ratio -0.51,odd_even_sigma -0.40,ok,,0,noise,,,,,,,,,,,,,,,,
1946,SYN-001415,SYN-001415,,0.00109142,0.00012417052,False,12.746929,4.788,2.688,1098.4,28.084,2.6079,0,odd_even_sigma -1.27,max_single_event_fraction -0.86,bls_sde -0.72,ok,,0,noise,,,,,,,,,,,,,,,,
1947,SYN-000095,SYN-000095,,0.00108692,0.00012335901,False,7.7698676,5.916,0.96,343.1,6.0615,2.8462,0,log_depth -0.62,bls_sde -0.40,power_contrast -0.36,ok,,0,noise,,,,,,,,,,,,,,,,
1948,SYN-000643,SYN-000643,,0.00107115,0.00012052949,False,10.677477,0.248,5.76,83.203,7.3219,2.8603,0,log_depth -0.56,bls_sde -0.43,log_period -0.41,ok,,0,noise,,,,,,,,,,,,,,,,
1949,SYN-001912,SYN-001912,,0.00106963,0.00012025773,False,0.72209797,0.28,5.76,65.828,10.803,3.7895,0,log_depth -0.66,delta_loglike -0.46,log_duration_ratio -0.39,ok,,0,noise,,,,,,,,,,,,,,,,
1950,SYN-001418,SYN-001418,,0.00106825,0.00012001097,False,13.57466,13.072,0.96,976.02,23.548,2.783,0,odd_even_sigma -1.05,max_single_event_fraction -0.77,bls_sde -0.58,ok,,0,noise,,,,,,,,,,,,,,,,
1951,SYN-001698,SYN-001698,,0.00106412,0.00011927617,False,0.60687226,0.144,5.76,121.18,10.9,4.3471,0,log_depth -0.67,log_duration_ratio -0.53,flux_skew -0.35,ok,,0,noise,,,,,,,,,,,,,,,,
1952,SYN-001689,SYN-001689,,0.00106136,0.00011878489,False,0.53158701,0.068,2.688,169.02,13.661,3.6484,0,log_depth -0.68,log_duration_ratio -0.65,secondary_sigma -0.65,ok,,0,noise,,,,,,,,,,,,,,,,
1953,SYN-001462,SYN-001462,,0.00105365,0.00011741745,False,13.089111,12.044,5.76,196.32,6.2565,3.5145,0,log_depth -0.65,max_single_event_fraction -0.60,log_period -0.36,ok,,0,noise,,,,,,,,,,,,,,,,
1954,SYN-001590,SYN-001590,,0.00104932,0.00011665287,False,0.82163887,0.588,5.76,164.84,26.854,7.0497,1,secondary_sigma -0.93,log_duration_ratio -0.73,log_period -0.51,ok,,0,noise,,,,,,,,,,,,,,,,
1955,SYN-000731,SYN-000731,,0.00104631,0.00011612172,False,13.329675,3.872,5.76,330.83,17.986,2.5636,0,odd_even_sigma -1.09,max_single_event_fraction -0.78,bls_sde -0.60,ok,,0,noise,,,,,,,,,,,,,,,,
1956,SYN-000754,SYN-000754,,0.00104195,0.00011535379,False,6.6390379,1.804,5.76,108.14,10.835,3.3606,0,log_depth -0.59,log_duration_ratio -0.59,secondary_sigma -0.57,ok,,0,noise,,,,,,,,,,,,,,,,
1957,SYN-000007,SYN-000007,,0.00102233,0.00011192345,False,10.837771,3.264,1.728,456.93,8.5746,2.9429,0,max_single_event_fraction -0.98,bls_sde -0.66,odd_even_sigma -0.61,ok,,0,noise,,,,,,,,,,,,,,,,
1958,SYN-000882,SYN-000882,,0.00102193,0.00011185461,False,12.620929,4.252,5.76,5160.9,21.497,2.636,0,odd_even_sigma -1.36,max_single_event_fraction -0.87,bls_sde -0.77,ok,,0,noise,,,,,,,,,,,,,,,,
1959,SYN-001444,SYN-001444,,0.00100298,0.0001085784,False,9.6358133,1.472,0.96,208.63,5.9211,2.9834,0,log_depth -0.50,power_contrast -0.49,log_period -0.41,ok,,0,noise,,,,,,,,,,,,,,,,
1960,SYN-000233,SYN-000233,,0.000997338,0.00010761101,False,11.0187,1.244,2.688,546.25,9.8106,3.8767,0,max_single_event_fraction -0.64,power_contrast -0.54,harmonic_amp_over_depth -0.44,ok,,0,noise,,,,,,,,,,,,,,,,
1961,SYN-001920,SYN-001920,,0.000971837,0.00010327511,False,10.766234,6.016,1.728,606.75,9.576,2.7374,0,max_single_event_fraction -0.67,odd_even_sigma -0.60,bls_sde -0.57,ok,,0,noise,,,,,,,,,,,,,,,,
1962,SYN-000147,SYN-000147,,0.000965615,0.00010222739,False,12.768051,12.248,3.84,5335.3,26.565,2.5525,0,odd_even_sigma -1.30,max_single_event_fraction -0.89,bls_sde -0.77,ok,,0,noise,,,,,,,,,,,,,,,,
1963,SYN-001050,SYN-001050,,0.000962691,0.00010173621,False,10.07633,7.024,5.76,415.63,5.9844,2.8284,0,bls_sde -0.60,power_contrast -0.50,log_period -0.43,ok,,0,noise,,,,,,,,,,,,,,,,
1964,SYN-000932,SYN-000932,,0.000960307,0.0001013366,False,11.202648,5.736,2.688,2223.9,25.845,2.9324,0,odd_even_sigma -1.30,max_single_event_fraction -0.87,bls_sde -0.77,ok,,0,noise,,,,,,,,,,,,,,,,
1965,SYN-001201,SYN-001201,,0.000933466,9.6876446e-05,False,9.3839091,1.812,2.688,156.78,6.3494,3.0484,0,log_depth -0.54,odd_even_sigma -0.44,harmonic_amp_over_depth -0.40,ok,,0,noise,,,,,,,,,,,,,,,,
1966,SYN-000976,SYN-000976,,0.000922547,9.5083529e-05,False,12.393157,9.704,2.688,7792.4,21.729,2.526,0,odd_even_sigma -1.21,max_single_event_fraction -0.85,bls_sde -0.74,ok,,0,noise,,,,,,,,,,,,,,,,
1967,SYN-001626,SYN-001626,,0.000916977,9.4173751e-05,False,10.398341,9.232,5.76,3080.1,18.713,2.6889,0,max_single_event_fraction -0.94,bls_sde -0.76,odd_even_sigma -0.66,ok,,1,planet,,,,,,,,,,,,,,,,
1968,SYN-000721,SYN-000721,,0.000884303,8.8902056e-05,False,12.768051,9.788,5.76,5193.5,23.863,2.5874,0,odd_even_sigma -1.33,max_single_event_fraction -0.89,bls_sde -0.77,ok,,0,eclipsing_binary,,,,,,,,,,,,,,,,
1969,SYN-000933,SYN-000933,,0.000881827,8.8507184e-05,False,10.381139,8.188,5.76,4306.4,26.538,2.0746,0,odd_even_sigma -1.30,max_single_event_fraction -0.89,bls_sde -0.77,ok,,0,noise,,,,,,,,,,,,,,,,
1970,SYN-001843,SYN-001843,,0.000879866,8.8194919e-05,False,9.65178,6.516,0.96,300.77,5.2787,3.7425,0,log_depth -0.62,log_period -0.36,flux_skew -0.32,ok,,0,noise,,,,,,,,,,,,,,,,
1971,SYN-000315,SYN-000315,,0.000868497,8.6392622e-05,False,12.600051,11.996,1.728,1013.9,12.652,2.724,0,max_single_event_fraction -0.91,odd_even_sigma -0.88,bls_sde -0.78,ok,,0,noise,,,,,,,,,,,,,,,,
1972,SYN-000822,SYN-000822,,0.000857264,8.4625341e-05,False,13.440478,10.748,5.76,6693.1,18.499,2.833,0,odd_even_sigma -1.36,max_single_event_fraction -0.84,bls_sde -0.80,ok,,0,noise,,,,,,,,,,,,,,,,
1973,SYN-000101,SYN-000101,,0.000810669,7.7440494e-05,False,12.454866,9.008,5.76,5893.5,17.706,2.6503,0,odd_even_sigma -1.35,max_single_event_fraction -0.86,bls_sde -0.79,ok,,0,noise,,,,,,,,,,,,,,,,
1974,SYN-001980,SYN-001980,,0.000804303,7.6477356e-05,False,13.396047,12.288,2.688,221.75,6.1251,3.8234,0,log_depth -0.67,max_single_event_fraction -0.65,power_contrast -0.34,ok,,0,noise,,,,,,,,,,,,,,,,
1975,SYN-000718,SYN-000718,,0.000797905,7.5513846e-05,False,12.852889,7.54,5.76,2927.7,32.097,2.5553,0,odd_even_sigma -1.37,max_single_event_fraction -0.84,bls_sde -0.77,ok,,0,noise,,,,,,,,,,,,,,,,
1976,SYN-000569,SYN-000569,,0.000788548,7.4112913e-05,False,11.676068,6.728,1.728,1708.3,22.123,2.8106,0,odd_even_sigma -1.38,max_single_event_fraction -0.80,bls_sde -0.71,ok,,0,noise,,,,,,,,,,,,,,,,
1977,SYN-001879,SYN-001879,,0.000754432,6.9087742e-05,False,13.263631,12.612,0.96,1941.2,10.682,2.968,0,max_single_event_fraction -0.93,odd_even_sigma -0.77,bls_sde -0.72,ok,,0,noise,,,,,,,,,,,,,,,,
1978,SYN-000599,SYN-000599,,0.000741133,6.7164353e-05,False,11.503375,11.444,2.688,5173.7,18.823,2.5463,0,odd_even_sigma -1.31,max_single_event_fraction -0.89,bls_sde -0.77,ok,,0,noise,,,,,,,,,,,,,,,,
1979,SYN-000506,SYN-000506,,0.000722798,6.454599e-05,False,13.642252,13.608,0.96,9891.7,22.061,2.6001,0,odd_even_sigma -1.35,max_single_event_fraction -0.85,bls_sde -0.70,ok,,0,noise,,,,,,,,,,,,,,,,
1980,SYN-000055,SYN-000055,,0.000703636,6.1850909e-05,False,0.52720458,0.196,2.688,74.417,11.304,3.4998,0,log_depth -0.68,secondary_sigma -0.63,log_duration_ratio -0.58,ok,,0,noise,,,,,,,,,,,,,,,,
1981,SYN-000235,SYN-000235,,0.000694773,6.0618781e-05,False,12.916887,3.76,2.688,3681.7,15.967,2.8549,0,max_single_event_fraction -0.91,bls_sde -0.78,odd_even_sigma -0.75,ok,,0,noise,,,,,,,,,,,,,,,,
1982,SYN-000303,SYN-000303,,0.000683475,5.9061424e-05,False,11.370827,8.256,5.76,283.28,16.612,2.7758,0,max_single_event_fraction -0.90,odd_even_sigma -0.61,log_depth -0.60,ok,,0,noise,,,,,,,,,,,,,,,,
1983,SYN-000220,SYN-000220,,0.000681104,5.8736605e-05,False,12.779674,6.78,5.76,367.52,14.754,2.6086,0,max_single_event_fraction -0.90,odd_even_sigma -0.74,bls_sde -0.64,ok,,0,noise,,,,,,,,,,,,,,,,
1984,SYN-001535,SYN-001535,,0.000678664,5.8402903e-05,False,10.589451,10.356,2.688,4802.4,13.637,2.6426,0,odd_even_sigma -1.22,max_single_event_fraction -0.85,bls_sde -0.76,ok,,0,noise,,,,,,,,,,,,,,,,
1985,SYN-000399,SYN-000399,,0.000658012,5.5607106e-05,False,10.766234,5.648,1.728,224.05,10.551,2.6948,0,max_single_event_fraction -0.88,odd_even_sigma -0.75,bls_sde -0.53,ok,,0,noise,,,,,,,,,,,,,,,,
1986,SYN-001794,SYN-001794,,0.000634643,5.2505231e-05,False,13.307624,7.808,2.688,4542.8,17.006,2.6614,0,odd_even_sigma -1.20,max_single_event_fraction -0.82,bls_sde -0.80,ok,,0,noise,,,,,,,,,,,,,,,,
1987,SYN-000404,SYN-000404,,0.000617235,5.0237748e-05,False,0.60787785,0.544,3.84,50.198,12.875,6.1216,1,secondary_sigma -0.83,log_duration_ratio -0.73,log_depth -0.48,ok,,0,noise,,,,,,,,,,,,,,,,
1988,SYN-000444,SYN-000444,,0.000576578,4.5087785e-05,False,0.65057418,0.492,5.76,78.937,18.97,5.5674,1,log_duration_ratio -0.87,log_depth -0.50,log_period -0.45,ok,,0,noise,,,,,,,,,,,,,,,,
1989,SYN-000080,SYN-000080,,0.000575521,4.4956628e-05,False,11.989504,3.312,0.96,548.03,4.5705,2.8524,0,bls_sde -0.45,harmonic_amp_over_depth -0.42,log_period -0.41,ok,,0,noise,,,,,,,,,,,,,,,,
1990,SYN-000340,SYN-000340,,0.000559318,4.2964362e-05,False,13.642252,6.408,2.688,5113.7,12.775,2.9204,0,max_single_event_fraction -0.60,bls_sde -0.58,power_contrast -0.55,ok,,0,noise,,,,,,,,,,,,,,,,
1991,SYN-001222,SYN-001222,,0.000524671,3.8817704e-05,False,13.642252,2.376,5.76,910.06,19.756,2.5169,0,odd_even_sigma -1.37,max_single_event_fraction -0.87,bls_sde -0.77,ok,,0,noise,,,,,,,,,,,,,,,,
1992,SYN-000379,SYN-000379,,0.000522642,3.8579745e-05,False,9.8713345,9.71283333,3.84,8597.4,26.528,2.4933,0,odd_even_sigma -1.37,max_single_event_fraction -0.86,bls_sde -0.77,ok,,0,noise,,,,,,,,,,,,,,,,
1993,SYN-000844,SYN-000844,,0.000522135,3.8520404e-05,False,11.503375,9.96,3.84,12037.0,26.53,2.5543,0,odd_even_sigma -1.37,max_single_event_fraction -0.85,bls_sde -0.78,ok,,0,noise,,,,,,,,,,,,,,,,
1994,SYN-000389,SYN-000389,,0.000513086,3.7466207e-05,False,11.25843,4.964,5.76,214.6,10.703,2.8731,0,max_single_event_fraction -0.88,odd_even_sigma -0.57,log_depth -0.56,ok,,0,noise,,,,,,,,,,,,,,,,
1995,SYN-000763,SYN-000763,,0.000435996,2.8934841e-05,False,12.100325,6.892,2.688,215.52,10.356,2.6383,0,max_single_event_fraction -0.82,odd_even_sigma -0.73,log_depth -0.57,ok,,0,noise,,,,,,,,,,,,,,,,
1996,SYN-001543,SYN-001543,,0.00042711,2.8004486e-05,False,12.02927,8.916,5.76,10503.0,27.8,2.5872,0,odd_even_sigma -1.21,max_single_event_fraction -0.81,bls_sde -0.74,ok,,0,noise,,,,,,,,,,,,,,,,
1997,SYN-001293,SYN-001293,,0.000426925,2.7985282e-05,False,13.597153,13.444,1.728,4004.9,16.548,2.6402,0,odd_even_sigma -1.47,max_single_event_fraction -0.85,bls_sde -0.78,ok,,0,noise,,,,,,,,,,,,,,,,
1998,SYN-001440,SYN-001440,,0.000424626,2.7746553e-05,False,10.450117,6.82,1.728,1157.1,20.784,2.3723,0,odd_even_sigma -1.43,max_single_event_fraction -0.88,bls_sde -0.72,ok,,0,noise,,,,,,,,,,,,,,,,
1999,SYN-000971,SYN-000971,,0.000421542,2.742736e-05,False,11.714795,4.084,3.84,367.8,18.412,2.8418,0,odd_even_sigma -1.14,max_single_event_fraction -0.84,bls_sde -0.64,ok,,0,noise,,,,,,,,,,,,,,,,
2000,SYN-001235,SYN-001235,,0.000401952,2.5432334e-05,False,12.149363,6.2,2.688,324.42,11.784,2.9986,0,max_single_event_fraction -0.90,odd_even_sigma -0.80,log_depth -0.61,ok,,0,noise,,,,,,,,,,,,,,,,
